{
"type": "FeatureCollection",
"name": "hidro-names",
"xy_coordinate_resolution": 1e-05,
"features": [
{ "type": "Feature", "properties": { "name": "Serra do Guaxinduva", "k": "ridge" }, "geometry": { "type": "LineString", "coordinates": [ [ -46.9797, -23.30182 ], [ -46.98193, -23.30212 ], [ -46.98282, -23.30285 ], [ -46.98454, -23.30327 ], [ -46.98568, -23.3042 ], [ -46.98641, -23.30402 ], [ -46.98724, -23.30405 ], [ -46.98797, -23.30387 ], [ -46.98861, -23.30392 ], [ -46.98936, -23.30412 ], [ -46.99153, -23.30431 ], [ -46.99457, -23.30725 ], [ -46.99515, -23.30731 ], [ -46.9969, -23.30724 ], [ -46.99924, -23.30777 ], [ -47.00037, -23.30737 ], [ -47.00108, -23.3076 ], [ -47.002, -23.30838 ], [ -47.00242, -23.30918 ], [ -47.00373, -23.31013 ], [ -47.00566, -23.31099 ], [ -47.0067, -23.31112 ], [ -47.0102, -23.31092 ] ] } },
{ "type": "Feature", "properties": { "name": "Serra do Japi", "k": "ridge" }, "geometry": { "type": "LineString", "coordinates": [ [ -46.9797, -23.30182 ], [ -46.97867, -23.30175 ], [ -46.9758, -23.30043 ], [ -46.97505, -23.30044 ], [ -46.97437, -23.30066 ], [ -46.97369, -23.30118 ], [ -46.9726, -23.30132 ], [ -46.97193, -23.30094 ], [ -46.97126, -23.30044 ], [ -46.97106, -23.3002 ], [ -46.96751, -23.29864 ], [ -46.96666, -23.29869 ], [ -46.96601, -23.29895 ], [ -46.96507, -23.29917 ], [ -46.96412, -23.29915 ], [ -46.96315, -23.29881 ], [ -46.96257, -23.29875 ], [ -46.96111, -23.29755 ], [ -46.96018, -23.29708 ], [ -46.95923, -23.29673 ], [ -46.95804, -23.29676 ], [ -46.9573, -23.29648 ], [ -46.95665, -23.29583 ], [ -46.95403, -23.29455 ], [ -46.95256, -23.29413 ], [ -46.95088, -23.2939 ] ] } },
{ "type": "Feature", "properties": { "name": "Morro do Guavirutuba", "k": "ridge" }, "geometry": { "type": "LineString", "coordinates": [ [ -46.4251, -23.27022 ], [ -46.43066, -23.27544 ], [ -46.43338, -23.27849 ], [ -46.4342, -23.27991 ], [ -46.43759, -23.28445 ], [ -46.44033, -23.28612 ], [ -46.44201, -23.28669 ], [ -46.44254, -23.28837 ], [ -46.4425, -23.2904 ], [ -46.44261, -23.29172 ], [ -46.44342, -23.29304 ], [ -46.44508, -23.29676 ], [ -46.44656, -23.29881 ], [ -46.44821, -23.30315 ], [ -46.44851, -23.30506 ], [ -46.4493, -23.30654 ], [ -46.4498, -23.30709 ] ] } },
{ "type": "Feature", "properties": { "name": "Rio Pinheiros", "k": "river" }, "geometry": { "type": "MultiLineString", "coordinates": [ [ [ -46.53723, -23.30378 ], [ -46.53868, -23.30457 ], [ -46.53943, -23.30486 ], [ -46.54025, -23.30491 ], [ -46.54092, -23.30545 ], [ -46.54175, -23.30589 ], [ -46.54267, -23.30595 ], [ -46.54338, -23.30638 ], [ -46.54344, -23.3069 ], [ -46.54388, -23.30693 ], [ -46.54532, -23.30747 ] ], [ [ -46.73166, -23.5483 ], [ -46.73457, -23.54574 ] ], [ [ -46.70482, -23.56357 ], [ -46.70515, -23.56296 ], [ -46.70607, -23.56175 ], [ -46.70698, -23.56083 ], [ -46.70764, -23.56038 ], [ -46.71394, -23.55722 ], [ -46.73008, -23.54935 ], [ -46.73166, -23.5483 ] ], [ [ -46.70098, -23.57224 ], [ -46.702, -23.57086 ], [ -46.70281, -23.5693 ], [ -46.70482, -23.56357 ] ], [ [ -46.70125, -23.61992 ], [ -46.7009, -23.61897 ], [ -46.70062, -23.6178 ], [ -46.69943, -23.61199 ], [ -46.69812, -23.60653 ], [ -46.69567, -23.59944 ], [ -46.69514, -23.59821 ], [ -46.69422, -23.59524 ], [ -46.69194, -23.58897 ], [ -46.69156, -23.58755 ], [ -46.69152, -23.58673 ] ], [ [ -46.69152, -23.58673 ], [ -46.69179, -23.58529 ], [ -46.69207, -23.58462 ], [ -46.69631, -23.57714 ], [ -46.69749, -23.57556 ], [ -46.70098, -23.57224 ] ], [ [ -46.74993, -23.5266 ], [ -46.75049, -23.52531 ] ], [ [ -46.73457, -23.54574 ], [ -46.74737, -23.53432 ], [ -46.748, -23.53368 ], [ -46.74845, -23.53296 ], [ -46.74876, -23.5319 ], [ -46.74905, -23.52833 ], [ -46.74993, -23.5266 ] ], [ [ -46.71982, -23.65656 ], [ -46.72532, -23.65 ], [ -46.72571, -23.64922 ], [ -46.72625, -23.64768 ], [ -46.72643, -23.64652 ], [ -46.72636, -23.64459 ] ], [ [ -46.72636, -23.64459 ], [ -46.72613, -23.64353 ], [ -46.72574, -23.64236 ], [ -46.72496, -23.6408 ], [ -46.72448, -23.64011 ], [ -46.71203, -23.62659 ], [ -46.71068, -23.62547 ], [ -46.70908, -23.62454 ], [ -46.70502, -23.62321 ], [ -46.7036, -23.6225 ], [ -46.70208, -23.62119 ], [ -46.70159, -23.62056 ], [ -46.70125, -23.61992 ] ] ] } },
{ "type": "Feature", "properties": { "name": "Crista do Olho d' Água", "k": "ridge" }, "geometry": { "type": "LineString", "coordinates": [ [ -46.58054, -23.29782 ], [ -46.58103, -23.29799 ], [ -46.58361, -23.2983 ], [ -46.58575, -23.29905 ], [ -46.58673, -23.2995 ], [ -46.58753, -23.30016 ], [ -46.58817, -23.30052 ], [ -46.58874, -23.30021 ], [ -46.58982, -23.30052 ], [ -46.59132, -23.30149 ], [ -46.59316, -23.30141 ], [ -46.59521, -23.30186 ], [ -46.59676, -23.30006 ], [ -46.5974, -23.2983 ], [ -46.59729, -23.29667 ], [ -46.59672, -23.29528 ], [ -46.59551, -23.29464 ] ] } },
{ "type": "Feature", "properties": { "name": "Ribeirão Euzébio", "k": "river" }, "geometry": { "type": "MultiLineString", "coordinates": [ [ [ -46.71801, -23.3026 ], [ -46.71784, -23.30297 ] ], [ [ -46.71784, -23.30297 ], [ -46.71792, -23.30307 ] ], [ [ -46.71792, -23.30307 ], [ -46.71811, -23.30364 ], [ -46.71809, -23.30388 ] ], [ [ -46.71438, -23.29783 ], [ -46.71462, -23.29829 ], [ -46.71529, -23.29888 ], [ -46.71656, -23.29965 ], [ -46.71755, -23.30042 ], [ -46.71748, -23.3017 ], [ -46.71801, -23.3026 ] ], [ [ -46.71808, -23.30395 ], [ -46.71779, -23.30504 ], [ -46.71756, -23.30557 ], [ -46.71722, -23.30605 ], [ -46.71718, -23.30627 ], [ -46.71763, -23.30687 ], [ -46.71772, -23.30714 ], [ -46.71767, -23.30747 ], [ -46.71791, -23.30801 ], [ -46.71806, -23.30885 ], [ -46.71838, -23.30965 ], [ -46.71875, -23.31 ], [ -46.71883, -23.31078 ] ], [ [ -46.72643, -23.32921 ], [ -46.72657, -23.32946 ] ], [ [ -46.72522, -23.32657 ], [ -46.72643, -23.32921 ] ] ] } },
{ "type": "Feature", "properties": { "name": "Ribeirão Tapera Grande", "k": "river" }, "geometry": { "type": "MultiLineString", "coordinates": [ [ [ -46.73486, -23.29797 ], [ -46.73454, -23.29806 ], [ -46.73447, -23.29823 ], [ -46.73273, -23.29928 ], [ -46.73195, -23.29997 ], [ -46.73094, -23.30118 ], [ -46.73058, -23.30145 ], [ -46.73036, -23.30202 ], [ -46.73044, -23.30281 ], [ -46.73014, -23.30279 ], [ -46.73008, -23.30291 ], [ -46.73013, -23.3033 ], [ -46.72978, -23.30346 ], [ -46.72964, -23.30417 ] ], [ [ -46.72964, -23.30417 ], [ -46.72982, -23.30451 ] ], [ [ -46.72848, -23.30553 ], [ -46.72788, -23.30542 ] ], [ [ -46.72788, -23.30542 ], [ -46.72756, -23.30537 ], [ -46.72733, -23.30545 ], [ -46.72697, -23.30573 ], [ -46.72669, -23.30615 ], [ -46.72678, -23.3067 ] ], [ [ -46.72982, -23.30451 ], [ -46.72984, -23.30468 ], [ -46.72923, -23.3053 ], [ -46.72888, -23.30554 ], [ -46.72848, -23.30553 ] ], [ [ -46.72678, -23.3067 ], [ -46.72704, -23.307 ] ], [ [ -46.72704, -23.307 ], [ -46.72708, -23.3071 ], [ -46.72673, -23.30821 ], [ -46.72564, -23.30874 ] ], [ [ -46.72564, -23.30874 ], [ -46.72524, -23.30863 ] ], [ [ -46.72524, -23.30863 ], [ -46.72398, -23.30868 ], [ -46.72385, -23.30884 ], [ -46.72381, -23.30913 ], [ -46.72326, -23.30967 ], [ -46.72323, -23.30996 ] ], [ [ -46.72323, -23.30996 ], [ -46.72346, -23.3103 ] ] ] } },
{ "type": "Feature", "properties": { "name": "Retificação Do Ribeirão Euzébio", "k": "river" }, "geometry": { "type": "LineString", "coordinates": [ [ -46.72657, -23.32946 ], [ -46.72814, -23.33187 ], [ -46.72859, -23.33235 ], [ -46.72999, -23.33312 ], [ -46.73104, -23.33353 ] ] } },
{ "type": "Feature", "properties": { "name": "Ribeirão Euzébio Leito Original (Tamponada e Canalizado)", "k": "river" }, "geometry": { "type": "MultiLineString", "coordinates": [ [ [ -46.72849, -23.33173 ], [ -46.72849, -23.33175 ] ], [ [ -46.72852, -23.33165 ], [ -46.72851, -23.33168 ] ], [ [ -46.72539, -23.32661 ], [ -46.72543, -23.32662 ] ], [ [ -46.72543, -23.32662 ], [ -46.72555, -23.32663 ] ], [ [ -46.72531, -23.32659 ], [ -46.72539, -23.32661 ] ] ] } },
{ "type": "Feature", "properties": { "name": "Rio Juqueri", "k": "river" }, "geometry": { "type": "MultiLineString", "coordinates": [ [ [ -46.72433, -23.33766 ], [ -46.7244, -23.33808 ], [ -46.72453, -23.33797 ], [ -46.72472, -23.33803 ], [ -46.72463, -23.33782 ], [ -46.72521, -23.33739 ], [ -46.72546, -23.33731 ], [ -46.7257, -23.33742 ], [ -46.72608, -23.33737 ], [ -46.72654, -23.33712 ], [ -46.7274, -23.33541 ], [ -46.72734, -23.33504 ], [ -46.72705, -23.33456 ], [ -46.72714, -23.33384 ], [ -46.72732, -23.33352 ], [ -46.728, -23.33342 ], [ -46.7285, -23.3341 ], [ -46.72969, -23.33446 ], [ -46.72984, -23.33443 ], [ -46.73035, -23.33381 ], [ -46.73071, -23.33373 ], [ -46.73104, -23.33353 ] ], [ [ -46.73104, -23.33353 ], [ -46.73234, -23.33401 ], [ -46.7328, -23.33406 ], [ -46.73396, -23.3339 ], [ -46.73428, -23.33397 ], [ -46.73451, -23.33424 ], [ -46.73543, -23.33494 ], [ -46.7361, -23.33571 ], [ -46.73672, -23.3366 ], [ -46.73694, -23.33714 ], [ -46.73653, -23.33798 ], [ -46.73649, -23.33859 ], [ -46.73779, -23.34026 ], [ -46.7392, -23.3424 ], [ -46.73968, -23.34392 ], [ -46.73983, -23.34498 ], [ -46.74021, -23.34596 ], [ -46.74061, -23.34668 ] ], [ [ -46.70569, -23.33336 ], [ -46.70682, -23.3343 ], [ -46.70704, -23.33438 ], [ -46.70748, -23.33441 ], [ -46.70826, -23.33416 ], [ -46.70931, -23.33447 ], [ -46.71048, -23.33448 ], [ -46.71139, -23.33473 ], [ -46.7119, -23.33473 ], [ -46.71232, -23.33434 ], [ -46.71263, -23.33361 ], [ -46.71273, -23.33305 ], [ -46.71269, -23.33186 ], [ -46.71276, -23.3317 ], [ -46.71303, -23.33152 ], [ -46.71484, -23.33224 ], [ -46.71618, -23.333 ], [ -46.71668, -23.33294 ], [ -46.71824, -23.33221 ], [ -46.71864, -23.33226 ], [ -46.71896, -23.33249 ], [ -46.71916, -23.33287 ], [ -46.71919, -23.3333 ], [ -46.71909, -23.33385 ], [ -46.71939, -23.33427 ], [ -46.71937, -23.33465 ], [ -46.72059, -23.33562 ], [ -46.72057, -23.33604 ], [ -46.72087, -23.3364 ], [ -46.72133, -23.33663 ], [ -46.72281, -23.33672 ], [ -46.72317, -23.33664 ], [ -46.72345, -23.33677 ], [ -46.72367, -23.33734 ], [ -46.72345, -23.33779 ], [ -46.72303, -23.33811 ], [ -46.7232, -23.33826 ], [ -46.72393, -23.33846 ], [ -46.7242, -23.33838 ], [ -46.72389, -23.33795 ], [ -46.72397, -23.33779 ], [ -46.72433, -23.33766 ] ], [ [ -46.68887, -23.33085 ], [ -46.68896, -23.33107 ], [ -46.68928, -23.33129 ], [ -46.68955, -23.33106 ], [ -46.68968, -23.33081 ], [ -46.69001, -23.33073 ], [ -46.69017, -23.33051 ], [ -46.6905, -23.33037 ], [ -46.69071, -23.33033 ], [ -46.69126, -23.33053 ], [ -46.69184, -23.33043 ], [ -46.69274, -23.33147 ], [ -46.69375, -23.33159 ], [ -46.69497, -23.33136 ], [ -46.69683, -23.33068 ], [ -46.69771, -23.33052 ], [ -46.70161, -23.33129 ], [ -46.70297, -23.33041 ], [ -46.70455, -23.33006 ], [ -46.70481, -23.33015 ], [ -46.70513, -23.33043 ], [ -46.70521, -23.33062 ], [ -46.70542, -23.33277 ], [ -46.70569, -23.33336 ] ], [ [ -46.68865, -23.33059 ], [ -46.68887, -23.33085 ] ], [ [ -46.68003, -23.32936 ], [ -46.68065, -23.32982 ], [ -46.68164, -23.33022 ], [ -46.68228, -23.33013 ], [ -46.68275, -23.32987 ], [ -46.68292, -23.32952 ], [ -46.68282, -23.32929 ], [ -46.68303, -23.32904 ], [ -46.68423, -23.32901 ], [ -46.68459, -23.32877 ], [ -46.68496, -23.32878 ], [ -46.68536, -23.32839 ], [ -46.68563, -23.32841 ], [ -46.68615, -23.32874 ], [ -46.68643, -23.32881 ], [ -46.6865, -23.32851 ], [ -46.68661, -23.32836 ], [ -46.68674, -23.32835 ], [ -46.68685, -23.32842 ], [ -46.68672, -23.32871 ], [ -46.68677, -23.32884 ], [ -46.687, -23.32888 ], [ -46.68708, -23.32884 ], [ -46.68708, -23.32865 ], [ -46.68729, -23.32854 ], [ -46.68751, -23.32857 ], [ -46.68758, -23.32874 ], [ -46.68754, -23.32912 ], [ -46.6877, -23.32932 ], [ -46.68794, -23.32934 ], [ -46.68794, -23.32918 ], [ -46.68813, -23.32908 ], [ -46.68835, -23.32927 ], [ -46.68841, -23.32954 ], [ -46.68832, -23.33018 ], [ -46.68865, -23.33059 ] ], [ [ -46.78288, -23.40249 ], [ -46.78294, -23.40275 ], [ -46.78271, -23.40365 ], [ -46.78341, -23.40413 ], [ -46.7837, -23.40418 ], [ -46.7845, -23.404 ], [ -46.78532, -23.4041 ], [ -46.78563, -23.40432 ], [ -46.78586, -23.40489 ], [ -46.78605, -23.40503 ], [ -46.78627, -23.40499 ], [ -46.78691, -23.40465 ], [ -46.78806, -23.40364 ], [ -46.78818, -23.40366 ], [ -46.78821, -23.40376 ], [ -46.78807, -23.40427 ], [ -46.78813, -23.40434 ], [ -46.78854, -23.40417 ], [ -46.78909, -23.40366 ], [ -46.78939, -23.40365 ], [ -46.78944, -23.40352 ], [ -46.78928, -23.40332 ], [ -46.78892, -23.40324 ], [ -46.78832, -23.40332 ], [ -46.78811, -23.40305 ], [ -46.7886, -23.40258 ], [ -46.78886, -23.40257 ], [ -46.78939, -23.40287 ], [ -46.78951, -23.4028 ], [ -46.78952, -23.40263 ], [ -46.78939, -23.40246 ], [ -46.78942, -23.40235 ], [ -46.78966, -23.40231 ], [ -46.79105, -23.40253 ], [ -46.79212, -23.40236 ], [ -46.79217, -23.4022 ], [ -46.79172, -23.40129 ], [ -46.79178, -23.40112 ], [ -46.79216, -23.40104 ], [ -46.79234, -23.40082 ], [ -46.79238, -23.40015 ], [ -46.79251, -23.39994 ], [ -46.79265, -23.39978 ], [ -46.79328, -23.39983 ], [ -46.79386, -23.39963 ], [ -46.79409, -23.39975 ], [ -46.7941, -23.40007 ], [ -46.79425, -23.40027 ], [ -46.79448, -23.40036 ], [ -46.79489, -23.40025 ], [ -46.79556, -23.40035 ], [ -46.79582, -23.40061 ], [ -46.79599, -23.40101 ], [ -46.79618, -23.40106 ], [ -46.79641, -23.40094 ], [ -46.79663, -23.40118 ], [ -46.7974, -23.4017 ], [ -46.79736, -23.40178 ], [ -46.79674, -23.40192 ], [ -46.79662, -23.40206 ], [ -46.79671, -23.40232 ], [ -46.79652, -23.40273 ], [ -46.79723, -23.40288 ], [ -46.7974, -23.40281 ], [ -46.7977, -23.40243 ], [ -46.79792, -23.40257 ], [ -46.79816, -23.40257 ], [ -46.79801, -23.40223 ], [ -46.79845, -23.40203 ], [ -46.79863, -23.40203 ], [ -46.79903, -23.40229 ], [ -46.79925, -23.4028 ], [ -46.79937, -23.4029 ], [ -46.79967, -23.40273 ], [ -46.79993, -23.40223 ], [ -46.80057, -23.40176 ], [ -46.80076, -23.40147 ], [ -46.80074, -23.40133 ], [ -46.80026, -23.40082 ], [ -46.79951, -23.4004 ], [ -46.79886, -23.40022 ], [ -46.79879, -23.3991 ], [ -46.79894, -23.39862 ], [ -46.79956, -23.39788 ], [ -46.80038, -23.39736 ], [ -46.80091, -23.39684 ], [ -46.80109, -23.39629 ], [ -46.80155, -23.39549 ], [ -46.80197, -23.39523 ], [ -46.80228, -23.39538 ], [ -46.80252, -23.39533 ], [ -46.80273, -23.39472 ], [ -46.80297, -23.39475 ], [ -46.80307, -23.39489 ], [ -46.80288, -23.39517 ], [ -46.80293, -23.39537 ], [ -46.80331, -23.3953 ], [ -46.80359, -23.39505 ], [ -46.80401, -23.39508 ], [ -46.80431, -23.39548 ], [ -46.80421, -23.3957 ], [ -46.80351, -23.39578 ], [ -46.80291, -23.39658 ], [ -46.80353, -23.39663 ], [ -46.80453, -23.39692 ], [ -46.80531, -23.39703 ], [ -46.80577, -23.39683 ], [ -46.80679, -23.39782 ], [ -46.80726, -23.39796 ], [ -46.80762, -23.3979 ], [ -46.80779, -23.39797 ], [ -46.80775, -23.39822 ], [ -46.80739, -23.39834 ], [ -46.80707, -23.39831 ], [ -46.80698, -23.39844 ], [ -46.80785, -23.39878 ], [ -46.8079, -23.39888 ], [ -46.80764, -23.39907 ], [ -46.80756, -23.39935 ], [ -46.80834, -23.39955 ], [ -46.81013, -23.3997 ], [ -46.81104, -23.39924 ], [ -46.81159, -23.39883 ], [ -46.81236, -23.39875 ], [ -46.81265, -23.39902 ], [ -46.81305, -23.39979 ], [ -46.81433, -23.40019 ], [ -46.81537, -23.40007 ], [ -46.8159, -23.39974 ], [ -46.81655, -23.39959 ], [ -46.81712, -23.39916 ], [ -46.8174, -23.39947 ], [ -46.8175, -23.39979 ], [ -46.81771, -23.39976 ], [ -46.81799, -23.39942 ], [ -46.81818, -23.3994 ], [ -46.81931, -23.40017 ], [ -46.81986, -23.40011 ], [ -46.82001, -23.40018 ], [ -46.82051, -23.40068 ], [ -46.82047, -23.40079 ], [ -46.82005, -23.401 ], [ -46.8201, -23.40136 ], [ -46.82034, -23.40145 ], [ -46.82107, -23.40134 ], [ -46.82124, -23.40141 ], [ -46.82129, -23.40156 ], [ -46.82068, -23.40178 ], [ -46.82071, -23.40195 ], [ -46.82082, -23.40201 ], [ -46.821, -23.40201 ], [ -46.82192, -23.40151 ], [ -46.82198, -23.4014 ], [ -46.8219, -23.40118 ], [ -46.82204, -23.401 ], [ -46.82245, -23.40106 ], [ -46.823, -23.401 ] ], [ [ -46.78806, -23.40364 ], [ -46.78824, -23.40351 ], [ -46.78832, -23.40332 ] ], [ [ -46.75852, -23.38623 ], [ -46.75987, -23.38662 ], [ -46.76017, -23.38609 ], [ -46.76039, -23.38603 ], [ -46.76068, -23.3861 ], [ -46.76123, -23.38697 ], [ -46.7614, -23.38706 ], [ -46.76161, -23.38704 ], [ -46.76323, -23.38622 ], [ -46.76439, -23.38623 ], [ -46.76446, -23.38612 ], [ -46.76441, -23.38594 ], [ -46.76396, -23.38536 ], [ -46.76393, -23.38518 ], [ -46.76416, -23.38489 ], [ -46.76504, -23.38532 ], [ -46.76549, -23.38612 ], [ -46.76601, -23.38657 ], [ -46.7675, -23.38717 ], [ -46.7678, -23.38738 ], [ -46.76794, -23.38763 ], [ -46.768, -23.38803 ], [ -46.76767, -23.38866 ], [ -46.76792, -23.38931 ], [ -46.76836, -23.38935 ], [ -46.76888, -23.3886 ], [ -46.76925, -23.38832 ], [ -46.76992, -23.38849 ], [ -46.77011, -23.38868 ], [ -46.77033, -23.38921 ], [ -46.77057, -23.39047 ], [ -46.77048, -23.39089 ], [ -46.77056, -23.39159 ], [ -46.77015, -23.39183 ], [ -46.77003, -23.39201 ], [ -46.77007, -23.39221 ], [ -46.77021, -23.39237 ], [ -46.77052, -23.39241 ], [ -46.77104, -23.39283 ], [ -46.77105, -23.3931 ], [ -46.77088, -23.39323 ], [ -46.77042, -23.39311 ], [ -46.7703, -23.39317 ], [ -46.77025, -23.39343 ], [ -46.77062, -23.39451 ], [ -46.77055, -23.39505 ], [ -46.77107, -23.39539 ], [ -46.77089, -23.39609 ], [ -46.77091, -23.39626 ], [ -46.77111, -23.39643 ], [ -46.77083, -23.39695 ], [ -46.7708, -23.39743 ], [ -46.77114, -23.39751 ], [ -46.77183, -23.39713 ], [ -46.77246, -23.39693 ], [ -46.77428, -23.3971 ], [ -46.77537, -23.39685 ], [ -46.7756, -23.39688 ], [ -46.77663, -23.39754 ], [ -46.77732, -23.39767 ], [ -46.77741, -23.39779 ], [ -46.77719, -23.39807 ], [ -46.77628, -23.39859 ], [ -46.77625, -23.39871 ], [ -46.77649, -23.39887 ], [ -46.77687, -23.39892 ], [ -46.77792, -23.3987 ], [ -46.78004, -23.39846 ], [ -46.78079, -23.39814 ], [ -46.78106, -23.39812 ], [ -46.78155, -23.3983 ], [ -46.78215, -23.39888 ], [ -46.78252, -23.39895 ], [ -46.78332, -23.39874 ], [ -46.78358, -23.39881 ], [ -46.78403, -23.39914 ], [ -46.7842, -23.3995 ], [ -46.78361, -23.40121 ], [ -46.78318, -23.40153 ], [ -46.78299, -23.40186 ], [ -46.78288, -23.40249 ] ], [ [ -46.74729, -23.3598 ], [ -46.74761, -23.35974 ], [ -46.74809, -23.35984 ], [ -46.74844, -23.36026 ], [ -46.74861, -23.36071 ], [ -46.74849, -23.36104 ], [ -46.74856, -23.36118 ], [ -46.74909, -23.36155 ], [ -46.75003, -23.36293 ], [ -46.75026, -23.36313 ], [ -46.75094, -23.36333 ], [ -46.75203, -23.36397 ], [ -46.75212, -23.36409 ], [ -46.75205, -23.36458 ], [ -46.75226, -23.36513 ], [ -46.75246, -23.36558 ], [ -46.75292, -23.36608 ], [ -46.75358, -23.36636 ], [ -46.75425, -23.36621 ], [ -46.75487, -23.36621 ], [ -46.75504, -23.36632 ], [ -46.75507, -23.36755 ], [ -46.75533, -23.36828 ], [ -46.75524, -23.36891 ], [ -46.75537, -23.36946 ], [ -46.7557, -23.36988 ], [ -46.75605, -23.37008 ], [ -46.7566, -23.37023 ], [ -46.75762, -23.37039 ], [ -46.75782, -23.37029 ], [ -46.75794, -23.37002 ], [ -46.75885, -23.36951 ], [ -46.75932, -23.36885 ], [ -46.75982, -23.36866 ], [ -46.76073, -23.36894 ], [ -46.76158, -23.36901 ], [ -46.76188, -23.36919 ], [ -46.76205, -23.36941 ], [ -46.76267, -23.371 ], [ -46.76269, -23.37136 ], [ -46.76242, -23.37168 ], [ -46.76041, -23.37195 ], [ -46.76014, -23.37209 ], [ -46.75999, -23.37237 ], [ -46.75929, -23.37295 ], [ -46.7585, -23.37393 ], [ -46.75815, -23.37485 ], [ -46.7583, -23.37554 ], [ -46.75828, -23.37608 ], [ -46.75789, -23.37719 ], [ -46.75778, -23.37827 ], [ -46.75685, -23.37975 ], [ -46.75613, -23.38057 ], [ -46.75607, -23.38084 ], [ -46.75655, -23.38124 ], [ -46.75741, -23.38117 ], [ -46.75789, -23.38131 ], [ -46.75891, -23.38188 ], [ -46.75943, -23.3824 ], [ -46.75948, -23.38271 ], [ -46.75924, -23.38336 ], [ -46.75924, -23.38405 ], [ -46.75912, -23.38444 ], [ -46.75813, -23.38552 ], [ -46.75813, -23.38588 ], [ -46.75829, -23.38612 ], [ -46.75852, -23.38623 ] ], [ [ -46.74313, -23.35462 ], [ -46.74297, -23.35475 ], [ -46.74272, -23.35534 ], [ -46.74271, -23.35568 ], [ -46.74282, -23.35597 ], [ -46.7435, -23.35632 ], [ -46.74367, -23.35663 ], [ -46.7437, -23.35715 ], [ -46.74384, -23.35748 ], [ -46.74482, -23.35846 ], [ -46.74525, -23.3593 ], [ -46.7461, -23.35984 ], [ -46.74729, -23.3598 ] ], [ [ -46.74061, -23.34668 ], [ -46.74114, -23.3477 ], [ -46.74123, -23.34838 ], [ -46.74118, -23.3491 ], [ -46.74159, -23.34969 ], [ -46.74171, -23.35029 ], [ -46.74202, -23.35075 ], [ -46.74213, -23.35114 ], [ -46.74206, -23.35154 ], [ -46.74211, -23.35227 ], [ -46.742, -23.35284 ], [ -46.74218, -23.35299 ], [ -46.74333, -23.35279 ], [ -46.74392, -23.35327 ], [ -46.74422, -23.35385 ], [ -46.7442, -23.35419 ], [ -46.74401, -23.35448 ], [ -46.74367, -23.35464 ], [ -46.74313, -23.35462 ] ], [ [ -46.87112, -23.40099 ], [ -46.87175, -23.40091 ], [ -46.8719, -23.40053 ], [ -46.87209, -23.40065 ], [ -46.8723, -23.4013 ], [ -46.87257, -23.40135 ], [ -46.87263, -23.40117 ], [ -46.87252, -23.4009 ], [ -46.87301, -23.40059 ], [ -46.87309, -23.40039 ], [ -46.87307, -23.39973 ], [ -46.8734, -23.39938 ], [ -46.87374, -23.39923 ], [ -46.87498, -23.39913 ], [ -46.87538, -23.39886 ], [ -46.87551, -23.39885 ], [ -46.8758, -23.39906 ], [ -46.87591, -23.39883 ], [ -46.87571, -23.3983 ], [ -46.87582, -23.39807 ], [ -46.87633, -23.3981 ], [ -46.87629, -23.39855 ], [ -46.87638, -23.39868 ], [ -46.87657, -23.39867 ], [ -46.87681, -23.3983 ], [ -46.87749, -23.39808 ], [ -46.87766, -23.39791 ], [ -46.87758, -23.39733 ], [ -46.87771, -23.39725 ], [ -46.87795, -23.39722 ], [ -46.87815, -23.39733 ], [ -46.87821, -23.3975 ], [ -46.87813, -23.39794 ], [ -46.87844, -23.39788 ], [ -46.87869, -23.39766 ], [ -46.87856, -23.39703 ], [ -46.87873, -23.39685 ], [ -46.87918, -23.39719 ], [ -46.87979, -23.39738 ], [ -46.87991, -23.39734 ], [ -46.87993, -23.3971 ], [ -46.87976, -23.39672 ], [ -46.87978, -23.39652 ], [ -46.88002, -23.39619 ], [ -46.88019, -23.39618 ], [ -46.88052, -23.39652 ], [ -46.8807, -23.39657 ], [ -46.88201, -23.39594 ], [ -46.88264, -23.39618 ], [ -46.8833, -23.39582 ], [ -46.88417, -23.39587 ], [ -46.88432, -23.39576 ], [ -46.88432, -23.39557 ], [ -46.884, -23.39531 ], [ -46.88394, -23.39512 ], [ -46.88414, -23.39503 ], [ -46.88459, -23.39526 ], [ -46.88525, -23.39539 ], [ -46.88641, -23.39622 ], [ -46.88648, -23.39649 ], [ -46.88607, -23.39676 ], [ -46.88618, -23.39691 ], [ -46.88653, -23.39705 ], [ -46.88657, -23.39728 ], [ -46.88636, -23.39749 ], [ -46.88577, -23.39766 ], [ -46.88576, -23.39792 ], [ -46.88604, -23.39837 ], [ -46.88622, -23.3984 ], [ -46.88666, -23.39823 ], [ -46.88705, -23.39868 ], [ -46.88751, -23.3985 ], [ -46.88774, -23.39865 ], [ -46.88774, -23.39878 ], [ -46.8875, -23.39897 ], [ -46.8865, -23.39922 ], [ -46.88647, -23.39936 ], [ -46.88667, -23.39953 ], [ -46.88771, -23.39915 ], [ -46.88793, -23.39964 ], [ -46.88806, -23.39958 ], [ -46.88804, -23.39914 ], [ -46.88813, -23.39899 ], [ -46.88908, -23.39895 ], [ -46.88921, -23.39868 ], [ -46.88874, -23.39814 ], [ -46.88882, -23.398 ], [ -46.88907, -23.39794 ], [ -46.88955, -23.39819 ], [ -46.88965, -23.39877 ], [ -46.89, -23.39906 ], [ -46.89015, -23.39908 ], [ -46.89025, -23.39897 ], [ -46.89037, -23.39851 ], [ -46.89077, -23.39844 ], [ -46.89162, -23.39977 ], [ -46.89192, -23.39997 ], [ -46.89211, -23.39991 ], [ -46.89223, -23.39936 ], [ -46.89247, -23.3993 ], [ -46.89456, -23.39956 ], [ -46.89508, -23.40001 ], [ -46.89552, -23.39995 ], [ -46.89611, -23.39963 ], [ -46.89672, -23.39962 ], [ -46.89724, -23.39949 ], [ -46.89914, -23.39984 ], [ -46.89933, -23.3997 ], [ -46.89941, -23.39933 ], [ -46.89957, -23.39925 ], [ -46.90138, -23.3996 ], [ -46.90154, -23.39953 ], [ -46.90146, -23.39929 ], [ -46.90084, -23.3987 ], [ -46.90096, -23.39861 ], [ -46.90181, -23.39857 ], [ -46.90234, -23.39877 ], [ -46.90259, -23.39925 ], [ -46.90256, -23.39961 ], [ -46.90263, -23.39971 ], [ -46.90287, -23.39976 ], [ -46.90334, -23.39946 ], [ -46.90338, -23.39933 ], [ -46.90332, -23.39889 ], [ -46.90298, -23.39842 ], [ -46.90302, -23.39835 ], [ -46.90331, -23.39822 ], [ -46.90428, -23.39806 ], [ -46.90449, -23.39773 ], [ -46.90493, -23.39748 ], [ -46.90563, -23.39732 ], [ -46.90567, -23.39713 ], [ -46.90548, -23.39667 ], [ -46.90553, -23.39639 ], [ -46.90588, -23.39576 ], [ -46.90622, -23.39562 ], [ -46.90664, -23.3952 ], [ -46.90742, -23.39508 ], [ -46.9078, -23.39491 ], [ -46.9083, -23.39493 ], [ -46.90852, -23.39435 ], [ -46.90868, -23.39438 ], [ -46.90893, -23.39467 ], [ -46.90916, -23.39563 ], [ -46.90944, -23.39578 ], [ -46.90969, -23.39571 ], [ -46.91022, -23.39519 ], [ -46.91046, -23.39468 ], [ -46.91067, -23.39449 ], [ -46.91115, -23.39441 ], [ -46.91147, -23.39383 ], [ -46.91186, -23.39353 ], [ -46.9124, -23.39234 ], [ -46.91282, -23.39221 ], [ -46.91316, -23.39252 ], [ -46.91343, -23.39261 ] ], [ [ -46.82301, -23.40011 ], [ -46.82379, -23.39995 ], [ -46.82472, -23.40014 ], [ -46.82531, -23.40056 ], [ -46.82579, -23.40136 ], [ -46.82601, -23.40145 ], [ -46.82652, -23.40134 ], [ -46.82674, -23.40113 ], [ -46.82649, -23.40064 ], [ -46.82654, -23.40017 ], [ -46.82668, -23.40014 ], [ -46.82732, -23.40033 ], [ -46.82771, -23.40076 ], [ -46.82819, -23.40105 ], [ -46.82829, -23.40097 ], [ -46.82821, -23.40064 ], [ -46.82832, -23.40022 ], [ -46.82872, -23.39994 ], [ -46.8292, -23.39977 ], [ -46.83006, -23.39981 ], [ -46.83035, -23.3999 ], [ -46.83105, -23.40121 ], [ -46.83145, -23.40136 ], [ -46.83182, -23.40131 ], [ -46.83319, -23.40063 ], [ -46.83349, -23.40023 ], [ -46.83515, -23.40001 ], [ -46.83626, -23.39968 ], [ -46.83642, -23.39977 ], [ -46.83645, -23.40004 ], [ -46.83606, -23.40067 ], [ -46.83602, -23.40121 ], [ -46.8363, -23.40184 ], [ -46.83588, -23.40254 ], [ -46.83609, -23.40276 ], [ -46.8365, -23.40295 ], [ -46.83781, -23.40445 ], [ -46.83821, -23.4047 ], [ -46.83954, -23.4047 ], [ -46.83987, -23.40453 ], [ -46.84042, -23.40392 ], [ -46.84086, -23.40362 ], [ -46.84168, -23.40322 ], [ -46.84213, -23.40332 ], [ -46.84282, -23.4037 ], [ -46.8435, -23.4038 ], [ -46.8443, -23.40427 ], [ -46.84467, -23.40419 ], [ -46.84496, -23.40383 ], [ -46.84514, -23.40381 ], [ -46.84547, -23.4041 ], [ -46.84627, -23.40391 ], [ -46.84698, -23.40391 ], [ -46.84727, -23.4037 ], [ -46.84774, -23.40379 ], [ -46.84785, -23.40366 ], [ -46.84753, -23.40293 ], [ -46.84837, -23.40175 ], [ -46.8484, -23.40148 ], [ -46.84839, -23.40076 ], [ -46.84815, -23.39988 ], [ -46.8482, -23.39961 ], [ -46.84838, -23.39953 ], [ -46.8505, -23.39969 ], [ -46.85163, -23.3986 ], [ -46.85227, -23.39843 ], [ -46.85243, -23.39853 ], [ -46.85264, -23.39969 ], [ -46.85319, -23.39978 ], [ -46.85448, -23.39885 ], [ -46.85513, -23.39805 ], [ -46.85527, -23.39738 ], [ -46.85524, -23.39674 ], [ -46.85497, -23.39563 ], [ -46.85504, -23.39526 ], [ -46.85573, -23.39448 ], [ -46.85642, -23.39395 ], [ -46.85734, -23.39408 ], [ -46.85775, -23.39403 ], [ -46.85855, -23.39376 ], [ -46.85887, -23.3935 ], [ -46.85895, -23.39304 ], [ -46.85876, -23.39144 ], [ -46.85894, -23.39113 ], [ -46.86128, -23.39224 ], [ -46.86155, -23.39254 ], [ -46.8619, -23.39273 ], [ -46.86259, -23.39291 ], [ -46.86287, -23.39324 ], [ -46.8633, -23.39354 ], [ -46.86375, -23.39347 ], [ -46.86393, -23.39334 ], [ -46.8643, -23.39355 ], [ -46.86464, -23.394 ], [ -46.86491, -23.3941 ], [ -46.86585, -23.39384 ], [ -46.86618, -23.39396 ], [ -46.86638, -23.39439 ], [ -46.8669, -23.39494 ], [ -46.86725, -23.39559 ], [ -46.86778, -23.39567 ], [ -46.86795, -23.39602 ], [ -46.8682, -23.39623 ], [ -46.86834, -23.39671 ], [ -46.86838, -23.39758 ], [ -46.86891, -23.39787 ], [ -46.86908, -23.39772 ], [ -46.86909, -23.39738 ], [ -46.86937, -23.39735 ], [ -46.86936, -23.39856 ], [ -46.86887, -23.3997 ], [ -46.86888, -23.39991 ], [ -46.86903, -23.40002 ], [ -46.86956, -23.40008 ], [ -46.86938, -23.40052 ], [ -46.86948, -23.40065 ], [ -46.87013, -23.40033 ], [ -46.87041, -23.39998 ], [ -46.87093, -23.40005 ], [ -46.87121, -23.39976 ], [ -46.87139, -23.39973 ], [ -46.87146, -23.39981 ], [ -46.87112, -23.40099 ] ], [ [ -46.823, -23.401 ], [ -46.8231, -23.40089 ], [ -46.82277, -23.40052 ], [ -46.82246, -23.40043 ], [ -46.82238, -23.40027 ], [ -46.82261, -23.40012 ], [ -46.82301, -23.40011 ] ], [ [ -46.91343, -23.39261 ], [ -46.91458, -23.39244 ], [ -46.91481, -23.39211 ], [ -46.9149, -23.39121 ], [ -46.91486, -23.39088 ], [ -46.91457, -23.3906 ], [ -46.91407, -23.39056 ], [ -46.91332, -23.39033 ], [ -46.91309, -23.3902 ], [ -46.91286, -23.38986 ], [ -46.91286, -23.38959 ], [ -46.91331, -23.38923 ], [ -46.91339, -23.38903 ], [ -46.91338, -23.38707 ], [ -46.91347, -23.38679 ], [ -46.91372, -23.38661 ], [ -46.91413, -23.38686 ], [ -46.91515, -23.38831 ], [ -46.91687, -23.38951 ], [ -46.9178, -23.3897 ], [ -46.91864, -23.39015 ], [ -46.91898, -23.39018 ], [ -46.92037, -23.3899 ], [ -46.92186, -23.38997 ], [ -46.92221, -23.38984 ], [ -46.9231, -23.38912 ], [ -46.92382, -23.38894 ], [ -46.92442, -23.38905 ], [ -46.9251, -23.38939 ], [ -46.92569, -23.38926 ], [ -46.92637, -23.38925 ], [ -46.92741, -23.38973 ], [ -46.92796, -23.38977 ], [ -46.92861, -23.38941 ], [ -46.92858, -23.38923 ], [ -46.92818, -23.38881 ], [ -46.92813, -23.38825 ], [ -46.92836, -23.38787 ], [ -46.9288, -23.38762 ] ], [ [ -46.9288, -23.38762 ], [ -46.93063, -23.38744 ], [ -46.93134, -23.38717 ], [ -46.93153, -23.38698 ], [ -46.93218, -23.38583 ], [ -46.93278, -23.38523 ], [ -46.93321, -23.38503 ], [ -46.93356, -23.38495 ], [ -46.93539, -23.38505 ], [ -46.93599, -23.38517 ], [ -46.93648, -23.38552 ], [ -46.93658, -23.38587 ], [ -46.93651, -23.38617 ], [ -46.93595, -23.38705 ], [ -46.93568, -23.38779 ], [ -46.93572, -23.38832 ], [ -46.93593, -23.38865 ], [ -46.93659, -23.38901 ], [ -46.93723, -23.38914 ], [ -46.93789, -23.38911 ], [ -46.93893, -23.38878 ], [ -46.93965, -23.38879 ], [ -46.93996, -23.38891 ], [ -46.94048, -23.38941 ], [ -46.94073, -23.39001 ], [ -46.94064, -23.39085 ], [ -46.94036, -23.39136 ], [ -46.94045, -23.39177 ], [ -46.94057, -23.39186 ], [ -46.94083, -23.3919 ], [ -46.94166, -23.39156 ], [ -46.94228, -23.39093 ], [ -46.94274, -23.39078 ], [ -46.9434, -23.39107 ], [ -46.94449, -23.39138 ], [ -46.94597, -23.39118 ], [ -46.94741, -23.3913 ], [ -46.94966, -23.3924 ], [ -46.9515, -23.39561 ], [ -46.95219, -23.3965 ], [ -46.95311, -23.39678 ], [ -46.95442, -23.3966 ], [ -46.95535, -23.39659 ], [ -46.9556, -23.39692 ], [ -46.95591, -23.39806 ] ] ] } },
{ "type": "Feature", "properties": { "name": "Serra do Ajuá", "k": "ridge" }, "geometry": { "type": "LineString", "coordinates": [ [ -46.69863, -23.41711 ], [ -46.70196, -23.41758 ], [ -46.70585, -23.41658 ], [ -46.70813, -23.41652 ], [ -46.70945, -23.41475 ], [ -46.70923, -23.41129 ], [ -46.70965, -23.40808 ], [ -46.71055, -23.40559 ], [ -46.71045, -23.40375 ], [ -46.70808, -23.40298 ], [ -46.70741, -23.4029 ], [ -46.70641, -23.40299 ], [ -46.70518, -23.40255 ], [ -46.70363, -23.40019 ], [ -46.70259, -23.39882 ] ] } },
{ "type": "Feature", "properties": { "name": "Rio Ajuá", "k": "river" }, "geometry": { "type": "MultiLineString", "coordinates": [ [ [ -46.73228, -23.43662 ], [ -46.7327, -23.43647 ], [ -46.73289, -23.4363 ], [ -46.73322, -23.43541 ], [ -46.73386, -23.43498 ], [ -46.73473, -23.43471 ], [ -46.7355, -23.43381 ], [ -46.73574, -23.43374 ], [ -46.73593, -23.43354 ], [ -46.73557, -23.43303 ], [ -46.7352, -23.43269 ], [ -46.73415, -23.43199 ], [ -46.73397, -23.43144 ] ], [ [ -46.73397, -23.43144 ], [ -46.73391, -23.43113 ], [ -46.73461, -23.43089 ], [ -46.73537, -23.4301 ], [ -46.73589, -23.42902 ], [ -46.7362, -23.4279 ], [ -46.73692, -23.42748 ], [ -46.73777, -23.42718 ], [ -46.73831, -23.42722 ], [ -46.73994, -23.42567 ], [ -46.73998, -23.42536 ], [ -46.7399, -23.42512 ], [ -46.74031, -23.42469 ], [ -46.74092, -23.42452 ], [ -46.74146, -23.42414 ], [ -46.74147, -23.42401 ], [ -46.74136, -23.42394 ], [ -46.7407, -23.42402 ], [ -46.74057, -23.42393 ], [ -46.74051, -23.42368 ], [ -46.73995, -23.42313 ], [ -46.74034, -23.42245 ], [ -46.74018, -23.42172 ], [ -46.74029, -23.4215 ], [ -46.74043, -23.42139 ], [ -46.74082, -23.42138 ], [ -46.74149, -23.4218 ], [ -46.74206, -23.42186 ], [ -46.74292, -23.42174 ], [ -46.74306, -23.42159 ] ] ] } },
{ "type": "Feature", "properties": { "name": "Alto de Pirituba", "k": "ridge" }, "geometry": { "type": "MultiLineString", "coordinates": [ [ [ -46.72658, -23.45786 ], [ -46.72866, -23.45848 ], [ -46.72998, -23.45788 ], [ -46.73174, -23.45853 ], [ -46.73219, -23.4591 ], [ -46.73375, -23.4583 ], [ -46.73437, -23.4584 ] ], [ [ -46.71994, -23.45259 ], [ -46.72141, -23.45337 ], [ -46.72234, -23.45419 ], [ -46.72321, -23.4544 ], [ -46.72403, -23.45556 ], [ -46.72577, -23.45648 ], [ -46.72619, -23.45681 ], [ -46.72653, -23.4573 ], [ -46.72658, -23.45786 ], [ -46.72661, -23.45821 ] ] ] } },
{ "type": "Feature", "properties": { "name": "Rio Cabuçu de Baixo", "k": "river" }, "geometry": { "type": "LineString", "coordinates": [ [ -46.67399, -23.45267 ], [ -46.67507, -23.45564 ], [ -46.67515, -23.45609 ], [ -46.67497, -23.45695 ], [ -46.67507, -23.45769 ], [ -46.67499, -23.45807 ], [ -46.67382, -23.45953 ] ] } },
{ "type": "Feature", "properties": { "name": "Ribeirão Cabuçu de Baixo", "k": "river" }, "geometry": { "type": "MultiLineString", "coordinates": [ [ [ -46.67382, -23.45953 ], [ -46.67313, -23.46009 ], [ -46.67284, -23.46108 ] ], [ [ -46.67284, -23.46108 ], [ -46.6726, -23.46305 ], [ -46.67239, -23.46363 ], [ -46.67211, -23.46414 ], [ -46.67077, -23.46592 ] ], [ [ -46.69052, -23.50842 ], [ -46.69076, -23.50876 ] ], [ [ -46.67077, -23.46592 ], [ -46.67041, -23.46658 ], [ -46.67015, -23.46779 ], [ -46.67019, -23.46865 ], [ -46.67048, -23.47043 ], [ -46.67009, -23.474 ], [ -46.67012, -23.4747 ], [ -46.67054, -23.47527 ], [ -46.67184, -23.47594 ], [ -46.67235, -23.47643 ], [ -46.6726, -23.47685 ], [ -46.6735, -23.48005 ], [ -46.67362, -23.48034 ], [ -46.67413, -23.481 ], [ -46.67885, -23.48338 ], [ -46.6833, -23.48798 ], [ -46.68487, -23.48988 ], [ -46.68516, -23.49061 ], [ -46.68538, -23.49184 ], [ -46.68521, -23.49302 ], [ -46.68449, -23.49621 ], [ -46.68465, -23.49748 ], [ -46.68521, -23.49852 ], [ -46.68606, -23.49976 ], [ -46.68808, -23.5037 ], [ -46.68873, -23.50515 ], [ -46.68899, -23.50609 ], [ -46.69052, -23.50842 ] ] ] } },
{ "type": "Feature", "properties": { "name": "Face Sul da Cantareira", "k": "ridge" }, "geometry": { "type": "LineString", "coordinates": [ [ -46.68454, -23.42644 ], [ -46.68556, -23.42338 ], [ -46.68454, -23.42241 ], [ -46.6854, -23.42083 ], [ -46.6851, -23.41967 ], [ -46.68269, -23.41872 ], [ -46.68228, -23.41825 ], [ -46.68086, -23.41772 ], [ -46.67898, -23.41626 ], [ -46.67819, -23.41531 ], [ -46.67719, -23.41495 ], [ -46.67546, -23.41623 ], [ -46.673, -23.41885 ], [ -46.672, -23.41931 ], [ -46.67102, -23.41925 ], [ -46.67007, -23.41877 ], [ -46.66925, -23.41891 ], [ -46.66709, -23.42074 ], [ -46.6651, -23.42319 ], [ -46.66359, -23.42466 ], [ -46.66174, -23.42485 ], [ -46.65906, -23.42614 ], [ -46.65895, -23.42746 ], [ -46.65736, -23.42975 ], [ -46.65579, -23.43071 ], [ -46.65411, -23.43012 ], [ -46.65091, -23.4287 ], [ -46.64929, -23.42935 ], [ -46.64798, -23.42941 ], [ -46.6464, -23.4291 ], [ -46.64453, -23.42811 ], [ -46.64347, -23.42834 ], [ -46.64246, -23.42758 ], [ -46.64151, -23.42759 ], [ -46.641, -23.42796 ], [ -46.63954, -23.42736 ], [ -46.63821, -23.42741 ], [ -46.63681, -23.42795 ], [ -46.63572, -23.42785 ], [ -46.63429, -23.42881 ], [ -46.63276, -23.42873 ], [ -46.63131, -23.42831 ], [ -46.63118, -23.42625 ], [ -46.62994, -23.42565 ], [ -46.62832, -23.42469 ], [ -46.6268, -23.4233 ], [ -46.62573, -23.42324 ], [ -46.62516, -23.42273 ] ] } },
{ "type": "Feature", "properties": { "name": "Face Sudoeste da Serra da Cantareira", "k": "ridge" }, "geometry": { "type": "LineString", "coordinates": [ [ -46.68697, -23.42692 ], [ -46.68931, -23.42588 ], [ -46.69083, -23.42411 ], [ -46.69167, -23.42353 ], [ -46.69317, -23.42345 ], [ -46.69494, -23.42403 ], [ -46.69531, -23.4243 ], [ -46.69659, -23.42427 ], [ -46.69958, -23.42358 ], [ -46.70048, -23.4223 ], [ -46.69936, -23.41984 ], [ -46.69736, -23.41919 ], [ -46.69852, -23.41783 ], [ -46.69863, -23.41711 ] ] } },
{ "type": "Feature", "properties": { "name": "Crista do Tucuruvi", "k": "ridge" }, "geometry": { "type": "LineString", "coordinates": [ [ -46.60126, -23.48112 ], [ -46.60242, -23.48222 ], [ -46.60533, -23.48108 ], [ -46.6089, -23.47884 ], [ -46.61134, -23.47624 ], [ -46.61272, -23.47533 ], [ -46.61435, -23.47348 ], [ -46.61598, -23.47297 ], [ -46.61804, -23.47199 ], [ -46.61842, -23.47002 ], [ -46.61911, -23.46766 ], [ -46.61838, -23.46667 ], [ -46.61847, -23.46522 ], [ -46.61988, -23.46333 ], [ -46.62233, -23.46431 ], [ -46.62413, -23.46293 ], [ -46.62649, -23.4636 ], [ -46.62877, -23.46462 ], [ -46.63005, -23.4649 ], [ -46.63087, -23.46537 ], [ -46.63194, -23.46529 ], [ -46.63259, -23.4649 ], [ -46.63555, -23.46541 ], [ -46.63658, -23.46482 ], [ -46.63752, -23.46289 ], [ -46.64061, -23.46084 ], [ -46.64632, -23.45959 ], [ -46.64846, -23.45856 ], [ -46.64868, -23.45699 ], [ -46.64666, -23.45521 ], [ -46.64546, -23.45305 ], [ -46.64271, -23.45325 ], [ -46.64052, -23.45388 ], [ -46.6392, -23.45317 ], [ -46.63752, -23.45297 ], [ -46.63714, -23.45151 ], [ -46.63576, -23.44998 ], [ -46.63576, -23.449 ], [ -46.63731, -23.44766 ], [ -46.63765, -23.44691 ] ] } },
{ "type": "Feature", "properties": { "name": "Rio Tremembé", "k": "river" }, "geometry": { "type": "MultiLineString", "coordinates": [ [ [ -46.62681, -23.45788 ], [ -46.62569, -23.45811 ], [ -46.62415, -23.45813 ], [ -46.62392, -23.45852 ], [ -46.62337, -23.45851 ] ], [ [ -46.62337, -23.45851 ], [ -46.62326, -23.45853 ] ], [ [ -46.62326, -23.45853 ], [ -46.62261, -23.45849 ], [ -46.62196, -23.45825 ], [ -46.62164, -23.45832 ] ], [ [ -46.62153, -23.45834 ], [ -46.62103, -23.4584 ], [ -46.62074, -23.45813 ] ], [ [ -46.62164, -23.45832 ], [ -46.62153, -23.45834 ] ], [ [ -46.62074, -23.45813 ], [ -46.62067, -23.45804 ] ], [ [ -46.6158, -23.45804 ], [ -46.61565, -23.45836 ] ], [ [ -46.6153, -23.45872 ], [ -46.61508, -23.45883 ] ], [ [ -46.61565, -23.45836 ], [ -46.61553, -23.45862 ], [ -46.6153, -23.45872 ] ], [ [ -46.61921, -23.45719 ], [ -46.61822, -23.45704 ], [ -46.61711, -23.45701 ], [ -46.61591, -23.45779 ], [ -46.6158, -23.45804 ] ], [ [ -46.61932, -23.45721 ], [ -46.61921, -23.45719 ] ], [ [ -46.62067, -23.45804 ], [ -46.61994, -23.45747 ], [ -46.61932, -23.45721 ] ], [ [ -46.61508, -23.45883 ], [ -46.61463, -23.45886 ], [ -46.61324, -23.45836 ], [ -46.61074, -23.45837 ], [ -46.60688, -23.45861 ], [ -46.60621, -23.45836 ], [ -46.60443, -23.45832 ], [ -46.60368, -23.45889 ], [ -46.60317, -23.4599 ], [ -46.6031, -23.46118 ], [ -46.60241, -23.46163 ] ], [ [ -46.60241, -23.46163 ], [ -46.60023, -23.46193 ], [ -46.59855, -23.46275 ], [ -46.59688, -23.46437 ], [ -46.59634, -23.46462 ] ], [ [ -46.59634, -23.46462 ], [ -46.59508, -23.46575 ], [ -46.59375, -23.46606 ], [ -46.59177, -23.46388 ], [ -46.59051, -23.46338 ], [ -46.58967, -23.46399 ], [ -46.58855, -23.46392 ], [ -46.5881, -23.46368 ], [ -46.58559, -23.45962 ], [ -46.5845, -23.45832 ], [ -46.58332, -23.45793 ], [ -46.58242, -23.45738 ], [ -46.5821, -23.45708 ] ], [ [ -46.5821, -23.45708 ], [ -46.58117, -23.45711 ], [ -46.58004, -23.45744 ], [ -46.57918, -23.45787 ], [ -46.57881, -23.45831 ], [ -46.57815, -23.45848 ], [ -46.57758, -23.45908 ], [ -46.57715, -23.45921 ], [ -46.57469, -23.45875 ], [ -46.57434, -23.45857 ], [ -46.57355, -23.45879 ], [ -46.57327, -23.45877 ], [ -46.57261, -23.45843 ], [ -46.57223, -23.45837 ], [ -46.57106, -23.45829 ], [ -46.57056, -23.45845 ] ] ] } },
{ "type": "Feature", "properties": { "name": "Divisor Tremembé-Piqueri", "k": "ridge" }, "geometry": { "type": "MultiLineString", "coordinates": [ [ [ -46.60383, -23.44529 ], [ -46.6039, -23.4437 ], [ -46.60446, -23.44041 ], [ -46.60634, -23.43945 ], [ -46.60802, -23.43899 ], [ -46.60963, -23.43957 ], [ -46.61147, -23.4409 ], [ -46.61422, -23.44025 ], [ -46.61589, -23.43964 ], [ -46.61619, -23.4388 ], [ -46.61666, -23.4386 ] ], [ [ -46.60383, -23.44529 ], [ -46.60173, -23.44624 ], [ -46.59954, -23.44821 ], [ -46.59812, -23.45085 ], [ -46.59911, -23.45246 ], [ -46.5983, -23.45746 ], [ -46.59671, -23.45809 ], [ -46.59718, -23.45974 ], [ -46.59619, -23.4601 ], [ -46.59478, -23.45927 ], [ -46.59298, -23.45955 ], [ -46.59306, -23.46073 ], [ -46.59353, -23.46144 ], [ -46.5925, -23.4623 ], [ -46.59066, -23.45994 ], [ -46.5895, -23.45876 ], [ -46.58855, -23.45864 ], [ -46.58722, -23.45994 ] ] ] } },
{ "type": "Feature", "properties": { "name": "Ribeirão Piqueri", "k": "river" }, "geometry": { "type": "MultiLineString", "coordinates": [ [ [ -46.59031, -23.42903 ], [ -46.58883, -23.42915 ], [ -46.5877, -23.42856 ], [ -46.58763, -23.42787 ], [ -46.58654, -23.42773 ], [ -46.58561, -23.42791 ], [ -46.58506, -23.42868 ], [ -46.58486, -23.43043 ], [ -46.58497, -23.43177 ], [ -46.58559, -23.43273 ], [ -46.58546, -23.43326 ], [ -46.58643, -23.43535 ], [ -46.58641, -23.4358 ], [ -46.58613, -23.4361 ], [ -46.58602, -23.43659 ], [ -46.58634, -23.43699 ] ], [ [ -46.58984, -23.42675 ], [ -46.58985, -23.42685 ] ], [ [ -46.58989, -23.4275 ], [ -46.59018, -23.42823 ], [ -46.59031, -23.42903 ] ], [ [ -46.58985, -23.42685 ], [ -46.58985, -23.42693 ] ], [ [ -46.58987, -23.42722 ], [ -46.58989, -23.4275 ] ], [ [ -46.58985, -23.42693 ], [ -46.58986, -23.42714 ] ], [ [ -46.58986, -23.42714 ], [ -46.58987, -23.42722 ] ] ] } },
{ "type": "Feature", "properties": { "name": "Ribeirão Engordador", "k": "river" }, "geometry": { "type": "MultiLineString", "coordinates": [ [ [ -46.60422, -23.40884 ], [ -46.60368, -23.40801 ], [ -46.60334, -23.40785 ], [ -46.60309, -23.40787 ], [ -46.60269, -23.40722 ], [ -46.60229, -23.40687 ], [ -46.60209, -23.40626 ], [ -46.60171, -23.40613 ], [ -46.60059, -23.40656 ], [ -46.5999, -23.40628 ], [ -46.59792, -23.40484 ], [ -46.59751, -23.40482 ], [ -46.59706, -23.40421 ], [ -46.59448, -23.40287 ], [ -46.59356, -23.40264 ], [ -46.59312, -23.40148 ], [ -46.59188, -23.40035 ], [ -46.5912, -23.39992 ], [ -46.58987, -23.40054 ], [ -46.58633, -23.40349 ], [ -46.58465, -23.40378 ], [ -46.58447, -23.40395 ], [ -46.58272, -23.40373 ], [ -46.58111, -23.40451 ], [ -46.58008, -23.40522 ], [ -46.57944, -23.40498 ], [ -46.57827, -23.40526 ], [ -46.57798, -23.40563 ], [ -46.57846, -23.40568 ], [ -46.5782, -23.40673 ], [ -46.57762, -23.4076 ], [ -46.57706, -23.40784 ], [ -46.57686, -23.40915 ], [ -46.57565, -23.40923 ], [ -46.57361, -23.40881 ], [ -46.57318, -23.40808 ], [ -46.57291, -23.408 ], [ -46.57191, -23.40864 ], [ -46.57126, -23.40881 ], [ -46.57057, -23.4092 ], [ -46.56932, -23.40948 ], [ -46.56853, -23.4098 ], [ -46.56892, -23.41055 ], [ -46.56817, -23.41078 ], [ -46.56806, -23.41145 ], [ -46.56767, -23.41161 ], [ -46.56677, -23.4132 ], [ -46.56655, -23.41327 ], [ -46.56684, -23.41355 ], [ -46.56685, -23.41413 ], [ -46.56651, -23.41398 ], [ -46.56595, -23.41445 ], [ -46.56611, -23.41509 ], [ -46.56679, -23.41537 ], [ -46.56673, -23.41576 ], [ -46.56685, -23.41635 ], [ -46.56544, -23.41795 ], [ -46.5663, -23.41898 ], [ -46.56643, -23.41945 ], [ -46.56601, -23.42001 ], [ -46.5668, -23.42193 ] ], [ [ -46.56592, -23.42465 ], [ -46.56616, -23.42487 ], [ -46.56629, -23.42525 ], [ -46.56589, -23.42601 ], [ -46.56569, -23.42617 ], [ -46.56562, -23.42698 ] ], [ [ -46.5668, -23.42193 ], [ -46.56676, -23.42258 ], [ -46.56657, -23.42276 ], [ -46.56657, -23.42352 ], [ -46.566, -23.4241 ], [ -46.56569, -23.42429 ], [ -46.56592, -23.42465 ] ] ] } },
{ "type": "Feature", "properties": { "name": "Serra da Pirucaia", "k": "ridge" }, "geometry": { "type": "LineString", "coordinates": [ [ -46.56453, -23.40245 ], [ -46.56238, -23.40082 ], [ -46.56007, -23.39969 ], [ -46.55627, -23.39748 ], [ -46.55339, -23.39431 ], [ -46.55182, -23.39191 ], [ -46.5491, -23.3896 ], [ -46.54682, -23.38673 ], [ -46.54502, -23.38415 ], [ -46.54483, -23.38105 ], [ -46.54564, -23.37733 ], [ -46.54517, -23.37603 ], [ -46.54373, -23.37485 ], [ -46.53914, -23.3715 ], [ -46.538, -23.36991 ], [ -46.53764, -23.36878 ], [ -46.53794, -23.36681 ], [ -46.53734, -23.36538 ], [ -46.53635, -23.36419 ], [ -46.5347, -23.36321 ], [ -46.53369, -23.3624 ], [ -46.53268, -23.36197 ], [ -46.53109, -23.36167 ], [ -46.52851, -23.35995 ], [ -46.52484, -23.35831 ], [ -46.52375, -23.3572 ], [ -46.52145, -23.35537 ], [ -46.5186, -23.35444 ], [ -46.51407, -23.3546 ], [ -46.51201, -23.35519 ], [ -46.50988, -23.35513 ], [ -46.50791, -23.35365 ], [ -46.50572, -23.35066 ] ] } },
{ "type": "Feature", "properties": { "name": "Serra do Bananal", "k": "ridge" }, "geometry": { "type": "LineString", "coordinates": [ [ -46.44479, -23.35799 ], [ -46.44518, -23.35872 ], [ -46.44662, -23.36333 ], [ -46.44888, -23.36496 ], [ -46.4503, -23.36583 ], [ -46.45191, -23.37046 ], [ -46.45443, -23.3725 ], [ -46.45613, -23.37456 ], [ -46.45814, -23.3752 ], [ -46.4591, -23.37676 ], [ -46.46405, -23.38056 ], [ -46.46872, -23.38231 ], [ -46.471, -23.38397 ], [ -46.47432, -23.3856 ], [ -46.47671, -23.38762 ], [ -46.47727, -23.38886 ], [ -46.48069, -23.39031 ], [ -46.48444, -23.38983 ], [ -46.48873, -23.38731 ], [ -46.49225, -23.38767 ], [ -46.49794, -23.39113 ], [ -46.50128, -23.3935 ], [ -46.50236, -23.39381 ], [ -46.50547, -23.39265 ], [ -46.50924, -23.39214 ], [ -46.51034, -23.39216 ] ] } },
{ "type": "Feature", "properties": { "name": "Rio Baquirivu-Guaçu", "k": "river" }, "geometry": { "type": "MultiLineString", "coordinates": [ [ [ -46.42331, -23.41934 ], [ -46.42362, -23.41911 ], [ -46.42493, -23.41717 ], [ -46.42665, -23.41504 ], [ -46.4273, -23.41465 ], [ -46.42826, -23.41437 ], [ -46.43148, -23.41398 ], [ -46.43265, -23.41423 ], [ -46.43825, -23.4163 ], [ -46.43962, -23.41608 ], [ -46.44, -23.41679 ], [ -46.44021, -23.41696 ], [ -46.44049, -23.41668 ], [ -46.44094, -23.41653 ], [ -46.44121, -23.41658 ], [ -46.44226, -23.41642 ], [ -46.44305, -23.41645 ], [ -46.44402, -23.41663 ], [ -46.44613, -23.41729 ], [ -46.4469, -23.41766 ], [ -46.44762, -23.41781 ], [ -46.44985, -23.41877 ], [ -46.45239, -23.42058 ], [ -46.45596, -23.42335 ], [ -46.45646, -23.42349 ], [ -46.4574, -23.4233 ], [ -46.45797, -23.42269 ], [ -46.45856, -23.4217 ], [ -46.45883, -23.42141 ], [ -46.45967, -23.42081 ], [ -46.46104, -23.42006 ], [ -46.46184, -23.42002 ], [ -46.46396, -23.42064 ], [ -46.46634, -23.42021 ], [ -46.46986, -23.41978 ], [ -46.47032, -23.41963 ], [ -46.47128, -23.4185 ], [ -46.47403, -23.41733 ], [ -46.47738, -23.41793 ], [ -46.48854, -23.42107 ], [ -46.4891, -23.42157 ], [ -46.49061, -23.42261 ], [ -46.49207, -23.42387 ], [ -46.49305, -23.42548 ], [ -46.49353, -23.4275 ], [ -46.49393, -23.43184 ], [ -46.49446, -23.43517 ], [ -46.49475, -23.43641 ], [ -46.49492, -23.43768 ], [ -46.49526, -23.43884 ], [ -46.49537, -23.43978 ], [ -46.49564, -23.4406 ], [ -46.49571, -23.44133 ], [ -46.4957, -23.44343 ], [ -46.49518, -23.44548 ], [ -46.49481, -23.44654 ], [ -46.49246, -23.45199 ], [ -46.49214, -23.4525 ], [ -46.49167, -23.453 ], [ -46.49136, -23.45366 ], [ -46.49096, -23.45558 ], [ -46.49095, -23.45603 ], [ -46.49113, -23.45669 ] ], [ [ -46.49113, -23.45669 ], [ -46.49158, -23.46005 ], [ -46.49042, -23.46277 ], [ -46.48966, -23.4635 ], [ -46.48817, -23.4646 ], [ -46.48789, -23.46499 ], [ -46.48786, -23.46519 ], [ -46.48795, -23.46602 ], [ -46.48783, -23.4667 ], [ -46.48788, -23.46773 ], [ -46.48737, -23.47053 ], [ -46.48714, -23.47306 ], [ -46.48743, -23.47646 ], [ -46.4879, -23.47757 ] ] ] } },
{ "type": "Feature", "properties": { "name": "Rio Cabuçu de Cima", "k": "river" }, "geometry": { "type": "MultiLineString", "coordinates": [ [ [ -46.54417, -23.408 ], [ -46.5446, -23.40906 ], [ -46.54554, -23.41083 ], [ -46.54596, -23.41109 ], [ -46.54627, -23.41108 ], [ -46.54646, -23.41118 ], [ -46.547, -23.41162 ], [ -46.54753, -23.41237 ], [ -46.54776, -23.41299 ], [ -46.54797, -23.41322 ] ], [ [ -46.54797, -23.41322 ], [ -46.54818, -23.41336 ] ], [ [ -46.54818, -23.41336 ], [ -46.54904, -23.41355 ], [ -46.54984, -23.41456 ], [ -46.55018, -23.41478 ], [ -46.55029, -23.41524 ], [ -46.55051, -23.41536 ], [ -46.55159, -23.4157 ], [ -46.55227, -23.41552 ], [ -46.55259, -23.41572 ], [ -46.55338, -23.41597 ], [ -46.55388, -23.41581 ], [ -46.55418, -23.41585 ], [ -46.55457, -23.41643 ], [ -46.55499, -23.41661 ], [ -46.55618, -23.41766 ], [ -46.55854, -23.41685 ], [ -46.55888, -23.41688 ], [ -46.55905, -23.417 ], [ -46.56018, -23.41845 ], [ -46.56026, -23.41875 ], [ -46.56018, -23.41952 ], [ -46.5607, -23.41984 ], [ -46.56097, -23.42059 ], [ -46.56148, -23.42087 ], [ -46.5619, -23.42132 ], [ -46.56203, -23.42173 ], [ -46.5619, -23.42287 ], [ -46.56237, -23.42362 ], [ -46.56309, -23.42328 ], [ -46.56419, -23.42338 ], [ -46.56477, -23.42329 ], [ -46.56495, -23.42338 ], [ -46.56458, -23.42477 ], [ -46.56548, -23.42516 ], [ -46.56519, -23.42578 ], [ -46.56518, -23.426 ], [ -46.56621, -23.4284 ], [ -46.56699, -23.42941 ], [ -46.56718, -23.43073 ], [ -46.56824, -23.43204 ], [ -46.56845, -23.43249 ], [ -46.5684, -23.4327 ], [ -46.5682, -23.43284 ], [ -46.56756, -23.43298 ], [ -46.5673, -23.43364 ], [ -46.56689, -23.43406 ], [ -46.56664, -23.43491 ], [ -46.56635, -23.43512 ], [ -46.56599, -23.43519 ], [ -46.56536, -23.43556 ], [ -46.56509, -23.43559 ], [ -46.56475, -23.43596 ], [ -46.56502, -23.43669 ], [ -46.56505, -23.43739 ], [ -46.56532, -23.43888 ], [ -46.56517, -23.43992 ], [ -46.56534, -23.44149 ], [ -46.56552, -23.44172 ], [ -46.5665, -23.44197 ], [ -46.56675, -23.44241 ], [ -46.567, -23.44384 ], [ -46.56677, -23.4451 ], [ -46.56696, -23.44565 ], [ -46.56704, -23.44652 ], [ -46.56719, -23.44684 ], [ -46.56799, -23.44779 ], [ -46.56869, -23.44949 ], [ -46.56863, -23.44994 ], [ -46.56831, -23.45034 ], [ -46.56829, -23.45065 ], [ -46.56849, -23.45155 ], [ -46.56862, -23.45183 ], [ -46.56952, -23.45291 ], [ -46.57035, -23.4536 ], [ -46.57047, -23.45426 ], [ -46.5703, -23.45591 ], [ -46.57041, -23.45638 ], [ -46.57072, -23.45687 ], [ -46.57075, -23.45716 ], [ -46.5706, -23.45771 ], [ -46.57056, -23.45845 ], [ -46.57007, -23.45979 ], [ -46.5693, -23.46071 ], [ -46.5689, -23.4622 ], [ -46.56811, -23.46379 ], [ -46.56786, -23.4646 ], [ -46.56663, -23.46567 ], [ -46.56624, -23.46654 ], [ -46.56569, -23.46741 ], [ -46.56552, -23.46845 ], [ -46.56477, -23.46933 ], [ -46.56424, -23.46971 ], [ -46.56334, -23.47063 ], [ -46.56189, -23.4725 ], [ -46.56166, -23.47295 ], [ -46.56165, -23.47344 ] ], [ [ -46.56165, -23.47344 ], [ -46.56172, -23.47424 ] ], [ [ -46.56172, -23.47424 ], [ -46.56165, -23.4747 ], [ -46.56111, -23.4755 ], [ -46.56077, -23.47685 ], [ -46.56082, -23.47794 ], [ -46.56131, -23.47902 ], [ -46.56134, -23.47926 ], [ -46.56102, -23.48153 ], [ -46.56131, -23.48232 ], [ -46.56124, -23.48334 ], [ -46.56148, -23.4844 ], [ -46.56146, -23.48517 ], [ -46.561, -23.48793 ], [ -46.56067, -23.48844 ], [ -46.56018, -23.48884 ], [ -46.56, -23.48923 ], [ -46.56, -23.49222 ], [ -46.56005, -23.4939 ], [ -46.56054, -23.49643 ], [ -46.56208, -23.49916 ], [ -46.56213, -23.49992 ], [ -46.56144, -23.50093 ], [ -46.56073, -23.50234 ], [ -46.55946, -23.50435 ], [ -46.55938, -23.50466 ], [ -46.55957, -23.50595 ], [ -46.5593, -23.50693 ], [ -46.558, -23.50813 ], [ -46.55615, -23.50951 ] ], [ [ -46.55615, -23.50951 ], [ -46.55587, -23.50977 ] ], [ [ -46.55587, -23.50977 ], [ -46.5556, -23.51003 ] ] ] } },
{ "type": "Feature", "properties": { "name": "Córrego Nova Paulista", "k": "river" }, "geometry": { "type": "LineString", "coordinates": [ [ -46.57025, -23.42886 ], [ -46.56993, -23.42873 ], [ -46.56905, -23.42868 ], [ -46.56827, -23.42906 ], [ -46.56705, -23.42989 ] ] } },
{ "type": "Feature", "properties": { "name": "Córrego Tietê", "k": "river" }, "geometry": { "type": "LineString", "coordinates": [ [ -46.54865, -23.48073 ], [ -46.54809, -23.48105 ], [ -46.54827, -23.48144 ] ] } },
{ "type": "Feature", "properties": { "name": "Rio Tietê", "k": "river" }, "geometry": { "type": "MultiLineString", "coordinates": [ [ [ -46.53774, -23.49738 ], [ -46.53886, -23.49798 ], [ -46.54069, -23.49942 ], [ -46.5412, -23.49998 ], [ -46.54152, -23.50064 ] ], [ [ -46.54152, -23.50064 ], [ -46.54169, -23.50131 ], [ -46.54193, -23.50177 ], [ -46.5433, -23.50348 ] ], [ [ -46.49983, -23.47701 ], [ -46.50241, -23.47707 ], [ -46.50841, -23.47833 ], [ -46.51084, -23.47866 ], [ -46.51153, -23.47886 ], [ -46.51296, -23.47982 ], [ -46.51709, -23.48135 ], [ -46.51859, -23.48204 ], [ -46.51925, -23.48285 ], [ -46.51958, -23.48351 ], [ -46.51991, -23.48392 ], [ -46.52034, -23.48411 ], [ -46.5219, -23.4842 ], [ -46.52245, -23.48439 ], [ -46.52308, -23.48487 ], [ -46.52499, -23.48742 ], [ -46.52747, -23.4905 ], [ -46.52831, -23.49113 ], [ -46.5292, -23.49152 ], [ -46.53017, -23.49175 ], [ -46.53298, -23.49279 ], [ -46.53365, -23.49318 ], [ -46.53396, -23.49349 ], [ -46.53439, -23.49444 ], [ -46.53502, -23.49522 ], [ -46.53668, -23.49665 ], [ -46.53774, -23.49738 ] ], [ [ -46.4879, -23.47757 ], [ -46.48835, -23.47765 ], [ -46.48898, -23.47753 ], [ -46.49353, -23.47595 ], [ -46.49399, -23.47594 ], [ -46.49838, -23.47693 ], [ -46.49983, -23.47701 ] ], [ [ -46.46934, -23.48106 ], [ -46.47159, -23.48009 ], [ -46.47479, -23.47836 ], [ -46.47568, -23.47806 ], [ -46.4794, -23.47756 ], [ -46.48233, -23.477 ], [ -46.48587, -23.47708 ], [ -46.4879, -23.47757 ] ], [ [ -46.47912, -23.48442 ], [ -46.47944, -23.48188 ], [ -46.47953, -23.48152 ], [ -46.47982, -23.48134 ], [ -46.48275, -23.4815 ], [ -46.48523, -23.48177 ], [ -46.48731, -23.48173 ], [ -46.48774, -23.48151 ], [ -46.48797, -23.48074 ], [ -46.48812, -23.48061 ], [ -46.48863, -23.4805 ], [ -46.48915, -23.48073 ], [ -46.48944, -23.48106 ], [ -46.48946, -23.4813 ], [ -46.48931, -23.48168 ], [ -46.48881, -23.48234 ], [ -46.48879, -23.48267 ], [ -46.48909, -23.48277 ], [ -46.48931, -23.48272 ], [ -46.49001, -23.48184 ] ], [ [ -46.47899, -23.48511 ], [ -46.47912, -23.48442 ] ], [ [ -46.47834, -23.48813 ], [ -46.47899, -23.48511 ] ], [ [ -46.4577, -23.48265 ], [ -46.45819, -23.48248 ], [ -46.45966, -23.48289 ], [ -46.46139, -23.48306 ], [ -46.4639, -23.48273 ], [ -46.46838, -23.48145 ], [ -46.46934, -23.48106 ] ], [ [ -46.4402, -23.47982 ], [ -46.44021, -23.47922 ], [ -46.44051, -23.47907 ], [ -46.44095, -23.47911 ], [ -46.44174, -23.47942 ], [ -46.44662, -23.48084 ], [ -46.44745, -23.48093 ], [ -46.45176, -23.48187 ], [ -46.45457, -23.48237 ], [ -46.45672, -23.4827 ], [ -46.45728, -23.48275 ], [ -46.4577, -23.48265 ] ], [ [ -46.43812, -23.47983 ], [ -46.43958, -23.4801 ], [ -46.44001, -23.47999 ], [ -46.4402, -23.47982 ] ], [ [ -46.40778, -23.47221 ], [ -46.40871, -23.47206 ], [ -46.41019, -23.47158 ], [ -46.41032, -23.47118 ], [ -46.41013, -23.4707 ], [ -46.41057, -23.47044 ], [ -46.41125, -23.47054 ], [ -46.41202, -23.47046 ], [ -46.41346, -23.47127 ], [ -46.41507, -23.47256 ], [ -46.41517, -23.47274 ], [ -46.4151, -23.47297 ], [ -46.41433, -23.47317 ], [ -46.41411, -23.47335 ], [ -46.41402, -23.4736 ], [ -46.41404, -23.47386 ], [ -46.41449, -23.47426 ], [ -46.41493, -23.47438 ], [ -46.41542, -23.47436 ], [ -46.41559, -23.4742 ], [ -46.41625, -23.47284 ], [ -46.41684, -23.47251 ], [ -46.41719, -23.47248 ], [ -46.41748, -23.47254 ], [ -46.41801, -23.47282 ], [ -46.4184, -23.47316 ], [ -46.41849, -23.47371 ], [ -46.41833, -23.47428 ], [ -46.41851, -23.47449 ], [ -46.41885, -23.47458 ], [ -46.41985, -23.47391 ], [ -46.42081, -23.47373 ], [ -46.42146, -23.47317 ], [ -46.42475, -23.47277 ], [ -46.42654, -23.47203 ], [ -46.4269, -23.47203 ], [ -46.42896, -23.47298 ], [ -46.42982, -23.47347 ], [ -46.42997, -23.47365 ], [ -46.43009, -23.47397 ], [ -46.4301, -23.47463 ], [ -46.42981, -23.47545 ], [ -46.42975, -23.47592 ], [ -46.42993, -23.47622 ], [ -46.4302, -23.47634 ], [ -46.43127, -23.47628 ], [ -46.43156, -23.47639 ], [ -46.43162, -23.47661 ], [ -46.43143, -23.47705 ], [ -46.43086, -23.47741 ], [ -46.43071, -23.47761 ], [ -46.43095, -23.47796 ], [ -46.43128, -23.47798 ], [ -46.4319, -23.4777 ], [ -46.43284, -23.47748 ], [ -46.43322, -23.47731 ], [ -46.43354, -23.47636 ], [ -46.43391, -23.47612 ], [ -46.43572, -23.47573 ], [ -46.43599, -23.47574 ], [ -46.4363, -23.47587 ], [ -46.43646, -23.47627 ], [ -46.43624, -23.47697 ], [ -46.43576, -23.47748 ], [ -46.43504, -23.4779 ], [ -46.43491, -23.47819 ], [ -46.43493, -23.47842 ], [ -46.43537, -23.47874 ], [ -46.43705, -23.47954 ], [ -46.43812, -23.47983 ] ], [ [ -46.5433, -23.50348 ], [ -46.54613, -23.50603 ], [ -46.54751, -23.5065 ], [ -46.54853, -23.50665 ], [ -46.54944, -23.50667 ], [ -46.55224, -23.5072 ], [ -46.55384, -23.508 ], [ -46.55445, -23.5085 ], [ -46.55537, -23.50957 ], [ -46.55611, -23.51133 ], [ -46.55653, -23.51351 ], [ -46.55645, -23.51551 ], [ -46.5557, -23.51886 ], [ -46.5558, -23.51995 ], [ -46.55628, -23.52116 ], [ -46.55674, -23.52193 ], [ -46.55791, -23.52282 ], [ -46.55895, -23.5233 ], [ -46.55992, -23.52349 ], [ -46.56313, -23.52346 ], [ -46.56461, -23.52354 ], [ -46.56527, -23.52372 ], [ -46.56836, -23.5255 ], [ -46.57038, -23.52622 ], [ -46.57198, -23.52644 ], [ -46.57517, -23.52621 ], [ -46.57644, -23.52628 ], [ -46.57828, -23.52667 ], [ -46.59094, -23.52985 ], [ -46.59261, -23.52983 ], [ -46.59472, -23.52936 ], [ -46.59566, -23.52875 ], [ -46.60131, -23.52416 ], [ -46.60252, -23.52336 ], [ -46.60306, -23.52313 ], [ -46.60435, -23.52284 ], [ -46.60508, -23.5228 ], [ -46.60576, -23.52284 ], [ -46.60856, -23.52335 ], [ -46.60918, -23.52339 ], [ -46.61053, -23.52327 ], [ -46.61265, -23.52248 ], [ -46.61554, -23.52009 ], [ -46.61664, -23.51948 ], [ -46.61755, -23.51909 ], [ -46.61828, -23.5189 ], [ -46.61974, -23.51885 ], [ -46.62049, -23.51893 ], [ -46.62264, -23.51944 ], [ -46.62356, -23.51949 ], [ -46.64277, -23.51826 ], [ -46.67679, -23.51406 ], [ -46.67798, -23.51378 ], [ -46.67902, -23.51334 ], [ -46.67966, -23.51299 ], [ -46.68195, -23.51124 ], [ -46.6828, -23.51074 ], [ -46.68496, -23.50987 ], [ -46.6947, -23.50799 ], [ -46.69624, -23.50788 ], [ -46.70655, -23.50877 ], [ -46.71742, -23.50812 ], [ -46.71842, -23.50823 ], [ -46.7193, -23.50853 ], [ -46.72051, -23.5094 ], [ -46.7232, -23.51287 ], [ -46.72372, -23.51328 ], [ -46.73139, -23.51735 ], [ -46.73315, -23.51779 ], [ -46.74248, -23.51749 ], [ -46.74377, -23.51771 ], [ -46.74447, -23.51807 ], [ -46.74566, -23.51874 ], [ -46.74635, -23.51943 ], [ -46.74733, -23.52109 ], [ -46.7486, -23.52383 ] ], [ [ -46.81573, -23.51399 ], [ -46.82903, -23.51386 ], [ -46.8302, -23.51363 ], [ -46.83216, -23.51274 ], [ -46.83311, -23.51199 ], [ -46.83531, -23.51104 ], [ -46.83624, -23.51083 ], [ -46.83848, -23.51063 ] ], [ [ -46.83848, -23.51063 ], [ -46.8499, -23.51053 ], [ -46.85303, -23.51038 ] ], [ [ -46.85303, -23.51038 ], [ -46.85381, -23.51015 ], [ -46.85561, -23.50937 ], [ -46.85718, -23.50808 ], [ -46.85988, -23.50531 ], [ -46.86014, -23.50445 ], [ -46.86046, -23.50179 ], [ -46.86098, -23.50101 ], [ -46.86166, -23.50008 ], [ -46.86425, -23.49874 ], [ -46.86527, -23.49788 ], [ -46.86572, -23.49726 ], [ -46.86616, -23.49587 ], [ -46.86625, -23.49268 ], [ -46.86674, -23.49134 ], [ -46.86813, -23.48975 ], [ -46.86904, -23.48913 ], [ -46.87118, -23.48816 ], [ -46.87232, -23.48737 ], [ -46.87305, -23.4867 ], [ -46.8744, -23.48503 ], [ -46.87651, -23.48148 ], [ -46.87751, -23.48036 ] ], [ [ -46.87751, -23.48036 ], [ -46.87823, -23.47952 ], [ -46.87865, -23.47883 ], [ -46.87917, -23.47717 ], [ -46.87921, -23.4763 ] ], [ [ -46.78695, -23.5215 ], [ -46.78815, -23.52146 ], [ -46.79283, -23.52232 ], [ -46.79381, -23.52238 ], [ -46.79545, -23.52235 ], [ -46.79813, -23.52177 ], [ -46.79933, -23.52108 ], [ -46.80071, -23.52002 ], [ -46.80373, -23.51628 ], [ -46.80532, -23.51489 ], [ -46.80641, -23.51428 ], [ -46.80746, -23.51402 ], [ -46.80822, -23.51396 ], [ -46.81038, -23.51413 ], [ -46.81383, -23.51408 ] ], [ [ -46.81383, -23.51408 ], [ -46.81573, -23.51399 ] ], [ [ -46.77541, -23.52248 ], [ -46.77658, -23.52281 ], [ -46.77762, -23.52291 ], [ -46.77895, -23.52289 ], [ -46.78695, -23.5215 ] ], [ [ -46.75426, -23.52536 ], [ -46.76744, -23.52119 ], [ -46.7684, -23.52111 ], [ -46.77014, -23.5212 ], [ -46.77204, -23.52188 ], [ -46.77375, -23.52224 ], [ -46.77541, -23.52248 ] ], [ [ -46.7486, -23.52383 ], [ -46.74893, -23.52435 ], [ -46.74938, -23.52473 ], [ -46.75049, -23.52531 ], [ -46.75102, -23.52545 ], [ -46.75272, -23.52551 ], [ -46.75426, -23.52536 ] ], [ [ -46.75007, -23.52631 ], [ -46.75068, -23.52617 ] ], [ [ -46.75068, -23.52617 ], [ -46.751, -23.5261 ] ], [ [ -46.7486, -23.52383 ], [ -46.74855, -23.52472 ], [ -46.74873, -23.52545 ], [ -46.74934, -23.52604 ], [ -46.75007, -23.52631 ] ], [ [ -46.751, -23.5261 ], [ -46.75272, -23.52551 ] ], [ [ -46.87921, -23.4763 ], [ -46.87846, -23.47351 ], [ -46.87844, -23.47278 ], [ -46.87863, -23.47198 ], [ -46.87905, -23.47093 ], [ -46.87953, -23.47028 ], [ -46.88028, -23.46965 ], [ -46.88239, -23.46865 ], [ -46.88451, -23.46799 ], [ -46.88948, -23.4669 ], [ -46.89357, -23.46575 ], [ -46.89457, -23.46573 ], [ -46.90017, -23.46609 ], [ -46.90119, -23.46605 ], [ -46.90185, -23.46587 ], [ -46.90297, -23.46504 ], [ -46.9035, -23.46444 ], [ -46.90372, -23.46382 ], [ -46.90356, -23.46263 ], [ -46.90373, -23.46164 ], [ -46.90452, -23.46031 ], [ -46.9061, -23.45818 ], [ -46.9097, -23.4544 ] ], [ [ -46.9097, -23.4544 ], [ -46.91055, -23.45342 ], [ -46.9108, -23.453 ], [ -46.91111, -23.45141 ], [ -46.91123, -23.44942 ] ], [ [ -46.95059, -23.40617 ], [ -46.95092, -23.40598 ], [ -46.95155, -23.40509 ], [ -46.95167, -23.40437 ], [ -46.95139, -23.40362 ], [ -46.95063, -23.40316 ], [ -46.94602, -23.40299 ], [ -46.94431, -23.40261 ], [ -46.94373, -23.40239 ], [ -46.94345, -23.4019 ], [ -46.94339, -23.40124 ], [ -46.94381, -23.40072 ], [ -46.94506, -23.40044 ], [ -46.94709, -23.39933 ], [ -46.94839, -23.39887 ], [ -46.94956, -23.39888 ], [ -46.95042, -23.39926 ], [ -46.95157, -23.39927 ], [ -46.95359, -23.399 ], [ -46.95506, -23.39863 ], [ -46.95591, -23.39806 ] ], [ [ -46.91123, -23.44942 ], [ -46.91136, -23.44816 ], [ -46.91109, -23.44553 ], [ -46.9108, -23.44469 ], [ -46.91042, -23.44405 ], [ -46.90978, -23.44333 ], [ -46.90939, -23.44266 ], [ -46.90905, -23.44148 ], [ -46.90907, -23.44077 ], [ -46.90931, -23.44019 ], [ -46.90935, -23.43946 ], [ -46.90904, -23.43832 ], [ -46.90885, -23.43708 ], [ -46.90888, -23.43623 ], [ -46.909, -23.43535 ], [ -46.90951, -23.43424 ], [ -46.90979, -23.43392 ], [ -46.91066, -23.43361 ], [ -46.91101, -23.43364 ], [ -46.91214, -23.43402 ], [ -46.91333, -23.43396 ], [ -46.91469, -23.4335 ], [ -46.91646, -23.43207 ], [ -46.91769, -23.43145 ], [ -46.91835, -23.43122 ], [ -46.91965, -23.43099 ], [ -46.92052, -23.43101 ], [ -46.92283, -23.43145 ], [ -46.9329, -23.43179 ], [ -46.93465, -23.43149 ], [ -46.93654, -23.43056 ], [ -46.9404, -23.42771 ], [ -46.94123, -23.42682 ], [ -46.94224, -23.4255 ], [ -46.94297, -23.42434 ], [ -46.94326, -23.42329 ], [ -46.94299, -23.42216 ], [ -46.94275, -23.42183 ], [ -46.94246, -23.42164 ], [ -46.94186, -23.4216 ], [ -46.93991, -23.42204 ], [ -46.93841, -23.42281 ], [ -46.93776, -23.42293 ], [ -46.93738, -23.42272 ], [ -46.93718, -23.42236 ], [ -46.93722, -23.42204 ], [ -46.93784, -23.42146 ], [ -46.93806, -23.4209 ], [ -46.93788, -23.42021 ], [ -46.93752, -23.42001 ], [ -46.93605, -23.41997 ], [ -46.93561, -23.41961 ], [ -46.93545, -23.41907 ], [ -46.93597, -23.4179 ], [ -46.93621, -23.41712 ], [ -46.93634, -23.41193 ], [ -46.93668, -23.40868 ], [ -46.93692, -23.40817 ], [ -46.93794, -23.40679 ], [ -46.93865, -23.40649 ], [ -46.93961, -23.40633 ], [ -46.94204, -23.40671 ], [ -46.94526, -23.40697 ], [ -46.94932, -23.40649 ], [ -46.95059, -23.40617 ] ], [ [ -46.95591, -23.39806 ], [ -46.95638, -23.3976 ], [ -46.95677, -23.39684 ], [ -46.95702, -23.39583 ], [ -46.95749, -23.39495 ], [ -46.95825, -23.39436 ], [ -46.95867, -23.39384 ], [ -46.95867, -23.39306 ], [ -46.95815, -23.39106 ], [ -46.95735, -23.38932 ], [ -46.95683, -23.38868 ], [ -46.95664, -23.3881 ], [ -46.9566, -23.38747 ], [ -46.95686, -23.38653 ], [ -46.95747, -23.38535 ], [ -46.95815, -23.38442 ], [ -46.96006, -23.38312 ], [ -46.96022, -23.38283 ], [ -46.96014, -23.38251 ], [ -46.9598, -23.38209 ], [ -46.95836, -23.38105 ], [ -46.95801, -23.3803 ], [ -46.95795, -23.37991 ], [ -46.95801, -23.37954 ], [ -46.95931, -23.3781 ], [ -46.95998, -23.37718 ], [ -46.96087, -23.37568 ], [ -46.96296, -23.37412 ], [ -46.96408, -23.37377 ], [ -46.96574, -23.37383 ], [ -46.96669, -23.37431 ], [ -46.9682, -23.37633 ], [ -46.9691, -23.37845 ], [ -46.97004, -23.38132 ], [ -46.97088, -23.38624 ], [ -46.97161, -23.38862 ], [ -46.97305, -23.38965 ], [ -46.97467, -23.391 ], [ -46.97653, -23.3918 ], [ -46.97831, -23.39128 ], [ -46.98009, -23.39056 ], [ -46.9809, -23.38989 ], [ -46.98128, -23.389 ], [ -46.98172, -23.38835 ], [ -46.98254, -23.3879 ], [ -46.98375, -23.38764 ], [ -46.98902, -23.38743 ], [ -46.99029, -23.38783 ], [ -46.9915, -23.38841 ], [ -46.9926, -23.38949 ], [ -46.99327, -23.39033 ], [ -46.99416, -23.39102 ], [ -46.99661, -23.39232 ], [ -46.99707, -23.39201 ], [ -46.99742, -23.39164 ], [ -46.99826, -23.39114 ], [ -46.99894, -23.39091 ], [ -47.00081, -23.39114 ], [ -47.00206, -23.39079 ], [ -47.00283, -23.39033 ], [ -47.00349, -23.39014 ], [ -47.00424, -23.3901 ], [ -47.00491, -23.39031 ], [ -47.00541, -23.39102 ], [ -47.00568, -23.39183 ], [ -47.00562, -23.39246 ], [ -47.00538, -23.39303 ], [ -47.00458, -23.39622 ], [ -47.00388, -23.3974 ], [ -47.00391, -23.39796 ], [ -47.0041, -23.39861 ], [ -47.00468, -23.39982 ], [ -47.00487, -23.40045 ], [ -47.00516, -23.40272 ], [ -47.00543, -23.40327 ], [ -47.00597, -23.40362 ], [ -47.00659, -23.40384 ], [ -47.00728, -23.40383 ], [ -47.00789, -23.40357 ], [ -47.00899, -23.40349 ], [ -47.00997, -23.40385 ], [ -47.01112, -23.40459 ], [ -47.01171, -23.40515 ], [ -47.01184, -23.40569 ], [ -47.01168, -23.40613 ], [ -47.01086, -23.40632 ], [ -47.01013, -23.40674 ], [ -47.00961, -23.40772 ], [ -47.00963, -23.4082 ], [ -47.00998, -23.40869 ], [ -47.01246, -23.41071 ], [ -47.01302, -23.41059 ], [ -47.01362, -23.40946 ], [ -47.01472, -23.40831 ], [ -47.01553, -23.40704 ], [ -47.01568, -23.40565 ], [ -47.01535, -23.40124 ], [ -47.01572, -23.40021 ], [ -47.0163, -23.39935 ], [ -47.01654, -23.39727 ], [ -47.01728, -23.39677 ], [ -47.01881, -23.39708 ], [ -47.01965, -23.39681 ], [ -47.02303, -23.39346 ], [ -47.02332, -23.39186 ], [ -47.02318, -23.38918 ], [ -47.02363, -23.38697 ], [ -47.02487, -23.38544 ], [ -47.02764, -23.38297 ], [ -47.02865, -23.38267 ], [ -47.0291, -23.38275 ], [ -47.02961, -23.38331 ], [ -47.03117, -23.38551 ], [ -47.0317, -23.38714 ], [ -47.03209, -23.3893 ], [ -47.03144, -23.39118 ], [ -47.03057, -23.39281 ], [ -47.02998, -23.39579 ], [ -47.02974, -23.39813 ], [ -47.03014, -23.39959 ], [ -47.03052, -23.4004 ], [ -47.03149, -23.40074 ], [ -47.0328, -23.4006 ], [ -47.03541, -23.39899 ], [ -47.03558, -23.3986 ] ], [ [ -46.17653, -23.5071 ], [ -46.17813, -23.50633 ], [ -46.17997, -23.50602 ], [ -46.18088, -23.50523 ], [ -46.1812, -23.50444 ], [ -46.18089, -23.50296 ], [ -46.18092, -23.50274 ], [ -46.18115, -23.50242 ], [ -46.18162, -23.50232 ], [ -46.18214, -23.50249 ], [ -46.18346, -23.50258 ], [ -46.18518, -23.50196 ], [ -46.18592, -23.50196 ], [ -46.18668, -23.5022 ], [ -46.18711, -23.5022 ], [ -46.18752, -23.50189 ], [ -46.18781, -23.50137 ], [ -46.18804, -23.50133 ], [ -46.18828, -23.50147 ], [ -46.18857, -23.50202 ], [ -46.18925, -23.50359 ], [ -46.18924, -23.50374 ], [ -46.18919, -23.50404 ], [ -46.18906, -23.50415 ], [ -46.18887, -23.50424 ], [ -46.1878, -23.50427 ], [ -46.18758, -23.50441 ], [ -46.18755, -23.50462 ], [ -46.18773, -23.5049 ], [ -46.18805, -23.5051 ], [ -46.18888, -23.50532 ], [ -46.18949, -23.50636 ], [ -46.18992, -23.50663 ], [ -46.19089, -23.50688 ], [ -46.19248, -23.50708 ], [ -46.19284, -23.50681 ], [ -46.19354, -23.50577 ], [ -46.19395, -23.50551 ], [ -46.19449, -23.50492 ], [ -46.19472, -23.50486 ], [ -46.19487, -23.50515 ], [ -46.1949, -23.50558 ], [ -46.19472, -23.50626 ], [ -46.19405, -23.50674 ], [ -46.1932, -23.50708 ], [ -46.19309, -23.50743 ], [ -46.19331, -23.50768 ], [ -46.19398, -23.50783 ], [ -46.1945, -23.50779 ], [ -46.19506, -23.5075 ], [ -46.19526, -23.50758 ], [ -46.19526, -23.50792 ], [ -46.1947, -23.5083 ], [ -46.19462, -23.50847 ], [ -46.19462, -23.50879 ], [ -46.19491, -23.50911 ], [ -46.19604, -23.50872 ], [ -46.19633, -23.50876 ], [ -46.19694, -23.50913 ], [ -46.19802, -23.50951 ], [ -46.19815, -23.50971 ], [ -46.19823, -23.51041 ], [ -46.19839, -23.5107 ], [ -46.19972, -23.51126 ], [ -46.2002, -23.512 ], [ -46.20027, -23.51259 ], [ -46.20004, -23.51377 ], [ -46.20007, -23.51405 ], [ -46.20035, -23.5145 ], [ -46.20074, -23.51459 ], [ -46.2014, -23.51448 ], [ -46.20182, -23.51488 ], [ -46.20214, -23.51494 ], [ -46.20249, -23.5148 ], [ -46.20327, -23.51405 ], [ -46.20389, -23.51392 ], [ -46.20427, -23.51406 ], [ -46.2046, -23.51488 ], [ -46.20426, -23.51564 ], [ -46.20449, -23.51641 ], [ -46.20434, -23.51661 ], [ -46.20359, -23.51649 ], [ -46.20327, -23.51668 ], [ -46.2032, -23.51685 ], [ -46.20325, -23.51719 ], [ -46.2035, -23.51745 ], [ -46.20519, -23.51714 ], [ -46.20595, -23.51677 ], [ -46.2064, -23.51621 ], [ -46.20719, -23.51476 ], [ -46.20749, -23.51445 ], [ -46.20792, -23.51435 ], [ -46.20942, -23.5146 ], [ -46.20972, -23.5149 ], [ -46.20976, -23.51525 ], [ -46.20929, -23.51612 ], [ -46.20936, -23.51641 ], [ -46.20954, -23.51663 ], [ -46.21018, -23.51688 ], [ -46.21099, -23.51693 ], [ -46.21119, -23.51687 ], [ -46.21242, -23.51603 ], [ -46.2132, -23.51645 ], [ -46.21352, -23.51678 ], [ -46.21371, -23.5174 ], [ -46.21449, -23.51766 ], [ -46.21475, -23.51789 ], [ -46.21467, -23.51911 ], [ -46.21477, -23.51957 ], [ -46.21511, -23.52004 ], [ -46.21545, -23.52008 ], [ -46.21672, -23.51979 ], [ -46.21828, -23.51985 ], [ -46.21885, -23.52001 ], [ -46.21984, -23.52053 ], [ -46.22086, -23.52078 ], [ -46.22121, -23.52116 ], [ -46.22124, -23.52157 ], [ -46.22084, -23.52227 ], [ -46.22087, -23.5225 ], [ -46.22114, -23.52292 ], [ -46.2218, -23.52328 ], [ -46.223, -23.5232 ], [ -46.22321, -23.52338 ], [ -46.22317, -23.52378 ], [ -46.22297, -23.52422 ], [ -46.22235, -23.52502 ], [ -46.22238, -23.52536 ], [ -46.22257, -23.52558 ], [ -46.22306, -23.52573 ], [ -46.22375, -23.52576 ], [ -46.22415, -23.52602 ], [ -46.22451, -23.52606 ], [ -46.22475, -23.52586 ], [ -46.22477, -23.52574 ], [ -46.22429, -23.52506 ], [ -46.22437, -23.52474 ], [ -46.22456, -23.52465 ], [ -46.22504, -23.52469 ], [ -46.22552, -23.52498 ], [ -46.2255, -23.52524 ], [ -46.22514, -23.52609 ], [ -46.22513, -23.52679 ], [ -46.22523, -23.52715 ], [ -46.22538, -23.52728 ], [ -46.22579, -23.52725 ], [ -46.2264, -23.52609 ], [ -46.22671, -23.52602 ], [ -46.22755, -23.52617 ], [ -46.22789, -23.52608 ], [ -46.22823, -23.52563 ], [ -46.22836, -23.52521 ] ], [ [ -46.22836, -23.52521 ], [ -46.22836, -23.52477 ], [ -46.2286, -23.52446 ], [ -46.22898, -23.52459 ], [ -46.2291, -23.5248 ], [ -46.22894, -23.52544 ], [ -46.22911, -23.52568 ], [ -46.22945, -23.5257 ], [ -46.23014, -23.5251 ], [ -46.23037, -23.52511 ], [ -46.23051, -23.5253 ], [ -46.23046, -23.52558 ], [ -46.23016, -23.5261 ], [ -46.23021, -23.52634 ], [ -46.23112, -23.52671 ], [ -46.23206, -23.52613 ], [ -46.23294, -23.52615 ], [ -46.2331, -23.52605 ], [ -46.23304, -23.5258 ], [ -46.23228, -23.52516 ], [ -46.23215, -23.52489 ], [ -46.2321, -23.52455 ], [ -46.23237, -23.52432 ], [ -46.23273, -23.52434 ], [ -46.2332, -23.5248 ], [ -46.23344, -23.52479 ], [ -46.23402, -23.52454 ], [ -46.23421, -23.52457 ], [ -46.23452, -23.52479 ], [ -46.23467, -23.52524 ], [ -46.23484, -23.5254 ], [ -46.23568, -23.52548 ], [ -46.2357, -23.5257 ], [ -46.2352, -23.52584 ], [ -46.23511, -23.52597 ], [ -46.23517, -23.52607 ], [ -46.23591, -23.52683 ], [ -46.23662, -23.52699 ], [ -46.23684, -23.52722 ], [ -46.23682, -23.52761 ], [ -46.23641, -23.52793 ], [ -46.2365, -23.5282 ], [ -46.23675, -23.52818 ], [ -46.23741, -23.52783 ], [ -46.23814, -23.52821 ], [ -46.23828, -23.52808 ], [ -46.23833, -23.52778 ], [ -46.23805, -23.5275 ], [ -46.23806, -23.52741 ], [ -46.23848, -23.52722 ], [ -46.23866, -23.5273 ], [ -46.23905, -23.52781 ], [ -46.23922, -23.52862 ], [ -46.23942, -23.52873 ], [ -46.23982, -23.52854 ], [ -46.24013, -23.52818 ], [ -46.24035, -23.52759 ], [ -46.24033, -23.52727 ], [ -46.24009, -23.52689 ], [ -46.23935, -23.52671 ], [ -46.23924, -23.5265 ], [ -46.23942, -23.52632 ], [ -46.23974, -23.52622 ], [ -46.24123, -23.52608 ], [ -46.24133, -23.52699 ], [ -46.24184, -23.52787 ], [ -46.2421, -23.52793 ], [ -46.24301, -23.52753 ], [ -46.2433, -23.52759 ], [ -46.24348, -23.52777 ], [ -46.24344, -23.52859 ], [ -46.24373, -23.52882 ], [ -46.24412, -23.52867 ], [ -46.24452, -23.52804 ], [ -46.24474, -23.52806 ], [ -46.24482, -23.52817 ], [ -46.2448, -23.52858 ], [ -46.24432, -23.52931 ], [ -46.24439, -23.52946 ], [ -46.24503, -23.52983 ], [ -46.24563, -23.5298 ], [ -46.24585, -23.52995 ], [ -46.2458, -23.53029 ], [ -46.24535, -23.53087 ], [ -46.24531, -23.53152 ], [ -46.24591, -23.5321 ], [ -46.24678, -23.5322 ], [ -46.24707, -23.53249 ], [ -46.24713, -23.53286 ], [ -46.24703, -23.53306 ], [ -46.24651, -23.53337 ], [ -46.24651, -23.53357 ], [ -46.24672, -23.5338 ], [ -46.24766, -23.53453 ], [ -46.2486, -23.535 ], [ -46.25155, -23.53593 ], [ -46.25308, -23.53621 ], [ -46.25358, -23.53606 ] ], [ [ -46.39247, -23.48078 ], [ -46.39478, -23.48239 ], [ -46.39674, -23.48437 ], [ -46.39717, -23.48443 ], [ -46.39763, -23.48427 ], [ -46.39901, -23.48294 ], [ -46.39922, -23.4829 ], [ -46.39981, -23.48321 ], [ -46.39995, -23.48334 ], [ -46.40034, -23.48448 ], [ -46.40091, -23.48574 ], [ -46.40092, -23.48632 ], [ -46.40078, -23.48673 ], [ -46.40097, -23.48699 ], [ -46.40147, -23.48707 ], [ -46.40168, -23.48698 ], [ -46.4019, -23.48675 ], [ -46.40195, -23.48644 ], [ -46.40215, -23.48633 ], [ -46.40225, -23.48602 ], [ -46.40299, -23.48558 ], [ -46.4032, -23.48517 ], [ -46.40352, -23.48494 ], [ -46.40382, -23.48503 ], [ -46.40421, -23.48568 ], [ -46.40472, -23.48607 ], [ -46.4057, -23.48608 ], [ -46.40626, -23.48561 ], [ -46.40646, -23.48509 ], [ -46.40657, -23.48409 ], [ -46.40652, -23.48343 ], [ -46.40617, -23.48248 ], [ -46.40617, -23.48167 ], [ -46.40605, -23.48145 ], [ -46.40581, -23.48132 ], [ -46.40532, -23.48131 ], [ -46.40446, -23.48145 ], [ -46.40403, -23.4812 ], [ -46.40394, -23.48087 ], [ -46.40404, -23.48066 ], [ -46.40543, -23.47952 ], [ -46.40566, -23.47907 ], [ -46.4053, -23.47872 ], [ -46.40453, -23.47855 ], [ -46.40435, -23.4783 ], [ -46.40444, -23.47811 ], [ -46.40529, -23.47734 ], [ -46.40538, -23.47692 ], [ -46.40529, -23.47639 ], [ -46.40546, -23.47627 ], [ -46.40574, -23.47619 ], [ -46.40607, -23.47651 ], [ -46.40624, -23.4773 ], [ -46.4066, -23.47773 ], [ -46.40682, -23.47774 ], [ -46.40725, -23.47755 ], [ -46.40808, -23.47693 ], [ -46.40831, -23.47639 ], [ -46.40819, -23.47588 ], [ -46.40808, -23.47579 ], [ -46.40681, -23.4756 ], [ -46.40682, -23.4754 ], [ -46.40715, -23.47504 ], [ -46.40772, -23.47493 ], [ -46.40858, -23.47499 ], [ -46.40926, -23.4752 ], [ -46.40966, -23.47521 ], [ -46.40991, -23.47513 ], [ -46.41009, -23.47483 ], [ -46.41011, -23.47462 ], [ -46.40973, -23.47413 ], [ -46.40811, -23.47339 ], [ -46.40781, -23.47314 ], [ -46.40758, -23.47269 ], [ -46.40778, -23.47221 ] ], [ [ -46.38195, -23.47205 ], [ -46.38303, -23.47265 ], [ -46.38359, -23.47341 ], [ -46.38407, -23.47371 ], [ -46.38434, -23.47416 ], [ -46.38427, -23.47438 ], [ -46.3841, -23.47448 ], [ -46.38338, -23.47459 ], [ -46.38317, -23.47478 ], [ -46.38322, -23.47509 ], [ -46.38365, -23.47553 ], [ -46.38412, -23.47561 ], [ -46.38462, -23.47557 ], [ -46.38525, -23.47533 ], [ -46.38606, -23.47445 ], [ -46.38643, -23.47448 ], [ -46.38668, -23.47465 ] ], [ [ -46.38668, -23.47465 ], [ -46.38676, -23.47507 ], [ -46.38639, -23.47551 ], [ -46.38637, -23.47571 ], [ -46.38649, -23.47593 ], [ -46.38697, -23.47632 ], [ -46.38705, -23.4771 ], [ -46.38694, -23.47783 ], [ -46.38638, -23.47919 ], [ -46.38636, -23.47967 ], [ -46.38683, -23.48026 ], [ -46.38786, -23.48197 ], [ -46.38841, -23.48231 ], [ -46.389, -23.48234 ], [ -46.38982, -23.48198 ], [ -46.39059, -23.48147 ], [ -46.39149, -23.48069 ], [ -46.392, -23.48062 ], [ -46.39247, -23.48078 ] ], [ [ -46.33073, -23.48809 ], [ -46.33034, -23.48635 ], [ -46.33022, -23.48508 ], [ -46.3293, -23.48307 ], [ -46.32926, -23.48279 ], [ -46.32979, -23.48234 ], [ -46.33071, -23.48187 ], [ -46.33272, -23.48015 ], [ -46.33399, -23.47948 ], [ -46.33466, -23.47896 ], [ -46.33515, -23.47896 ], [ -46.33571, -23.47966 ], [ -46.33658, -23.47926 ], [ -46.33792, -23.47927 ], [ -46.33821, -23.47948 ], [ -46.33823, -23.48006 ], [ -46.33837, -23.48024 ], [ -46.33915, -23.48023 ], [ -46.33999, -23.48048 ], [ -46.34054, -23.48054 ], [ -46.34121, -23.48039 ], [ -46.34249, -23.47986 ], [ -46.34471, -23.47849 ], [ -46.34516, -23.47837 ], [ -46.34589, -23.47851 ], [ -46.34739, -23.47824 ], [ -46.34822, -23.47797 ], [ -46.34942, -23.47725 ], [ -46.34961, -23.47694 ], [ -46.34954, -23.47672 ], [ -46.34771, -23.47533 ], [ -46.34704, -23.47447 ], [ -46.34697, -23.47409 ], [ -46.3471, -23.47358 ], [ -46.3473, -23.4734 ], [ -46.34815, -23.47336 ], [ -46.34843, -23.47326 ], [ -46.34888, -23.47298 ], [ -46.3492, -23.47256 ], [ -46.34943, -23.47168 ], [ -46.35018, -23.46996 ], [ -46.35025, -23.46946 ], [ -46.3502, -23.46779 ], [ -46.3503, -23.46741 ], [ -46.3509, -23.46681 ], [ -46.35159, -23.46684 ], [ -46.35226, -23.46721 ], [ -46.35444, -23.4694 ], [ -46.35621, -23.47017 ], [ -46.35656, -23.47052 ], [ -46.35723, -23.47175 ], [ -46.35869, -23.47243 ], [ -46.35882, -23.47263 ], [ -46.35882, -23.47295 ], [ -46.35862, -23.4732 ], [ -46.35758, -23.47381 ], [ -46.35728, -23.47407 ], [ -46.35719, -23.47428 ], [ -46.35727, -23.47494 ], [ -46.35753, -23.47565 ], [ -46.35804, -23.47609 ], [ -46.36065, -23.477 ], [ -46.36179, -23.47636 ], [ -46.36258, -23.47605 ], [ -46.36407, -23.47636 ], [ -46.36481, -23.4761 ], [ -46.36661, -23.47501 ], [ -46.36686, -23.47412 ], [ -46.36699, -23.47395 ], [ -46.36725, -23.4739 ], [ -46.36752, -23.47395 ], [ -46.36779, -23.47413 ], [ -46.36801, -23.47448 ], [ -46.36805, -23.4748 ], [ -46.36799, -23.47517 ], [ -46.36743, -23.47613 ], [ -46.36744, -23.47653 ], [ -46.36756, -23.47669 ], [ -46.36824, -23.47676 ], [ -46.36849, -23.47665 ], [ -46.36909, -23.47606 ], [ -46.36937, -23.47552 ], [ -46.36936, -23.47528 ], [ -46.36886, -23.47442 ], [ -46.36882, -23.47419 ], [ -46.3689, -23.47401 ], [ -46.36931, -23.47375 ], [ -46.36974, -23.47362 ], [ -46.37058, -23.47354 ], [ -46.37096, -23.47362 ], [ -46.37117, -23.47385 ], [ -46.37121, -23.47417 ], [ -46.37099, -23.47538 ], [ -46.37109, -23.47565 ], [ -46.37139, -23.47588 ], [ -46.37181, -23.47602 ], [ -46.37253, -23.476 ], [ -46.37309, -23.4758 ], [ -46.37333, -23.47562 ], [ -46.37345, -23.4754 ], [ -46.37336, -23.47496 ], [ -46.37319, -23.47471 ], [ -46.37236, -23.47424 ], [ -46.37216, -23.47392 ], [ -46.3722, -23.47369 ], [ -46.37242, -23.47345 ], [ -46.37327, -23.47301 ], [ -46.37339, -23.47277 ], [ -46.37313, -23.47184 ], [ -46.37335, -23.47146 ], [ -46.37411, -23.47121 ], [ -46.37446, -23.47125 ], [ -46.37463, -23.47141 ], [ -46.37472, -23.47179 ], [ -46.37433, -23.47278 ], [ -46.37432, -23.47317 ], [ -46.37478, -23.47328 ], [ -46.37611, -23.47327 ], [ -46.37654, -23.47321 ], [ -46.3768, -23.47306 ], [ -46.37683, -23.47279 ], [ -46.37652, -23.47219 ], [ -46.37592, -23.47184 ], [ -46.37582, -23.47145 ], [ -46.37611, -23.47122 ], [ -46.37654, -23.47114 ], [ -46.37724, -23.47123 ], [ -46.37763, -23.47184 ], [ -46.37755, -23.47245 ], [ -46.37725, -23.47299 ], [ -46.37727, -23.47342 ], [ -46.37742, -23.47354 ], [ -46.37767, -23.47357 ], [ -46.37826, -23.4733 ], [ -46.37842, -23.47303 ], [ -46.37841, -23.47246 ], [ -46.37795, -23.4715 ], [ -46.37705, -23.4703 ], [ -46.37699, -23.47009 ], [ -46.37721, -23.46974 ], [ -46.37857, -23.46975 ], [ -46.37901, -23.4697 ], [ -46.37972, -23.46938 ], [ -46.37998, -23.46939 ], [ -46.38016, -23.46959 ], [ -46.3801, -23.46977 ], [ -46.3796, -23.46998 ], [ -46.37926, -23.47036 ], [ -46.37924, -23.47086 ], [ -46.37935, -23.47106 ], [ -46.37952, -23.47121 ], [ -46.37989, -23.47129 ], [ -46.38098, -23.47101 ], [ -46.38149, -23.47189 ], [ -46.38195, -23.47205 ] ], [ [ -46.32984, -23.50564 ], [ -46.32994, -23.50444 ], [ -46.32965, -23.50398 ], [ -46.32965, -23.50365 ], [ -46.32949, -23.50321 ], [ -46.32966, -23.50303 ], [ -46.33017, -23.50283 ], [ -46.3305, -23.50225 ], [ -46.33049, -23.50182 ], [ -46.33018, -23.50128 ], [ -46.33013, -23.50082 ], [ -46.3303, -23.50028 ], [ -46.33057, -23.49996 ], [ -46.3309, -23.49997 ], [ -46.33128, -23.50024 ], [ -46.33143, -23.50092 ], [ -46.33181, -23.50121 ], [ -46.33214, -23.5012 ], [ -46.33233, -23.50108 ], [ -46.33267, -23.49969 ], [ -46.33314, -23.49944 ], [ -46.33347, -23.49952 ], [ -46.33364, -23.49978 ], [ -46.33353, -23.50088 ], [ -46.33378, -23.50141 ], [ -46.33412, -23.50142 ], [ -46.33426, -23.5013 ], [ -46.33433, -23.50107 ], [ -46.33427, -23.50045 ], [ -46.33442, -23.50026 ], [ -46.33479, -23.50043 ], [ -46.33508, -23.50098 ], [ -46.33525, -23.50103 ], [ -46.33604, -23.50094 ], [ -46.33612, -23.50075 ], [ -46.33595, -23.49921 ], [ -46.33569, -23.49893 ], [ -46.33461, -23.49824 ], [ -46.33433, -23.49783 ], [ -46.33426, -23.49753 ], [ -46.33432, -23.49716 ], [ -46.33502, -23.49669 ], [ -46.33563, -23.49575 ], [ -46.33566, -23.49554 ], [ -46.33532, -23.49523 ], [ -46.33427, -23.4953 ], [ -46.33393, -23.49513 ], [ -46.33387, -23.49479 ], [ -46.33401, -23.49452 ], [ -46.33464, -23.49384 ], [ -46.33457, -23.49359 ], [ -46.33415, -23.49334 ], [ -46.33385, -23.49329 ], [ -46.33369, -23.49337 ], [ -46.33319, -23.49416 ], [ -46.33303, -23.49421 ], [ -46.33275, -23.49418 ], [ -46.33238, -23.4939 ], [ -46.33241, -23.49343 ], [ -46.33308, -23.4924 ], [ -46.33316, -23.49214 ], [ -46.3331, -23.49171 ], [ -46.3323, -23.4911 ], [ -46.33176, -23.49004 ], [ -46.33126, -23.48942 ], [ -46.33073, -23.48809 ] ], [ [ -46.32797, -23.51042 ], [ -46.32859, -23.50831 ], [ -46.32876, -23.5081 ], [ -46.32934, -23.50794 ], [ -46.32942, -23.50776 ], [ -46.3293, -23.50704 ], [ -46.32945, -23.50689 ], [ -46.32986, -23.50681 ], [ -46.33008, -23.50657 ], [ -46.33012, -23.50627 ], [ -46.32984, -23.50564 ] ], [ [ -46.32465, -23.51221 ], [ -46.3244, -23.51191 ], [ -46.32455, -23.51163 ], [ -46.32514, -23.5114 ], [ -46.32602, -23.51131 ], [ -46.32643, -23.5109 ], [ -46.3264, -23.51051 ], [ -46.3257, -23.50997 ], [ -46.32569, -23.50971 ], [ -46.32583, -23.50956 ], [ -46.32639, -23.50943 ], [ -46.32681, -23.50963 ], [ -46.32716, -23.51069 ], [ -46.32735, -23.51083 ], [ -46.32767, -23.51081 ], [ -46.32787, -23.51069 ], [ -46.32797, -23.51042 ] ], [ [ -46.2977, -23.52181 ], [ -46.2986, -23.52143 ], [ -46.29964, -23.52078 ], [ -46.3001, -23.52002 ], [ -46.30061, -23.51875 ], [ -46.30083, -23.51852 ], [ -46.30194, -23.51799 ], [ -46.30306, -23.51766 ], [ -46.30315, -23.5174 ], [ -46.30284, -23.51653 ], [ -46.30271, -23.51507 ], [ -46.30284, -23.51474 ], [ -46.30331, -23.51448 ], [ -46.30409, -23.51427 ], [ -46.30471, -23.51441 ], [ -46.30494, -23.51492 ], [ -46.30486, -23.51577 ], [ -46.30501, -23.51608 ], [ -46.30529, -23.5163 ], [ -46.30595, -23.51641 ], [ -46.30642, -23.51661 ], [ -46.30688, -23.51716 ], [ -46.30707, -23.51756 ], [ -46.30723, -23.51831 ], [ -46.30753, -23.51863 ], [ -46.30785, -23.51872 ], [ -46.30838, -23.51854 ], [ -46.3088, -23.51812 ], [ -46.30884, -23.51755 ], [ -46.30862, -23.51654 ], [ -46.30873, -23.51628 ], [ -46.30912, -23.51589 ], [ -46.30972, -23.5156 ], [ -46.31048, -23.51551 ], [ -46.31082, -23.51568 ], [ -46.31134, -23.51636 ], [ -46.3118, -23.51642 ], [ -46.31198, -23.51633 ], [ -46.31201, -23.51585 ], [ -46.31166, -23.51515 ], [ -46.31138, -23.51491 ], [ -46.31062, -23.51457 ], [ -46.31033, -23.51421 ], [ -46.3103, -23.51396 ], [ -46.31057, -23.51335 ], [ -46.3121, -23.51227 ], [ -46.31263, -23.51236 ], [ -46.31273, -23.51246 ], [ -46.31281, -23.51281 ], [ -46.31256, -23.51343 ], [ -46.31245, -23.51411 ], [ -46.31216, -23.51471 ], [ -46.31228, -23.51494 ], [ -46.31257, -23.51505 ], [ -46.31311, -23.51495 ], [ -46.3135, -23.51478 ], [ -46.31406, -23.51422 ], [ -46.31432, -23.51411 ], [ -46.31482, -23.51423 ], [ -46.31543, -23.51475 ], [ -46.31584, -23.51466 ], [ -46.31602, -23.5144 ], [ -46.31591, -23.51324 ], [ -46.31618, -23.51253 ], [ -46.31635, -23.51233 ], [ -46.3166, -23.5122 ], [ -46.31727, -23.51236 ], [ -46.3177, -23.51197 ], [ -46.3185, -23.51224 ], [ -46.31874, -23.51199 ], [ -46.31879, -23.51084 ], [ -46.31866, -23.5106 ], [ -46.31838, -23.51048 ], [ -46.31748, -23.51059 ], [ -46.31724, -23.51037 ], [ -46.31748, -23.50921 ], [ -46.31762, -23.50911 ], [ -46.31859, -23.50897 ], [ -46.31883, -23.50918 ], [ -46.31909, -23.51013 ], [ -46.32007, -23.50991 ], [ -46.32055, -23.50999 ], [ -46.32182, -23.51084 ], [ -46.32218, -23.51093 ], [ -46.32284, -23.51091 ], [ -46.32317, -23.51106 ], [ -46.32334, -23.5113 ], [ -46.32332, -23.51144 ], [ -46.323, -23.5121 ], [ -46.32294, -23.51251 ], [ -46.32346, -23.51296 ], [ -46.32341, -23.51362 ], [ -46.32411, -23.51403 ], [ -46.32453, -23.51414 ], [ -46.32492, -23.51399 ], [ -46.32509, -23.51358 ], [ -46.32465, -23.51274 ], [ -46.3248, -23.51239 ], [ -46.32465, -23.51221 ] ], [ [ -46.26451, -23.53213 ], [ -46.26636, -23.53075 ], [ -46.26643, -23.52984 ], [ -46.2666, -23.52951 ], [ -46.2669, -23.52937 ], [ -46.26721, -23.52955 ], [ -46.26732, -23.52986 ], [ -46.26718, -23.53036 ], [ -46.26721, -23.53076 ], [ -46.26765, -23.531 ], [ -46.26867, -23.5309 ], [ -46.26897, -23.531 ], [ -46.26922, -23.53119 ], [ -46.26946, -23.53205 ], [ -46.26961, -23.53227 ], [ -46.26987, -23.53239 ], [ -46.27018, -23.53234 ], [ -46.27034, -23.53226 ], [ -46.27062, -23.53184 ], [ -46.2711, -23.53044 ], [ -46.27094, -23.53018 ], [ -46.27059, -23.53013 ], [ -46.27016, -23.5303 ], [ -46.26956, -23.53071 ], [ -46.26935, -23.53056 ], [ -46.26941, -23.53022 ], [ -46.2703, -23.52974 ], [ -46.2717, -23.52957 ], [ -46.27239, -23.52921 ], [ -46.27285, -23.52933 ], [ -46.2732, -23.52993 ], [ -46.27353, -23.53002 ], [ -46.27381, -23.52981 ], [ -46.27418, -23.52901 ], [ -46.27452, -23.52872 ], [ -46.27494, -23.5286 ], [ -46.2757, -23.52878 ], [ -46.27607, -23.5287 ], [ -46.27626, -23.5285 ], [ -46.27631, -23.52828 ], [ -46.27611, -23.52782 ], [ -46.27575, -23.5276 ], [ -46.27514, -23.52745 ], [ -46.27514, -23.52709 ], [ -46.2754, -23.52692 ], [ -46.27633, -23.5268 ], [ -46.27683, -23.52658 ], [ -46.27707, -23.52658 ], [ -46.27732, -23.52678 ], [ -46.27745, -23.52753 ], [ -46.27758, -23.52782 ], [ -46.2779, -23.52792 ], [ -46.27822, -23.52788 ], [ -46.27852, -23.5276 ], [ -46.27863, -23.52726 ], [ -46.27838, -23.52648 ], [ -46.27797, -23.5259 ], [ -46.27803, -23.52561 ], [ -46.27828, -23.52548 ], [ -46.27851, -23.52551 ], [ -46.27891, -23.52579 ], [ -46.27925, -23.52639 ], [ -46.27989, -23.52704 ], [ -46.2801, -23.52746 ], [ -46.28032, -23.52757 ], [ -46.28052, -23.52747 ], [ -46.28092, -23.52683 ], [ -46.28152, -23.52649 ], [ -46.28199, -23.5264 ], [ -46.28238, -23.5262 ], [ -46.28267, -23.52601 ], [ -46.28315, -23.52543 ], [ -46.2833, -23.52541 ], [ -46.28349, -23.52552 ], [ -46.2835, -23.52565 ], [ -46.2834, -23.52661 ], [ -46.28303, -23.52707 ], [ -46.28306, -23.52722 ], [ -46.28335, -23.52735 ], [ -46.28359, -23.52734 ], [ -46.2841, -23.52701 ], [ -46.28429, -23.52678 ], [ -46.28462, -23.52593 ], [ -46.28472, -23.52583 ], [ -46.28503, -23.52578 ], [ -46.28538, -23.52591 ], [ -46.28563, -23.52627 ], [ -46.2854, -23.52749 ], [ -46.2856, -23.52779 ], [ -46.28587, -23.52798 ], [ -46.28603, -23.52801 ], [ -46.2873, -23.52763 ], [ -46.28803, -23.52752 ], [ -46.28835, -23.52679 ], [ -46.28862, -23.52662 ], [ -46.28896, -23.52682 ], [ -46.28942, -23.52737 ], [ -46.2898, -23.52742 ], [ -46.29042, -23.5273 ], [ -46.29142, -23.52786 ], [ -46.29169, -23.52789 ], [ -46.29185, -23.5277 ], [ -46.29174, -23.52714 ], [ -46.29185, -23.52693 ], [ -46.29299, -23.52659 ], [ -46.29324, -23.52643 ], [ -46.2933, -23.52616 ], [ -46.29298, -23.52555 ], [ -46.29308, -23.52505 ], [ -46.294, -23.52435 ], [ -46.2947, -23.52362 ], [ -46.29479, -23.52312 ], [ -46.29464, -23.52261 ], [ -46.29483, -23.52221 ], [ -46.29511, -23.52201 ], [ -46.29534, -23.52197 ], [ -46.29623, -23.52218 ], [ -46.29703, -23.52179 ], [ -46.2977, -23.52181 ] ], [ [ -46.25358, -23.53606 ], [ -46.25403, -23.5357 ], [ -46.25424, -23.53525 ], [ -46.25408, -23.53493 ], [ -46.25349, -23.53441 ], [ -46.2534, -23.53413 ], [ -46.25348, -23.53401 ], [ -46.25385, -23.53394 ], [ -46.25453, -23.53441 ], [ -46.25502, -23.53441 ], [ -46.2553, -23.53417 ], [ -46.25529, -23.53399 ], [ -46.25502, -23.53365 ], [ -46.25381, -23.53342 ], [ -46.25337, -23.5332 ], [ -46.25276, -23.53247 ], [ -46.25271, -23.53226 ], [ -46.25285, -23.53188 ], [ -46.25316, -23.53166 ], [ -46.25389, -23.5318 ], [ -46.25435, -23.53255 ], [ -46.25457, -23.5327 ], [ -46.25491, -23.5325 ], [ -46.25494, -23.53239 ], [ -46.25474, -23.53171 ], [ -46.25481, -23.5315 ], [ -46.25528, -23.53148 ], [ -46.25588, -23.53175 ], [ -46.25617, -23.53204 ], [ -46.25576, -23.53269 ], [ -46.25583, -23.53283 ], [ -46.25601, -23.53283 ], [ -46.25649, -23.53266 ], [ -46.25659, -23.53251 ], [ -46.25633, -23.53175 ], [ -46.25626, -23.5312 ], [ -46.25632, -23.53086 ], [ -46.25676, -23.53058 ], [ -46.25713, -23.53061 ], [ -46.25722, -23.53122 ], [ -46.25753, -23.53174 ], [ -46.2578, -23.53201 ], [ -46.25809, -23.53211 ], [ -46.25855, -23.53208 ], [ -46.25928, -23.53168 ], [ -46.26001, -23.53086 ], [ -46.26077, -23.53085 ], [ -46.26218, -23.5302 ], [ -46.26278, -23.53029 ], [ -46.2638, -23.53067 ], [ -46.26412, -23.53109 ], [ -46.26412, -23.53191 ], [ -46.26434, -23.53212 ], [ -46.26451, -23.53213 ] ] ] } },
{ "type": "Feature", "properties": { "name": "Ilhota da Guapira", "k": "ridge" }, "geometry": { "type": "MultiLineString", "coordinates": [ [ [ -46.56609, -23.50654 ], [ -46.56811, -23.50712 ], [ -46.56907, -23.50868 ] ], [ [ -46.56229, -23.51024 ], [ -46.56547, -23.5073 ], [ -46.56609, -23.50654 ], [ -46.56873, -23.50557 ] ], [ [ -46.5613, -23.50465 ], [ -46.56602, -23.50568 ], [ -46.56609, -23.50654 ] ] ] } },
{ "type": "Feature", "properties": { "name": "Riacho Novo Mundo", "k": "river" }, "geometry": { "type": "MultiLineString", "coordinates": [ [ [ -46.57122, -23.51357 ], [ -46.57122, -23.51411 ] ], [ [ -46.57122, -23.51411 ], [ -46.5716, -23.52466 ] ], [ [ -46.57162, -23.52601 ], [ -46.57163, -23.5264 ] ], [ [ -46.5716, -23.52466 ], [ -46.57162, -23.52601 ] ] ] } },
{ "type": "Feature", "properties": { "name": "Córrego Biquinha", "k": "river" }, "geometry": { "type": "MultiLineString", "coordinates": [ [ [ -46.5743, -23.51666 ], [ -46.5727, -23.51699 ], [ -46.57156, -23.51798 ] ], [ [ -46.57156, -23.51798 ], [ -46.57135, -23.51812 ] ], [ [ -46.57469, -23.51655 ], [ -46.5743, -23.51666 ] ], [ [ -46.57722, -23.51454 ], [ -46.57469, -23.51655 ] ], [ [ -46.57808, -23.51383 ], [ -46.57722, -23.51454 ] ] ] } },
{ "type": "Feature", "properties": { "name": "Rio Aricanduva", "k": "river" }, "geometry": { "type": "MultiLineString", "coordinates": [ [ [ -46.55258, -23.53162 ], [ -46.5552, -23.5298 ] ], [ [ -46.5552, -23.5298 ], [ -46.55709, -23.52869 ], [ -46.55734, -23.52842 ], [ -46.55768, -23.52788 ], [ -46.55882, -23.52482 ] ], [ [ -46.55882, -23.52482 ], [ -46.55902, -23.52449 ] ], [ [ -46.55929, -23.52425 ], [ -46.56006, -23.52377 ] ], [ [ -46.55902, -23.52449 ], [ -46.55929, -23.52425 ] ], [ [ -46.56006, -23.52377 ], [ -46.56036, -23.52352 ] ], [ [ -46.5483, -23.53398 ], [ -46.54885, -23.53334 ], [ -46.54955, -23.53286 ], [ -46.55082, -23.5324 ], [ -46.55154, -23.53192 ], [ -46.55241, -23.53179 ], [ -46.55258, -23.53162 ] ], [ [ -46.54776, -23.53537 ], [ -46.5483, -23.53398 ] ], [ [ -46.5473, -23.5369 ], [ -46.54776, -23.53537 ] ], [ [ -46.54713, -23.53726 ], [ -46.5473, -23.5369 ] ], [ [ -46.546, -23.53818 ], [ -46.54675, -23.53775 ], [ -46.54713, -23.53726 ] ], [ [ -46.41799, -23.59274 ], [ -46.41848, -23.59238 ], [ -46.41935, -23.59232 ], [ -46.41967, -23.59206 ], [ -46.41988, -23.59209 ], [ -46.42019, -23.59194 ], [ -46.42048, -23.59227 ], [ -46.42144, -23.59269 ], [ -46.42192, -23.59303 ], [ -46.42248, -23.59304 ], [ -46.42306, -23.59325 ], [ -46.42387, -23.59319 ], [ -46.42412, -23.59329 ], [ -46.42501, -23.59328 ], [ -46.42544, -23.59348 ], [ -46.42624, -23.59339 ], [ -46.42909, -23.59463 ], [ -46.4299, -23.59477 ], [ -46.4302, -23.59458 ], [ -46.4305, -23.59459 ], [ -46.43073, -23.59447 ], [ -46.43062, -23.59423 ], [ -46.43069, -23.59398 ], [ -46.43085, -23.5939 ], [ -46.43151, -23.59405 ], [ -46.43168, -23.59454 ], [ -46.43214, -23.5944 ], [ -46.43254, -23.59409 ], [ -46.43297, -23.59406 ], [ -46.43323, -23.59363 ], [ -46.43365, -23.5937 ], [ -46.43379, -23.59382 ], [ -46.43493, -23.59394 ], [ -46.43528, -23.5939 ], [ -46.43554, -23.59378 ], [ -46.43603, -23.59322 ], [ -46.43635, -23.59306 ], [ -46.43665, -23.59309 ], [ -46.43709, -23.59358 ], [ -46.43812, -23.59345 ], [ -46.43864, -23.59312 ], [ -46.43882, -23.59285 ], [ -46.43923, -23.59257 ], [ -46.43922, -23.59231 ], [ -46.43958, -23.59172 ], [ -46.43978, -23.59165 ], [ -46.44034, -23.59191 ], [ -46.4405, -23.59174 ], [ -46.4406, -23.5913 ], [ -46.4417, -23.59143 ], [ -46.44268, -23.5917 ], [ -46.44277, -23.59188 ], [ -46.44268, -23.59231 ], [ -46.44275, -23.59276 ], [ -46.4428, -23.59295 ], [ -46.44296, -23.59303 ], [ -46.44404, -23.59277 ] ], [ [ -46.40506, -23.60557 ], [ -46.40607, -23.60464 ], [ -46.40677, -23.60452 ], [ -46.40704, -23.60418 ], [ -46.40755, -23.60418 ], [ -46.40818, -23.60359 ], [ -46.41004, -23.60306 ], [ -46.4105, -23.60278 ], [ -46.41249, -23.60239 ], [ -46.41249, -23.60225 ], [ -46.41294, -23.60179 ], [ -46.41313, -23.60139 ], [ -46.4136, -23.60099 ], [ -46.41396, -23.59979 ], [ -46.41436, -23.59911 ], [ -46.4147, -23.59875 ], [ -46.41507, -23.59734 ], [ -46.41627, -23.59495 ], [ -46.41799, -23.59274 ] ], [ [ -46.44471, -23.59269 ], [ -46.44506, -23.59271 ], [ -46.44563, -23.59298 ], [ -46.44653, -23.59318 ], [ -46.44753, -23.59307 ], [ -46.44835, -23.59313 ] ], [ [ -46.46385, -23.59495 ], [ -46.46415, -23.59481 ] ], [ [ -46.44835, -23.59313 ], [ -46.44916, -23.59341 ], [ -46.45027, -23.59324 ], [ -46.45237, -23.59339 ], [ -46.45344, -23.59381 ], [ -46.45471, -23.59394 ], [ -46.45491, -23.59405 ], [ -46.45504, -23.59434 ], [ -46.45543, -23.5945 ], [ -46.45593, -23.59417 ], [ -46.45619, -23.59423 ], [ -46.457, -23.59482 ], [ -46.45937, -23.59717 ], [ -46.45943, -23.5973 ], [ -46.4593, -23.59768 ], [ -46.45952, -23.59788 ], [ -46.4601, -23.5979 ], [ -46.46072, -23.59776 ], [ -46.46194, -23.59634 ], [ -46.46295, -23.59544 ], [ -46.46385, -23.59495 ] ], [ [ -46.46415, -23.59481 ], [ -46.46437, -23.59462 ], [ -46.46595, -23.59412 ], [ -46.46672, -23.5934 ], [ -46.46755, -23.59302 ], [ -46.47368, -23.59269 ], [ -46.47441, -23.59246 ], [ -46.47529, -23.59209 ], [ -46.47701, -23.5908 ], [ -46.4779, -23.59028 ], [ -46.47971, -23.58974 ], [ -46.48042, -23.5893 ], [ -46.48204, -23.58755 ], [ -46.48265, -23.58717 ], [ -46.4833, -23.58698 ], [ -46.48616, -23.58695 ], [ -46.48742, -23.58651 ], [ -46.48844, -23.5856 ], [ -46.49279, -23.58011 ], [ -46.49374, -23.57933 ], [ -46.49491, -23.57886 ], [ -46.49777, -23.57873 ], [ -46.49948, -23.57823 ], [ -46.50111, -23.5772 ], [ -46.50243, -23.57584 ], [ -46.50339, -23.57456 ], [ -46.5041, -23.57315 ], [ -46.50425, -23.57223 ], [ -46.50419, -23.57007 ], [ -46.50461, -23.56885 ], [ -46.50531, -23.56802 ], [ -46.5059, -23.56762 ], [ -46.50704, -23.56641 ], [ -46.508, -23.56443 ], [ -46.50848, -23.56387 ], [ -46.50913, -23.56317 ], [ -46.51138, -23.56153 ], [ -46.51552, -23.55729 ], [ -46.51631, -23.55645 ], [ -46.51853, -23.55337 ], [ -46.51902, -23.55294 ], [ -46.52382, -23.55022 ], [ -46.52432, -23.54985 ], [ -46.52567, -23.5481 ], [ -46.52716, -23.54708 ], [ -46.52934, -23.54488 ], [ -46.52981, -23.54451 ], [ -46.53338, -23.54286 ], [ -46.5355, -23.54142 ], [ -46.5361, -23.54122 ], [ -46.53683, -23.54113 ], [ -46.53902, -23.54115 ], [ -46.53969, -23.54096 ], [ -46.54465, -23.539 ] ], [ [ -46.54465, -23.539 ], [ -46.546, -23.53818 ] ], [ [ -46.39839, -23.61159 ], [ -46.3985, -23.61154 ] ], [ [ -46.39759, -23.61528 ], [ -46.39719, -23.61448 ], [ -46.39713, -23.61394 ], [ -46.39749, -23.61322 ], [ -46.39773, -23.61236 ], [ -46.39819, -23.61172 ], [ -46.39839, -23.61159 ] ], [ [ -46.4005, -23.61544 ], [ -46.39901, -23.61519 ], [ -46.39759, -23.61528 ] ], [ [ -46.3985, -23.61154 ], [ -46.39878, -23.61127 ], [ -46.39895, -23.61095 ], [ -46.39918, -23.6109 ], [ -46.39941, -23.61064 ], [ -46.39983, -23.61046 ], [ -46.40013, -23.60997 ], [ -46.40087, -23.60957 ], [ -46.40097, -23.60939 ], [ -46.40163, -23.60901 ], [ -46.40216, -23.60841 ], [ -46.40242, -23.60829 ], [ -46.40255, -23.60808 ], [ -46.40289, -23.60797 ], [ -46.40396, -23.60708 ], [ -46.4042, -23.60693 ], [ -46.40435, -23.60694 ], [ -46.40463, -23.60655 ], [ -46.40451, -23.60628 ], [ -46.40472, -23.60612 ], [ -46.40494, -23.6056 ] ], [ [ -46.40494, -23.6056 ], [ -46.40506, -23.60557 ] ] ] } },
{ "type": "Feature", "properties": { "name": "Colina da Cangaíba", "k": "ridge" }, "geometry": { "type": "LineString", "coordinates": [ [ -46.54851, -23.51083 ], [ -46.54646, -23.51249 ], [ -46.54547, -23.51253 ], [ -46.54388, -23.51142 ], [ -46.54178, -23.51087 ], [ -46.53989, -23.51064 ], [ -46.53873, -23.50875 ], [ -46.53628, -23.50812 ], [ -46.53457, -23.50831 ], [ -46.53319, -23.50701 ], [ -46.53101, -23.50635 ], [ -46.53006, -23.50627 ], [ -46.52907, -23.50643 ], [ -46.5277, -23.50611 ], [ -46.52598, -23.50662 ], [ -46.52478, -23.50733 ], [ -46.52427, -23.50698 ], [ -46.52371, -23.50599 ], [ -46.52281, -23.50615 ], [ -46.52045, -23.50521 ], [ -46.51933, -23.50528 ], [ -46.5168, -23.50572 ], [ -46.51573, -23.50544 ], [ -46.51521, -23.5041 ], [ -46.51332, -23.50489 ], [ -46.51148, -23.50489 ], [ -46.50869, -23.50513 ], [ -46.50757, -23.50454 ], [ -46.50461, -23.50367 ], [ -46.50225, -23.50351 ], [ -46.50139, -23.50221 ], [ -46.50024, -23.50237 ], [ -46.4989, -23.50363 ], [ -46.4971, -23.50328 ], [ -46.49474, -23.50308 ], [ -46.49169, -23.50044 ], [ -46.48959, -23.50099 ], [ -46.48689, -23.50426 ], [ -46.48448, -23.50509 ], [ -46.48127, -23.50765 ], [ -46.47972, -23.5091 ], [ -46.47792, -23.50981 ] ] } },
{ "type": "Feature", "properties": { "name": "Rio Jacú", "k": "river" }, "geometry": { "type": "MultiLineString", "coordinates": [ [ [ -46.45746, -23.5058 ], [ -46.45819, -23.50553 ], [ -46.45841, -23.50504 ], [ -46.45918, -23.50139 ], [ -46.45917, -23.50104 ], [ -46.459, -23.50044 ], [ -46.45857, -23.49992 ], [ -46.45691, -23.49851 ] ], [ [ -46.45691, -23.49851 ], [ -46.45676, -23.49834 ] ], [ [ -46.45676, -23.49834 ], [ -46.45661, -23.49812 ], [ -46.45535, -23.49442 ], [ -46.45509, -23.49399 ], [ -46.45349, -23.49237 ], [ -46.45351, -23.49205 ] ], [ [ -46.45351, -23.49205 ], [ -46.45357, -23.49176 ] ], [ [ -46.45357, -23.49176 ], [ -46.4536, -23.49163 ] ], [ [ -46.4536, -23.49163 ], [ -46.45362, -23.49151 ] ], [ [ -46.45362, -23.49151 ], [ -46.45389, -23.49019 ], [ -46.45559, -23.48597 ], [ -46.45658, -23.48397 ], [ -46.4577, -23.48265 ] ] ] } },
{ "type": "Feature", "properties": { "name": "Ribeirão Água Vermelha", "k": "river" }, "geometry": { "type": "MultiLineString", "coordinates": [ [ [ -46.41865, -23.47763 ], [ -46.41789, -23.47713 ], [ -46.41776, -23.47674 ], [ -46.41807, -23.47459 ], [ -46.41831, -23.47427 ] ], [ [ -46.41803, -23.49416 ], [ -46.41835, -23.49392 ], [ -46.41882, -23.49381 ], [ -46.41897, -23.49265 ], [ -46.41949, -23.49216 ], [ -46.42, -23.47854 ], [ -46.41865, -23.47763 ] ], [ [ -46.41626, -23.5238 ], [ -46.41617, -23.52305 ], [ -46.41562, -23.5215 ], [ -46.41564, -23.51961 ], [ -46.41619, -23.51843 ], [ -46.41773, -23.51633 ], [ -46.41786, -23.51558 ], [ -46.4178, -23.51505 ], [ -46.41804, -23.51466 ], [ -46.41808, -23.51438 ], [ -46.41823, -23.51197 ], [ -46.41717, -23.50833 ], [ -46.41711, -23.50801 ], [ -46.41719, -23.50653 ], [ -46.41701, -23.5059 ], [ -46.41716, -23.50562 ], [ -46.41711, -23.50384 ], [ -46.41745, -23.50283 ], [ -46.41747, -23.50238 ], [ -46.41746, -23.5019 ], [ -46.41718, -23.5008 ], [ -46.417, -23.49872 ], [ -46.41784, -23.49651 ], [ -46.41803, -23.49416 ] ] ] } },
{ "type": "Feature", "properties": { "name": "Rio Itaquera", "k": "river" }, "geometry": { "type": "MultiLineString", "coordinates": [ [ [ -46.42587, -23.53501 ], [ -46.42726, -23.5332 ], [ -46.42743, -23.53314 ], [ -46.42755, -23.53284 ], [ -46.42886, -23.53109 ], [ -46.42903, -23.53057 ], [ -46.42904, -23.53016 ], [ -46.42889, -23.52974 ], [ -46.42885, -23.52888 ], [ -46.42935, -23.52784 ], [ -46.42914, -23.52746 ], [ -46.42917, -23.52684 ], [ -46.42951, -23.52617 ], [ -46.42985, -23.52588 ], [ -46.43042, -23.52571 ], [ -46.4306, -23.52558 ], [ -46.43072, -23.52531 ], [ -46.43061, -23.52442 ], [ -46.43064, -23.52363 ], [ -46.43085, -23.52219 ], [ -46.43051, -23.52132 ], [ -46.43065, -23.52077 ], [ -46.43021, -23.5194 ], [ -46.43054, -23.51898 ], [ -46.4306, -23.51835 ], [ -46.43023, -23.51794 ], [ -46.42986, -23.51731 ], [ -46.42977, -23.51675 ], [ -46.42981, -23.51655 ], [ -46.43016, -23.51609 ], [ -46.43028, -23.5157 ], [ -46.43032, -23.51436 ], [ -46.43046, -23.51369 ], [ -46.4312, -23.51272 ], [ -46.4312, -23.51221 ], [ -46.43193, -23.5109 ], [ -46.43234, -23.50989 ], [ -46.43228, -23.50902 ], [ -46.43091, -23.50668 ], [ -46.42961, -23.50485 ], [ -46.42835, -23.50162 ], [ -46.42812, -23.5008 ], [ -46.42807, -23.49997 ], [ -46.42812, -23.49852 ], [ -46.42839, -23.49708 ], [ -46.42915, -23.4951 ], [ -46.42938, -23.49488 ], [ -46.42961, -23.49384 ], [ -46.43002, -23.49337 ], [ -46.4306, -23.49305 ], [ -46.43314, -23.49236 ], [ -46.43521, -23.49218 ], [ -46.43551, -23.49202 ], [ -46.43582, -23.49158 ], [ -46.4361, -23.49015 ], [ -46.43607, -23.4897 ], [ -46.43517, -23.48806 ], [ -46.43547, -23.48568 ], [ -46.43694, -23.48386 ], [ -46.43738, -23.48347 ], [ -46.43852, -23.483 ], [ -46.43917, -23.48296 ], [ -46.44044, -23.4823 ], [ -46.44067, -23.48204 ], [ -46.44118, -23.48178 ], [ -46.44135, -23.48138 ], [ -46.44087, -23.48103 ], [ -46.44038, -23.48092 ], [ -46.4402, -23.47982 ] ], [ [ -46.42204, -23.53906 ], [ -46.4226, -23.53782 ], [ -46.42381, -23.53645 ], [ -46.42406, -23.53631 ], [ -46.42506, -23.53624 ], [ -46.42545, -23.53548 ], [ -46.42572, -23.53515 ] ], [ [ -46.41455, -23.56364 ], [ -46.4158, -23.56293 ], [ -46.41621, -23.5628 ], [ -46.41788, -23.56296 ], [ -46.41826, -23.56275 ], [ -46.41837, -23.56236 ], [ -46.41924, -23.56084 ], [ -46.4196, -23.55972 ], [ -46.41965, -23.55907 ], [ -46.4192, -23.55844 ], [ -46.4194, -23.55742 ], [ -46.41952, -23.55722 ], [ -46.41991, -23.55707 ], [ -46.42034, -23.55643 ], [ -46.42065, -23.55631 ], [ -46.42076, -23.55614 ] ] ] } },
{ "type": "Feature", "properties": { "name": "Córrego da Gamelinha", "k": "river" }, "geometry": { "type": "MultiLineString", "coordinates": [ [ [ -46.49235, -23.55251 ], [ -46.49238, -23.55244 ] ], [ [ -46.49206, -23.55339 ], [ -46.49212, -23.55295 ], [ -46.49235, -23.55251 ] ], [ [ -46.49238, -23.55244 ], [ -46.4928, -23.55196 ], [ -46.49483, -23.55112 ], [ -46.49618, -23.55011 ] ] ] } },
{ "type": "Feature", "properties": { "name": "Rio Verde", "k": "river" }, "geometry": { "type": "LineString", "coordinates": [ [ -46.4631, -23.55084 ], [ -46.46299, -23.55099 ], [ -46.46315, -23.55134 ], [ -46.46372, -23.55189 ], [ -46.46367, -23.55236 ], [ -46.46392, -23.55283 ], [ -46.46451, -23.55348 ], [ -46.46455, -23.55455 ], [ -46.46515, -23.55522 ], [ -46.46558, -23.55523 ], [ -46.46585, -23.55543 ], [ -46.46622, -23.55661 ], [ -46.46623, -23.55701 ], [ -46.46641, -23.55761 ], [ -46.46611, -23.55799 ], [ -46.46595, -23.55841 ], [ -46.46617, -23.55869 ], [ -46.46624, -23.55897 ], [ -46.46617, -23.55942 ], [ -46.46624, -23.55953 ], [ -46.46666, -23.55952 ], [ -46.467, -23.55986 ], [ -46.46697, -23.56037 ], [ -46.4671, -23.56095 ], [ -46.46693, -23.56214 ], [ -46.46719, -23.56236 ], [ -46.46728, -23.56275 ], [ -46.46722, -23.56316 ], [ -46.4675, -23.56377 ], [ -46.46762, -23.56465 ], [ -46.46808, -23.56502 ], [ -46.46841, -23.56497 ] ] } },
{ "type": "Feature", "properties": { "name": "Ribeirão Itaquera Mirim", "k": "river" }, "geometry": { "type": "MultiLineString", "coordinates": [ [ [ -46.41759, -23.54069 ], [ -46.42047, -23.54006 ], [ -46.42171, -23.53943 ], [ -46.42204, -23.53906 ] ], [ [ -46.41109, -23.54223 ], [ -46.41289, -23.54206 ], [ -46.41312, -23.54219 ], [ -46.41463, -23.54209 ], [ -46.41611, -23.54153 ], [ -46.41696, -23.54084 ], [ -46.41745, -23.54073 ] ], [ [ -46.3931, -23.55256 ], [ -46.39324, -23.55217 ], [ -46.39487, -23.55124 ] ], [ [ -46.39263, -23.55406 ], [ -46.39296, -23.55364 ], [ -46.39303, -23.55336 ], [ -46.39327, -23.55314 ], [ -46.3931, -23.55256 ] ], [ [ -46.39487, -23.55124 ], [ -46.39518, -23.55078 ] ], [ [ -46.39518, -23.55078 ], [ -46.39701, -23.54836 ], [ -46.3972, -23.54791 ], [ -46.39718, -23.54767 ], [ -46.39731, -23.5475 ], [ -46.39825, -23.54721 ], [ -46.39885, -23.54722 ], [ -46.39962, -23.54688 ], [ -46.40034, -23.54615 ], [ -46.40185, -23.54543 ], [ -46.40235, -23.54529 ], [ -46.40332, -23.54461 ], [ -46.40564, -23.54408 ], [ -46.40739, -23.54347 ], [ -46.40813, -23.5433 ], [ -46.40876, -23.54327 ], [ -46.40899, -23.54301 ], [ -46.4098, -23.54272 ] ], [ [ -46.4098, -23.54272 ], [ -46.41109, -23.54223 ] ] ] } },
{ "type": "Feature", "properties": { "name": "Ribeirão Itaquera", "k": "river" }, "geometry": { "type": "MultiLineString", "coordinates": [ [ [ -46.40902, -23.58249 ], [ -46.40923, -23.58107 ], [ -46.40989, -23.5803 ], [ -46.41037, -23.58005 ], [ -46.4109, -23.57959 ], [ -46.41109, -23.57932 ], [ -46.41143, -23.57841 ], [ -46.41123, -23.57777 ], [ -46.41149, -23.57768 ], [ -46.41151, -23.57752 ], [ -46.41117, -23.57712 ], [ -46.41112, -23.57686 ], [ -46.41047, -23.57557 ], [ -46.41052, -23.5754 ], [ -46.41077, -23.57532 ], [ -46.41092, -23.57475 ], [ -46.41188, -23.57396 ], [ -46.41253, -23.57374 ], [ -46.41336, -23.5737 ], [ -46.41491, -23.57323 ], [ -46.4152, -23.57297 ], [ -46.41517, -23.57285 ], [ -46.41449, -23.5726 ], [ -46.41433, -23.57243 ], [ -46.41437, -23.57228 ], [ -46.41527, -23.57155 ], [ -46.41534, -23.57136 ], [ -46.41483, -23.57087 ], [ -46.41441, -23.57005 ], [ -46.41433, -23.56966 ], [ -46.41445, -23.56951 ], [ -46.41522, -23.56949 ], [ -46.41535, -23.56933 ], [ -46.41512, -23.56849 ], [ -46.41437, -23.56822 ], [ -46.4142, -23.56804 ], [ -46.41416, -23.56785 ], [ -46.41434, -23.56735 ], [ -46.41472, -23.5668 ], [ -46.41456, -23.56604 ], [ -46.41477, -23.5654 ], [ -46.41443, -23.56495 ], [ -46.41431, -23.56444 ], [ -46.41455, -23.56364 ] ], [ [ -46.39095, -23.59652 ], [ -46.39173, -23.59584 ], [ -46.39176, -23.59544 ], [ -46.39207, -23.59492 ], [ -46.39226, -23.59486 ], [ -46.39218, -23.59388 ], [ -46.39173, -23.59381 ], [ -46.39198, -23.59334 ], [ -46.39241, -23.5929 ], [ -46.39326, -23.59089 ], [ -46.3938, -23.59006 ], [ -46.39406, -23.58921 ], [ -46.3946, -23.58827 ], [ -46.39487, -23.58787 ], [ -46.39634, -23.58709 ], [ -46.39676, -23.58666 ], [ -46.39697, -23.58626 ], [ -46.39768, -23.58591 ], [ -46.39818, -23.58503 ], [ -46.39852, -23.58469 ], [ -46.39953, -23.58405 ], [ -46.39999, -23.58405 ], [ -46.40067, -23.58376 ], [ -46.40116, -23.58386 ], [ -46.40158, -23.58372 ], [ -46.40197, -23.5837 ], [ -46.40213, -23.5838 ], [ -46.40286, -23.58365 ], [ -46.40309, -23.58376 ], [ -46.40349, -23.58371 ], [ -46.40504, -23.58386 ], [ -46.40627, -23.58376 ] ], [ [ -46.40883, -23.5832 ], [ -46.40902, -23.58249 ] ], [ [ -46.40627, -23.58376 ], [ -46.40715, -23.58377 ], [ -46.40883, -23.5832 ] ] ] } },
{ "type": "Feature", "properties": { "name": "Itaquera", "k": "ridge" }, "geometry": { "type": "MultiLineString", "coordinates": [ [ [ -46.4732, -23.57705 ], [ -46.46779, -23.57783 ], [ -46.46642, -23.58004 ], [ -46.46217, -23.58169 ], [ -46.46002, -23.58027 ], [ -46.45921, -23.57882 ], [ -46.45813, -23.57976 ], [ -46.45719, -23.57964 ], [ -46.45504, -23.58157 ], [ -46.45277, -23.58232 ], [ -46.4517, -23.58401 ], [ -46.44882, -23.58397 ], [ -46.44839, -23.58601 ], [ -46.44839, -23.5868 ], [ -46.44668, -23.58751 ], [ -46.44324, -23.58546 ], [ -46.43891, -23.58448 ], [ -46.43672, -23.58472 ], [ -46.43479, -23.58676 ], [ -46.4338, -23.58692 ], [ -46.43273, -23.5855 ], [ -46.43088, -23.58542 ], [ -46.42951, -23.5857 ], [ -46.42869, -23.58822 ], [ -46.42852, -23.59069 ], [ -46.42668, -23.59018 ], [ -46.4256, -23.59187 ], [ -46.42342, -23.59148 ], [ -46.42054, -23.58936 ], [ -46.41839, -23.58983 ] ], [ [ -46.43178, -23.58546 ], [ -46.42981, -23.58369 ], [ -46.42964, -23.58244 ], [ -46.42857, -23.58129 ], [ -46.42972, -23.57937 ], [ -46.43041, -23.57846 ], [ -46.4305, -23.57716 ], [ -46.42938, -23.57551 ], [ -46.42531, -23.57421 ], [ -46.42393, -23.57233 ], [ -46.42033, -23.57201 ] ] ] } },
{ "type": "Feature", "properties": { "name": "Riacho da Água Doce", "k": "river" }, "geometry": { "type": "LineString", "coordinates": [ [ -46.42428, -23.58359 ], [ -46.42335, -23.58236 ], [ -46.42341, -23.58202 ], [ -46.42302, -23.58173 ], [ -46.42198, -23.58008 ], [ -46.42136, -23.58027 ], [ -46.42073, -23.5797 ], [ -46.42045, -23.57876 ], [ -46.4182, -23.57722 ], [ -46.4175, -23.57598 ], [ -46.41769, -23.57543 ], [ -46.41685, -23.57452 ], [ -46.41578, -23.57374 ], [ -46.41536, -23.57354 ], [ -46.41534, -23.57325 ], [ -46.41501, -23.57318 ] ] } },
{ "type": "Feature", "properties": { "name": "Riacho do Limoeiro", "k": "river" }, "geometry": { "type": "LineString", "coordinates": [ [ -46.42458, -23.61164 ], [ -46.42512, -23.61033 ], [ -46.42549, -23.61017 ], [ -46.42549, -23.60974 ], [ -46.42538, -23.6094 ], [ -46.42507, -23.609 ], [ -46.425, -23.60826 ], [ -46.4246, -23.60785 ], [ -46.42468, -23.607 ], [ -46.42512, -23.6063 ], [ -46.42515, -23.60581 ], [ -46.42582, -23.60578 ], [ -46.4265, -23.60535 ], [ -46.42659, -23.60511 ], [ -46.42696, -23.60483 ], [ -46.42773, -23.60449 ], [ -46.42818, -23.60396 ], [ -46.42862, -23.60385 ], [ -46.42897, -23.60321 ], [ -46.42937, -23.60292 ], [ -46.43005, -23.60206 ], [ -46.43208, -23.59747 ], [ -46.43347, -23.59514 ], [ -46.434, -23.59382 ] ] } },
{ "type": "Feature", "properties": { "name": "Córrego Anhumas", "k": "river" }, "geometry": { "type": "LineString", "coordinates": [ [ -46.50631, -23.59749 ], [ -46.50623, -23.5978 ], [ -46.50745, -23.60028 ], [ -46.50689, -23.60192 ] ] } },
{ "type": "Feature", "properties": { "name": "Ribeirão da Mooca", "k": "river" }, "geometry": { "type": "LineString", "coordinates": [ [ -46.54105, -23.59245 ], [ -46.54285, -23.5914 ], [ -46.54557, -23.58778 ], [ -46.54914, -23.58474 ], [ -46.55115, -23.58362 ], [ -46.55517, -23.58247 ], [ -46.55927, -23.58181 ], [ -46.56826, -23.58297 ], [ -46.57293, -23.58281 ], [ -46.57684, -23.58419 ], [ -46.58278, -23.58511 ], [ -46.5851, -23.58419 ], [ -46.58602, -23.58424 ], [ -46.59046, -23.5866 ], [ -46.59115, -23.58708 ], [ -46.59132, -23.58745 ] ] } },
{ "type": "Feature", "properties": { "name": "Rio Tamanduateí", "k": "river" }, "geometry": { "type": "MultiLineString", "coordinates": [ [ [ -46.54471, -23.61085 ], [ -46.54806, -23.60611 ] ], [ [ -46.54806, -23.60611 ], [ -46.549, -23.60559 ], [ -46.54993, -23.60561 ], [ -46.5506, -23.60597 ], [ -46.55136, -23.60678 ] ], [ [ -46.55664, -23.61202 ], [ -46.5572, -23.61209 ], [ -46.55792, -23.6119 ], [ -46.56574, -23.60708 ], [ -46.56685, -23.6063 ], [ -46.568, -23.60533 ], [ -46.57498, -23.60099 ], [ -46.57565, -23.60073 ], [ -46.57718, -23.60049 ], [ -46.57909, -23.59949 ] ], [ [ -46.57909, -23.59949 ], [ -46.58006, -23.59888 ], [ -46.58075, -23.59758 ], [ -46.58427, -23.59343 ], [ -46.58476, -23.59303 ], [ -46.58604, -23.59226 ], [ -46.58981, -23.58799 ], [ -46.59071, -23.58755 ], [ -46.59144, -23.58745 ], [ -46.59344, -23.58776 ], [ -46.59468, -23.58809 ], [ -46.5952, -23.5881 ], [ -46.59739, -23.5871 ], [ -46.59792, -23.58671 ], [ -46.59878, -23.58581 ], [ -46.59934, -23.58495 ], [ -46.59962, -23.58401 ], [ -46.5996, -23.58283 ] ], [ [ -46.5996, -23.58283 ], [ -46.59958, -23.58225 ] ], [ [ -46.61431, -23.5593 ], [ -46.61518, -23.55872 ] ], [ [ -46.61518, -23.55872 ], [ -46.61592, -23.55838 ], [ -46.62181, -23.55647 ] ], [ [ -46.62181, -23.55647 ], [ -46.62282, -23.55599 ] ], [ [ -46.62519, -23.55389 ], [ -46.62564, -23.55319 ] ], [ [ -46.62282, -23.55599 ], [ -46.62417, -23.55504 ], [ -46.62519, -23.55389 ] ], [ [ -46.61083, -23.56469 ], [ -46.61217, -23.56231 ] ], [ [ -46.61217, -23.56231 ], [ -46.61273, -23.56128 ] ], [ [ -46.61273, -23.56128 ], [ -46.61333, -23.56031 ], [ -46.61431, -23.5593 ] ], [ [ -46.59958, -23.58225 ], [ -46.5995, -23.58007 ], [ -46.6, -23.5786 ], [ -46.60103, -23.57672 ], [ -46.60146, -23.57612 ], [ -46.6038, -23.57359 ], [ -46.60404, -23.57301 ], [ -46.60418, -23.5715 ], [ -46.60437, -23.57105 ], [ -46.60496, -23.57048 ], [ -46.60879, -23.5682 ], [ -46.61083, -23.56469 ] ], [ [ -46.62564, -23.55319 ], [ -46.6266, -23.55065 ], [ -46.62714, -23.54958 ], [ -46.6284, -23.54763 ], [ -46.62868, -23.54704 ], [ -46.62909, -23.5456 ], [ -46.62917, -23.54443 ], [ -46.62915, -23.54364 ], [ -46.62883, -23.54265 ], [ -46.62531, -23.53469 ], [ -46.6252, -23.5336 ], [ -46.62539, -23.53283 ], [ -46.629, -23.52585 ], [ -46.62954, -23.52526 ], [ -46.63637, -23.5208 ], [ -46.64215, -23.5183 ] ], [ [ -46.55136, -23.60678 ], [ -46.55331, -23.60897 ], [ -46.55376, -23.61003 ], [ -46.55406, -23.61049 ], [ -46.55664, -23.61202 ] ], [ [ -46.53082, -23.64486 ], [ -46.53142, -23.6445 ], [ -46.53198, -23.64398 ], [ -46.53334, -23.64184 ], [ -46.53382, -23.64063 ], [ -46.53412, -23.63919 ], [ -46.54119, -23.62482 ], [ -46.54153, -23.62386 ], [ -46.54417, -23.61197 ], [ -46.54471, -23.61085 ] ], [ [ -46.52552, -23.64872 ], [ -46.52688, -23.64775 ], [ -46.52832, -23.64585 ], [ -46.52855, -23.64569 ], [ -46.53082, -23.64486 ] ], [ [ -46.5235, -23.65 ], [ -46.52552, -23.64872 ] ], [ [ -46.51119, -23.65224 ], [ -46.51275, -23.65197 ], [ -46.51359, -23.65195 ], [ -46.51839, -23.65248 ], [ -46.51945, -23.65247 ], [ -46.52054, -23.65217 ], [ -46.52119, -23.65182 ], [ -46.5235, -23.65 ] ], [ [ -46.50848, -23.65341 ], [ -46.51119, -23.65224 ] ], [ [ -46.49296, -23.65199 ], [ -46.49382, -23.65295 ], [ -46.49475, -23.65461 ], [ -46.49607, -23.65633 ], [ -46.49812, -23.65698 ], [ -46.49874, -23.65697 ], [ -46.49948, -23.65673 ] ], [ [ -46.49948, -23.65673 ], [ -46.50644, -23.65432 ], [ -46.50848, -23.65341 ] ], [ [ -46.4139, -23.67343 ], [ -46.41408, -23.67332 ] ], [ [ -46.41601, -23.67416 ], [ -46.41611, -23.67422 ] ], [ [ -46.41504, -23.67367 ], [ -46.41517, -23.67375 ] ], [ [ -46.41654, -23.67443 ], [ -46.41738, -23.67469 ] ], [ [ -46.42117, -23.67333 ], [ -46.42129, -23.67318 ] ], [ [ -46.41738, -23.67469 ], [ -46.41758, -23.67477 ], [ -46.41974, -23.67456 ], [ -46.41996, -23.67448 ], [ -46.42117, -23.67333 ] ], [ [ -46.42129, -23.67318 ], [ -46.42171, -23.6724 ], [ -46.42212, -23.67114 ], [ -46.422, -23.67028 ], [ -46.42205, -23.6697 ], [ -46.42268, -23.66863 ] ], [ [ -46.42268, -23.66863 ], [ -46.42285, -23.66852 ] ], [ [ -46.42285, -23.66852 ], [ -46.42468, -23.66788 ] ], [ [ -46.42468, -23.66788 ], [ -46.42488, -23.6678 ] ], [ [ -46.42488, -23.6678 ], [ -46.42593, -23.66735 ], [ -46.42842, -23.66674 ], [ -46.42916, -23.66638 ] ], [ [ -46.42916, -23.66638 ], [ -46.4302, -23.66615 ] ], [ [ -46.43481, -23.66512 ], [ -46.43561, -23.66474 ], [ -46.43709, -23.66499 ], [ -46.43811, -23.66505 ], [ -46.43889, -23.66497 ], [ -46.44006, -23.6651 ], [ -46.44042, -23.665 ], [ -46.44154, -23.66512 ], [ -46.44268, -23.66447 ], [ -46.44318, -23.66429 ], [ -46.44459, -23.6641 ], [ -46.44618, -23.66432 ], [ -46.44752, -23.66378 ], [ -46.44792, -23.66384 ], [ -46.44892, -23.66377 ], [ -46.44953, -23.66362 ], [ -46.45065, -23.66319 ], [ -46.45137, -23.66264 ], [ -46.4523, -23.66264 ], [ -46.45246, -23.66273 ], [ -46.45321, -23.66416 ], [ -46.45344, -23.66432 ], [ -46.45554, -23.66481 ], [ -46.45749, -23.66422 ], [ -46.45809, -23.66423 ], [ -46.45949, -23.66321 ], [ -46.46092, -23.66231 ], [ -46.46256, -23.66219 ], [ -46.46357, -23.66234 ], [ -46.46525, -23.66379 ], [ -46.46567, -23.66393 ], [ -46.46643, -23.66387 ], [ -46.46767, -23.66315 ] ], [ [ -46.4302, -23.66615 ], [ -46.43142, -23.66617 ], [ -46.43262, -23.66584 ], [ -46.43296, -23.66583 ], [ -46.43445, -23.66531 ] ], [ [ -46.43445, -23.66531 ], [ -46.43481, -23.66512 ] ], [ [ -46.46767, -23.66315 ], [ -46.46823, -23.66292 ], [ -46.46856, -23.66263 ], [ -46.46874, -23.66223 ], [ -46.46869, -23.66093 ], [ -46.46881, -23.66073 ], [ -46.47033, -23.65955 ], [ -46.4722, -23.65777 ], [ -46.4724, -23.65737 ], [ -46.47228, -23.6569 ], [ -46.47275, -23.65571 ], [ -46.4789, -23.65151 ], [ -46.48008, -23.65089 ], [ -46.48163, -23.64944 ], [ -46.48227, -23.64922 ] ], [ [ -46.48227, -23.64922 ], [ -46.48283, -23.64915 ], [ -46.48366, -23.64924 ], [ -46.48482, -23.64951 ], [ -46.48607, -23.64892 ], [ -46.48683, -23.6488 ], [ -46.48898, -23.64997 ] ], [ [ -46.48976, -23.65019 ], [ -46.49204, -23.65096 ], [ -46.49254, -23.65133 ], [ -46.49296, -23.65199 ] ], [ [ -46.48898, -23.64997 ], [ -46.48922, -23.65003 ] ], [ [ -46.48922, -23.65003 ], [ -46.48976, -23.65019 ] ] ] } },
{ "type": "Feature", "properties": { "name": "Ribeirão do Oratório", "k": "river" }, "geometry": { "type": "MultiLineString", "coordinates": [ [ [ -46.54766, -23.60595 ], [ -46.54798, -23.60608 ] ], [ [ -46.54798, -23.60608 ], [ -46.54806, -23.60611 ] ], [ [ -46.53367, -23.61432 ], [ -46.53435, -23.61435 ], [ -46.5349, -23.61419 ], [ -46.53547, -23.61378 ], [ -46.53859, -23.61201 ], [ -46.53988, -23.61105 ], [ -46.5447, -23.60804 ], [ -46.54493, -23.60787 ], [ -46.54589, -23.60638 ], [ -46.54642, -23.60579 ], [ -46.5466, -23.60569 ], [ -46.54699, -23.60568 ], [ -46.54766, -23.60595 ] ], [ [ -46.53331, -23.61429 ], [ -46.53367, -23.61432 ] ], [ [ -46.52286, -23.61382 ], [ -46.52333, -23.61399 ], [ -46.52388, -23.61405 ], [ -46.5252, -23.61388 ], [ -46.52925, -23.61387 ], [ -46.53013, -23.61414 ], [ -46.53108, -23.61464 ], [ -46.53137, -23.61462 ], [ -46.53215, -23.61412 ], [ -46.53331, -23.61429 ] ], [ [ -46.51466, -23.61837 ], [ -46.51512, -23.61824 ] ], [ [ -46.5117, -23.62161 ], [ -46.51222, -23.62055 ], [ -46.51332, -23.61888 ], [ -46.51364, -23.61868 ], [ -46.51466, -23.61837 ] ], [ [ -46.51512, -23.61824 ], [ -46.51595, -23.61823 ], [ -46.51727, -23.61781 ], [ -46.51785, -23.61725 ], [ -46.51841, -23.6161 ], [ -46.51955, -23.61548 ], [ -46.5209, -23.61513 ], [ -46.52109, -23.6149 ], [ -46.52143, -23.61408 ], [ -46.52162, -23.6139 ], [ -46.52226, -23.61373 ], [ -46.52282, -23.61381 ] ], [ [ -46.52282, -23.61381 ], [ -46.52286, -23.61382 ] ], [ [ -46.4978, -23.62481 ], [ -46.4987, -23.6238 ], [ -46.50031, -23.62383 ], [ -46.50079, -23.62406 ], [ -46.50129, -23.62459 ], [ -46.50224, -23.62502 ], [ -46.50271, -23.62534 ], [ -46.50384, -23.62556 ] ], [ [ -46.50384, -23.62556 ], [ -46.50528, -23.62571 ] ], [ [ -46.50528, -23.62571 ], [ -46.50623, -23.62578 ], [ -46.50729, -23.62536 ], [ -46.50863, -23.62444 ], [ -46.50993, -23.62372 ] ], [ [ -46.51066, -23.62263 ], [ -46.51102, -23.62223 ], [ -46.51149, -23.62199 ], [ -46.5117, -23.62161 ] ], [ [ -46.51041, -23.62298 ], [ -46.51066, -23.62263 ] ], [ [ -46.50993, -23.62372 ], [ -46.51041, -23.62298 ] ], [ [ -46.48209, -23.62379 ], [ -46.48301, -23.62361 ], [ -46.48327, -23.62377 ], [ -46.48392, -23.62392 ] ], [ [ -46.48392, -23.62392 ], [ -46.48445, -23.62375 ], [ -46.48495, -23.62305 ], [ -46.48552, -23.62299 ] ], [ [ -46.48552, -23.62299 ], [ -46.48671, -23.62287 ], [ -46.48795, -23.62401 ], [ -46.48824, -23.62406 ], [ -46.48872, -23.62399 ], [ -46.48936, -23.62417 ], [ -46.4896, -23.6243 ], [ -46.48978, -23.62466 ], [ -46.48991, -23.62472 ], [ -46.4905, -23.62473 ], [ -46.49136, -23.62442 ], [ -46.49243, -23.6243 ], [ -46.49284, -23.62472 ], [ -46.49322, -23.62538 ], [ -46.49401, -23.62533 ], [ -46.49439, -23.62512 ], [ -46.49483, -23.62464 ], [ -46.49578, -23.62436 ], [ -46.4972, -23.62483 ], [ -46.4978, -23.62481 ] ] ] } },
{ "type": "Feature", "properties": { "name": "Ribeirão dos Meninos", "k": "river" }, "geometry": { "type": "MultiLineString", "coordinates": [ [ [ -46.57933, -23.60464 ], [ -46.57932, -23.60351 ], [ -46.57948, -23.60289 ], [ -46.5795, -23.6022 ], [ -46.57937, -23.6018 ], [ -46.57896, -23.60116 ], [ -46.57884, -23.60067 ], [ -46.57909, -23.59949 ] ], [ [ -46.58065, -23.61195 ], [ -46.57987, -23.60719 ], [ -46.57963, -23.60651 ], [ -46.57966, -23.60611 ], [ -46.57933, -23.60464 ] ], [ [ -46.57998, -23.64401 ], [ -46.58124, -23.64286 ], [ -46.58287, -23.64176 ], [ -46.5834, -23.64114 ] ], [ [ -46.5834, -23.64114 ], [ -46.58466, -23.63679 ], [ -46.58499, -23.63491 ], [ -46.5847, -23.63405 ], [ -46.58387, -23.63337 ], [ -46.58256, -23.63258 ], [ -46.58223, -23.63219 ] ], [ [ -46.58223, -23.63219 ], [ -46.58208, -23.63185 ], [ -46.58145, -23.62911 ], [ -46.58144, -23.62874 ] ], [ [ -46.58144, -23.62874 ], [ -46.58178, -23.62796 ], [ -46.58285, -23.62692 ], [ -46.58311, -23.6262 ], [ -46.58311, -23.62561 ], [ -46.58245, -23.62198 ] ], [ [ -46.58245, -23.62198 ], [ -46.58066, -23.612 ] ], [ [ -46.58066, -23.612 ], [ -46.58065, -23.61195 ] ], [ [ -46.55319, -23.6691 ], [ -46.55317, -23.66749 ] ], [ [ -46.55317, -23.66749 ], [ -46.55327, -23.6672 ] ], [ [ -46.55783, -23.66066 ], [ -46.55974, -23.65799 ], [ -46.56121, -23.6554 ] ], [ [ -46.56121, -23.6554 ], [ -46.56184, -23.65471 ], [ -46.56292, -23.65381 ], [ -46.5632, -23.65338 ], [ -46.56358, -23.65237 ], [ -46.56458, -23.65127 ], [ -46.56547, -23.65066 ], [ -46.5673, -23.65018 ] ], [ [ -46.5673, -23.65018 ], [ -46.56769, -23.65008 ] ], [ [ -46.56769, -23.65008 ], [ -46.5705, -23.64933 ], [ -46.57104, -23.64928 ], [ -46.57167, -23.64951 ], [ -46.57289, -23.65054 ], [ -46.5735, -23.65056 ], [ -46.57424, -23.65029 ], [ -46.57473, -23.64986 ], [ -46.57626, -23.64788 ], [ -46.57998, -23.64401 ] ], [ [ -46.55327, -23.6672 ], [ -46.55381, -23.66617 ], [ -46.55783, -23.66066 ] ], [ [ -46.55388, -23.68307 ], [ -46.55463, -23.68089 ], [ -46.55475, -23.67962 ], [ -46.5546, -23.67917 ], [ -46.55363, -23.6782 ], [ -46.55328, -23.6767 ], [ -46.55327, -23.67496 ], [ -46.55337, -23.67438 ], [ -46.55398, -23.67274 ], [ -46.55405, -23.67161 ], [ -46.55398, -23.67114 ], [ -46.55332, -23.6697 ], [ -46.55319, -23.6691 ] ], [ [ -46.55093, -23.68459 ], [ -46.55099, -23.68453 ] ], [ [ -46.55099, -23.68453 ], [ -46.5515, -23.68443 ], [ -46.55329, -23.6837 ], [ -46.55388, -23.68307 ] ], [ [ -46.55066, -23.68515 ], [ -46.55071, -23.68482 ], [ -46.55093, -23.68459 ] ], [ [ -46.55031, -23.7247 ], [ -46.55015, -23.72325 ], [ -46.55054, -23.72174 ], [ -46.55085, -23.71903 ], [ -46.55177, -23.71629 ], [ -46.55177, -23.71356 ], [ -46.55216, -23.71213 ], [ -46.55238, -23.70904 ], [ -46.55277, -23.7072 ], [ -46.55265, -23.70624 ], [ -46.5521, -23.70494 ], [ -46.55209, -23.70434 ], [ -46.55298, -23.702 ], [ -46.55291, -23.70144 ], [ -46.55204, -23.69954 ], [ -46.55118, -23.6973 ], [ -46.55097, -23.69641 ], [ -46.55098, -23.69591 ], [ -46.55162, -23.69475 ], [ -46.55166, -23.69348 ], [ -46.55066, -23.68515 ] ], [ [ -46.55024, -23.72589 ], [ -46.55035, -23.72522 ], [ -46.55031, -23.7247 ] ], [ [ -46.54932, -23.72713 ], [ -46.54936, -23.72697 ], [ -46.55024, -23.72589 ] ] ] } },
{ "type": "Feature", "properties": { "name": "Riacho do Moinho Velho", "k": "river" }, "geometry": { "type": "MultiLineString", "coordinates": [ [ [ -46.59779, -23.59114 ], [ -46.59828, -23.58637 ] ], [ [ -46.59772, -23.59175 ], [ -46.59779, -23.59114 ] ], [ [ -46.59719, -23.59786 ], [ -46.59772, -23.59175 ] ], [ [ -46.59758, -23.59975 ], [ -46.59734, -23.599 ] ], [ [ -46.59734, -23.599 ], [ -46.59719, -23.59786 ] ], [ [ -46.60531, -23.60626 ], [ -46.60459, -23.60546 ], [ -46.60297, -23.60402 ], [ -46.60229, -23.60366 ], [ -46.60074, -23.60334 ], [ -46.60006, -23.60296 ], [ -46.59805, -23.60053 ], [ -46.59758, -23.59975 ] ], [ [ -46.61216, -23.62247 ], [ -46.60969, -23.6172 ], [ -46.6075, -23.61205 ], [ -46.60547, -23.6065 ], [ -46.60531, -23.60626 ] ] ] } },
{ "type": "Feature", "properties": { "name": "Riacho do Ipiranga", "k": "river" }, "geometry": { "type": "MultiLineString", "coordinates": [ [ [ -46.60951, -23.57869 ], [ -46.60924, -23.57851 ], [ -46.60919, -23.57833 ], [ -46.60941, -23.5775 ] ], [ [ -46.60941, -23.5775 ], [ -46.60925, -23.57711 ] ], [ [ -46.61183, -23.57892 ], [ -46.61122, -23.57882 ] ], [ [ -46.61122, -23.57882 ], [ -46.6107, -23.57879 ], [ -46.61023, -23.57864 ], [ -46.60951, -23.57869 ] ], [ [ -46.61417, -23.58175 ], [ -46.61377, -23.58112 ], [ -46.61218, -23.57917 ], [ -46.61183, -23.57892 ] ], [ [ -46.61437, -23.58205 ], [ -46.61417, -23.58175 ] ], [ [ -46.62166, -23.59567 ], [ -46.62137, -23.59512 ] ], [ [ -46.62589, -23.60423 ], [ -46.62485, -23.60172 ], [ -46.62387, -23.59974 ], [ -46.62166, -23.59567 ] ], [ [ -46.62606, -23.6046 ], [ -46.62589, -23.60423 ] ], [ [ -46.62646, -23.60553 ], [ -46.62606, -23.6046 ] ], [ [ -46.62663, -23.60591 ], [ -46.62646, -23.60553 ] ], [ [ -46.62137, -23.59512 ], [ -46.6211, -23.59423 ], [ -46.61991, -23.5885 ], [ -46.61944, -23.58718 ], [ -46.61752, -23.58399 ], [ -46.61683, -23.58354 ], [ -46.61559, -23.58329 ], [ -46.61512, -23.58308 ], [ -46.61437, -23.58205 ] ], [ [ -46.60925, -23.57711 ], [ -46.60784, -23.57399 ], [ -46.60775, -23.57356 ], [ -46.6081, -23.56963 ], [ -46.6086, -23.56834 ] ], [ [ -46.62789, -23.61977 ], [ -46.62783, -23.61885 ], [ -46.6272, -23.61579 ], [ -46.62712, -23.61488 ], [ -46.6272, -23.61396 ], [ -46.62818, -23.61088 ], [ -46.62821, -23.60968 ], [ -46.6281, -23.60915 ], [ -46.62663, -23.60591 ] ], [ [ -46.62953, -23.62737 ], [ -46.62896, -23.62542 ] ], [ [ -46.62896, -23.62542 ], [ -46.62811, -23.62264 ] ], [ [ -46.62791, -23.62032 ], [ -46.62789, -23.61977 ] ], [ [ -46.62798, -23.6221 ], [ -46.62791, -23.62032 ] ], [ [ -46.62811, -23.62264 ], [ -46.62798, -23.6221 ] ], [ [ -46.63012, -23.63694 ], [ -46.63034, -23.63668 ], [ -46.62989, -23.62943 ], [ -46.62953, -23.62737 ] ], [ [ -46.63222, -23.66125 ], [ -46.63218, -23.66011 ], [ -46.63289, -23.65936 ], [ -46.63377, -23.65414 ] ], [ [ -46.63377, -23.65414 ], [ -46.63415, -23.65384 ], [ -46.63076, -23.64358 ], [ -46.6304, -23.63918 ], [ -46.63034, -23.63668 ] ] ] } },
{ "type": "Feature", "properties": { "name": "Rio Jurubatuba", "k": "river" }, "geometry": { "type": "MultiLineString", "coordinates": [ [ [ -46.63702, -23.5785 ], [ -46.6367, -23.57789 ], [ -46.63636, -23.57639 ], [ -46.63621, -23.57609 ], [ -46.6358, -23.57547 ], [ -46.63519, -23.57493 ], [ -46.63362, -23.574 ], [ -46.63303, -23.57379 ], [ -46.63204, -23.57392 ], [ -46.63003, -23.57385 ] ], [ [ -46.2282, -23.81319 ], [ -46.22849, -23.81374 ], [ -46.22852, -23.81458 ], [ -46.22849, -23.81509 ], [ -46.22814, -23.81586 ], [ -46.22828, -23.81603 ], [ -46.22855, -23.81614 ], [ -46.22907, -23.81623 ], [ -46.22974, -23.81649 ], [ -46.2303, -23.81734 ], [ -46.23076, -23.81769 ], [ -46.23106, -23.81778 ], [ -46.23163, -23.81778 ], [ -46.23184, -23.8179 ], [ -46.23202, -23.81845 ], [ -46.23259, -23.81862 ], [ -46.23271, -23.81924 ], [ -46.23265, -23.82028 ], [ -46.23315, -23.82102 ], [ -46.23349, -23.82132 ], [ -46.2348, -23.82161 ], [ -46.23495, -23.82141 ], [ -46.23485, -23.82109 ], [ -46.23405, -23.82067 ], [ -46.23427, -23.82034 ], [ -46.23457, -23.82011 ], [ -46.23528, -23.82025 ], [ -46.23781, -23.82202 ], [ -46.23794, -23.82241 ], [ -46.23776, -23.82316 ], [ -46.23795, -23.8235 ], [ -46.24064, -23.82405 ], [ -46.24118, -23.82432 ], [ -46.24181, -23.82445 ], [ -46.2425, -23.82446 ], [ -46.24312, -23.82463 ], [ -46.24382, -23.82504 ], [ -46.24436, -23.82554 ], [ -46.2445, -23.82613 ], [ -46.24484, -23.82657 ], [ -46.24522, -23.82688 ], [ -46.2463, -23.82732 ], [ -46.2463, -23.82781 ], [ -46.24594, -23.8282 ], [ -46.24602, -23.82865 ], [ -46.24739, -23.83029 ], [ -46.24785, -23.8314 ], [ -46.2481, -23.83175 ], [ -46.24769, -23.83208 ], [ -46.24676, -23.83218 ], [ -46.24643, -23.83237 ], [ -46.24648, -23.83269 ], [ -46.24814, -23.83334 ], [ -46.24884, -23.83346 ], [ -46.24947, -23.83522 ], [ -46.25017, -23.83664 ], [ -46.2504, -23.83741 ], [ -46.25059, -23.83768 ], [ -46.25083, -23.83784 ], [ -46.2515, -23.83803 ], [ -46.25245, -23.83865 ], [ -46.25283, -23.839 ], [ -46.25354, -23.8394 ], [ -46.25514, -23.84004 ], [ -46.25585, -23.84043 ], [ -46.25644, -23.84105 ], [ -46.25665, -23.84145 ], [ -46.25688, -23.84141 ], [ -46.25726, -23.84156 ], [ -46.25747, -23.8418 ], [ -46.25758, -23.84218 ], [ -46.25794, -23.84255 ], [ -46.25834, -23.8428 ], [ -46.25912, -23.84277 ], [ -46.25942, -23.84285 ], [ -46.26004, -23.84318 ], [ -46.26025, -23.84354 ], [ -46.26054, -23.84378 ], [ -46.26102, -23.84377 ], [ -46.26161, -23.84421 ], [ -46.26235, -23.8443 ], [ -46.26252, -23.84446 ], [ -46.26293, -23.84503 ], [ -46.26322, -23.84525 ], [ -46.26301, -23.8458 ], [ -46.26317, -23.84629 ], [ -46.26306, -23.84695 ], [ -46.26256, -23.84759 ], [ -46.26241, -23.848 ], [ -46.26245, -23.84867 ], [ -46.26287, -23.84924 ], [ -46.26356, -23.84954 ], [ -46.26387, -23.84952 ], [ -46.26461, -23.84977 ], [ -46.2655, -23.8499 ], [ -46.26759, -23.85095 ], [ -46.26844, -23.85161 ], [ -46.2688, -23.85204 ], [ -46.26889, -23.85293 ], [ -46.26901, -23.85311 ], [ -46.26961, -23.85343 ], [ -46.27092, -23.85336 ], [ -46.27177, -23.8537 ], [ -46.27248, -23.85383 ], [ -46.27315, -23.8538 ], [ -46.27455, -23.85525 ], [ -46.275, -23.85549 ], [ -46.2754, -23.85555 ], [ -46.27712, -23.85479 ], [ -46.27726, -23.85481 ], [ -46.27748, -23.85512 ], [ -46.27851, -23.85533 ], [ -46.28012, -23.85626 ], [ -46.28123, -23.85635 ], [ -46.28321, -23.85781 ], [ -46.28408, -23.8582 ], [ -46.28609, -23.85871 ], [ -46.28715, -23.85881 ], [ -46.28817, -23.85949 ], [ -46.28934, -23.86001 ], [ -46.2897, -23.86073 ], [ -46.28987, -23.86242 ], [ -46.29047, -23.86325 ], [ -46.29116, -23.86349 ], [ -46.29241, -23.86353 ], [ -46.29319, -23.86336 ], [ -46.29407, -23.86284 ], [ -46.29439, -23.86291 ], [ -46.29533, -23.86353 ], [ -46.29577, -23.86352 ], [ -46.29623, -23.86374 ], [ -46.29684, -23.86413 ], [ -46.29702, -23.86478 ], [ -46.29695, -23.86508 ], [ -46.29605, -23.86529 ], [ -46.29568, -23.86557 ], [ -46.29563, -23.86583 ], [ -46.29584, -23.86703 ], [ -46.29608, -23.86749 ], [ -46.29688, -23.86805 ], [ -46.2983, -23.86835 ], [ -46.29883, -23.86855 ], [ -46.30017, -23.86956 ], [ -46.30057, -23.86976 ], [ -46.303, -23.87056 ], [ -46.30398, -23.87124 ], [ -46.30471, -23.87149 ], [ -46.30532, -23.87158 ], [ -46.30584, -23.87152 ], [ -46.3064, -23.87131 ], [ -46.30826, -23.87015 ], [ -46.30861, -23.87013 ], [ -46.309, -23.87027 ], [ -46.30942, -23.87062 ], [ -46.31043, -23.87187 ], [ -46.31056, -23.87226 ], [ -46.3106, -23.87369 ], [ -46.31094, -23.87448 ], [ -46.31262, -23.87589 ], [ -46.31293, -23.87628 ], [ -46.31327, -23.87715 ], [ -46.31328, -23.87766 ], [ -46.31305, -23.87812 ], [ -46.31282, -23.8783 ], [ -46.31171, -23.87864 ], [ -46.31124, -23.87888 ], [ -46.31105, -23.87938 ], [ -46.31119, -23.87953 ], [ -46.31171, -23.87974 ], [ -46.31346, -23.88021 ], [ -46.31603, -23.88108 ], [ -46.31671, -23.88157 ], [ -46.31683, -23.88184 ], [ -46.31678, -23.88228 ], [ -46.31579, -23.88348 ], [ -46.31565, -23.88379 ], [ -46.3159, -23.88447 ], [ -46.31614, -23.88479 ], [ -46.31688, -23.88526 ], [ -46.31816, -23.8857 ], [ -46.31965, -23.88731 ], [ -46.3208, -23.8879 ], [ -46.32122, -23.88829 ], [ -46.32193, -23.88935 ], [ -46.32366, -23.8912 ], [ -46.32423, -23.89257 ], [ -46.32453, -23.89307 ], [ -46.32497, -23.89333 ], [ -46.32541, -23.89339 ], [ -46.32602, -23.89324 ], [ -46.32634, -23.8929 ], [ -46.32639, -23.8923 ], [ -46.32657, -23.89178 ], [ -46.32697, -23.89133 ], [ -46.32747, -23.89119 ], [ -46.32851, -23.89103 ], [ -46.3291, -23.89119 ], [ -46.32968, -23.8915 ], [ -46.33016, -23.89192 ], [ -46.33044, -23.89256 ], [ -46.3306, -23.89391 ], [ -46.33029, -23.89455 ], [ -46.3296, -23.89504 ], [ -46.32806, -23.89557 ], [ -46.3275, -23.89608 ], [ -46.32725, -23.8966 ], [ -46.32753, -23.89886 ], [ -46.32771, -23.89974 ], [ -46.32805, -23.90039 ], [ -46.32819, -23.90137 ], [ -46.32694, -23.90346 ], [ -46.32686, -23.90381 ], [ -46.32691, -23.90422 ], [ -46.3272, -23.90459 ], [ -46.32768, -23.90488 ], [ -46.32819, -23.90501 ], [ -46.33039, -23.9048 ], [ -46.33227, -23.90488 ], [ -46.33401, -23.90476 ], [ -46.33492, -23.90494 ], [ -46.33567, -23.90523 ], [ -46.33643, -23.90582 ], [ -46.33727, -23.9068 ], [ -46.33745, -23.90748 ], [ -46.33707, -23.90931 ], [ -46.33703, -23.90999 ], [ -46.33736, -23.91138 ], [ -46.33841, -23.9126 ], [ -46.34009, -23.91389 ], [ -46.34189, -23.91602 ], [ -46.34225, -23.91669 ], [ -46.34237, -23.91747 ], [ -46.34239, -23.91868 ], [ -46.34213, -23.9204 ], [ -46.34174, -23.92097 ] ], [ [ -46.29577, -23.86352 ], [ -46.29644, -23.86345 ], [ -46.29681, -23.86355 ], [ -46.29721, -23.86389 ], [ -46.2975, -23.86432 ], [ -46.29758, -23.86461 ], [ -46.29746, -23.86496 ], [ -46.29695, -23.86508 ] ] ] } },
{ "type": "Feature", "properties": { "name": "Crista da Colina de Piratininga", "k": "ridge" }, "geometry": { "type": "LineString", "coordinates": [ [ -46.63262, -23.54124 ], [ -46.63723, -23.5486 ], [ -46.63689, -23.55008 ], [ -46.63496, -23.55272 ], [ -46.63574, -23.55586 ], [ -46.63667, -23.55808 ], [ -46.63828, -23.56105 ], [ -46.63908, -23.56453 ], [ -46.63955, -23.56822 ], [ -46.63889, -23.56954 ], [ -46.63877, -23.57056 ], [ -46.63942, -23.5716 ], [ -46.63992, -23.57307 ], [ -46.63993, -23.57447 ], [ -46.6405, -23.57745 ] ] } },
{ "type": "Feature", "properties": { "name": "Ribeirão Anhangabaú", "k": "river" }, "geometry": { "type": "LineString", "coordinates": [ [ -46.63916, -23.54881 ], [ -46.63699, -23.54603 ], [ -46.63546, -23.54381 ], [ -46.63396, -23.54126 ], [ -46.63315, -23.54084 ], [ -46.63207, -23.5406 ], [ -46.62797, -23.53991 ], [ -46.62765, -23.53996 ] ] } },
{ "type": "Feature", "properties": { "name": "Ribeirão Tatuapé", "k": "river" }, "geometry": { "type": "MultiLineString", "coordinates": [ [ [ -46.57692, -23.55467 ], [ -46.57684, -23.55331 ], [ -46.57832, -23.55053 ], [ -46.57948, -23.54752 ], [ -46.58008, -23.54329 ], [ -46.581, -23.53958 ], [ -46.58212, -23.5382 ], [ -46.58405, -23.5298 ], [ -46.58435, -23.5287 ], [ -46.5846, -23.52844 ] ], [ [ -46.5846, -23.52844 ], [ -46.58471, -23.52832 ] ] ] } },
{ "type": "Feature", "properties": { "name": "Ribeirão Carandiru", "k": "river" }, "geometry": { "type": "LineString", "coordinates": [ [ -46.60907, -23.48808 ], [ -46.61136, -23.49279 ], [ -46.61177, -23.49444 ], [ -46.61203, -23.49663 ], [ -46.61473, -23.50064 ], [ -46.61699, -23.50117 ], [ -46.61926, -23.50223 ], [ -46.6213, -23.50383 ], [ -46.6213, -23.50471 ], [ -46.62235, -23.50556 ], [ -46.62219, -23.50611 ] ] } },
{ "type": "Feature", "properties": { "name": "Rio Mandaqui", "k": "river" }, "geometry": { "type": "MultiLineString", "coordinates": [ [ [ -46.63392, -23.48524 ], [ -46.63356, -23.48431 ] ], [ [ -46.63318, -23.48318 ], [ -46.6332, -23.48298 ] ], [ [ -46.63356, -23.48431 ], [ -46.63347, -23.48411 ] ], [ [ -46.63347, -23.48411 ], [ -46.63318, -23.48318 ] ], [ [ -46.65134, -23.48868 ], [ -46.65257, -23.48883 ], [ -46.65414, -23.48888 ], [ -46.65443, -23.489 ], [ -46.65485, -23.48935 ], [ -46.65586, -23.49138 ], [ -46.65639, -23.49178 ], [ -46.65725, -23.49211 ] ], [ [ -46.6315, -23.48278 ], [ -46.63271, -23.48297 ], [ -46.63467, -23.483 ], [ -46.63588, -23.48332 ], [ -46.6363, -23.48354 ], [ -46.63693, -23.48406 ], [ -46.63774, -23.48512 ], [ -46.63816, -23.48549 ], [ -46.64047, -23.4866 ], [ -46.64536, -23.48687 ], [ -46.64633, -23.48716 ], [ -46.64782, -23.48809 ], [ -46.65134, -23.48868 ] ], [ [ -46.66624, -23.50204 ], [ -46.66728, -23.50331 ] ], [ [ -46.66728, -23.50331 ], [ -46.6677, -23.50374 ] ], [ [ -46.66886, -23.50569 ], [ -46.66907, -23.50586 ] ], [ [ -46.6677, -23.50374 ], [ -46.66886, -23.50569 ] ], [ [ -46.67014, -23.50669 ], [ -46.67034, -23.50696 ] ], [ [ -46.6699, -23.5065 ], [ -46.67014, -23.50669 ] ], [ [ -46.66907, -23.50586 ], [ -46.6699, -23.5065 ] ], [ [ -46.67066, -23.50965 ], [ -46.67067, -23.50991 ] ], [ [ -46.67053, -23.50743 ], [ -46.67066, -23.50965 ] ], [ [ -46.67034, -23.50696 ], [ -46.67053, -23.50743 ] ], [ [ -46.67067, -23.50991 ], [ -46.67088, -23.51359 ] ], [ [ -46.67096, -23.51428 ], [ -46.67111, -23.51477 ] ], [ [ -46.67088, -23.51359 ], [ -46.67096, -23.51428 ] ], [ [ -46.66035, -23.49483 ], [ -46.65925, -23.49379 ] ], [ [ -46.659, -23.49348 ], [ -46.65925, -23.49379 ] ], [ [ -46.662, -23.49604 ], [ -46.66215, -23.49623 ] ], [ [ -46.6615, -23.49554 ], [ -46.662, -23.49604 ] ], [ [ -46.66035, -23.49483 ], [ -46.66077, -23.49507 ] ], [ [ -46.66077, -23.49507 ], [ -46.66125, -23.49534 ] ], [ [ -46.66125, -23.49534 ], [ -46.6615, -23.49554 ] ], [ [ -46.66215, -23.49623 ], [ -46.66373, -23.49834 ] ], [ [ -46.6639, -23.49861 ], [ -46.66437, -23.49977 ] ], [ [ -46.66437, -23.49977 ], [ -46.66478, -23.50028 ] ], [ [ -46.66373, -23.49834 ], [ -46.6639, -23.49861 ] ], [ [ -46.66599, -23.50176 ], [ -46.66624, -23.50204 ] ], [ [ -46.66478, -23.50028 ], [ -46.66599, -23.50176 ] ], [ [ -46.65745, -23.49219 ], [ -46.65824, -23.49259 ], [ -46.659, -23.49348 ] ], [ [ -46.65739, -23.49217 ], [ -46.65745, -23.49219 ] ], [ [ -46.65725, -23.49211 ], [ -46.65739, -23.49217 ] ] ] } },
{ "type": "Feature", "properties": { "name": "Antigo curso do Rio Tamanduateí", "k": "river" }, "geometry": { "type": "LineString", "coordinates": [ [ -46.6252, -23.5336 ], [ -46.62488, -23.53285 ], [ -46.62457, -23.53173 ], [ -46.62395, -23.53115 ], [ -46.62405, -23.53061 ], [ -46.62382, -23.5304 ], [ -46.62302, -23.53052 ], [ -46.62279, -23.5304 ], [ -46.62258, -23.53018 ], [ -46.62262, -23.52994 ], [ -46.62294, -23.52977 ], [ -46.62299, -23.52962 ], [ -46.62286, -23.52938 ], [ -46.62212, -23.52918 ], [ -46.62205, -23.52893 ], [ -46.62216, -23.52854 ], [ -46.62208, -23.52837 ], [ -46.6208, -23.5279 ], [ -46.6208, -23.52774 ], [ -46.62108, -23.52753 ], [ -46.62116, -23.5273 ], [ -46.62156, -23.52733 ], [ -46.62175, -23.52712 ], [ -46.62181, -23.52647 ], [ -46.62168, -23.52624 ], [ -46.62145, -23.52616 ], [ -46.62123, -23.52632 ], [ -46.62044, -23.52607 ], [ -46.62039, -23.52589 ], [ -46.62061, -23.52541 ], [ -46.62055, -23.52515 ], [ -46.62045, -23.52508 ], [ -46.62012, -23.52524 ], [ -46.6199, -23.52504 ], [ -46.62036, -23.52478 ], [ -46.62055, -23.52431 ], [ -46.62034, -23.52367 ], [ -46.62014, -23.52357 ], [ -46.61977, -23.52362 ], [ -46.61955, -23.52339 ], [ -46.61967, -23.52299 ], [ -46.62031, -23.52225 ], [ -46.62003, -23.52198 ], [ -46.61976, -23.52215 ], [ -46.61915, -23.52202 ], [ -46.61912, -23.52179 ], [ -46.61933, -23.52151 ], [ -46.61949, -23.52106 ], [ -46.61944, -23.5207 ], [ -46.61847, -23.51888 ] ] } },
{ "type": "Feature", "properties": { "name": "Ribeirão Pacaembu", "k": "river" }, "geometry": { "type": "LineString", "coordinates": [ [ -46.66948, -23.54591 ], [ -46.66772, -23.54518 ], [ -46.66661, -23.54489 ], [ -46.66567, -23.54386 ], [ -46.66402, -23.5395 ], [ -46.66366, -23.53741 ], [ -46.66112, -23.5323 ], [ -46.66082, -23.52769 ], [ -46.6601, -23.52445 ], [ -46.65959, -23.52293 ], [ -46.65845, -23.52133 ], [ -46.65783, -23.52075 ], [ -46.65788, -23.52032 ] ] } },
{ "type": "Feature", "properties": { "name": "Ribeirão Sumaré", "k": "river" }, "geometry": { "type": "LineString", "coordinates": [ [ -46.67692, -23.54931 ], [ -46.67689, -23.54752 ], [ -46.67639, -23.54228 ], [ -46.67628, -23.5418 ], [ -46.67446, -23.53812 ], [ -46.6742, -23.53534 ], [ -46.67424, -23.53477 ], [ -46.67467, -23.53381 ], [ -46.67557, -23.53243 ], [ -46.67671, -23.53173 ], [ -46.67705, -23.53137 ], [ -46.67736, -23.53035 ], [ -46.67735, -23.52984 ], [ -46.67537, -23.52838 ], [ -46.67261, -23.52666 ], [ -46.66767, -23.52123 ], [ -46.66676, -23.51532 ] ] } },
{ "type": "Feature", "properties": { "name": "Esporão da Pompéia", "k": "ridge" }, "geometry": { "type": "LineString", "coordinates": [ [ -46.6905, -23.53059 ], [ -46.69048, -23.53242 ], [ -46.69013, -23.53324 ], [ -46.68865, -23.53413 ], [ -46.68764, -23.53645 ], [ -46.68578, -23.53772 ], [ -46.68482, -23.53789 ], [ -46.68432, -23.53824 ], [ -46.68357, -23.53953 ], [ -46.68273, -23.54012 ], [ -46.68215, -23.54115 ], [ -46.68195, -23.54206 ], [ -46.68212, -23.54329 ], [ -46.68252, -23.54382 ], [ -46.6821, -23.54425 ] ] } },
{ "type": "Feature", "properties": { "name": "Esporão do Vale da Água Preta", "k": "ridge" }, "geometry": { "type": "LineString", "coordinates": [ [ -46.69722, -23.53958 ], [ -46.69633, -23.53874 ], [ -46.69567, -23.53793 ], [ -46.69486, -23.53751 ], [ -46.69389, -23.53748 ], [ -46.69344, -23.53552 ] ] } },
{ "type": "Feature", "properties": { "name": "Ribeirão Água Preta", "k": "river" }, "geometry": { "type": "LineString", "coordinates": [ [ -46.69009, -23.54032 ], [ -46.69014, -23.53932 ], [ -46.69034, -23.53907 ], [ -46.6904, -23.53881 ], [ -46.69029, -23.53837 ], [ -46.69068, -23.53808 ], [ -46.69069, -23.53779 ], [ -46.69205, -23.53693 ], [ -46.69231, -23.53645 ], [ -46.6923, -23.53537 ], [ -46.69239, -23.5351 ], [ -46.6932, -23.53403 ], [ -46.69346, -23.53354 ], [ -46.69298, -23.53204 ], [ -46.69314, -23.53145 ], [ -46.69228, -23.53008 ], [ -46.69198, -23.52927 ], [ -46.69007, -23.52779 ], [ -46.68952, -23.52754 ], [ -46.6883, -23.5273 ], [ -46.68736, -23.52685 ], [ -46.68492, -23.52625 ], [ -46.6839, -23.52663 ], [ -46.68262, -23.52657 ], [ -46.68233, -23.52647 ], [ -46.67985, -23.52324 ], [ -46.67961, -23.52283 ], [ -46.67933, -23.52196 ], [ -46.6792, -23.51928 ], [ -46.67903, -23.51819 ], [ -46.67913, -23.5175 ], [ -46.67902, -23.51334 ] ] } },
{ "type": "Feature", "properties": { "name": "Morro da Vaca", "k": "ridge" }, "geometry": { "type": "LineString", "coordinates": [ [ -46.66893, -23.50174 ], [ -46.66662, -23.49946 ], [ -46.66602, -23.49769 ], [ -46.66696, -23.49659 ], [ -46.667, -23.49564 ], [ -46.66773, -23.49521 ], [ -46.66816, -23.49265 ], [ -46.66666, -23.4921 ], [ -46.66559, -23.49005 ], [ -46.66559, -23.48875 ] ] } },
{ "type": "Feature", "properties": { "name": "Ribeirão Verde", "k": "river" }, "geometry": { "type": "MultiLineString", "coordinates": [ [ [ -46.70716, -23.47822 ], [ -46.70753, -23.47886 ], [ -46.70819, -23.48108 ], [ -46.70826, -23.48162 ], [ -46.70815, -23.48253 ], [ -46.70826, -23.48295 ], [ -46.70948, -23.4848 ], [ -46.71053, -23.48598 ], [ -46.7107, -23.4864 ], [ -46.71071, -23.48679 ], [ -46.70967, -23.49305 ], [ -46.70942, -23.49359 ], [ -46.70735, -23.49667 ], [ -46.70691, -23.49775 ], [ -46.70632, -23.5021 ], [ -46.70614, -23.50525 ], [ -46.70588, -23.5064 ], [ -46.70567, -23.50844 ] ], [ [ -46.70567, -23.50844 ], [ -46.70564, -23.50873 ] ] ] } },
{ "type": "Feature", "properties": { "name": "Crista de Pirituba", "k": "ridge" }, "geometry": { "type": "MultiLineString", "coordinates": [ [ [ -46.72579, -23.47378 ], [ -46.72501, -23.47248 ], [ -46.72509, -23.47129 ], [ -46.72444, -23.47023 ], [ -46.72443, -23.46943 ], [ -46.72502, -23.46828 ], [ -46.72398, -23.46666 ], [ -46.72214, -23.46592 ], [ -46.72115, -23.46434 ], [ -46.72012, -23.46329 ], [ -46.71873, -23.46043 ] ], [ [ -46.71324, -23.506 ], [ -46.71186, -23.50541 ], [ -46.71105, -23.50415 ], [ -46.71103, -23.5026 ], [ -46.71131, -23.50163 ], [ -46.71072, -23.5007 ], [ -46.71086, -23.49986 ], [ -46.7107, -23.4992 ], [ -46.71082, -23.49787 ], [ -46.71259, -23.49678 ], [ -46.71384, -23.49545 ], [ -46.71552, -23.49201 ], [ -46.71638, -23.49105 ], [ -46.71923, -23.49066 ], [ -46.72091, -23.48929 ], [ -46.72269, -23.48722 ], [ -46.72285, -23.48592 ], [ -46.72163, -23.48504 ], [ -46.72073, -23.48453 ], [ -46.72285, -23.4819 ], [ -46.72528, -23.48119 ], [ -46.72626, -23.48074 ], [ -46.72688, -23.47981 ], [ -46.72811, -23.47952 ], [ -46.72913, -23.47767 ], [ -46.72959, -23.47735 ], [ -46.72891, -23.47634 ], [ -46.7284, -23.47583 ], [ -46.7285, -23.47497 ], [ -46.72664, -23.47381 ], [ -46.72579, -23.47378 ] ] ] } },
{ "type": "Feature", "properties": { "name": "Rio Pirituba", "k": "river" }, "geometry": { "type": "MultiLineString", "coordinates": [ [ [ -46.72651, -23.46763 ], [ -46.72678, -23.46852 ], [ -46.72802, -23.46994 ], [ -46.72957, -23.47134 ], [ -46.7302, -23.47208 ], [ -46.73061, -23.47232 ], [ -46.7311, -23.47309 ], [ -46.73124, -23.47356 ], [ -46.73313, -23.47471 ], [ -46.73336, -23.47494 ] ], [ [ -46.73336, -23.47494 ], [ -46.73344, -23.47502 ] ], [ [ -46.73344, -23.47502 ], [ -46.73365, -23.47522 ], [ -46.73342, -23.47942 ], [ -46.73204, -23.4825 ], [ -46.73103, -23.48385 ] ], [ [ -46.73103, -23.48385 ], [ -46.72807, -23.48682 ], [ -46.72381, -23.49026 ], [ -46.72285, -23.49204 ], [ -46.71837, -23.49596 ], [ -46.71629, -23.49845 ], [ -46.71488, -23.50054 ], [ -46.71505, -23.50499 ], [ -46.71413, -23.50803 ] ], [ [ -46.71413, -23.50803 ], [ -46.71404, -23.50832 ] ] ] } },
{ "type": "Feature", "properties": { "name": "Colina do Anastácio", "k": "ridge" }, "geometry": { "type": "LineString", "coordinates": [ [ -46.73807, -23.48648 ], [ -46.73754, -23.48972 ], [ -46.73651, -23.49204 ], [ -46.73691, -23.49389 ], [ -46.7359, -23.49743 ], [ -46.73419, -23.49985 ], [ -46.7329, -23.50082 ], [ -46.73333, -23.50367 ], [ -46.73292, -23.50491 ], [ -46.7302, -23.50532 ], [ -46.72917, -23.50615 ], [ -46.72878, -23.50749 ], [ -46.72689, -23.5079 ], [ -46.72423, -23.50965 ] ] } },
{ "type": "Feature", "properties": { "name": "Colina de Pirituba", "k": "ridge" }, "geometry": { "type": "LineString", "coordinates": [ [ -46.73807, -23.48648 ], [ -46.73567, -23.48724 ], [ -46.73247, -23.4895 ], [ -46.73204, -23.49133 ], [ -46.73015, -23.49192 ], [ -46.72865, -23.49346 ], [ -46.72844, -23.49558 ], [ -46.72784, -23.49729 ], [ -46.72567, -23.49775 ], [ -46.72522, -23.49993 ], [ -46.7232, -23.50064 ], [ -46.7185, -23.50133 ], [ -46.71653, -23.50416 ] ] } },
{ "type": "Feature", "properties": { "name": "Esporão da Vila Romana", "k": "ridge" }, "geometry": { "type": "LineString", "coordinates": [ [ -46.69721, -23.54126 ], [ -46.69722, -23.53958 ], [ -46.69751, -23.5379 ], [ -46.69756, -23.53618 ], [ -46.69781, -23.53482 ], [ -46.69763, -23.53251 ], [ -46.69748, -23.53175 ] ] } },
{ "type": "Feature", "properties": { "name": "Divisor Leopoldina / Caminho da Lapa", "k": "ridge" }, "geometry": { "type": "LineString", "coordinates": [ [ -46.72728, -23.53074 ], [ -46.72511, -23.53257 ], [ -46.72206, -23.53324 ], [ -46.72058, -23.5315 ], [ -46.71965, -23.52995 ], [ -46.71814, -23.53071 ], [ -46.7164, -23.53241 ], [ -46.71435, -23.53368 ], [ -46.71427, -23.53429 ] ] } },
{ "type": "Feature", "properties": { "name": "Ribeirão Jaguaré", "k": "river" }, "geometry": { "type": "MultiLineString", "coordinates": [ [ [ -46.73243, -23.54955 ], [ -46.73228, -23.54923 ] ], [ [ -46.73228, -23.54923 ], [ -46.73193, -23.54867 ] ], [ [ -46.73193, -23.54867 ], [ -46.73166, -23.5483 ] ], [ [ -46.77165, -23.58271 ], [ -46.77161, -23.5825 ] ], [ [ -46.77171, -23.58348 ], [ -46.77165, -23.58271 ] ], [ [ -46.77182, -23.58396 ], [ -46.77171, -23.58348 ] ], [ [ -46.77147, -23.58171 ], [ -46.77125, -23.5812 ], [ -46.77075, -23.58062 ], [ -46.76982, -23.57992 ] ], [ [ -46.77161, -23.5825 ], [ -46.77147, -23.58171 ] ], [ [ -46.76964, -23.57979 ], [ -46.76663, -23.57757 ], [ -46.76608, -23.57683 ], [ -46.76529, -23.57494 ] ], [ [ -46.76529, -23.57494 ], [ -46.76516, -23.57461 ] ], [ [ -46.75721, -23.56815 ], [ -46.75664, -23.5675 ], [ -46.75631, -23.56688 ], [ -46.75602, -23.56605 ], [ -46.7557, -23.56557 ], [ -46.75455, -23.56457 ] ], [ [ -46.75455, -23.56457 ], [ -46.75384, -23.5641 ], [ -46.75291, -23.56369 ], [ -46.74995, -23.56294 ], [ -46.74952, -23.56269 ], [ -46.74913, -23.56219 ], [ -46.74805, -23.55926 ], [ -46.74764, -23.5587 ], [ -46.74738, -23.55852 ], [ -46.74649, -23.55827 ], [ -46.74465, -23.5585 ], [ -46.74409, -23.55847 ], [ -46.74352, -23.5583 ], [ -46.742, -23.55708 ], [ -46.7416, -23.55695 ], [ -46.74025, -23.55698 ], [ -46.73925, -23.5567 ], [ -46.73356, -23.55351 ], [ -46.73292, -23.55266 ], [ -46.73261, -23.55188 ], [ -46.73252, -23.55126 ], [ -46.73261, -23.55007 ], [ -46.73243, -23.54955 ] ], [ [ -46.7575, -23.56841 ], [ -46.75721, -23.56815 ] ], [ [ -46.76516, -23.57461 ], [ -46.76397, -23.57166 ], [ -46.76362, -23.57107 ], [ -46.76327, -23.57069 ], [ -46.76248, -23.57026 ], [ -46.75855, -23.56903 ], [ -46.7575, -23.56841 ] ] ] } },
{ "type": "Feature", "properties": { "name": "Crista da USP", "k": "ridge" }, "geometry": { "type": "LineString", "coordinates": [ [ -46.73737, -23.57706 ], [ -46.73746, -23.57539 ], [ -46.7355, -23.57401 ], [ -46.7351, -23.57289 ], [ -46.7353, -23.57126 ], [ -46.73477, -23.57051 ], [ -46.73394, -23.57027 ], [ -46.73337, -23.56961 ], [ -46.73285, -23.56742 ], [ -46.73206, -23.56655 ], [ -46.72971, -23.56472 ], [ -46.72992, -23.56331 ] ] } },
{ "type": "Feature", "properties": { "name": "Riacho do Iquiririm", "k": "river" }, "geometry": { "type": "MultiLineString", "coordinates": [ [ [ -46.72573, -23.57339 ], [ -46.72198, -23.57172 ], [ -46.72133, -23.57117 ] ], [ [ -46.72133, -23.57117 ], [ -46.72052, -23.5703 ], [ -46.71861, -23.56967 ], [ -46.71806, -23.56991 ] ], [ [ -46.71806, -23.56991 ], [ -46.71751, -23.57014 ], [ -46.71518, -23.56902 ], [ -46.71442, -23.56736 ] ] ] } },
{ "type": "Feature", "properties": { "name": "Rio Pirajuçara", "k": "river" }, "geometry": { "type": "MultiLineString", "coordinates": [ [ [ -46.71263, -23.55835 ], [ -46.71255, -23.55795 ] ], [ [ -46.71272, -23.5583 ], [ -46.71255, -23.55795 ] ], [ [ -46.71278, -23.55969 ], [ -46.71263, -23.55835 ] ], [ [ -46.71374, -23.55996 ], [ -46.71288, -23.55926 ], [ -46.71272, -23.5583 ] ], [ [ -46.714, -23.56033 ], [ -46.71278, -23.55969 ] ], [ [ -46.71437, -23.56811 ], [ -46.71442, -23.56711 ], [ -46.71386, -23.56601 ], [ -46.71381, -23.56569 ], [ -46.71405, -23.56065 ], [ -46.714, -23.56033 ], [ -46.71374, -23.55996 ] ], [ [ -46.74924, -23.60436 ], [ -46.74898, -23.60406 ], [ -46.74743, -23.59999 ], [ -46.74723, -23.5989 ], [ -46.74725, -23.5981 ], [ -46.74712, -23.59737 ], [ -46.74668, -23.59667 ], [ -46.7454, -23.59536 ], [ -46.74242, -23.59398 ], [ -46.74162, -23.59349 ], [ -46.74046, -23.59244 ], [ -46.73742, -23.59072 ], [ -46.73311, -23.58892 ], [ -46.73243, -23.58834 ], [ -46.73219, -23.5879 ], [ -46.73197, -23.58707 ], [ -46.73135, -23.58642 ], [ -46.731, -23.58615 ], [ -46.72963, -23.58565 ], [ -46.72874, -23.5852 ], [ -46.72415, -23.58144 ], [ -46.72325, -23.581 ], [ -46.72134, -23.58045 ], [ -46.72072, -23.58016 ], [ -46.71972, -23.57928 ], [ -46.7189, -23.57881 ], [ -46.718, -23.57868 ], [ -46.71675, -23.57873 ], [ -46.71614, -23.5786 ], [ -46.71563, -23.57837 ], [ -46.71487, -23.57774 ], [ -46.71436, -23.57693 ], [ -46.71404, -23.57659 ], [ -46.71233, -23.57567 ], [ -46.71209, -23.57545 ], [ -46.71196, -23.57521 ], [ -46.71196, -23.57488 ], [ -46.71254, -23.57287 ], [ -46.71432, -23.56955 ], [ -46.71437, -23.56811 ] ], [ [ -46.74992, -23.60584 ], [ -46.74978, -23.60526 ], [ -46.74924, -23.60436 ] ], [ [ -46.75177, -23.60872 ], [ -46.75166, -23.60789 ], [ -46.7517, -23.60678 ], [ -46.75137, -23.60646 ], [ -46.75016, -23.60617 ], [ -46.74992, -23.60584 ] ], [ [ -46.75387, -23.61138 ], [ -46.75256, -23.61055 ], [ -46.75233, -23.60981 ], [ -46.75192, -23.60923 ], [ -46.75177, -23.60872 ] ], [ [ -46.75442, -23.6116 ], [ -46.75387, -23.61138 ] ] ] } },
{ "type": "Feature", "properties": { "name": "Alto da Vila Anglo", "k": "ridge" }, "geometry": { "type": "LineString", "coordinates": [ [ -46.69484, -23.54291 ], [ -46.69446, -23.54192 ], [ -46.69452, -23.54007 ], [ -46.69414, -23.53943 ] ] } },
{ "type": "Feature", "properties": { "name": "Esporão das Perdizes", "k": "ridge" }, "geometry": { "type": "LineString", "coordinates": [ [ -46.67401, -23.55246 ], [ -46.67449, -23.55041 ], [ -46.67445, -23.54672 ], [ -46.67514, -23.54555 ], [ -46.6752, -23.5449 ], [ -46.67476, -23.54374 ], [ -46.67389, -23.54341 ], [ -46.67272, -23.54355 ], [ -46.67078, -23.54262 ], [ -46.67049, -23.54103 ], [ -46.66913, -23.54015 ], [ -46.66839, -23.5389 ], [ -46.66732, -23.53843 ], [ -46.66606, -23.53695 ], [ -46.66534, -23.5365 ] ] } },
{ "type": "Feature", "properties": { "name": "Caaguaçu", "k": "ridge" }, "geometry": { "type": "LineString", "coordinates": [ [ -46.71427, -23.53429 ], [ -46.7139, -23.53504 ], [ -46.71338, -23.53561 ], [ -46.71248, -23.53605 ], [ -46.71111, -23.53654 ], [ -46.70978, -23.53655 ], [ -46.70817, -23.53871 ], [ -46.70644, -23.53903 ], [ -46.7049, -23.54035 ], [ -46.70383, -23.53989 ], [ -46.70333, -23.54065 ], [ -46.70229, -23.5411 ], [ -46.70018, -23.54102 ], [ -46.69721, -23.54126 ], [ -46.69596, -23.54236 ], [ -46.69484, -23.54291 ], [ -46.69465, -23.54363 ], [ -46.69247, -23.54571 ], [ -46.69098, -23.54596 ], [ -46.68921, -23.5451 ], [ -46.68778, -23.54485 ], [ -46.68688, -23.54377 ], [ -46.68617, -23.54341 ], [ -46.68447, -23.54424 ], [ -46.6821, -23.54425 ], [ -46.68139, -23.54521 ], [ -46.68042, -23.54733 ], [ -46.68071, -23.54799 ], [ -46.68064, -23.549 ], [ -46.67829, -23.55078 ], [ -46.67302, -23.55284 ], [ -46.66713, -23.5559 ], [ -46.66534, -23.5556 ], [ -46.66409, -23.55479 ], [ -46.66296, -23.55527 ], [ -46.65606, -23.56154 ], [ -46.64534, -23.56992 ], [ -46.64323, -23.57257 ], [ -46.6405, -23.57745 ], [ -46.63995, -23.5788 ], [ -46.6349, -23.58645 ], [ -46.63456, -23.58928 ], [ -46.63529, -23.5912 ], [ -46.63615, -23.59219 ], [ -46.63514, -23.59689 ], [ -46.63621, -23.60056 ], [ -46.63643, -23.60401 ], [ -46.63838, -23.60743 ], [ -46.63714, -23.61004 ], [ -46.63608, -23.61128 ], [ -46.63812, -23.61299 ], [ -46.63808, -23.61726 ], [ -46.63943, -23.6185 ], [ -46.63954, -23.62101 ], [ -46.64048, -23.62459 ], [ -46.64113, -23.62665 ], [ -46.64503, -23.62892 ], [ -46.64625, -23.62937 ], [ -46.64761, -23.63049 ], [ -46.64651, -23.63171 ], [ -46.64561, -23.63332 ], [ -46.64295, -23.63283 ], [ -46.64031, -23.63511 ], [ -46.64143, -23.63825 ], [ -46.64192, -23.64008 ], [ -46.64078, -23.64519 ], [ -46.63975, -23.6469 ], [ -46.64063, -23.64963 ], [ -46.64003, -23.65174 ], [ -46.63791, -23.65274 ], [ -46.63643, -23.6573 ], [ -46.636, -23.65903 ], [ -46.63632, -23.66133 ], [ -46.63765, -23.66253 ], [ -46.63789, -23.66538 ], [ -46.63858, -23.66659 ] ] } },
{ "type": "Feature", "properties": { "name": "Ribeirão Traição", "k": "river" }, "geometry": { "type": "MultiLineString", "coordinates": [ [ [ -46.67381, -23.61167 ], [ -46.67679, -23.60839 ], [ -46.67842, -23.60705 ], [ -46.67979, -23.60399 ], [ -46.68486, -23.60021 ], [ -46.68823, -23.59827 ] ], [ [ -46.68823, -23.59827 ], [ -46.69185, -23.59642 ], [ -46.69353, -23.59342 ] ] ] } },
{ "type": "Feature", "properties": { "name": "Riacho da Uberaba", "k": "river" }, "geometry": { "type": "LineString", "coordinates": [ [ -46.67192, -23.59856 ], [ -46.67387, -23.59789 ], [ -46.67505, -23.59767 ], [ -46.67659, -23.59801 ], [ -46.68181, -23.59783 ], [ -46.68823, -23.59827 ] ] } },
{ "type": "Feature", "properties": { "name": "Córrego Poá", "k": "river" }, "geometry": { "type": "MultiLineString", "coordinates": [ [ [ -46.75286, -23.60477 ], [ -46.75257, -23.60496 ], [ -46.75233, -23.60578 ], [ -46.75213, -23.60596 ], [ -46.75161, -23.60612 ] ], [ [ -46.75417, -23.60521 ], [ -46.75404, -23.60515 ] ], [ [ -46.75353, -23.60488 ], [ -46.75317, -23.60475 ] ], [ [ -46.75366, -23.60493 ], [ -46.75353, -23.60488 ] ], [ [ -46.75317, -23.60475 ], [ -46.75286, -23.60477 ] ], [ [ -46.75404, -23.60515 ], [ -46.75366, -23.60493 ] ], [ [ -46.80883, -23.61757 ], [ -46.8085, -23.61748 ], [ -46.80744, -23.61745 ], [ -46.80616, -23.61764 ], [ -46.80306, -23.617 ], [ -46.80126, -23.61727 ], [ -46.79995, -23.61732 ], [ -46.79972, -23.61736 ], [ -46.7993, -23.61762 ], [ -46.79842, -23.61756 ], [ -46.7981, -23.61777 ] ], [ [ -46.79128, -23.61492 ], [ -46.78922, -23.61414 ], [ -46.78794, -23.6135 ], [ -46.7851, -23.61295 ], [ -46.78483, -23.61286 ], [ -46.78423, -23.61241 ], [ -46.78153, -23.61195 ], [ -46.78122, -23.61174 ], [ -46.78066, -23.61161 ], [ -46.77991, -23.61186 ], [ -46.77951, -23.6118 ], [ -46.77848, -23.61094 ], [ -46.77681, -23.61062 ], [ -46.77654, -23.61043 ], [ -46.77598, -23.60938 ], [ -46.77572, -23.60911 ], [ -46.77535, -23.609 ], [ -46.774, -23.60895 ], [ -46.77313, -23.60834 ], [ -46.77001, -23.60827 ], [ -46.76961, -23.60785 ], [ -46.76813, -23.60705 ], [ -46.76759, -23.60646 ], [ -46.7668, -23.60617 ], [ -46.76509, -23.60594 ], [ -46.76327, -23.60542 ], [ -46.76167, -23.60548 ], [ -46.76003, -23.6053 ], [ -46.75965, -23.60544 ], [ -46.75883, -23.60609 ], [ -46.75774, -23.60649 ], [ -46.75604, -23.60594 ], [ -46.75535, -23.60581 ], [ -46.75417, -23.60521 ] ] ] } },
{ "type": "Feature", "properties": { "name": "Rio Pequeno", "k": "river" }, "geometry": { "type": "MultiLineString", "coordinates": [ [ [ -46.76982, -23.57992 ], [ -46.76964, -23.57979 ] ], [ [ -46.39591, -23.8066 ], [ -46.39534, -23.80661 ], [ -46.39465, -23.80619 ], [ -46.39439, -23.80553 ], [ -46.39436, -23.80519 ], [ -46.39385, -23.80372 ], [ -46.39381, -23.8015 ], [ -46.39353, -23.8005 ], [ -46.39355, -23.79934 ], [ -46.39381, -23.79909 ], [ -46.39413, -23.79893 ], [ -46.39501, -23.79875 ], [ -46.39594, -23.799 ], [ -46.39624, -23.7989 ], [ -46.3963, -23.79857 ], [ -46.39625, -23.79724 ], [ -46.39648, -23.79648 ], [ -46.39753, -23.79592 ], [ -46.39783, -23.79561 ], [ -46.39783, -23.79529 ], [ -46.39794, -23.79512 ], [ -46.39836, -23.79514 ], [ -46.40019, -23.79457 ], [ -46.40012, -23.79432 ], [ -46.39979, -23.79406 ], [ -46.39993, -23.79379 ], [ -46.40013, -23.79383 ], [ -46.40026, -23.79368 ], [ -46.4006, -23.79374 ], [ -46.40119, -23.79324 ], [ -46.40174, -23.79308 ], [ -46.40211, -23.79319 ], [ -46.40216, -23.79332 ], [ -46.40234, -23.7928 ], [ -46.40255, -23.79278 ], [ -46.40273, -23.79293 ], [ -46.40271, -23.79254 ], [ -46.40297, -23.79253 ], [ -46.40282, -23.79279 ], [ -46.40309, -23.79283 ], [ -46.40309, -23.79271 ], [ -46.40327, -23.79254 ], [ -46.40323, -23.79235 ], [ -46.40339, -23.79229 ], [ -46.40329, -23.79223 ], [ -46.40334, -23.79218 ], [ -46.40383, -23.79189 ], [ -46.4044, -23.79173 ], [ -46.4047, -23.7914 ], [ -46.40504, -23.79138 ], [ -46.40521, -23.79119 ], [ -46.40579, -23.79108 ], [ -46.40749, -23.79163 ], [ -46.40801, -23.7919 ], [ -46.40906, -23.79328 ], [ -46.40928, -23.79316 ], [ -46.40949, -23.79325 ], [ -46.40986, -23.79319 ], [ -46.41021, -23.79287 ], [ -46.41039, -23.79244 ], [ -46.41052, -23.79235 ], [ -46.41101, -23.79253 ], [ -46.41127, -23.79275 ], [ -46.41167, -23.79281 ], [ -46.41163, -23.793 ], [ -46.41174, -23.79311 ], [ -46.41245, -23.7932 ], [ -46.41287, -23.7931 ], [ -46.41308, -23.79334 ], [ -46.41327, -23.79318 ], [ -46.41354, -23.79343 ], [ -46.4139, -23.79317 ], [ -46.41412, -23.79319 ], [ -46.41428, -23.7931 ], [ -46.41473, -23.7932 ], [ -46.41479, -23.7933 ], [ -46.41459, -23.79351 ], [ -46.41501, -23.79374 ], [ -46.41532, -23.79415 ], [ -46.41576, -23.79419 ], [ -46.41611, -23.79412 ], [ -46.41621, -23.79422 ], [ -46.41616, -23.7944 ], [ -46.41636, -23.79454 ], [ -46.41669, -23.79433 ], [ -46.41715, -23.7944 ], [ -46.41723, -23.79416 ], [ -46.41711, -23.79357 ], [ -46.41728, -23.7935 ], [ -46.41769, -23.79406 ], [ -46.41837, -23.79402 ], [ -46.41845, -23.79409 ], [ -46.41848, -23.79426 ], [ -46.41814, -23.79443 ], [ -46.41808, -23.7946 ], [ -46.41841, -23.79449 ], [ -46.41878, -23.79467 ], [ -46.41907, -23.79464 ], [ -46.41936, -23.79451 ], [ -46.41945, -23.79361 ], [ -46.4202, -23.79339 ], [ -46.42028, -23.79329 ], [ -46.42027, -23.79276 ], [ -46.42078, -23.79261 ], [ -46.42078, -23.79232 ], [ -46.42137, -23.79197 ], [ -46.42167, -23.79165 ], [ -46.42171, -23.79117 ], [ -46.42148, -23.7911 ], [ -46.42184, -23.79102 ], [ -46.42209, -23.79109 ] ] ] } },
{ "type": "Feature", "properties": { "name": "Crista de Osasco", "k": "ridge" }, "geometry": { "type": "LineString", "coordinates": [ [ -46.74193, -23.54137 ], [ -46.74318, -23.54294 ], [ -46.74451, -23.54294 ], [ -46.74545, -23.54475 ], [ -46.74923, -23.54566 ], [ -46.75073, -23.54817 ], [ -46.75305, -23.54806 ], [ -46.75498, -23.54715 ], [ -46.75738, -23.5488 ], [ -46.76013, -23.54971 ], [ -46.75957, -23.55313 ], [ -46.76004, -23.55549 ], [ -46.76386, -23.55761 ], [ -46.76331, -23.55931 ], [ -46.76451, -23.56115 ], [ -46.76541, -23.5634 ], [ -46.76721, -23.56355 ], [ -46.76846, -23.56253 ], [ -46.77017, -23.5647 ], [ -46.7715, -23.56509 ], [ -46.77309, -23.56816 ], [ -46.77279, -23.5702 ], [ -46.77597, -23.57063 ], [ -46.7797, -23.57162 ], [ -46.7821, -23.57449 ], [ -46.78584, -23.57418 ], [ -46.78734, -23.57681 ], [ -46.78953, -23.57756 ], [ -46.79279, -23.58023 ], [ -46.79472, -23.58255 ], [ -46.79841, -23.58385 ], [ -46.80253, -23.58326 ], [ -46.80678, -23.58468 ], [ -46.80725, -23.58605 ], [ -46.80532, -23.58802 ], [ -46.80669, -23.59203 ], [ -46.80721, -23.59412 ], [ -46.80922, -23.59506 ], [ -46.80957, -23.5984 ], [ -46.81034, -23.59982 ], [ -46.80815, -23.60119 ], [ -46.80815, -23.60202 ], [ -46.8097, -23.60328 ], [ -46.80819, -23.60422 ], [ -46.80811, -23.60643 ], [ -46.80901, -23.60839 ], [ -46.8096, -23.60934 ] ] } },
{ "type": "Feature", "properties": { "name": "Ribeirão Bussocaba", "k": "river" }, "geometry": { "type": "MultiLineString", "coordinates": [ [ [ -46.77246, -23.5428 ], [ -46.77264, -23.54179 ], [ -46.77275, -23.53837 ] ], [ [ -46.7809, -23.55545 ], [ -46.78075, -23.55493 ], [ -46.78028, -23.55426 ], [ -46.77891, -23.55322 ], [ -46.77741, -23.55175 ], [ -46.77688, -23.55072 ], [ -46.77614, -23.54858 ], [ -46.77581, -23.54806 ], [ -46.77527, -23.54765 ], [ -46.77318, -23.54703 ], [ -46.77258, -23.54655 ], [ -46.77238, -23.54615 ], [ -46.77206, -23.54483 ], [ -46.77246, -23.5428 ] ], [ [ -46.77361, -23.53003 ], [ -46.77404, -23.52811 ], [ -46.77398, -23.52718 ] ], [ [ -46.77398, -23.52718 ], [ -46.77332, -23.52361 ], [ -46.77344, -23.52263 ], [ -46.77375, -23.52224 ] ], [ [ -46.77309, -23.53258 ], [ -46.77361, -23.53003 ] ], [ [ -46.77275, -23.53837 ], [ -46.77306, -23.5328 ] ] ] } },
{ "type": "Feature", "properties": { "name": "Córrego João Alves", "k": "river" }, "geometry": { "type": "MultiLineString", "coordinates": [ [ [ -46.78817, -23.54284 ], [ -46.78808, -23.54216 ], [ -46.78804, -23.53905 ] ], [ [ -46.79211, -23.52619 ], [ -46.79244, -23.52536 ], [ -46.79283, -23.52232 ] ], [ [ -46.79145, -23.52771 ], [ -46.79211, -23.52619 ] ], [ [ -46.78803, -23.53892 ], [ -46.7877, -23.53536 ], [ -46.78729, -23.53437 ], [ -46.78739, -23.53373 ], [ -46.78802, -23.53276 ], [ -46.78993, -23.53139 ], [ -46.79019, -23.5311 ], [ -46.79065, -23.53032 ], [ -46.79145, -23.52771 ] ] ] } },
{ "type": "Feature", "properties": { "name": "Riacho dos Metalúrgicos", "k": "river" }, "geometry": { "type": "MultiLineString", "coordinates": [ [ [ -46.80189, -23.57236 ], [ -46.8034, -23.57101 ] ], [ [ -46.8034, -23.57101 ], [ -46.80415, -23.57095 ], [ -46.80498, -23.57071 ], [ -46.80563, -23.57086 ], [ -46.80634, -23.57081 ], [ -46.80676, -23.57104 ], [ -46.80723, -23.57103 ], [ -46.80755, -23.57082 ], [ -46.80774, -23.57015 ] ], [ [ -46.80784, -23.56998 ], [ -46.80832, -23.5697 ], [ -46.80933, -23.56978 ], [ -46.81086, -23.56874 ], [ -46.81173, -23.56852 ], [ -46.81217, -23.56852 ], [ -46.81244, -23.56868 ], [ -46.81327, -23.56872 ] ], [ [ -46.81327, -23.56872 ], [ -46.8146, -23.56934 ] ], [ [ -46.79495, -23.57565 ], [ -46.79568, -23.57577 ], [ -46.79629, -23.57563 ], [ -46.79706, -23.57559 ], [ -46.79742, -23.57533 ], [ -46.7986, -23.57483 ], [ -46.80103, -23.57278 ], [ -46.80171, -23.5725 ] ] ] } },
{ "type": "Feature", "properties": { "name": "Ribeirão Carapicuíba", "k": "river" }, "geometry": { "type": "MultiLineString", "coordinates": [ [ [ -46.81518, -23.56904 ], [ -46.81606, -23.56866 ], [ -46.81625, -23.56843 ] ], [ [ -46.81488, -23.56916 ], [ -46.81518, -23.56904 ] ], [ [ -46.81471, -23.57171 ], [ -46.81472, -23.57146 ], [ -46.81502, -23.57102 ], [ -46.8144, -23.56965 ], [ -46.81449, -23.56944 ], [ -46.81488, -23.56916 ] ], [ [ -46.81739, -23.56691 ], [ -46.81811, -23.56577 ], [ -46.8182, -23.56532 ], [ -46.81788, -23.56252 ], [ -46.81792, -23.56209 ], [ -46.81828, -23.56146 ], [ -46.82061, -23.55882 ], [ -46.8208, -23.55839 ], [ -46.82075, -23.55793 ], [ -46.82035, -23.55736 ], [ -46.82032, -23.55714 ], [ -46.82005, -23.55683 ], [ -46.82001, -23.55587 ] ], [ [ -46.8208, -23.54741 ], [ -46.82063, -23.54699 ] ], [ [ -46.82063, -23.54699 ], [ -46.82062, -23.54684 ] ], [ [ -46.82077, -23.55282 ], [ -46.82065, -23.55238 ], [ -46.82109, -23.55042 ], [ -46.82144, -23.54994 ], [ -46.82186, -23.54902 ], [ -46.82187, -23.54871 ], [ -46.82157, -23.54809 ], [ -46.8208, -23.54741 ] ], [ [ -46.82062, -23.54684 ], [ -46.82068, -23.54645 ], [ -46.82131, -23.54544 ], [ -46.82132, -23.54513 ], [ -46.82073, -23.5436 ], [ -46.81968, -23.54302 ] ], [ [ -46.81968, -23.54302 ], [ -46.81801, -23.54207 ], [ -46.81779, -23.54177 ] ], [ [ -46.81566, -23.51505 ], [ -46.81559, -23.51477 ], [ -46.81573, -23.51399 ] ], [ [ -46.8162, -23.51623 ], [ -46.81566, -23.51505 ] ], [ [ -46.81757, -23.51953 ], [ -46.81743, -23.51886 ], [ -46.81671, -23.5175 ], [ -46.8162, -23.51623 ] ], [ [ -46.81744, -23.52348 ], [ -46.81747, -23.52318 ], [ -46.81733, -23.52281 ], [ -46.81724, -23.52169 ], [ -46.81733, -23.52093 ], [ -46.81754, -23.52018 ], [ -46.81757, -23.51953 ] ], [ [ -46.81648, -23.52516 ], [ -46.81659, -23.5248 ], [ -46.81744, -23.52348 ] ], [ [ -46.81779, -23.54177 ], [ -46.81732, -23.5397 ], [ -46.81752, -23.534 ], [ -46.81739, -23.53074 ], [ -46.81729, -23.53016 ], [ -46.81659, -23.52875 ], [ -46.81648, -23.52516 ] ] ] } },
{ "type": "Feature", "properties": { "name": "Riacho Itaim", "k": "river" }, "geometry": { "type": "LineString", "coordinates": [ [ -46.79025, -23.58475 ], [ -46.7901, -23.58441 ], [ -46.78847, -23.58353 ], [ -46.78815, -23.5832 ], [ -46.78797, -23.5826 ], [ -46.78788, -23.58255 ], [ -46.78696, -23.58228 ], [ -46.78547, -23.58221 ], [ -46.78355, -23.58274 ] ] } },
{ "type": "Feature", "properties": { "name": "Crista do Morro do Jaguaré", "k": "ridge" }, "geometry": { "type": "LineString", "coordinates": [ [ -46.73737, -23.57706 ], [ -46.74147, -23.57737 ], [ -46.74224, -23.57769 ], [ -46.74219, -23.57858 ], [ -46.74249, -23.58013 ], [ -46.74249, -23.58081 ], [ -46.74267, -23.58148 ], [ -46.74441, -23.58276 ], [ -46.7456, -23.58429 ], [ -46.7467, -23.58655 ], [ -46.74844, -23.58734 ], [ -46.75005, -23.5866 ], [ -46.75405, -23.58677 ], [ -46.75592, -23.58707 ], [ -46.75632, -23.58881 ], [ -46.75656, -23.59063 ], [ -46.75725, -23.59252 ], [ -46.7605, -23.59467 ], [ -46.76111, -23.5953 ], [ -46.76107, -23.5963 ], [ -46.76695, -23.59962 ], [ -46.76818, -23.60048 ], [ -46.77056, -23.60034 ], [ -46.77245, -23.59978 ], [ -46.77441, -23.60072 ], [ -46.77462, -23.60165 ], [ -46.77552, -23.60312 ], [ -46.77778, -23.60278 ], [ -46.77914, -23.60225 ], [ -46.78043, -23.60376 ], [ -46.78122, -23.60404 ], [ -46.78345, -23.60321 ], [ -46.78604, -23.60459 ], [ -46.78761, -23.60473 ], [ -46.7888, -23.60634 ], [ -46.79049, -23.60641 ], [ -46.79197, -23.60539 ], [ -46.79331, -23.60529 ], [ -46.79468, -23.60598 ], [ -46.79677, -23.60486 ], [ -46.79838, -23.60502 ], [ -46.8, -23.60759 ], [ -46.80358, -23.60846 ], [ -46.80569, -23.60936 ], [ -46.80693, -23.60951 ], [ -46.8096, -23.60934 ], [ -46.81053, -23.61108 ], [ -46.81312, -23.6108 ], [ -46.81506, -23.61118 ], [ -46.81634, -23.61335 ], [ -46.81918, -23.61343 ], [ -46.8204, -23.61514 ], [ -46.82204, -23.61836 ], [ -46.82343, -23.61959 ], [ -46.82497, -23.62002 ], [ -46.8306, -23.62344 ], [ -46.8333, -23.62412 ] ] } },
{ "type": "Feature", "properties": { "name": "Rio Cotia", "k": "river" }, "geometry": { "type": "MultiLineString", "coordinates": [ [ [ -46.8907, -23.60788 ], [ -46.89068, -23.60779 ] ], [ [ -46.89068, -23.60779 ], [ -46.89073, -23.60755 ], [ -46.89112, -23.60756 ], [ -46.89124, -23.60721 ], [ -46.89063, -23.60667 ], [ -46.89054, -23.60652 ], [ -46.89065, -23.60636 ], [ -46.89059, -23.6063 ], [ -46.88907, -23.60566 ], [ -46.88869, -23.60591 ], [ -46.88797, -23.60594 ], [ -46.88759, -23.60581 ], [ -46.88718, -23.6054 ], [ -46.88707, -23.60514 ], [ -46.887, -23.60453 ], [ -46.88712, -23.60437 ], [ -46.88708, -23.60428 ], [ -46.88665, -23.60426 ], [ -46.88571, -23.60295 ], [ -46.88532, -23.6029 ], [ -46.88489, -23.60269 ], [ -46.8847, -23.60239 ], [ -46.88401, -23.60203 ], [ -46.88337, -23.60095 ], [ -46.88259, -23.6009 ], [ -46.88177, -23.60196 ], [ -46.88068, -23.60273 ], [ -46.88028, -23.60232 ], [ -46.87999, -23.60236 ], [ -46.87919, -23.60209 ], [ -46.87881, -23.60207 ], [ -46.87822, -23.60109 ], [ -46.87746, -23.60037 ], [ -46.8774, -23.59985 ], [ -46.87765, -23.59961 ], [ -46.87766, -23.5993 ], [ -46.8779, -23.59924 ], [ -46.87819, -23.59902 ], [ -46.87833, -23.59836 ], [ -46.8788, -23.59782 ], [ -46.87894, -23.59738 ], [ -46.87897, -23.59665 ], [ -46.87957, -23.59563 ], [ -46.87935, -23.5953 ], [ -46.87924, -23.59492 ], [ -46.87896, -23.59464 ], [ -46.87874, -23.5938 ], [ -46.87838, -23.59338 ], [ -46.87827, -23.59281 ], [ -46.87819, -23.59102 ], [ -46.87848, -23.59084 ], [ -46.87864, -23.59043 ], [ -46.87875, -23.58957 ], [ -46.87839, -23.58866 ], [ -46.87874, -23.58793 ], [ -46.87871, -23.58777 ], [ -46.87826, -23.58709 ], [ -46.87831, -23.58669 ], [ -46.87817, -23.58645 ], [ -46.87744, -23.58613 ], [ -46.87804, -23.58597 ], [ -46.87851, -23.58564 ], [ -46.87873, -23.58517 ], [ -46.87859, -23.5848 ], [ -46.87839, -23.5846 ], [ -46.87847, -23.58426 ], [ -46.87873, -23.58416 ], [ -46.87934, -23.58424 ], [ -46.88054, -23.5835 ] ], [ [ -46.88054, -23.5835 ], [ -46.8811, -23.58299 ], [ -46.88171, -23.58297 ], [ -46.88201, -23.58279 ], [ -46.88229, -23.58216 ], [ -46.88251, -23.582 ], [ -46.88297, -23.58204 ], [ -46.88327, -23.58193 ], [ -46.88345, -23.58162 ], [ -46.88368, -23.58159 ], [ -46.88394, -23.58136 ], [ -46.88396, -23.58121 ], [ -46.88385, -23.58106 ], [ -46.8839, -23.58095 ], [ -46.88412, -23.5809 ], [ -46.8851, -23.58016 ], [ -46.88524, -23.57993 ], [ -46.8851, -23.57957 ], [ -46.88482, -23.57941 ], [ -46.88401, -23.57921 ], [ -46.88334, -23.57931 ], [ -46.88312, -23.57925 ], [ -46.88292, -23.57913 ], [ -46.88274, -23.57884 ], [ -46.88246, -23.57868 ], [ -46.8818, -23.5786 ], [ -46.8809, -23.57826 ], [ -46.88054, -23.57794 ], [ -46.88047, -23.57758 ], [ -46.87968, -23.57636 ], [ -46.87963, -23.57475 ], [ -46.87845, -23.57331 ], [ -46.87799, -23.57259 ], [ -46.87532, -23.57026 ], [ -46.87528, -23.56996 ] ], [ [ -46.87528, -23.56996 ], [ -46.87572, -23.56877 ], [ -46.87568, -23.56837 ], [ -46.87634, -23.56717 ], [ -46.87646, -23.56655 ], [ -46.87643, -23.56636 ], [ -46.87565, -23.56502 ] ], [ [ -46.87565, -23.56502 ], [ -46.87547, -23.56459 ], [ -46.87544, -23.56267 ], [ -46.87561, -23.56059 ], [ -46.8754, -23.56045 ], [ -46.87452, -23.56059 ], [ -46.87381, -23.56115 ], [ -46.8725, -23.56136 ], [ -46.87202, -23.56109 ], [ -46.87187, -23.5609 ], [ -46.87233, -23.56091 ], [ -46.87246, -23.56081 ], [ -46.87247, -23.56066 ], [ -46.87147, -23.56055 ], [ -46.87112, -23.55999 ], [ -46.87116, -23.55985 ], [ -46.87162, -23.55977 ], [ -46.87159, -23.55952 ], [ -46.87182, -23.55869 ], [ -46.87269, -23.55824 ], [ -46.8727, -23.55794 ], [ -46.87226, -23.55767 ], [ -46.87115, -23.55746 ], [ -46.87073, -23.55725 ], [ -46.87066, -23.55699 ], [ -46.87085, -23.55676 ], [ -46.87196, -23.55624 ], [ -46.87218, -23.55591 ], [ -46.87217, -23.55532 ], [ -46.87231, -23.55452 ], [ -46.87192, -23.55387 ], [ -46.87153, -23.55362 ], [ -46.87116, -23.55396 ], [ -46.8701, -23.55424 ], [ -46.86976, -23.5542 ], [ -46.86944, -23.55386 ], [ -46.86913, -23.5541 ], [ -46.86905, -23.55392 ], [ -46.86888, -23.55391 ], [ -46.86887, -23.5541 ], [ -46.86875, -23.55422 ], [ -46.86845, -23.55424 ], [ -46.86829, -23.55412 ], [ -46.86773, -23.55423 ], [ -46.86799, -23.55476 ], [ -46.86796, -23.55504 ], [ -46.86748, -23.55519 ], [ -46.86709, -23.55521 ], [ -46.8667, -23.55504 ], [ -46.86647, -23.55453 ], [ -46.86663, -23.55399 ], [ -46.86648, -23.55374 ], [ -46.86594, -23.55399 ], [ -46.86568, -23.55391 ], [ -46.86573, -23.55368 ], [ -46.86559, -23.55366 ], [ -46.86496, -23.55404 ], [ -46.86491, -23.55431 ], [ -46.86444, -23.5544 ], [ -46.86379, -23.55378 ], [ -46.86371, -23.55406 ], [ -46.86386, -23.55456 ], [ -46.86372, -23.5547 ], [ -46.86352, -23.55463 ], [ -46.86306, -23.55388 ], [ -46.86331, -23.55361 ], [ -46.86323, -23.55334 ], [ -46.86308, -23.55309 ], [ -46.86271, -23.55293 ], [ -46.8627, -23.55259 ], [ -46.86229, -23.55226 ], [ -46.86216, -23.5519 ], [ -46.86248, -23.55074 ], [ -46.86236, -23.54979 ], [ -46.86276, -23.54939 ], [ -46.86355, -23.54888 ], [ -46.86374, -23.54866 ], [ -46.86372, -23.54839 ], [ -46.86346, -23.54789 ], [ -46.86298, -23.54784 ], [ -46.8625, -23.54743 ], [ -46.8612, -23.54558 ], [ -46.86046, -23.54516 ], [ -46.8604, -23.54492 ], [ -46.86053, -23.54464 ] ], [ [ -46.86053, -23.54464 ], [ -46.86187, -23.54505 ], [ -46.86213, -23.54487 ] ], [ [ -46.86256, -23.5393 ], [ -46.86222, -23.53915 ], [ -46.8621, -23.5388 ], [ -46.86224, -23.53818 ] ], [ [ -46.86213, -23.54487 ], [ -46.86208, -23.5433 ], [ -46.86259, -23.54199 ], [ -46.86245, -23.54184 ], [ -46.86212, -23.54178 ], [ -46.86187, -23.54146 ], [ -46.86174, -23.54036 ], [ -46.86206, -23.53993 ], [ -46.86265, -23.5396 ], [ -46.86267, -23.53938 ], [ -46.86256, -23.5393 ] ], [ [ -46.85311, -23.51079 ], [ -46.85303, -23.51038 ] ], [ [ -46.85388, -23.5124 ], [ -46.85385, -23.51222 ], [ -46.85313, -23.51113 ], [ -46.85311, -23.51079 ] ], [ [ -46.86224, -23.53818 ], [ -46.86204, -23.5379 ], [ -46.86189, -23.53742 ], [ -46.86162, -23.53725 ], [ -46.86094, -23.53727 ], [ -46.86081, -23.53717 ], [ -46.8612, -23.53621 ], [ -46.86155, -23.53595 ], [ -46.86158, -23.53577 ], [ -46.86142, -23.53546 ], [ -46.86181, -23.5351 ], [ -46.862, -23.53464 ], [ -46.86165, -23.53401 ], [ -46.86102, -23.53342 ], [ -46.86078, -23.53274 ], [ -46.86098, -23.53258 ], [ -46.86161, -23.53243 ], [ -46.86171, -23.53233 ], [ -46.86233, -23.53144 ], [ -46.86247, -23.53092 ], [ -46.86247, -23.53055 ], [ -46.86231, -23.53023 ], [ -46.86207, -23.53002 ], [ -46.86161, -23.52971 ], [ -46.86042, -23.52918 ], [ -46.86004, -23.52794 ], [ -46.86012, -23.52698 ], [ -46.86079, -23.52604 ], [ -46.86095, -23.52592 ], [ -46.86158, -23.52593 ], [ -46.86183, -23.52575 ], [ -46.86204, -23.52542 ], [ -46.86212, -23.52485 ], [ -46.86245, -23.52429 ], [ -46.86241, -23.52248 ], [ -46.8619, -23.52205 ], [ -46.86166, -23.52201 ], [ -46.86037, -23.52318 ], [ -46.86015, -23.52322 ], [ -46.86012, -23.52302 ], [ -46.86032, -23.5224 ], [ -46.86024, -23.5221 ], [ -46.85967, -23.52199 ], [ -46.85884, -23.52072 ], [ -46.85816, -23.52061 ], [ -46.85699, -23.52002 ], [ -46.85677, -23.51963 ], [ -46.85653, -23.51844 ], [ -46.85623, -23.51822 ], [ -46.85584, -23.51831 ], [ -46.85545, -23.51827 ], [ -46.85529, -23.51802 ], [ -46.85518, -23.51749 ], [ -46.85438, -23.51705 ], [ -46.85366, -23.51508 ], [ -46.85311, -23.51441 ], [ -46.85305, -23.51421 ], [ -46.85307, -23.51317 ], [ -46.85368, -23.51268 ], [ -46.85388, -23.5124 ] ], [ [ -46.95865, -23.71595 ], [ -46.95838, -23.71541 ], [ -46.95884, -23.71484 ], [ -46.9588, -23.7144 ], [ -46.95889, -23.71395 ], [ -46.95856, -23.71365 ], [ -46.95873, -23.71273 ], [ -46.95869, -23.71243 ], [ -46.95828, -23.71176 ], [ -46.95813, -23.71169 ], [ -46.95787, -23.71183 ], [ -46.95733, -23.71361 ], [ -46.95659, -23.71337 ], [ -46.95648, -23.71342 ], [ -46.95644, -23.71363 ], [ -46.95562, -23.7141 ], [ -46.95529, -23.71453 ], [ -46.95497, -23.71451 ], [ -46.95434, -23.71439 ], [ -46.95379, -23.71412 ], [ -46.95289, -23.71311 ], [ -46.95092, -23.71169 ], [ -46.95058, -23.71097 ], [ -46.95054, -23.71046 ], [ -46.95065, -23.71003 ], [ -46.95131, -23.70947 ], [ -46.95195, -23.70913 ], [ -46.95217, -23.70877 ], [ -46.95221, -23.7067 ], [ -46.95246, -23.70618 ], [ -46.95245, -23.70573 ], [ -46.9526, -23.70557 ], [ -46.95248, -23.70508 ], [ -46.95303, -23.70425 ], [ -46.95306, -23.7032 ], [ -46.95284, -23.70241 ], [ -46.95278, -23.70136 ], [ -46.9529, -23.70073 ], [ -46.95326, -23.69985 ], [ -46.95319, -23.69921 ], [ -46.95198, -23.69771 ], [ -46.95108, -23.69723 ], [ -46.95076, -23.69737 ], [ -46.95049, -23.69736 ], [ -46.95058, -23.69662 ], [ -46.95023, -23.69661 ], [ -46.94991, -23.69635 ], [ -46.94947, -23.69622 ], [ -46.9495, -23.69595 ], [ -46.94979, -23.69564 ], [ -46.94978, -23.6955 ], [ -46.94946, -23.69525 ], [ -46.94937, -23.69503 ], [ -46.94978, -23.695 ], [ -46.95, -23.69471 ], [ -46.95059, -23.69477 ], [ -46.95087, -23.69458 ], [ -46.95079, -23.69436 ], [ -46.95027, -23.69421 ], [ -46.94997, -23.69391 ], [ -46.94981, -23.69335 ], [ -46.94957, -23.69319 ], [ -46.94961, -23.69286 ], [ -46.94932, -23.69231 ], [ -46.94876, -23.69186 ], [ -46.94792, -23.69206 ], [ -46.94749, -23.69231 ], [ -46.94713, -23.69226 ], [ -46.94693, -23.69188 ], [ -46.94668, -23.69179 ], [ -46.94651, -23.69156 ], [ -46.94676, -23.69114 ], [ -46.94675, -23.69091 ], [ -46.94656, -23.69034 ], [ -46.94634, -23.69001 ], [ -46.94637, -23.68971 ], [ -46.9468, -23.68937 ], [ -46.9471, -23.68856 ], [ -46.94718, -23.68787 ], [ -46.94709, -23.68694 ], [ -46.94683, -23.68624 ], [ -46.9466, -23.68498 ], [ -46.94623, -23.68432 ], [ -46.94496, -23.68348 ], [ -46.94466, -23.68313 ], [ -46.94435, -23.68235 ], [ -46.94429, -23.68163 ], [ -46.94415, -23.68144 ], [ -46.94394, -23.68133 ], [ -46.94371, -23.68143 ], [ -46.94356, -23.68167 ], [ -46.9433, -23.68176 ], [ -46.94286, -23.68125 ], [ -46.94267, -23.68015 ], [ -46.94184, -23.68033 ], [ -46.94153, -23.68025 ], [ -46.94189, -23.67959 ], [ -46.94163, -23.67924 ], [ -46.94164, -23.679 ], [ -46.94146, -23.67882 ], [ -46.94145, -23.67869 ], [ -46.94174, -23.67859 ], [ -46.94172, -23.67839 ], [ -46.94099, -23.67865 ], [ -46.94086, -23.67864 ], [ -46.94083, -23.67846 ], [ -46.94096, -23.67819 ], [ -46.94087, -23.67811 ], [ -46.94037, -23.67831 ], [ -46.94061, -23.67752 ], [ -46.94091, -23.67754 ], [ -46.94099, -23.67713 ], [ -46.94125, -23.67685 ], [ -46.94155, -23.67686 ], [ -46.9417, -23.67673 ], [ -46.94165, -23.6765 ], [ -46.94193, -23.67628 ], [ -46.94152, -23.67586 ], [ -46.94155, -23.67553 ], [ -46.94122, -23.67507 ], [ -46.9408, -23.675 ], [ -46.94079, -23.67488 ], [ -46.94112, -23.67459 ], [ -46.94173, -23.67484 ], [ -46.94221, -23.67484 ], [ -46.94326, -23.67411 ], [ -46.94335, -23.67388 ], [ -46.9443, -23.67385 ], [ -46.94432, -23.67367 ], [ -46.944, -23.67334 ], [ -46.94398, -23.6732 ], [ -46.94504, -23.67236 ], [ -46.9463, -23.67222 ], [ -46.9473, -23.67232 ], [ -46.94832, -23.67201 ], [ -46.94848, -23.67182 ], [ -46.94848, -23.67153 ], [ -46.9489, -23.67111 ], [ -46.94979, -23.67047 ], [ -46.94991, -23.6701 ], [ -46.95021, -23.67002 ], [ -46.95066, -23.67011 ], [ -46.95102, -23.66963 ], [ -46.95126, -23.66969 ], [ -46.95164, -23.66999 ], [ -46.95166, -23.67045 ], [ -46.95239, -23.67078 ], [ -46.95293, -23.67084 ], [ -46.95286, -23.67128 ], [ -46.95337, -23.67213 ], [ -46.95358, -23.67244 ], [ -46.95418, -23.673 ], [ -46.9554, -23.67456 ], [ -46.95577, -23.67469 ], [ -46.9568, -23.67394 ], [ -46.95716, -23.67351 ], [ -46.95864, -23.67261 ], [ -46.95891, -23.67231 ], [ -46.9591, -23.67184 ], [ -46.95906, -23.67157 ], [ -46.9593, -23.67119 ], [ -46.95988, -23.67093 ], [ -46.96044, -23.67093 ], [ -46.96146, -23.66959 ], [ -46.96331, -23.6679 ], [ -46.96428, -23.66765 ], [ -46.96428, -23.66726 ], [ -46.96452, -23.66719 ], [ -46.96512, -23.66728 ], [ -46.96529, -23.66715 ], [ -46.96584, -23.66707 ], [ -46.96606, -23.66677 ], [ -46.96653, -23.66651 ], [ -46.96533, -23.66616 ], [ -46.96509, -23.66605 ], [ -46.96459, -23.66545 ], [ -46.96432, -23.66551 ], [ -46.96423, -23.66509 ], [ -46.96402, -23.66478 ], [ -46.9639, -23.66386 ], [ -46.9635, -23.66289 ], [ -46.96356, -23.66266 ], [ -46.96442, -23.66259 ], [ -46.96483, -23.66206 ], [ -46.965, -23.66157 ], [ -46.96584, -23.66065 ], [ -46.96722, -23.65848 ], [ -46.96722, -23.65816 ], [ -46.96706, -23.65796 ], [ -46.96653, -23.65772 ], [ -46.96643, -23.65749 ], [ -46.96656, -23.65666 ], [ -46.96581, -23.65551 ], [ -46.96584, -23.65514 ], [ -46.96657, -23.65468 ], [ -46.96748, -23.65453 ], [ -46.96795, -23.65432 ] ], [ [ -46.96308, -23.75444 ], [ -46.96238, -23.75369 ], [ -46.96159, -23.75312 ], [ -46.96108, -23.7497 ], [ -46.96058, -23.74756 ], [ -46.96069, -23.74601 ], [ -46.96099, -23.74461 ], [ -46.96069, -23.74312 ], [ -46.95919, -23.74126 ], [ -46.95694, -23.73764 ], [ -46.95585, -23.73511 ] ], [ [ -46.95585, -23.73511 ], [ -46.96037, -23.72005 ], [ -46.96047, -23.71806 ], [ -46.96, -23.71701 ], [ -46.95869, -23.71597 ] ], [ [ -46.95869, -23.71597 ], [ -46.95865, -23.71595 ] ], [ [ -46.96795, -23.65432 ], [ -46.96813, -23.65377 ] ], [ [ -46.96807, -23.65348 ], [ -46.96809, -23.65319 ], [ -46.96823, -23.65299 ], [ -46.969, -23.65252 ], [ -46.96911, -23.65221 ], [ -46.96899, -23.65145 ], [ -46.9692, -23.65098 ], [ -46.96896, -23.65073 ], [ -46.96875, -23.65026 ], [ -46.96862, -23.64982 ], [ -46.96864, -23.6492 ], [ -46.96888, -23.64906 ], [ -46.97074, -23.64853 ], [ -46.971, -23.64818 ], [ -46.97067, -23.64807 ], [ -46.97004, -23.6481 ], [ -46.96983, -23.64802 ], [ -46.96945, -23.64756 ], [ -46.96913, -23.6475 ], [ -46.96798, -23.64778 ], [ -46.96767, -23.64774 ], [ -46.96693, -23.64729 ], [ -46.96594, -23.64744 ], [ -46.96507, -23.64707 ], [ -46.96461, -23.64709 ], [ -46.96401, -23.64689 ], [ -46.96363, -23.64688 ], [ -46.96324, -23.64624 ], [ -46.9635, -23.64568 ], [ -46.96372, -23.64553 ], [ -46.96367, -23.64536 ], [ -46.96343, -23.64531 ] ], [ [ -46.94469, -23.62901 ], [ -46.94456, -23.629 ], [ -46.94454, -23.62873 ], [ -46.94432, -23.62882 ] ], [ [ -46.953, -23.63568 ], [ -46.95288, -23.63537 ], [ -46.95281, -23.63446 ], [ -46.95232, -23.63379 ], [ -46.95214, -23.63267 ], [ -46.95187, -23.63231 ], [ -46.95143, -23.63206 ], [ -46.95127, -23.63181 ], [ -46.95065, -23.6317 ], [ -46.94953, -23.63198 ], [ -46.94946, -23.6321 ], [ -46.94925, -23.63214 ], [ -46.9489, -23.6319 ], [ -46.9486, -23.63203 ], [ -46.94862, -23.6323 ], [ -46.94852, -23.63239 ], [ -46.94799, -23.63244 ], [ -46.94788, -23.63221 ], [ -46.94765, -23.63228 ], [ -46.94736, -23.63179 ], [ -46.94665, -23.63099 ], [ -46.94632, -23.63089 ], [ -46.94583, -23.63105 ], [ -46.94548, -23.63101 ], [ -46.9452, -23.63085 ], [ -46.94505, -23.63052 ], [ -46.94463, -23.63028 ], [ -46.94455, -23.63013 ], [ -46.94489, -23.62909 ], [ -46.94474, -23.62898 ], [ -46.9445, -23.6292 ], [ -46.94436, -23.62906 ], [ -46.94432, -23.62882 ] ], [ [ -46.96343, -23.64531 ], [ -46.96244, -23.6447 ], [ -46.96249, -23.64434 ], [ -46.9623, -23.6442 ], [ -46.96226, -23.64404 ], [ -46.96243, -23.6439 ], [ -46.96245, -23.64373 ], [ -46.96217, -23.64345 ], [ -46.96206, -23.64343 ], [ -46.96196, -23.64357 ], [ -46.96195, -23.64329 ], [ -46.96179, -23.64337 ], [ -46.96128, -23.64339 ], [ -46.96119, -23.64306 ], [ -46.96108, -23.64296 ], [ -46.96042, -23.64309 ], [ -46.95948, -23.64282 ], [ -46.95869, -23.64251 ], [ -46.95787, -23.64185 ], [ -46.95661, -23.642 ], [ -46.95627, -23.64145 ], [ -46.9552, -23.64105 ], [ -46.95493, -23.6407 ], [ -46.9549, -23.64048 ], [ -46.95502, -23.64008 ], [ -46.95432, -23.63873 ], [ -46.95427, -23.63819 ], [ -46.95405, -23.63754 ], [ -46.95339, -23.6362 ], [ -46.953, -23.63568 ] ], [ [ -46.94432, -23.62882 ], [ -46.9439, -23.6291 ], [ -46.94365, -23.62912 ], [ -46.94344, -23.6294 ], [ -46.94302, -23.62943 ], [ -46.94296, -23.62965 ], [ -46.94279, -23.62923 ], [ -46.94253, -23.62915 ], [ -46.94204, -23.62946 ], [ -46.9419, -23.62986 ], [ -46.94168, -23.62987 ], [ -46.94137, -23.62951 ], [ -46.94114, -23.62884 ], [ -46.9406, -23.6287 ], [ -46.94031, -23.62851 ], [ -46.93958, -23.62855 ], [ -46.93952, -23.62828 ], [ -46.93917, -23.62827 ], [ -46.93925, -23.62797 ], [ -46.93915, -23.62784 ], [ -46.93887, -23.6278 ], [ -46.93876, -23.62765 ], [ -46.93849, -23.62756 ], [ -46.9379, -23.62755 ], [ -46.93732, -23.62685 ], [ -46.93615, -23.62657 ], [ -46.93572, -23.6262 ], [ -46.93475, -23.62581 ], [ -46.93429, -23.62546 ], [ -46.93373, -23.62553 ], [ -46.93344, -23.62575 ], [ -46.93315, -23.62581 ], [ -46.93149, -23.62558 ], [ -46.93118, -23.62571 ], [ -46.93089, -23.6256 ], [ -46.93045, -23.62584 ], [ -46.9297, -23.62545 ], [ -46.92895, -23.62566 ], [ -46.92874, -23.6256 ], [ -46.92834, -23.62583 ], [ -46.92751, -23.62567 ], [ -46.92675, -23.62595 ], [ -46.92601, -23.62587 ], [ -46.92559, -23.62548 ], [ -46.92506, -23.62455 ], [ -46.92485, -23.62382 ], [ -46.92485, -23.62237 ], [ -46.92456, -23.62191 ], [ -46.92434, -23.62096 ], [ -46.92408, -23.62057 ], [ -46.92377, -23.62042 ], [ -46.92225, -23.61877 ], [ -46.92151, -23.61765 ], [ -46.92117, -23.61769 ], [ -46.92063, -23.61796 ], [ -46.92003, -23.61793 ], [ -46.92005, -23.61814 ], [ -46.91956, -23.61829 ], [ -46.91953, -23.61896 ], [ -46.91831, -23.62017 ], [ -46.91823, -23.62072 ], [ -46.91807, -23.62099 ], [ -46.91789, -23.621 ], [ -46.91725, -23.62058 ], [ -46.91721, -23.62039 ], [ -46.91736, -23.62023 ], [ -46.91717, -23.62019 ], [ -46.91713, -23.62 ], [ -46.91687, -23.62 ], [ -46.91692, -23.61954 ], [ -46.91679, -23.61951 ], [ -46.91615, -23.61989 ] ], [ [ -46.938, -23.62396 ], [ -46.9378, -23.62521 ], [ -46.93757, -23.62553 ] ], [ [ -46.91615, -23.61989 ], [ -46.91341, -23.62057 ], [ -46.91287, -23.62085 ], [ -46.91247, -23.62066 ], [ -46.91218, -23.62067 ], [ -46.91167, -23.62018 ], [ -46.91129, -23.62055 ], [ -46.91084, -23.62039 ], [ -46.91069, -23.62 ], [ -46.91096, -23.61962 ], [ -46.91096, -23.61942 ], [ -46.91074, -23.61914 ], [ -46.91033, -23.61904 ], [ -46.91023, -23.61824 ], [ -46.91047, -23.61794 ], [ -46.91019, -23.61755 ], [ -46.91013, -23.61732 ], [ -46.90997, -23.61732 ], [ -46.90973, -23.61752 ], [ -46.90958, -23.6175 ], [ -46.90942, -23.61699 ], [ -46.90896, -23.61699 ], [ -46.90894, -23.61684 ], [ -46.90912, -23.61645 ], [ -46.90903, -23.61635 ], [ -46.9089, -23.61634 ], [ -46.90876, -23.61651 ], [ -46.90833, -23.61647 ], [ -46.90849, -23.61611 ], [ -46.90802, -23.6161 ], [ -46.90794, -23.61602 ], [ -46.90838, -23.61574 ], [ -46.90834, -23.61561 ], [ -46.90769, -23.61544 ], [ -46.90774, -23.6151 ], [ -46.90731, -23.61485 ], [ -46.90752, -23.61475 ], [ -46.9079, -23.61487 ], [ -46.90803, -23.61449 ], [ -46.90839, -23.61439 ], [ -46.90784, -23.61425 ], [ -46.908, -23.6139 ], [ -46.9079, -23.61373 ], [ -46.90807, -23.61365 ], [ -46.90813, -23.61338 ], [ -46.90837, -23.61332 ], [ -46.90829, -23.61282 ], [ -46.90851, -23.6126 ], [ -46.90842, -23.61235 ], [ -46.90798, -23.61223 ] ], [ [ -46.90798, -23.61223 ], [ -46.90781, -23.61205 ] ], [ [ -46.90781, -23.61205 ], [ -46.90749, -23.61122 ], [ -46.90739, -23.61065 ], [ -46.90722, -23.61048 ], [ -46.90666, -23.6104 ], [ -46.90644, -23.61026 ], [ -46.90607, -23.60956 ], [ -46.90608, -23.60939 ], [ -46.90581, -23.60923 ], [ -46.90531, -23.60939 ], [ -46.90495, -23.60915 ], [ -46.90444, -23.60907 ], [ -46.90354, -23.60927 ], [ -46.90355, -23.60942 ], [ -46.90413, -23.6096 ], [ -46.9042, -23.60994 ], [ -46.90395, -23.61009 ], [ -46.90342, -23.61003 ], [ -46.90301, -23.60973 ], [ -46.90217, -23.60962 ], [ -46.90221, -23.60943 ], [ -46.90203, -23.60937 ], [ -46.90147, -23.60948 ], [ -46.90113, -23.60944 ], [ -46.90119, -23.60931 ], [ -46.90106, -23.60921 ], [ -46.90057, -23.60929 ], [ -46.90045, -23.60909 ], [ -46.90008, -23.60901 ], [ -46.89953, -23.60914 ], [ -46.89923, -23.60906 ], [ -46.89851, -23.60938 ], [ -46.89812, -23.6092 ], [ -46.89747, -23.60946 ], [ -46.89725, -23.60917 ], [ -46.89669, -23.60931 ], [ -46.89657, -23.60916 ], [ -46.89596, -23.60896 ], [ -46.89583, -23.60876 ], [ -46.89554, -23.60862 ], [ -46.89465, -23.60896 ], [ -46.89392, -23.60876 ], [ -46.89316, -23.60888 ], [ -46.89303, -23.60897 ], [ -46.89283, -23.60885 ], [ -46.89152, -23.60861 ], [ -46.89149, -23.60809 ], [ -46.89113, -23.60788 ], [ -46.8907, -23.60788 ] ], [ [ -46.96311, -23.76206 ], [ -46.96292, -23.76156 ], [ -46.96219, -23.76075 ], [ -46.96214, -23.76017 ], [ -46.96091, -23.75968 ], [ -46.96078, -23.75955 ], [ -46.96076, -23.75935 ], [ -46.96086, -23.75916 ], [ -46.96176, -23.75853 ], [ -46.96228, -23.75779 ], [ -46.9628, -23.75733 ], [ -46.96301, -23.75638 ], [ -46.96296, -23.75545 ], [ -46.96309, -23.75477 ] ], [ [ -46.96309, -23.75477 ], [ -46.96308, -23.75444 ] ] ] } },
{ "type": "Feature", "properties": { "name": "Córrego", "k": "river" }, "geometry": { "type": "LineString", "coordinates": [ [ -46.8717, -23.57403 ], [ -46.87194, -23.57436 ], [ -46.8727, -23.57621 ], [ -46.87288, -23.57718 ], [ -46.87292, -23.57805 ] ] } },
{ "type": "Feature", "properties": { "name": "Crista de Carapicuiba", "k": "ridge" }, "geometry": { "type": "LineString", "coordinates": [ [ -46.85416, -23.51918 ], [ -46.85167, -23.5202 ], [ -46.84828, -23.52012 ], [ -46.84759, -23.52051 ], [ -46.84635, -23.52327 ], [ -46.84309, -23.52614 ], [ -46.84171, -23.52673 ], [ -46.84081, -23.52807 ], [ -46.83982, -23.52822 ], [ -46.83785, -23.53023 ], [ -46.83588, -23.53027 ], [ -46.83635, -23.53362 ], [ -46.83562, -23.53606 ], [ -46.83502, -23.53979 ], [ -46.83399, -23.54507 ], [ -46.83347, -23.54609 ], [ -46.83506, -23.54967 ], [ -46.83515, -23.55175 ], [ -46.83541, -23.5524 ], [ -46.83648, -23.55482 ], [ -46.83789, -23.55683 ], [ -46.83721, -23.55911 ], [ -46.83742, -23.56174 ], [ -46.83841, -23.56273 ], [ -46.83849, -23.56414 ], [ -46.84231, -23.56702 ], [ -46.84502, -23.56564 ], [ -46.84729, -23.56584 ], [ -46.84931, -23.56536 ], [ -46.85102, -23.56631 ], [ -46.85145, -23.56839 ], [ -46.85321, -23.56989 ], [ -46.85377, -23.57299 ], [ -46.85223, -23.57378 ], [ -46.85038, -23.57433 ], [ -46.84952, -23.57598 ], [ -46.84793, -23.57595 ], [ -46.84712, -23.57728 ], [ -46.84519, -23.57756 ], [ -46.8424, -23.57846 ], [ -46.84103, -23.57956 ], [ -46.83879, -23.58185 ], [ -46.83609, -23.58381 ], [ -46.83403, -23.58617 ], [ -46.82957, -23.59069 ], [ -46.8309, -23.59294 ], [ -46.82957, -23.59659 ], [ -46.82965, -23.59998 ], [ -46.8315, -23.60178 ], [ -46.83287, -23.60143 ], [ -46.83562, -23.59939 ], [ -46.83759, -23.59986 ], [ -46.83781, -23.6019 ], [ -46.8357, -23.60509 ], [ -46.83622, -23.6078 ], [ -46.83781, -23.60859 ], [ -46.83631, -23.6115 ], [ -46.83506, -23.61228 ], [ -46.83437, -23.61468 ], [ -46.83536, -23.61744 ], [ -46.83296, -23.61944 ], [ -46.8333, -23.62302 ], [ -46.8333, -23.62412 ] ] } },
{ "type": "Feature", "properties": { "name": "Riacho da Aldeia", "k": "river" }, "geometry": { "type": "MultiLineString", "coordinates": [ [ [ -46.83008, -23.56755 ], [ -46.82907, -23.5673 ], [ -46.82863, -23.56694 ] ], [ [ -46.82863, -23.56694 ], [ -46.82841, -23.56643 ], [ -46.82859, -23.56607 ], [ -46.82854, -23.56446 ], [ -46.82685, -23.56302 ], [ -46.82642, -23.56162 ] ], [ [ -46.82642, -23.56162 ], [ -46.82635, -23.56139 ] ], [ [ -46.82635, -23.56139 ], [ -46.82619, -23.56081 ] ], [ [ -46.82268, -23.55566 ], [ -46.82194, -23.55513 ], [ -46.82139, -23.55361 ] ], [ [ -46.82122, -23.55325 ], [ -46.82077, -23.55282 ] ], [ [ -46.82139, -23.55361 ], [ -46.82122, -23.55325 ] ] ] } },
{ "type": "Feature", "properties": { "name": "Córrego Afluente dos Mateus", "k": "canal" }, "geometry": { "type": "LineString", "coordinates": [ [ -46.89843, -23.53566 ], [ -46.89829, -23.53527 ] ] } },
{ "type": "Feature", "properties": { "name": "Rio Barueri Mirim", "k": "river" }, "geometry": { "type": "MultiLineString", "coordinates": [ [ [ -46.89393, -23.51903 ], [ -46.89258, -23.51727 ], [ -46.89185, -23.51673 ] ], [ [ -46.89185, -23.51673 ], [ -46.89079, -23.51131 ] ], [ [ -46.93474, -23.53589 ], [ -46.93505, -23.5353 ], [ -46.93498, -23.5351 ], [ -46.93363, -23.53383 ], [ -46.93292, -23.53345 ], [ -46.93046, -23.53346 ], [ -46.92849, -23.53426 ], [ -46.92811, -23.53426 ], [ -46.92231, -23.52928 ], [ -46.92129, -23.52942 ], [ -46.92081, -23.52924 ], [ -46.92027, -23.52878 ], [ -46.91921, -23.52851 ], [ -46.91841, -23.52864 ], [ -46.91792, -23.52862 ], [ -46.9177, -23.52853 ], [ -46.91718, -23.52802 ], [ -46.91651, -23.52804 ], [ -46.91618, -23.52807 ], [ -46.91582, -23.52826 ], [ -46.91383, -23.52856 ], [ -46.91315, -23.52874 ], [ -46.91278, -23.52935 ], [ -46.91242, -23.52974 ], [ -46.91123, -23.53011 ], [ -46.91072, -23.52996 ], [ -46.91011, -23.52962 ], [ -46.90907, -23.52872 ], [ -46.90781, -23.52806 ], [ -46.90577, -23.52741 ], [ -46.90187, -23.52666 ], [ -46.901, -23.52618 ], [ -46.9003, -23.52598 ], [ -46.89851, -23.52584 ], [ -46.89702, -23.52614 ], [ -46.89677, -23.52611 ], [ -46.89585, -23.5256 ], [ -46.89529, -23.52496 ], [ -46.89524, -23.52449 ], [ -46.89554, -23.52351 ], [ -46.89548, -23.52227 ], [ -46.89452, -23.51974 ], [ -46.89393, -23.51903 ] ], [ [ -46.9345, -23.53613 ], [ -46.93474, -23.53589 ] ], [ [ -46.93373, -23.54423 ], [ -46.93539, -23.54309 ], [ -46.93527, -23.54102 ], [ -46.9337, -23.53756 ], [ -46.93368, -23.53719 ], [ -46.93385, -23.53685 ], [ -46.9345, -23.53613 ] ] ] } },
{ "type": "Feature", "properties": { "name": "Ribeiro Guapé", "k": "river" }, "geometry": { "type": "LineString", "coordinates": [ [ -46.90495, -23.51283 ], [ -46.90329, -23.51255 ], [ -46.89838, -23.51149 ], [ -46.89733, -23.51056 ], [ -46.89613, -23.51029 ], [ -46.89519, -23.50994 ], [ -46.89402, -23.50881 ], [ -46.8935, -23.50865 ], [ -46.8923, -23.50871 ], [ -46.89153, -23.50899 ], [ -46.89125, -23.50925 ], [ -46.89101, -23.50975 ], [ -46.89078, -23.51065 ], [ -46.89059, -23.51085 ] ] } },
{ "type": "Feature", "properties": { "name": "Rio Barueri", "k": "river" }, "geometry": { "type": "MultiLineString", "coordinates": [ [ [ -46.89079, -23.51131 ], [ -46.89059, -23.51085 ], [ -46.88856, -23.50974 ], [ -46.88763, -23.50951 ], [ -46.8865, -23.50946 ], [ -46.88519, -23.50958 ], [ -46.8813, -23.51097 ], [ -46.87994, -23.51129 ], [ -46.87532, -23.51121 ], [ -46.87395, -23.51104 ], [ -46.87293, -23.51076 ], [ -46.87173, -23.51016 ], [ -46.87046, -23.50913 ], [ -46.86959, -23.50866 ], [ -46.8648, -23.50718 ], [ -46.86392, -23.50669 ] ], [ [ -46.86392, -23.50669 ], [ -46.86308, -23.50628 ], [ -46.86153, -23.50586 ] ], [ [ -46.86153, -23.50586 ], [ -46.86128, -23.50578 ] ], [ [ -46.86128, -23.50578 ], [ -46.86064, -23.50553 ], [ -46.86027, -23.50525 ], [ -46.85988, -23.50531 ] ] ] } },
{ "type": "Feature", "properties": { "name": "Córrego do Barbeiro", "k": "river" }, "geometry": { "type": "MultiLineString", "coordinates": [ [ [ -46.85813, -23.47424 ], [ -46.86126, -23.47352 ], [ -46.86169, -23.47352 ] ], [ [ -46.86169, -23.47352 ], [ -46.86333, -23.47365 ] ] ] } },
{ "type": "Feature", "properties": { "name": "Morro do Catanumí", "k": "ridge" }, "geometry": { "type": "LineString", "coordinates": [ [ -46.81088, -23.48107 ], [ -46.81327, -23.48087 ], [ -46.81458, -23.47973 ], [ -46.81594, -23.47935 ], [ -46.81645, -23.47848 ], [ -46.81765, -23.47825 ], [ -46.82029, -23.47896 ], [ -46.82274, -23.47911 ] ] } },
{ "type": "Feature", "properties": { "name": "Ribeirão Baronesa", "k": "river" }, "geometry": { "type": "MultiLineString", "coordinates": [ [ [ -46.77845, -23.49377 ], [ -46.77906, -23.49568 ], [ -46.77942, -23.49615 ], [ -46.78013, -23.49661 ], [ -46.78066, -23.49787 ], [ -46.78217, -23.49865 ], [ -46.78366, -23.49886 ] ], [ [ -46.78366, -23.49886 ], [ -46.78382, -23.49894 ], [ -46.78388, -23.49934 ], [ -46.78357, -23.50296 ], [ -46.783, -23.50427 ] ] ] } },
{ "type": "Feature", "properties": { "name": "Ribeirão Vermelho", "k": "river" }, "geometry": { "type": "MultiLineString", "coordinates": [ [ [ -46.77853, -23.52248 ], [ -46.77924, -23.52284 ] ], [ [ -46.77597, -23.51854 ], [ -46.77616, -23.51903 ], [ -46.77595, -23.51941 ], [ -46.77567, -23.52057 ], [ -46.77575, -23.52098 ], [ -46.77719, -23.5214 ], [ -46.77853, -23.52248 ] ], [ [ -46.76913, -23.51031 ], [ -46.7722, -23.51113 ], [ -46.77297, -23.51125 ] ], [ [ -46.75557, -23.49612 ], [ -46.75557, -23.49648 ], [ -46.75631, -23.49674 ], [ -46.75738, -23.49795 ], [ -46.75728, -23.49951 ], [ -46.75737, -23.49972 ], [ -46.75801, -23.49994 ], [ -46.75946, -23.49977 ], [ -46.75984, -23.49999 ], [ -46.76042, -23.50105 ], [ -46.76158, -23.50173 ], [ -46.76204, -23.5028 ], [ -46.76384, -23.50566 ], [ -46.76399, -23.50612 ], [ -46.76396, -23.50642 ], [ -46.76333, -23.50729 ], [ -46.76273, -23.50848 ], [ -46.76273, -23.50876 ], [ -46.763, -23.50904 ] ], [ [ -46.763, -23.50904 ], [ -46.76421, -23.50936 ], [ -46.76541, -23.5094 ], [ -46.76643, -23.50908 ], [ -46.76721, -23.5087 ], [ -46.76762, -23.50869 ], [ -46.76791, -23.50882 ], [ -46.76819, -23.50912 ], [ -46.76834, -23.50945 ], [ -46.76843, -23.51009 ], [ -46.76878, -23.51021 ] ], [ [ -46.77297, -23.51125 ], [ -46.77309, -23.51148 ] ], [ [ -46.77309, -23.51148 ], [ -46.7733, -23.51252 ], [ -46.77402, -23.51381 ], [ -46.77469, -23.51461 ], [ -46.77518, -23.51541 ], [ -46.77597, -23.51854 ] ], [ [ -46.75606, -23.49412 ], [ -46.75595, -23.49513 ], [ -46.75568, -23.49587 ] ], [ [ -46.75568, -23.49587 ], [ -46.75557, -23.49612 ] ], [ [ -46.71378, -23.84858 ], [ -46.71336, -23.84855 ], [ -46.71285, -23.84805 ], [ -46.71187, -23.84859 ], [ -46.71134, -23.84876 ], [ -46.7103, -23.8488 ], [ -46.70931, -23.84937 ], [ -46.70865, -23.84906 ], [ -46.70842, -23.84905 ], [ -46.7079, -23.84921 ], [ -46.70758, -23.84956 ], [ -46.70705, -23.84979 ], [ -46.70634, -23.84956 ], [ -46.70548, -23.8491 ], [ -46.70413, -23.84908 ], [ -46.70414, -23.84869 ], [ -46.70364, -23.84817 ], [ -46.70338, -23.84813 ], [ -46.7032, -23.84789 ], [ -46.70301, -23.84801 ], [ -46.70259, -23.84787 ], [ -46.70262, -23.84752 ], [ -46.70244, -23.84734 ], [ -46.70236, -23.84709 ], [ -46.70204, -23.84679 ], [ -46.70195, -23.84602 ], [ -46.70132, -23.84593 ], [ -46.70076, -23.84573 ], [ -46.70034, -23.84599 ], [ -46.69793, -23.847 ], [ -46.69738, -23.84664 ], [ -46.69634, -23.84662 ], [ -46.69578, -23.84673 ], [ -46.69549, -23.84694 ], [ -46.69512, -23.84743 ], [ -46.69522, -23.84773 ], [ -46.69476, -23.84932 ], [ -46.69447, -23.8495 ], [ -46.69426, -23.84949 ], [ -46.69441, -23.8492 ], [ -46.69441, -23.84895 ], [ -46.69438, -23.84886 ], [ -46.69417, -23.84883 ] ], [ [ -46.73179, -23.86372 ], [ -46.73154, -23.86294 ], [ -46.73157, -23.8619 ], [ -46.73106, -23.86102 ], [ -46.73153, -23.86034 ], [ -46.73177, -23.85945 ], [ -46.73176, -23.85866 ], [ -46.73229, -23.85766 ], [ -46.73225, -23.85693 ], [ -46.73171, -23.85626 ], [ -46.7314, -23.85627 ], [ -46.73123, -23.85665 ], [ -46.73098, -23.85696 ], [ -46.73007, -23.85743 ], [ -46.72982, -23.85743 ], [ -46.72929, -23.85733 ], [ -46.72878, -23.85701 ], [ -46.72857, -23.85662 ], [ -46.72777, -23.85636 ], [ -46.72631, -23.85651 ], [ -46.72594, -23.85644 ], [ -46.72504, -23.85672 ], [ -46.72427, -23.85661 ], [ -46.72304, -23.85603 ], [ -46.7228, -23.85518 ], [ -46.722, -23.85462 ], [ -46.72151, -23.85467 ], [ -46.72118, -23.85488 ], [ -46.72061, -23.85507 ], [ -46.72013, -23.85479 ], [ -46.71997, -23.85457 ], [ -46.71986, -23.85429 ], [ -46.71984, -23.85356 ], [ -46.71956, -23.85345 ], [ -46.71887, -23.85358 ], [ -46.71869, -23.85344 ], [ -46.71862, -23.85298 ], [ -46.718, -23.85292 ], [ -46.71772, -23.85216 ], [ -46.71713, -23.85156 ], [ -46.71686, -23.85026 ], [ -46.71667, -23.84998 ], [ -46.71649, -23.84986 ], [ -46.71619, -23.84985 ], [ -46.71582, -23.84997 ], [ -46.71535, -23.84995 ], [ -46.71473, -23.84951 ], [ -46.71464, -23.84953 ], [ -46.71406, -23.84898 ], [ -46.71378, -23.84858 ] ], [ [ -46.69417, -23.84883 ], [ -46.6937, -23.8488 ] ], [ [ -46.6937, -23.8488 ], [ -46.69354, -23.84896 ], [ -46.69306, -23.84992 ], [ -46.69238, -23.85047 ], [ -46.69203, -23.85095 ], [ -46.69145, -23.8515 ], [ -46.69121, -23.85162 ], [ -46.69058, -23.85168 ], [ -46.69023, -23.85192 ], [ -46.68932, -23.85205 ], [ -46.68858, -23.85182 ], [ -46.68812, -23.8518 ], [ -46.68745, -23.85134 ], [ -46.68688, -23.85143 ], [ -46.68668, -23.85125 ] ], [ [ -46.68668, -23.85125 ], [ -46.68698, -23.85076 ], [ -46.68692, -23.85049 ], [ -46.68642, -23.8503 ], [ -46.68591, -23.84981 ], [ -46.68626, -23.84971 ], [ -46.68603, -23.84956 ], [ -46.68608, -23.8492 ], [ -46.6856, -23.84966 ], [ -46.6852, -23.84966 ], [ -46.68466, -23.84919 ], [ -46.68384, -23.8493 ], [ -46.6835, -23.84961 ], [ -46.6827, -23.84952 ], [ -46.68273, -23.84992 ] ] ] } },
{ "type": "Feature", "properties": { "name": "Morro de São João", "k": "ridge" }, "geometry": { "type": "LineString", "coordinates": [ [ -46.78017, -23.50485 ], [ -46.77854, -23.50513 ], [ -46.77755, -23.50682 ], [ -46.77798, -23.51085 ], [ -46.78011, -23.51618 ], [ -46.78058, -23.51872 ], [ -46.77897, -23.52118 ] ] } },
{ "type": "Feature", "properties": { "name": "Braço Morto do Tietê", "k": "river" }, "geometry": { "type": "MultiLineString", "coordinates": [ [ [ -46.78249, -23.51167 ], [ -46.7844, -23.51454 ], [ -46.78502, -23.51647 ], [ -46.78535, -23.51825 ], [ -46.78572, -23.51893 ], [ -46.78594, -23.52014 ], [ -46.78644, -23.52064 ], [ -46.78695, -23.5215 ] ], [ [ -46.77327, -23.51064 ], [ -46.77412, -23.51004 ], [ -46.77469, -23.50949 ], [ -46.77502, -23.50823 ], [ -46.77552, -23.50735 ], [ -46.77571, -23.5058 ], [ -46.77567, -23.50465 ], [ -46.7761, -23.50394 ], [ -46.77666, -23.50363 ], [ -46.77807, -23.5035 ], [ -46.77984, -23.50321 ], [ -46.78046, -23.50327 ], [ -46.78232, -23.50386 ], [ -46.78344, -23.50454 ], [ -46.7838, -23.50494 ], [ -46.78375, -23.50535 ], [ -46.78321, -23.50604 ], [ -46.78206, -23.50649 ], [ -46.78095, -23.50644 ], [ -46.77973, -23.50708 ], [ -46.77958, -23.50731 ], [ -46.77957, -23.50747 ], [ -46.78013, -23.50823 ], [ -46.78072, -23.50988 ], [ -46.78176, -23.51083 ], [ -46.78249, -23.51167 ] ], [ [ -46.77286, -23.51122 ], [ -46.7729, -23.51098 ], [ -46.77327, -23.51064 ] ] ] } },
{ "type": "Feature", "properties": { "name": "Ribeirão Vermelho", "k": "canal" }, "geometry": { "type": "LineString", "coordinates": [ [ -46.76878, -23.51021 ], [ -46.76913, -23.51031 ] ] } },
{ "type": "Feature", "properties": { "name": "Morro dos Remédios", "k": "ridge" }, "geometry": { "type": "LineString", "coordinates": [ [ -46.77386, -23.51878 ], [ -46.77127, -23.51734 ], [ -46.76541, -23.51662 ], [ -46.76412, -23.51384 ], [ -46.76288, -23.51319 ], [ -46.76086, -23.513 ], [ -46.76047, -23.51258 ], [ -46.75631, -23.51201 ], [ -46.75489, -23.51123 ] ] } },
{ "type": "Feature", "properties": { "name": "Córrego Bussocaba", "k": "river" }, "geometry": { "type": "LineString", "coordinates": [ [ -46.77306, -23.5328 ], [ -46.77309, -23.53258 ] ] } },
{ "type": "Feature", "properties": { "name": "Desmorrodouro de Pirituba", "k": "ridge" }, "geometry": { "type": "LineString", "coordinates": [ [ -46.74108, -23.48387 ], [ -46.73981, -23.48594 ], [ -46.73807, -23.48648 ] ] } },
{ "type": "Feature", "properties": { "name": "Colina da Mutinga", "k": "ridge" }, "geometry": { "type": "LineString", "coordinates": [ [ -46.75565, -23.50774 ], [ -46.75466, -23.50639 ], [ -46.75361, -23.50521 ], [ -46.75122, -23.50452 ], [ -46.75176, -23.49936 ], [ -46.75125, -23.49655 ], [ -46.75039, -23.49501 ], [ -46.75013, -23.49419 ], [ -46.75041, -23.49314 ], [ -46.75129, -23.49243 ], [ -46.74972, -23.48903 ], [ -46.74803, -23.48803 ], [ -46.74738, -23.48651 ], [ -46.74429, -23.4846 ], [ -46.74269, -23.48417 ], [ -46.74108, -23.48387 ] ] } },
{ "type": "Feature", "properties": { "name": "Sopé do Jaraguá", "k": "ridge" }, "geometry": { "type": "MultiLineString", "coordinates": [ [ [ -46.75816, -23.49206 ], [ -46.76019, -23.49082 ], [ -46.76099, -23.48993 ], [ -46.76247, -23.48913 ], [ -46.76356, -23.48698 ], [ -46.76682, -23.48159 ], [ -46.76466, -23.47994 ], [ -46.76356, -23.47856 ], [ -46.76352, -23.47687 ], [ -46.76309, -23.47573 ] ], [ [ -46.76309, -23.47573 ], [ -46.76438, -23.47521 ], [ -46.76558, -23.47364 ], [ -46.76562, -23.47307 ], [ -46.76644, -23.47242 ], [ -46.76541, -23.47128 ], [ -46.76432, -23.47058 ] ] ] } },
{ "type": "Feature", "properties": { "name": "Sopé do Planalto de Taipas", "k": "ridge" }, "geometry": { "type": "LineString", "coordinates": [ [ -46.74108, -23.48387 ], [ -46.74103, -23.48165 ], [ -46.7405, -23.47907 ], [ -46.73942, -23.47563 ], [ -46.74, -23.4749 ], [ -46.74163, -23.47407 ], [ -46.74269, -23.47179 ], [ -46.74453, -23.47047 ], [ -46.74541, -23.46945 ], [ -46.74442, -23.46693 ], [ -46.74138, -23.46433 ] ] } },
{ "type": "Feature", "properties": { "name": "Alpes do Jaraguá", "k": "ridge" }, "geometry": { "type": "LineString", "coordinates": [ [ -46.73934, -23.4557 ], [ -46.73888, -23.45699 ], [ -46.73948, -23.4576 ], [ -46.74083, -23.45791 ], [ -46.74259, -23.45734 ], [ -46.74387, -23.4574 ], [ -46.74504, -23.45708 ], [ -46.74662, -23.45703 ], [ -46.74821, -23.45806 ], [ -46.74864, -23.45795 ], [ -46.75014, -23.45631 ], [ -46.74951, -23.45476 ], [ -46.74763, -23.45337 ], [ -46.74863, -23.45288 ], [ -46.75091, -23.45302 ], [ -46.75177, -23.45246 ], [ -46.75233, -23.45146 ], [ -46.75204, -23.4506 ], [ -46.752, -23.44806 ], [ -46.75091, -23.44781 ], [ -46.74962, -23.4468 ], [ -46.74808, -23.44622 ], [ -46.74714, -23.44493 ], [ -46.74934, -23.44276 ], [ -46.74922, -23.44037 ] ] } },
{ "type": "Feature", "properties": { "name": "Ribeirão dos Perus", "k": "river" }, "geometry": { "type": "MultiLineString", "coordinates": [ [ [ -46.74202, -23.448 ], [ -46.74209, -23.44792 ] ], [ [ -46.74209, -23.44792 ], [ -46.74218, -23.4478 ], [ -46.74251, -23.44495 ], [ -46.74238, -23.44489 ] ], [ [ -46.74238, -23.44489 ], [ -46.7423, -23.44485 ] ], [ [ -46.7423, -23.44485 ], [ -46.74211, -23.44476 ], [ -46.74348, -23.4423 ], [ -46.74501, -23.44119 ], [ -46.7458, -23.44075 ], [ -46.74593, -23.44079 ] ], [ [ -46.74593, -23.44079 ], [ -46.74601, -23.44083 ] ], [ [ -46.74601, -23.44083 ], [ -46.74608, -23.44085 ], [ -46.74673, -23.44023 ], [ -46.74732, -23.4389 ], [ -46.74791, -23.43599 ], [ -46.74799, -23.43439 ], [ -46.74774, -23.43313 ], [ -46.74787, -23.4329 ], [ -46.74781, -23.43264 ], [ -46.7475, -23.43253 ], [ -46.74722, -23.43191 ], [ -46.74729, -23.43181 ], [ -46.74755, -23.43176 ], [ -46.74791, -23.43139 ], [ -46.7479, -23.43072 ] ], [ [ -46.75501, -23.40216 ], [ -46.75556, -23.40169 ], [ -46.75563, -23.40133 ], [ -46.75591, -23.40098 ], [ -46.75613, -23.40092 ], [ -46.75643, -23.40116 ], [ -46.75685, -23.4008 ], [ -46.75749, -23.40078 ], [ -46.75837, -23.40015 ], [ -46.7593, -23.40015 ], [ -46.76024, -23.39992 ], [ -46.76035, -23.39998 ], [ -46.76063, -23.40068 ], [ -46.761, -23.40089 ], [ -46.76125, -23.40124 ], [ -46.76149, -23.4014 ], [ -46.76174, -23.40134 ], [ -46.76196, -23.40098 ], [ -46.76281, -23.40064 ], [ -46.76353, -23.40059 ], [ -46.76365, -23.40089 ], [ -46.76385, -23.40094 ], [ -46.76413, -23.40067 ], [ -46.76473, -23.40055 ], [ -46.76487, -23.40012 ], [ -46.76503, -23.39989 ], [ -46.7652, -23.39981 ], [ -46.76643, -23.39989 ], [ -46.76665, -23.39983 ], [ -46.76663, -23.39949 ], [ -46.76647, -23.39935 ], [ -46.76644, -23.39918 ], [ -46.7665, -23.39807 ], [ -46.76711, -23.39758 ], [ -46.76874, -23.39729 ], [ -46.76915, -23.3971 ], [ -46.76967, -23.39672 ], [ -46.76993, -23.39581 ], [ -46.77016, -23.39554 ], [ -46.77036, -23.39566 ], [ -46.7706, -23.39624 ], [ -46.77091, -23.39626 ] ], [ [ -46.7479, -23.43072 ], [ -46.74786, -23.43037 ], [ -46.7476, -23.43008 ], [ -46.74764, -23.42994 ], [ -46.74799, -23.42965 ], [ -46.74823, -23.42862 ], [ -46.74812, -23.42685 ] ], [ [ -46.74808, -23.42648 ], [ -46.74795, -23.42606 ], [ -46.74745, -23.42559 ], [ -46.74708, -23.42482 ], [ -46.74658, -23.42474 ], [ -46.74623, -23.42453 ] ], [ [ -46.74812, -23.42685 ], [ -46.74808, -23.42648 ] ], [ [ -46.74623, -23.42453 ], [ -46.74594, -23.42437 ] ], [ [ -46.74594, -23.42437 ], [ -46.74507, -23.4238 ], [ -46.7451, -23.42333 ], [ -46.74435, -23.42259 ], [ -46.74379, -23.42221 ] ], [ [ -46.74351, -23.42213 ], [ -46.74327, -23.42202 ], [ -46.74306, -23.42159 ] ], [ [ -46.74306, -23.42159 ], [ -46.74388, -23.41991 ], [ -46.74459, -23.41816 ], [ -46.74431, -23.41673 ], [ -46.74428, -23.41609 ], [ -46.74436, -23.4151 ], [ -46.74462, -23.4138 ], [ -46.74452, -23.4134 ], [ -46.74491, -23.41285 ], [ -46.74518, -23.41265 ] ], [ [ -46.75457, -23.40214 ], [ -46.75501, -23.40216 ] ] ] } },
{ "type": "Feature", "properties": { "name": "Crista do Jaraguá", "k": "ridge" }, "geometry": { "type": "LineString", "coordinates": [ [ -46.76552, -23.45477 ], [ -46.76663, -23.45505 ], [ -46.76731, -23.45532 ], [ -46.76697, -23.45593 ], [ -46.76666, -23.45618 ], [ -46.76669, -23.45696 ], [ -46.76617, -23.45747 ], [ -46.76703, -23.45842 ], [ -46.76688, -23.45918 ], [ -46.768, -23.46091 ] ] } },
{ "type": "Feature", "properties": { "name": "Morro Doce", "k": "ridge" }, "geometry": { "type": "LineString", "coordinates": [ [ -46.78445, -23.47101 ], [ -46.78421, -23.47018 ], [ -46.78479, -23.46934 ], [ -46.78574, -23.46827 ], [ -46.7855, -23.46677 ], [ -46.78669, -23.46593 ], [ -46.78919, -23.46312 ], [ -46.79109, -23.46248 ], [ -46.79209, -23.46158 ], [ -46.79219, -23.46068 ], [ -46.79287, -23.45878 ], [ -46.79601, -23.45514 ], [ -46.79706, -23.4545 ], [ -46.7979, -23.45429 ], [ -46.80179, -23.45273 ], [ -46.80456, -23.45137 ], [ -46.80485, -23.44827 ], [ -46.80407, -23.44724 ], [ -46.80436, -23.44594 ] ] } },
{ "type": "Feature", "properties": { "name": "Ribeirão São Miguel", "k": "river" }, "geometry": { "type": "LineString", "coordinates": [ [ -46.76123, -23.43092 ], [ -46.76126, -23.4307 ], [ -46.76183, -23.43 ], [ -46.76154, -23.42968 ], [ -46.76156, -23.42912 ], [ -46.76181, -23.42897 ], [ -46.76214, -23.42896 ], [ -46.76204, -23.42835 ], [ -46.76134, -23.42822 ], [ -46.76123, -23.42811 ], [ -46.76107, -23.42742 ], [ -46.7611, -23.4271 ], [ -46.76133, -23.42647 ], [ -46.76164, -23.42638 ], [ -46.76217, -23.42593 ], [ -46.76253, -23.42518 ], [ -46.76248, -23.42499 ], [ -46.76209, -23.42455 ], [ -46.76225, -23.4244 ], [ -46.76223, -23.42431 ], [ -46.76159, -23.42366 ], [ -46.76151, -23.42344 ], [ -46.76171, -23.42281 ], [ -46.76228, -23.422 ], [ -46.76264, -23.42166 ], [ -46.76279, -23.42122 ], [ -46.76306, -23.42092 ], [ -46.76315, -23.42052 ], [ -46.76361, -23.42002 ], [ -46.7639, -23.41991 ], [ -46.76415, -23.41966 ], [ -46.76492, -23.41963 ], [ -46.76511, -23.41953 ], [ -46.76526, -23.41903 ], [ -46.76557, -23.41883 ], [ -46.76605, -23.41922 ], [ -46.76626, -23.41929 ], [ -46.76712, -23.41913 ], [ -46.76763, -23.41936 ], [ -46.76813, -23.4194 ], [ -46.76854, -23.41961 ], [ -46.76901, -23.41929 ], [ -46.77071, -23.41906 ], [ -46.77137, -23.41872 ], [ -46.77143, -23.41838 ], [ -46.77166, -23.41803 ], [ -46.77166, -23.41741 ], [ -46.77188, -23.41699 ], [ -46.77202, -23.41691 ], [ -46.77245, -23.41699 ], [ -46.77275, -23.41624 ], [ -46.77263, -23.41502 ], [ -46.77242, -23.41465 ], [ -46.77243, -23.41444 ], [ -46.77309, -23.41417 ], [ -46.77358, -23.41371 ], [ -46.77428, -23.41358 ], [ -46.77438, -23.41345 ], [ -46.77418, -23.41293 ], [ -46.77373, -23.41234 ], [ -46.77378, -23.41221 ], [ -46.77477, -23.41156 ], [ -46.77494, -23.41074 ], [ -46.77545, -23.41014 ], [ -46.77708, -23.40928 ], [ -46.77729, -23.4088 ], [ -46.77782, -23.40815 ], [ -46.77841, -23.40709 ], [ -46.77864, -23.40688 ], [ -46.77911, -23.40672 ], [ -46.77908, -23.40644 ], [ -46.77873, -23.40605 ], [ -46.77883, -23.40601 ], [ -46.77881, -23.40587 ], [ -46.7794, -23.40585 ], [ -46.77929, -23.40545 ], [ -46.77913, -23.40527 ], [ -46.77916, -23.40515 ], [ -46.77992, -23.40501 ], [ -46.78043, -23.40466 ], [ -46.78106, -23.40403 ], [ -46.78128, -23.40397 ], [ -46.78193, -23.403 ], [ -46.78226, -23.40285 ], [ -46.7826, -23.4025 ], [ -46.78288, -23.40249 ] ] } },
{ "type": "Feature", "properties": { "name": "Crista da Anhanband", "k": "ridge" }, "geometry": { "type": "LineString", "coordinates": [ [ -46.78769, -23.35909 ], [ -46.78914, -23.35853 ], [ -46.79057, -23.35881 ], [ -46.79168, -23.35953 ], [ -46.79301, -23.36072 ], [ -46.79491, -23.36092 ], [ -46.79572, -23.36144 ], [ -46.79635, -23.36199 ], [ -46.79939, -23.36183 ], [ -46.80293, -23.36248 ], [ -46.80596, -23.36211 ], [ -46.80757, -23.36278 ], [ -46.80835, -23.36282 ], [ -46.80947, -23.36272 ], [ -46.81157, -23.36441 ], [ -46.81251, -23.36464 ], [ -46.81356, -23.36456 ], [ -46.81527, -23.36519 ], [ -46.81613, -23.3653 ], [ -46.8178, -23.36539 ], [ -46.81834, -23.36494 ], [ -46.81937, -23.36456 ], [ -46.8216, -23.36475 ], [ -46.8224, -23.3653 ], [ -46.82524, -23.36552 ], [ -46.82739, -23.36509 ], [ -46.83254, -23.36345 ] ] } },
{ "type": "Feature", "properties": { "name": "Morro do Titico-Tico", "k": "ridge" }, "geometry": { "type": "LineString", "coordinates": [ [ -46.78548, -23.38382 ], [ -46.78657, -23.38441 ], [ -46.78832, -23.38482 ], [ -46.79115, -23.38509 ], [ -46.79286, -23.38499 ], [ -46.7947, -23.38394 ], [ -46.79569, -23.38379 ] ] } },
{ "type": "Feature", "properties": { "name": "Ribeirão dos Cristais", "k": "river" }, "geometry": { "type": "MultiLineString", "coordinates": [ [ [ -46.82374, -23.33058 ], [ -46.82385, -23.33067 ], [ -46.82385, -23.33146 ], [ -46.8243, -23.33167 ], [ -46.82502, -23.33193 ], [ -46.82669, -23.33207 ], [ -46.82711, -23.33223 ], [ -46.82775, -23.33284 ], [ -46.82808, -23.33294 ], [ -46.82879, -23.33291 ], [ -46.82999, -23.33315 ], [ -46.83033, -23.33315 ], [ -46.83063, -23.33301 ], [ -46.83134, -23.33223 ], [ -46.83184, -23.33185 ], [ -46.832, -23.33182 ], [ -46.83242, -23.33203 ], [ -46.83314, -23.33207 ], [ -46.83373, -23.3315 ], [ -46.83407, -23.33095 ], [ -46.83535, -23.33075 ], [ -46.83636, -23.33091 ] ], [ [ -46.83666, -23.33108 ], [ -46.83729, -23.33123 ], [ -46.83749, -23.33116 ], [ -46.83783, -23.33124 ] ], [ [ -46.83636, -23.33091 ], [ -46.83666, -23.33108 ] ], [ [ -46.84257, -23.33681 ], [ -46.84043, -23.33778 ], [ -46.83967, -23.33835 ], [ -46.83947, -23.33884 ], [ -46.83941, -23.33957 ], [ -46.83966, -23.3404 ], [ -46.83994, -23.34091 ], [ -46.84125, -23.3416 ], [ -46.84414, -23.34426 ], [ -46.84556, -23.34472 ] ], [ [ -46.83811, -23.33131 ], [ -46.83965, -23.33169 ], [ -46.84013, -23.33193 ], [ -46.84113, -23.3327 ], [ -46.84178, -23.33271 ], [ -46.84352, -23.33349 ], [ -46.84375, -23.33426 ], [ -46.84346, -23.3356 ], [ -46.84309, -23.33641 ], [ -46.84257, -23.33681 ] ], [ [ -46.83783, -23.33124 ], [ -46.83811, -23.33131 ] ], [ [ -46.85001, -23.35227 ], [ -46.84999, -23.35244 ] ] ] } },
{ "type": "Feature", "properties": { "name": "Rio dos Cristais", "k": "river" }, "geometry": { "type": "LineString", "coordinates": [ [ -46.84556, -23.34472 ], [ -46.84687, -23.34516 ], [ -46.84715, -23.3454 ], [ -46.84736, -23.34579 ], [ -46.84732, -23.34627 ], [ -46.84766, -23.3482 ], [ -46.84806, -23.34867 ], [ -46.84923, -23.34945 ], [ -46.8496, -23.34997 ], [ -46.85007, -23.3518 ], [ -46.85001, -23.35227 ] ] } },
{ "type": "Feature", "properties": { "name": "Ribeirão Santo André", "k": "river" }, "geometry": { "type": "MultiLineString", "coordinates": [ [ [ -46.94232, -23.42802 ], [ -46.94197, -23.42742 ], [ -46.94123, -23.42682 ] ], [ [ -46.9426, -23.42823 ], [ -46.94232, -23.42802 ] ], [ [ -46.95789, -23.43116 ], [ -46.95642, -23.43118 ], [ -46.95528, -23.43134 ], [ -46.95371, -23.43187 ], [ -46.95296, -23.43191 ], [ -46.95184, -23.4318 ], [ -46.95083, -23.43205 ], [ -46.95055, -23.43197 ], [ -46.9497, -23.43096 ], [ -46.94895, -23.43045 ], [ -46.9486, -23.43042 ], [ -46.9483, -23.4305 ], [ -46.94792, -23.43075 ], [ -46.94759, -23.43114 ], [ -46.94738, -23.43109 ], [ -46.94667, -23.43067 ], [ -46.9455, -23.43024 ], [ -46.9439, -23.42879 ], [ -46.94316, -23.42864 ], [ -46.9426, -23.42823 ] ] ] } },
{ "type": "Feature", "properties": { "name": "Serra da Sapóca", "k": "ridge" }, "geometry": { "type": "LineString", "coordinates": [ [ -46.95448, -23.3307 ], [ -46.95522, -23.33129 ], [ -46.95632, -23.33237 ], [ -46.95711, -23.33296 ], [ -46.95832, -23.33335 ], [ -46.95993, -23.33336 ], [ -46.96233, -23.33463 ], [ -46.96525, -23.33637 ], [ -46.96656, -23.33688 ], [ -46.96875, -23.33726 ], [ -46.96991, -23.33683 ], [ -46.97253, -23.33651 ], [ -46.97327, -23.33719 ], [ -46.97446, -23.33761 ], [ -46.9755, -23.33721 ], [ -46.9763, -23.33706 ], [ -46.97758, -23.33732 ], [ -46.97836, -23.33763 ], [ -46.97882, -23.33821 ], [ -46.97906, -23.33926 ], [ -46.97898, -23.3401 ], [ -46.97923, -23.34051 ], [ -46.97988, -23.34083 ], [ -46.98111, -23.34197 ], [ -46.98216, -23.34265 ], [ -46.98259, -23.34274 ], [ -46.98433, -23.34233 ], [ -46.98472, -23.3424 ], [ -46.98595, -23.34314 ], [ -46.98843, -23.34315 ], [ -46.98915, -23.34303 ], [ -46.9904, -23.34319 ], [ -46.99051, -23.34401 ], [ -46.99104, -23.3451 ], [ -46.99144, -23.34564 ], [ -46.99247, -23.34561 ], [ -46.99348, -23.34547 ], [ -46.99455, -23.34566 ], [ -46.9963, -23.34626 ], [ -46.99804, -23.34659 ], [ -46.99837, -23.34674 ], [ -46.99927, -23.34752 ], [ -47.00096, -23.34836 ], [ -47.00134, -23.34873 ], [ -47.00306, -23.34997 ], [ -47.0045, -23.35064 ], [ -47.0074, -23.35163 ], [ -47.00817, -23.35221 ], [ -47.00945, -23.35236 ], [ -47.00987, -23.3523 ], [ -47.01031, -23.35197 ], [ -47.01073, -23.35262 ], [ -47.01164, -23.35311 ], [ -47.01286, -23.35356 ], [ -47.01513, -23.35414 ], [ -47.01981, -23.35474 ], [ -47.02462, -23.35646 ], [ -47.02702, -23.35653 ] ] } },
{ "type": "Feature", "properties": { "name": "Serra do Voturuna", "k": "ridge" }, "geometry": { "type": "LineString", "coordinates": [ [ -46.97262, -23.42583 ], [ -46.97387, -23.42608 ], [ -46.97452, -23.42632 ], [ -46.97485, -23.42651 ], [ -46.97544, -23.42717 ], [ -46.97647, -23.42806 ], [ -46.97725, -23.42777 ], [ -46.97806, -23.4288 ], [ -46.97827, -23.4292 ], [ -46.98036, -23.43002 ], [ -46.98128, -23.43074 ], [ -46.98165, -23.43126 ], [ -46.98194, -23.43149 ], [ -46.98298, -23.43186 ], [ -46.9837, -23.43224 ], [ -46.98489, -23.43311 ], [ -46.98521, -23.43345 ], [ -46.98564, -23.43354 ], [ -46.98612, -23.43351 ], [ -46.98692, -23.43324 ], [ -46.98779, -23.4327 ], [ -46.98977, -23.4322 ], [ -46.99023, -23.43181 ], [ -46.99027, -23.4316 ], [ -46.99042, -23.43146 ], [ -46.99094, -23.4314 ], [ -46.99255, -23.43094 ], [ -46.99336, -23.43051 ], [ -46.9949, -23.43031 ], [ -46.99599, -23.42949 ], [ -46.99632, -23.42942 ], [ -46.99667, -23.42959 ], [ -46.99817, -23.43077 ], [ -46.99849, -23.43096 ], [ -46.99888, -23.43102 ], [ -46.99954, -23.43098 ], [ -47.00045, -23.43121 ], [ -47.00102, -23.43125 ], [ -47.00255, -23.43078 ], [ -47.00371, -23.43097 ], [ -47.00449, -23.43128 ], [ -47.00495, -23.43136 ], [ -47.00616, -23.43119 ], [ -47.00706, -23.4309 ], [ -47.00705, -23.43134 ], [ -47.00716, -23.43161 ], [ -47.00892, -23.43235 ], [ -47.00987, -23.43301 ], [ -47.01016, -23.43305 ], [ -47.01213, -23.4328 ], [ -47.01374, -23.43284 ], [ -47.01405, -23.43266 ], [ -47.01418, -23.43246 ], [ -47.0163, -23.43195 ], [ -47.01686, -23.43202 ], [ -47.01741, -23.43224 ], [ -47.01796, -23.4326 ], [ -47.01839, -23.43272 ], [ -47.02007, -23.43261 ], [ -47.0214, -23.43265 ], [ -47.0223, -23.43225 ], [ -47.0232, -23.43244 ], [ -47.02359, -23.43268 ] ] } },
{ "type": "Feature", "properties": { "name": "Serra do Itaqui", "k": "ridge" }, "geometry": { "type": "MultiLineString", "coordinates": [ [ [ -46.91928, -23.48756 ], [ -46.91773, -23.48789 ], [ -46.9167, -23.48796 ], [ -46.91592, -23.48788 ], [ -46.9153, -23.48799 ], [ -46.91481, -23.48818 ], [ -46.91459, -23.48839 ], [ -46.9145, -23.48868 ], [ -46.91452, -23.49 ] ], [ [ -46.90222, -23.49131 ], [ -46.90319, -23.49111 ], [ -46.90442, -23.4907 ], [ -46.90539, -23.49054 ], [ -46.9066, -23.49053 ], [ -46.90939, -23.49128 ], [ -46.91153, -23.49137 ], [ -46.91257, -23.49122 ], [ -46.9131, -23.49103 ], [ -46.91426, -23.49028 ], [ -46.91452, -23.49 ] ] ] } },
{ "type": "Feature", "properties": { "name": "Riberão São João", "k": "river" }, "geometry": { "type": "MultiLineString", "coordinates": [ [ [ -46.96155, -23.54098 ], [ -46.96097, -23.54094 ], [ -46.96025, -23.54121 ], [ -46.95926, -23.54075 ] ], [ [ -46.95926, -23.54075 ], [ -46.95906, -23.54065 ] ], [ [ -46.95906, -23.54065 ], [ -46.95859, -23.54036 ], [ -46.95752, -23.53991 ], [ -46.9569, -23.54005 ], [ -46.95656, -23.5403 ], [ -46.95593, -23.54036 ], [ -46.95491, -23.54086 ], [ -46.95404, -23.54095 ], [ -46.95353, -23.5416 ], [ -46.9529, -23.54164 ], [ -46.95257, -23.54184 ], [ -46.95295, -23.54217 ], [ -46.95312, -23.5427 ], [ -46.95353, -23.54306 ], [ -46.95323, -23.54333 ], [ -46.95273, -23.54326 ], [ -46.95244, -23.54298 ], [ -46.95176, -23.5428 ], [ -46.95111, -23.54238 ], [ -46.95059, -23.54219 ], [ -46.94947, -23.54196 ], [ -46.9493, -23.54209 ], [ -46.94945, -23.54248 ], [ -46.94921, -23.54329 ] ] ] } },
{ "type": "Feature", "properties": { "name": "Ribeirão Sapiata", "k": "river" }, "geometry": { "type": "MultiLineString", "coordinates": [ [ [ -46.94747, -23.55415 ], [ -46.94677, -23.55392 ], [ -46.9459, -23.55311 ], [ -46.94453, -23.55302 ], [ -46.94402, -23.55234 ], [ -46.94369, -23.55163 ], [ -46.94352, -23.55151 ], [ -46.94268, -23.55109 ], [ -46.94114, -23.55076 ], [ -46.94026, -23.55035 ] ], [ [ -46.94018, -23.5503 ], [ -46.94012, -23.55025 ] ], [ [ -46.94012, -23.55025 ], [ -46.93999, -23.55021 ] ], [ [ -46.94026, -23.55035 ], [ -46.9402, -23.55031 ] ], [ [ -46.9402, -23.55031 ], [ -46.94018, -23.5503 ] ], [ [ -46.94761, -23.55413 ], [ -46.94747, -23.55415 ] ] ] } },
{ "type": "Feature", "properties": { "name": "Ribeirão do Sapiatã", "k": "river" }, "geometry": { "type": "LineString", "coordinates": [ [ -46.95304, -23.55421 ], [ -46.95192, -23.55365 ], [ -46.95079, -23.55335 ], [ -46.95003, -23.5537 ], [ -46.94899, -23.55369 ], [ -46.94761, -23.55413 ] ] } },
{ "type": "Feature", "properties": { "name": "Rio Capivari", "k": "river" }, "geometry": { "type": "MultiLineString", "coordinates": [ [ [ -46.9928, -23.74384 ], [ -46.9935, -23.74143 ], [ -46.99343, -23.74109 ], [ -46.99356, -23.74067 ], [ -46.99343, -23.74001 ], [ -46.99347, -23.73893 ], [ -46.99365, -23.73824 ], [ -46.99486, -23.73708 ], [ -46.99489, -23.73674 ], [ -46.99478, -23.73633 ], [ -46.9942, -23.73569 ], [ -46.99326, -23.73489 ], [ -46.99348, -23.73099 ], [ -46.99361, -23.73072 ], [ -46.99396, -23.73039 ], [ -46.99446, -23.73013 ], [ -46.99455, -23.72936 ], [ -46.99436, -23.72907 ], [ -46.9937, -23.7287 ], [ -46.99319, -23.7279 ], [ -46.99288, -23.72706 ], [ -46.99223, -23.72638 ], [ -46.99187, -23.72626 ], [ -46.99034, -23.72628 ], [ -46.99006, -23.72639 ], [ -46.98948, -23.72701 ], [ -46.98909, -23.72673 ], [ -46.98859, -23.72551 ], [ -46.98792, -23.72534 ], [ -46.98778, -23.72507 ] ], [ [ -46.98778, -23.72507 ], [ -46.98754, -23.72457 ] ], [ [ -46.98754, -23.72457 ], [ -46.98735, -23.72407 ], [ -46.98739, -23.7238 ], [ -46.98717, -23.7236 ], [ -46.98742, -23.72361 ], [ -46.98751, -23.72326 ], [ -46.98744, -23.7231 ], [ -46.98717, -23.72317 ], [ -46.98704, -23.72293 ], [ -46.98735, -23.72287 ], [ -46.98736, -23.72279 ], [ -46.98704, -23.72262 ], [ -46.9868, -23.72278 ], [ -46.98656, -23.72264 ], [ -46.98647, -23.72274 ], [ -46.98644, -23.72249 ], [ -46.98632, -23.72243 ], [ -46.98568, -23.72254 ], [ -46.98489, -23.72246 ], [ -46.98406, -23.72211 ], [ -46.98059, -23.71922 ], [ -46.98001, -23.71835 ], [ -46.97913, -23.71764 ], [ -46.97793, -23.71696 ], [ -46.97704, -23.71668 ], [ -46.97597, -23.71653 ], [ -46.97522, -23.71671 ], [ -46.97309, -23.71746 ], [ -46.97039, -23.71893 ], [ -46.96682, -23.72228 ], [ -46.96596, -23.72262 ], [ -46.96506, -23.72237 ], [ -46.96037, -23.72005 ] ], [ [ -46.72917, -23.94002 ], [ -46.72934, -23.93944 ], [ -46.72918, -23.93902 ], [ -46.72931, -23.93853 ], [ -46.72984, -23.93796 ], [ -46.72978, -23.93768 ], [ -46.72928, -23.93741 ], [ -46.72907, -23.93715 ], [ -46.72939, -23.93646 ], [ -46.73004, -23.93629 ], [ -46.73029, -23.93608 ], [ -46.73026, -23.9355 ], [ -46.73053, -23.93504 ], [ -46.73076, -23.93488 ], [ -46.73144, -23.93481 ], [ -46.73215, -23.93495 ], [ -46.73249, -23.93518 ], [ -46.73259, -23.93545 ], [ -46.73238, -23.93572 ], [ -46.73186, -23.9361 ], [ -46.73175, -23.93643 ], [ -46.73181, -23.93681 ], [ -46.73194, -23.93698 ], [ -46.73216, -23.93704 ], [ -46.73238, -23.93698 ], [ -46.73297, -23.93657 ], [ -46.73349, -23.93668 ], [ -46.73391, -23.93697 ], [ -46.73421, -23.93685 ], [ -46.73473, -23.93632 ], [ -46.73483, -23.93594 ], [ -46.73544, -23.93565 ], [ -46.73546, -23.93547 ], [ -46.73505, -23.93532 ], [ -46.73494, -23.93515 ], [ -46.73497, -23.93454 ], [ -46.73448, -23.93432 ], [ -46.73461, -23.9341 ], [ -46.73505, -23.93411 ], [ -46.73511, -23.93379 ], [ -46.73551, -23.93325 ], [ -46.73539, -23.93262 ], [ -46.73547, -23.93199 ], [ -46.73522, -23.93152 ], [ -46.73484, -23.93117 ], [ -46.735, -23.93059 ], [ -46.73612, -23.92968 ], [ -46.73672, -23.9289 ], [ -46.73651, -23.92861 ], [ -46.73506, -23.92855 ], [ -46.73458, -23.92861 ], [ -46.7341, -23.92834 ], [ -46.73384, -23.92806 ], [ -46.73318, -23.92789 ], [ -46.73286, -23.9275 ], [ -46.73309, -23.9268 ], [ -46.73359, -23.92637 ], [ -46.73456, -23.92584 ], [ -46.73466, -23.92571 ], [ -46.73423, -23.92529 ], [ -46.73383, -23.9253 ], [ -46.73345, -23.92567 ], [ -46.73339, -23.92593 ], [ -46.73242, -23.92571 ], [ -46.73219, -23.92554 ], [ -46.73118, -23.92285 ], [ -46.72915, -23.92201 ], [ -46.72939, -23.92259 ], [ -46.72922, -23.92322 ], [ -46.72933, -23.92385 ], [ -46.72873, -23.9253 ], [ -46.728, -23.9256 ], [ -46.72743, -23.92654 ], [ -46.72781, -23.9268 ], [ -46.72831, -23.92662 ], [ -46.72822, -23.92764 ], [ -46.72713, -23.92853 ], [ -46.72695, -23.92892 ], [ -46.72786, -23.92935 ], [ -46.72781, -23.93001 ], [ -46.72747, -23.92989 ], [ -46.72707, -23.92995 ], [ -46.72693, -23.92977 ], [ -46.72644, -23.92959 ], [ -46.72593, -23.92964 ], [ -46.72584, -23.92986 ], [ -46.72594, -23.93014 ], [ -46.72633, -23.93048 ], [ -46.72649, -23.93076 ], [ -46.72623, -23.93101 ], [ -46.72612, -23.93195 ], [ -46.72575, -23.932 ], [ -46.72538, -23.93161 ], [ -46.72519, -23.93162 ], [ -46.72504, -23.93209 ], [ -46.72514, -23.93223 ], [ -46.72544, -23.93214 ], [ -46.72554, -23.93227 ], [ -46.72545, -23.93268 ], [ -46.72536, -23.93273 ], [ -46.72525, -23.93249 ], [ -46.72475, -23.93225 ], [ -46.7245, -23.93231 ], [ -46.72439, -23.93244 ], [ -46.72439, -23.9327 ], [ -46.72476, -23.93289 ], [ -46.72493, -23.93321 ], [ -46.72474, -23.93323 ], [ -46.72454, -23.93308 ], [ -46.72377, -23.93292 ], [ -46.72392, -23.93403 ], [ -46.7238, -23.93414 ], [ -46.72307, -23.93381 ], [ -46.72307, -23.93396 ], [ -46.72342, -23.93446 ], [ -46.72327, -23.93521 ], [ -46.72365, -23.93526 ], [ -46.72363, -23.93537 ], [ -46.72334, -23.93548 ], [ -46.72255, -23.93549 ], [ -46.72243, -23.93557 ], [ -46.72297, -23.93614 ], [ -46.72308, -23.93655 ], [ -46.72299, -23.93672 ], [ -46.72135, -23.93594 ], [ -46.72099, -23.9358 ], [ -46.72066, -23.93581 ], [ -46.72068, -23.93604 ], [ -46.72126, -23.93681 ], [ -46.72134, -23.93745 ], [ -46.72099, -23.93754 ], [ -46.72064, -23.93874 ], [ -46.72073, -23.93887 ], [ -46.72097, -23.93874 ], [ -46.7212, -23.93879 ], [ -46.72129, -23.9396 ], [ -46.72142, -23.9398 ], [ -46.72206, -23.94018 ], [ -46.72208, -23.94028 ], [ -46.7216, -23.94034 ], [ -46.72147, -23.94047 ], [ -46.72139, -23.94073 ], [ -46.72152, -23.941 ], [ -46.72188, -23.94129 ], [ -46.72198, -23.94161 ], [ -46.72149, -23.94217 ], [ -46.72136, -23.94255 ], [ -46.72155, -23.94292 ], [ -46.72104, -23.94369 ] ], [ [ -46.72046, -23.97735 ], [ -46.72095, -23.97645 ], [ -46.72213, -23.97574 ], [ -46.72294, -23.97569 ], [ -46.72344, -23.97423 ], [ -46.72468, -23.97363 ], [ -46.72511, -23.96798 ], [ -46.72537, -23.96733 ], [ -46.72603, -23.96698 ], [ -46.72567, -23.96594 ], [ -46.72627, -23.96504 ], [ -46.72558, -23.96431 ], [ -46.72584, -23.96222 ], [ -46.72636, -23.96137 ], [ -46.72788, -23.96137 ], [ -46.72861, -23.96006 ], [ -46.73011, -23.95929 ], [ -46.72972, -23.95651 ], [ -46.72829, -23.95606 ], [ -46.72962, -23.95429 ], [ -46.73236, -23.95335 ], [ -46.73329, -23.9521 ], [ -46.73275, -23.95074 ], [ -46.73189, -23.95053 ], [ -46.73292, -23.94963 ], [ -46.73288, -23.948 ], [ -46.73346, -23.94692 ], [ -46.73269, -23.94643 ], [ -46.73318, -23.94567 ], [ -46.73322, -23.94488 ], [ -46.73266, -23.94441 ], [ -46.73241, -23.94349 ], [ -46.73095, -23.94227 ], [ -46.72944, -23.94166 ], [ -46.72917, -23.94002 ] ], [ [ -46.72104, -23.94369 ], [ -46.72101, -23.94434 ], [ -46.72147, -23.94486 ], [ -46.72147, -23.94511 ], [ -46.72112, -23.94536 ], [ -46.72073, -23.94592 ], [ -46.71932, -23.94705 ], [ -46.71904, -23.94707 ], [ -46.71858, -23.94688 ], [ -46.71835, -23.94695 ], [ -46.71802, -23.94732 ], [ -46.71784, -23.94738 ], [ -46.71742, -23.94673 ], [ -46.71681, -23.94647 ], [ -46.71608, -23.94661 ], [ -46.71541, -23.94612 ], [ -46.71513, -23.94567 ], [ -46.71488, -23.94564 ], [ -46.71448, -23.94581 ], [ -46.71446, -23.9459 ], [ -46.71453, -23.94605 ], [ -46.71487, -23.94614 ], [ -46.71486, -23.94634 ], [ -46.71427, -23.94683 ], [ -46.71414, -23.94682 ], [ -46.71368, -23.94624 ], [ -46.71236, -23.94659 ], [ -46.71185, -23.94692 ], [ -46.71144, -23.94685 ], [ -46.71131, -23.94692 ], [ -46.7114, -23.94724 ], [ -46.71133, -23.94741 ], [ -46.71097, -23.94768 ], [ -46.70882, -23.94863 ], [ -46.70797, -23.94888 ], [ -46.7078, -23.94905 ], [ -46.70777, -23.94922 ], [ -46.70793, -23.94926 ], [ -46.70836, -23.94905 ], [ -46.70856, -23.9491 ], [ -46.70873, -23.94963 ], [ -46.70872, -23.95012 ], [ -46.70826, -23.95057 ], [ -46.70762, -23.95066 ], [ -46.7068, -23.95123 ] ], [ [ -46.7068, -23.95123 ], [ -46.70644, -23.95155 ], [ -46.70614, -23.95162 ], [ -46.705, -23.9511 ], [ -46.70383, -23.95027 ], [ -46.70288, -23.94937 ], [ -46.70226, -23.94898 ], [ -46.7014, -23.94918 ], [ -46.70073, -23.94977 ], [ -46.70067, -23.94952 ], [ -46.70088, -23.94919 ], [ -46.70067, -23.94858 ], [ -46.70048, -23.94866 ], [ -46.70029, -23.94928 ], [ -46.6996, -23.94961 ], [ -46.69844, -23.95002 ], [ -46.69729, -23.95004 ], [ -46.69672, -23.95025 ], [ -46.69601, -23.95025 ], [ -46.69564, -23.95075 ], [ -46.69545, -23.95077 ], [ -46.69497, -23.95015 ], [ -46.6948, -23.9501 ], [ -46.69444, -23.95083 ], [ -46.69413, -23.95077 ], [ -46.69371, -23.95038 ], [ -46.69212, -23.94983 ], [ -46.69206, -23.95024 ], [ -46.69165, -23.95066 ], [ -46.69135, -23.95077 ], [ -46.69114, -23.9507 ], [ -46.69113, -23.95055 ], [ -46.69143, -23.94991 ], [ -46.69151, -23.94931 ], [ -46.69013, -23.94814 ] ], [ [ -46.69013, -23.94814 ], [ -46.68989, -23.94792 ], [ -46.68995, -23.94738 ], [ -46.69031, -23.94675 ], [ -46.69036, -23.94641 ], [ -46.6905, -23.9464 ], [ -46.69081, -23.947 ], [ -46.69102, -23.94719 ], [ -46.69132, -23.94734 ], [ -46.69169, -23.94723 ], [ -46.6917, -23.94705 ], [ -46.69142, -23.94681 ], [ -46.69108, -23.94561 ], [ -46.69169, -23.94476 ], [ -46.69225, -23.94427 ], [ -46.69252, -23.94415 ], [ -46.69217, -23.94384 ], [ -46.69068, -23.94315 ], [ -46.69037, -23.94279 ], [ -46.69058, -23.94207 ], [ -46.69063, -23.94137 ], [ -46.69056, -23.94085 ], [ -46.69065, -23.94037 ], [ -46.69042, -23.93959 ], [ -46.68985, -23.93982 ], [ -46.68978, -23.94009 ], [ -46.6895, -23.94035 ], [ -46.68927, -23.94037 ], [ -46.68838, -23.93967 ], [ -46.68817, -23.93969 ], [ -46.68726, -23.94015 ], [ -46.68736, -23.94041 ], [ -46.68722, -23.94062 ], [ -46.68691, -23.94065 ], [ -46.68571, -23.94029 ], [ -46.68504, -23.93977 ], [ -46.68419, -23.93927 ], [ -46.68404, -23.9386 ], [ -46.68345, -23.9381 ], [ -46.68323, -23.93768 ], [ -46.68243, -23.93736 ], [ -46.68146, -23.93747 ], [ -46.68111, -23.93741 ], [ -46.68086, -23.93684 ], [ -46.68033, -23.93675 ], [ -46.67972, -23.93682 ], [ -46.67926, -23.93643 ], [ -46.67875, -23.93623 ], [ -46.67761, -23.93553 ], [ -46.6759, -23.9343 ], [ -46.67589, -23.93409 ], [ -46.67632, -23.93326 ], [ -46.67629, -23.93298 ], [ -46.67585, -23.9323 ], [ -46.6759, -23.9321 ], [ -46.67581, -23.93177 ], [ -46.67565, -23.93171 ], [ -46.67517, -23.9321 ], [ -46.6745, -23.93319 ], [ -46.67439, -23.93323 ], [ -46.67413, -23.93314 ], [ -46.67388, -23.93258 ], [ -46.67335, -23.93282 ], [ -46.67249, -23.93276 ], [ -46.67182, -23.93296 ], [ -46.67129, -23.93284 ], [ -46.67111, -23.93268 ], [ -46.67111, -23.93238 ], [ -46.67099, -23.93227 ], [ -46.66998, -23.93234 ], [ -46.66943, -23.93201 ], [ -46.66898, -23.93194 ], [ -46.66771, -23.93238 ], [ -46.66737, -23.93284 ], [ -46.6672, -23.93379 ], [ -46.66687, -23.9343 ], [ -46.6667, -23.93431 ], [ -46.66611, -23.93401 ], [ -46.66568, -23.93404 ], [ -46.66526, -23.93448 ], [ -46.66421, -23.93492 ], [ -46.66378, -23.93549 ], [ -46.66351, -23.93619 ], [ -46.66329, -23.93623 ], [ -46.66295, -23.9361 ], [ -46.6618, -23.93546 ], [ -46.66136, -23.93546 ], [ -46.66086, -23.93561 ], [ -46.66057, -23.93753 ], [ -46.66018, -23.93791 ], [ -46.66007, -23.9386 ], [ -46.65965, -23.93932 ], [ -46.65947, -23.93937 ], [ -46.65873, -23.93916 ], [ -46.65805, -23.93894 ], [ -46.65772, -23.93871 ], [ -46.65695, -23.93877 ], [ -46.65563, -23.93955 ], [ -46.65417, -23.94017 ], [ -46.65396, -23.94039 ], [ -46.6537, -23.94119 ], [ -46.65369, -23.94166 ], [ -46.65512, -23.94197 ], [ -46.65533, -23.9421 ], [ -46.65546, -23.94236 ], [ -46.65518, -23.94275 ], [ -46.65512, -23.94298 ], [ -46.65595, -23.94419 ], [ -46.65718, -23.94508 ], [ -46.65723, -23.94525 ], [ -46.65706, -23.94546 ], [ -46.65648, -23.94546 ], [ -46.65613, -23.94557 ], [ -46.65589, -23.9458 ], [ -46.65585, -23.94611 ], [ -46.65606, -23.94637 ], [ -46.65651, -23.94663 ], [ -46.65661, -23.94696 ], [ -46.65684, -23.9473 ], [ -46.65803, -23.94798 ], [ -46.65869, -23.94846 ], [ -46.65887, -23.94887 ], [ -46.65889, -23.94943 ], [ -46.65885, -23.9497 ], [ -46.65873, -23.94982 ], [ -46.65753, -23.94933 ], [ -46.65713, -23.94938 ], [ -46.65651, -23.9501 ], [ -46.65465, -23.95041 ], [ -46.65421, -23.95065 ], [ -46.65406, -23.95119 ], [ -46.65426, -23.95198 ], [ -46.65451, -23.95236 ], [ -46.65473, -23.9524 ], [ -46.65519, -23.95224 ], [ -46.65583, -23.95263 ], [ -46.65596, -23.95283 ], [ -46.65602, -23.95378 ], [ -46.65566, -23.95453 ], [ -46.65576, -23.95485 ], [ -46.65606, -23.95524 ], [ -46.65608, -23.95549 ], [ -46.65544, -23.95641 ], [ -46.65541, -23.95745 ], [ -46.65468, -23.95844 ], [ -46.65439, -23.95902 ], [ -46.65435, -23.95935 ], [ -46.65453, -23.95972 ], [ -46.65486, -23.95998 ], [ -46.65508, -23.95999 ], [ -46.6554, -23.95984 ], [ -46.65555, -23.95931 ], [ -46.6558, -23.9592 ], [ -46.65611, -23.95926 ], [ -46.65641, -23.95939 ], [ -46.65746, -23.96078 ], [ -46.65821, -23.96076 ], [ -46.6586, -23.96108 ], [ -46.65897, -23.96204 ], [ -46.65896, -23.96218 ], [ -46.65823, -23.96235 ], [ -46.65776, -23.96283 ], [ -46.6577, -23.96378 ], [ -46.65889, -23.96452 ], [ -46.65906, -23.96477 ], [ -46.65914, -23.96576 ], [ -46.65886, -23.96656 ], [ -46.65861, -23.96682 ], [ -46.65862, -23.96714 ], [ -46.65924, -23.96751 ], [ -46.65964, -23.96823 ], [ -46.65973, -23.96888 ], [ -46.65959, -23.96957 ], [ -46.65928, -23.97027 ], [ -46.65996, -23.9712 ], [ -46.66001, -23.97157 ], [ -46.6597, -23.97177 ], [ -46.6588, -23.97194 ], [ -46.65795, -23.9723 ], [ -46.65778, -23.97274 ], [ -46.65765, -23.97396 ], [ -46.65789, -23.97488 ], [ -46.65739, -23.97537 ], [ -46.65725, -23.9757 ], [ -46.65733, -23.97639 ], [ -46.65784, -23.97653 ], [ -46.6584, -23.97702 ], [ -46.65838, -23.97737 ], [ -46.65819, -23.97768 ], [ -46.65838, -23.97846 ], [ -46.65877, -23.97874 ], [ -46.65915, -23.97945 ], [ -46.6587, -23.98043 ], [ -46.65772, -23.98076 ], [ -46.6574, -23.98104 ], [ -46.65707, -23.981 ], [ -46.65649, -23.98074 ], [ -46.65557, -23.97984 ], [ -46.65483, -23.98001 ], [ -46.65462, -23.98024 ], [ -46.65448, -23.98084 ], [ -46.65367, -23.98088 ], [ -46.65334, -23.98104 ], [ -46.65324, -23.98128 ], [ -46.65329, -23.98155 ], [ -46.65352, -23.98165 ], [ -46.6535, -23.98199 ], [ -46.65248, -23.98303 ], [ -46.65224, -23.98485 ], [ -46.65233, -23.98534 ], [ -46.65228, -23.98564 ], [ -46.65123, -23.98654 ], [ -46.6484, -23.98814 ], [ -46.64829, -23.98847 ], [ -46.6485, -23.98903 ], [ -46.64867, -23.9892 ], [ -46.64928, -23.98939 ], [ -46.65001, -23.98979 ], [ -46.6506, -23.99097 ], [ -46.65042, -23.99208 ], [ -46.64971, -23.99239 ], [ -46.64944, -23.99234 ], [ -46.6492, -23.99242 ], [ -46.64908, -23.99257 ], [ -46.64905, -23.99287 ], [ -46.64947, -23.99394 ], [ -46.64944, -23.99568 ], [ -46.64959, -23.99642 ], [ -46.65033, -23.99776 ], [ -46.6506, -23.99874 ], [ -46.65062, -23.99945 ], [ -46.65018, -24.00155 ] ] ] } },
{ "type": "Feature", "properties": { "name": "Ribeirão Ponte Alta", "k": "river" }, "geometry": { "type": "MultiLineString", "coordinates": [ [ [ -46.84671, -23.6471 ], [ -46.8467, -23.64683 ] ], [ [ -46.85771, -23.67158 ], [ -46.85757, -23.6714 ], [ -46.85748, -23.67082 ], [ -46.85752, -23.67028 ], [ -46.85725, -23.67002 ], [ -46.85709, -23.66962 ], [ -46.85715, -23.66886 ], [ -46.85692, -23.66732 ], [ -46.85697, -23.66696 ], [ -46.8574, -23.66681 ], [ -46.85809, -23.66494 ], [ -46.85783, -23.66439 ], [ -46.85776, -23.66399 ], [ -46.85725, -23.66306 ], [ -46.85613, -23.66202 ], [ -46.85578, -23.6618 ], [ -46.85525, -23.66167 ], [ -46.85515, -23.66148 ], [ -46.85512, -23.66102 ], [ -46.85445, -23.66047 ], [ -46.85415, -23.65972 ], [ -46.85419, -23.65885 ], [ -46.85508, -23.65836 ], [ -46.85504, -23.658 ], [ -46.8549, -23.65772 ], [ -46.855, -23.6565 ], [ -46.85512, -23.65616 ], [ -46.85477, -23.65525 ], [ -46.85464, -23.65444 ], [ -46.85452, -23.65425 ], [ -46.85403, -23.65398 ], [ -46.85369, -23.65366 ], [ -46.85233, -23.65182 ], [ -46.85071, -23.65079 ], [ -46.8502, -23.65034 ], [ -46.85037, -23.64976 ], [ -46.85033, -23.64945 ], [ -46.85065, -23.64891 ], [ -46.85064, -23.64854 ], [ -46.8504, -23.64798 ], [ -46.85042, -23.64772 ], [ -46.84975, -23.64754 ], [ -46.84945, -23.64763 ], [ -46.84932, -23.64786 ], [ -46.84913, -23.64797 ], [ -46.84834, -23.64823 ], [ -46.84801, -23.64816 ], [ -46.8471, -23.6482 ], [ -46.84687, -23.64806 ], [ -46.84663, -23.64775 ], [ -46.84671, -23.6471 ] ] ] } },
{ "type": "Feature", "properties": { "name": "Rio Embu Mirim", "k": "river" }, "geometry": { "type": "MultiLineString", "coordinates": [ [ [ -46.83185, -23.64802 ], [ -46.83209, -23.64851 ], [ -46.83192, -23.64918 ], [ -46.83163, -23.64963 ], [ -46.83083, -23.65011 ], [ -46.83033, -23.65066 ], [ -46.83019, -23.65156 ], [ -46.82905, -23.65337 ], [ -46.82888, -23.65421 ], [ -46.8272, -23.65685 ], [ -46.82712, -23.65711 ], [ -46.82717, -23.65945 ], [ -46.82706, -23.66035 ], [ -46.82683, -23.66099 ], [ -46.82682, -23.66199 ], [ -46.82645, -23.66274 ], [ -46.82647, -23.66286 ], [ -46.82672, -23.66289 ], [ -46.82675, -23.66305 ], [ -46.82649, -23.66359 ], [ -46.82682, -23.66405 ], [ -46.82719, -23.66426 ], [ -46.82789, -23.66427 ], [ -46.8279, -23.66455 ], [ -46.82828, -23.66491 ], [ -46.8282, -23.66513 ], [ -46.82777, -23.66534 ], [ -46.82788, -23.66546 ], [ -46.82786, -23.66565 ], [ -46.8275, -23.66654 ], [ -46.82764, -23.66668 ], [ -46.82799, -23.66677 ], [ -46.82826, -23.66703 ], [ -46.82866, -23.66685 ], [ -46.82879, -23.6669 ], [ -46.8289, -23.66742 ], [ -46.82885, -23.66767 ], [ -46.8291, -23.66799 ], [ -46.82897, -23.66838 ], [ -46.82912, -23.66873 ], [ -46.82883, -23.66893 ], [ -46.82884, -23.66918 ], [ -46.82951, -23.66933 ], [ -46.82987, -23.66971 ], [ -46.83015, -23.67027 ], [ -46.8298, -23.67043 ], [ -46.82994, -23.67062 ], [ -46.82991, -23.67075 ], [ -46.82947, -23.67072 ], [ -46.82927, -23.67047 ], [ -46.82901, -23.67043 ], [ -46.82843, -23.67081 ], [ -46.82831, -23.67151 ], [ -46.82805, -23.67172 ], [ -46.82792, -23.67212 ], [ -46.82802, -23.67229 ], [ -46.82831, -23.67242 ], [ -46.82812, -23.67274 ], [ -46.82791, -23.67276 ], [ -46.82775, -23.67292 ], [ -46.82775, -23.67323 ], [ -46.82751, -23.67329 ], [ -46.82745, -23.67356 ], [ -46.82787, -23.67362 ], [ -46.82789, -23.67385 ], [ -46.82778, -23.67397 ], [ -46.8282, -23.67422 ], [ -46.82824, -23.67437 ], [ -46.82811, -23.6746 ], [ -46.8277, -23.67473 ], [ -46.82753, -23.67532 ], [ -46.82733, -23.67563 ] ], [ [ -46.83162, -23.64762 ], [ -46.83164, -23.64778 ], [ -46.83185, -23.64802 ] ], [ [ -46.83644, -23.64049 ], [ -46.83515, -23.64055 ], [ -46.83414, -23.64081 ], [ -46.83387, -23.64107 ], [ -46.83347, -23.64186 ], [ -46.83337, -23.6427 ], [ -46.83316, -23.64303 ], [ -46.83277, -23.64336 ], [ -46.83226, -23.64431 ], [ -46.83232, -23.64513 ], [ -46.83213, -23.64587 ], [ -46.83214, -23.64654 ], [ -46.83201, -23.6469 ], [ -46.83163, -23.64743 ], [ -46.83162, -23.64762 ] ], [ [ -46.83704, -23.64047 ], [ -46.83644, -23.64049 ] ], [ [ -46.82044, -23.68772 ], [ -46.82026, -23.68834 ], [ -46.82025, -23.68877 ], [ -46.81999, -23.6891 ], [ -46.82024, -23.68973 ], [ -46.82005, -23.6901 ], [ -46.81933, -23.69065 ], [ -46.81951, -23.69151 ], [ -46.81941, -23.6922 ], [ -46.81958, -23.69248 ], [ -46.81952, -23.69298 ], [ -46.81974, -23.69335 ], [ -46.81987, -23.69393 ], [ -46.81975, -23.69424 ], [ -46.81922, -23.69474 ], [ -46.81906, -23.69518 ], [ -46.81889, -23.69634 ], [ -46.81894, -23.69696 ], [ -46.81922, -23.69738 ], [ -46.81949, -23.69747 ], [ -46.81934, -23.69762 ], [ -46.81938, -23.69784 ], [ -46.81892, -23.69783 ], [ -46.81881, -23.69799 ], [ -46.81902, -23.69894 ], [ -46.81921, -23.6991 ], [ -46.81883, -23.69975 ], [ -46.81818, -23.70012 ], [ -46.81809, -23.70048 ], [ -46.81894, -23.70116 ], [ -46.81877, -23.70154 ], [ -46.81886, -23.70237 ], [ -46.81851, -23.70303 ], [ -46.81803, -23.70318 ], [ -46.81744, -23.70305 ], [ -46.8166, -23.70366 ], [ -46.81648, -23.70443 ], [ -46.8166, -23.70491 ], [ -46.81693, -23.70487 ], [ -46.8172, -23.70496 ], [ -46.81731, -23.7051 ], [ -46.8159, -23.70652 ], [ -46.81547, -23.70707 ], [ -46.81508, -23.70729 ], [ -46.81508, -23.70759 ], [ -46.81487, -23.7078 ], [ -46.81497, -23.70873 ], [ -46.81489, -23.70935 ], [ -46.81441, -23.71041 ], [ -46.81432, -23.71083 ], [ -46.81457, -23.71156 ], [ -46.8142, -23.71199 ], [ -46.81379, -23.71199 ], [ -46.81352, -23.71179 ], [ -46.8132, -23.71245 ], [ -46.81234, -23.71336 ], [ -46.81196, -23.71449 ], [ -46.81101, -23.71568 ], [ -46.8108, -23.71558 ], [ -46.81069, -23.7158 ], [ -46.81056, -23.71576 ], [ -46.8104, -23.71567 ], [ -46.81026, -23.71528 ], [ -46.81005, -23.71531 ], [ -46.80995, -23.7155 ], [ -46.8101, -23.71581 ], [ -46.80994, -23.71591 ], [ -46.80967, -23.71588 ], [ -46.80929, -23.71627 ], [ -46.80918, -23.71673 ], [ -46.80884, -23.71662 ], [ -46.80867, -23.71668 ], [ -46.80861, -23.71695 ], [ -46.80845, -23.71673 ], [ -46.80775, -23.71704 ], [ -46.80759, -23.71723 ], [ -46.80751, -23.71772 ], [ -46.80707, -23.71877 ], [ -46.80704, -23.71926 ], [ -46.80682, -23.71962 ], [ -46.80674, -23.7204 ], [ -46.80653, -23.72049 ], [ -46.80658, -23.72085 ], [ -46.80649, -23.72093 ], [ -46.80586, -23.72096 ], [ -46.8056, -23.72064 ], [ -46.80522, -23.72099 ], [ -46.80495, -23.72062 ], [ -46.80431, -23.72055 ], [ -46.8041, -23.72038 ], [ -46.80395, -23.72 ], [ -46.80343, -23.71959 ], [ -46.80339, -23.71888 ], [ -46.80349, -23.718 ], [ -46.80341, -23.71772 ], [ -46.80249, -23.71772 ], [ -46.80214, -23.71735 ], [ -46.80165, -23.71729 ], [ -46.80152, -23.71707 ], [ -46.80152, -23.71686 ], [ -46.80126, -23.71668 ], [ -46.80068, -23.71672 ], [ -46.80038, -23.71648 ], [ -46.80008, -23.71605 ], [ -46.79946, -23.71609 ], [ -46.79903, -23.71541 ], [ -46.79877, -23.71529 ], [ -46.79787, -23.7155 ], [ -46.79762, -23.71547 ], [ -46.79706, -23.71497 ], [ -46.79687, -23.71503 ], [ -46.79644, -23.7157 ], [ -46.79629, -23.71616 ], [ -46.79631, -23.71666 ], [ -46.79566, -23.71751 ], [ -46.79489, -23.71776 ], [ -46.79468, -23.71799 ], [ -46.79487, -23.71826 ], [ -46.79494, -23.71858 ], [ -46.79488, -23.72015 ], [ -46.79434, -23.72034 ], [ -46.79432, -23.72063 ], [ -46.7941, -23.72072 ], [ -46.79401, -23.72086 ], [ -46.79414, -23.72114 ], [ -46.79326, -23.72132 ], [ -46.7929, -23.72155 ], [ -46.7927, -23.72135 ], [ -46.79294, -23.72107 ], [ -46.79277, -23.72072 ], [ -46.79263, -23.72064 ], [ -46.79244, -23.72097 ], [ -46.79246, -23.72136 ], [ -46.79193, -23.72124 ], [ -46.79139, -23.7215 ], [ -46.79105, -23.72138 ], [ -46.79088, -23.72118 ], [ -46.79066, -23.72058 ], [ -46.79035, -23.72058 ], [ -46.79024, -23.72046 ], [ -46.79013, -23.72048 ], [ -46.79018, -23.72077 ], [ -46.79008, -23.72113 ], [ -46.7894, -23.72112 ], [ -46.789, -23.72134 ], [ -46.78879, -23.721 ], [ -46.78878, -23.72079 ], [ -46.78868, -23.72073 ], [ -46.7885, -23.72095 ], [ -46.78848, -23.72128 ], [ -46.78804, -23.72122 ], [ -46.78777, -23.72133 ], [ -46.78784, -23.72071 ], [ -46.78755, -23.72078 ], [ -46.78731, -23.72098 ], [ -46.78714, -23.72081 ], [ -46.78724, -23.72011 ], [ -46.78715, -23.71997 ], [ -46.78699, -23.71999 ], [ -46.78688, -23.72014 ], [ -46.78688, -23.72078 ], [ -46.78663, -23.72098 ], [ -46.78641, -23.72097 ], [ -46.78616, -23.72056 ], [ -46.78589, -23.72046 ], [ -46.7857, -23.72054 ], [ -46.78563, -23.72103 ], [ -46.78548, -23.72115 ], [ -46.78485, -23.72084 ], [ -46.78473, -23.72066 ], [ -46.78424, -23.7204 ], [ -46.78414, -23.72045 ], [ -46.78402, -23.72083 ], [ -46.78369, -23.72067 ], [ -46.78343, -23.72093 ], [ -46.78344, -23.72128 ], [ -46.78327, -23.72137 ], [ -46.78284, -23.72099 ], [ -46.78266, -23.72094 ], [ -46.78244, -23.7213 ], [ -46.78196, -23.72064 ], [ -46.78154, -23.72083 ], [ -46.78142, -23.72079 ], [ -46.78113, -23.72037 ], [ -46.78086, -23.72026 ], [ -46.78066, -23.7205 ], [ -46.78039, -23.72052 ], [ -46.78032, -23.72091 ], [ -46.78005, -23.72115 ], [ -46.77967, -23.7218 ], [ -46.77924, -23.72186 ], [ -46.77871, -23.72229 ], [ -46.77862, -23.7222 ], [ -46.77869, -23.72167 ], [ -46.77828, -23.72091 ], [ -46.77778, -23.72067 ], [ -46.77753, -23.72045 ], [ -46.77708, -23.72067 ], [ -46.77668, -23.72053 ], [ -46.7767, -23.72028 ], [ -46.7773, -23.71997 ], [ -46.77727, -23.71988 ], [ -46.77679, -23.71973 ], [ -46.77654, -23.71934 ], [ -46.77696, -23.719 ], [ -46.77628, -23.71838 ], [ -46.77576, -23.71841 ], [ -46.7758, -23.71826 ], [ -46.77616, -23.71811 ], [ -46.77615, -23.71798 ], [ -46.77581, -23.71762 ], [ -46.77513, -23.71719 ] ], [ [ -46.77513, -23.71719 ], [ -46.77444, -23.71671 ], [ -46.77438, -23.71649 ], [ -46.77448, -23.71613 ], [ -46.77369, -23.71609 ], [ -46.7731, -23.71574 ], [ -46.77264, -23.71625 ], [ -46.77249, -23.71626 ], [ -46.77232, -23.71583 ], [ -46.77003, -23.71334 ], [ -46.76975, -23.71278 ], [ -46.7692, -23.71228 ], [ -46.76758, -23.71176 ], [ -46.76414, -23.70973 ], [ -46.76222, -23.70887 ], [ -46.76106, -23.70886 ], [ -46.75916, -23.7094 ], [ -46.75499, -23.71107 ], [ -46.75391, -23.71135 ] ], [ [ -46.75391, -23.71135 ], [ -46.75263, -23.71152 ], [ -46.75086, -23.71195 ], [ -46.74947, -23.71254 ], [ -46.74792, -23.71345 ], [ -46.74673, -23.71451 ], [ -46.74516, -23.71659 ], [ -46.74133, -23.72211 ], [ -46.7404, -23.72306 ], [ -46.73875, -23.72419 ], [ -46.73705, -23.72501 ], [ -46.73457, -23.72581 ], [ -46.72831, -23.72658 ] ], [ [ -46.82733, -23.67563 ], [ -46.82666, -23.67592 ], [ -46.82632, -23.67636 ], [ -46.82537, -23.67693 ], [ -46.82527, -23.67712 ], [ -46.82461, -23.67727 ], [ -46.8237, -23.6771 ], [ -46.82274, -23.67842 ], [ -46.82279, -23.67864 ], [ -46.82336, -23.67872 ], [ -46.82339, -23.67882 ], [ -46.82313, -23.6793 ], [ -46.8231, -23.67972 ], [ -46.82279, -23.68003 ], [ -46.82259, -23.68044 ], [ -46.82213, -23.68064 ], [ -46.82213, -23.68082 ], [ -46.8224, -23.68166 ], [ -46.82293, -23.68204 ], [ -46.82268, -23.68261 ], [ -46.82312, -23.68289 ], [ -46.82282, -23.6834 ], [ -46.82236, -23.68382 ], [ -46.82229, -23.68405 ], [ -46.82247, -23.68424 ], [ -46.82232, -23.68443 ], [ -46.82245, -23.68459 ], [ -46.82231, -23.68465 ], [ -46.82174, -23.68448 ], [ -46.82165, -23.68457 ], [ -46.82173, -23.68485 ], [ -46.82187, -23.68498 ], [ -46.82156, -23.68526 ], [ -46.82136, -23.68568 ], [ -46.82116, -23.68583 ], [ -46.82069, -23.68582 ], [ -46.82053, -23.68567 ], [ -46.82041, -23.68574 ], [ -46.82048, -23.68627 ], [ -46.82038, -23.68672 ], [ -46.8208, -23.68703 ], [ -46.82105, -23.68709 ], [ -46.82044, -23.68772 ] ] ] } },
{ "type": "Feature", "properties": { "name": "Córrego Olaria", "k": "river" }, "geometry": { "type": "MultiLineString", "coordinates": [ [ [ -46.76357, -23.623 ], [ -46.76367, -23.62246 ], [ -46.7636, -23.6223 ], [ -46.76411, -23.62043 ] ], [ [ -46.76089, -23.62617 ], [ -46.76091, -23.62605 ], [ -46.7621, -23.62508 ], [ -46.76323, -23.62432 ], [ -46.7634, -23.6241 ], [ -46.76354, -23.62337 ] ] ] } },
{ "type": "Feature", "properties": { "name": "Espigão do Morumbi", "k": "ridge" }, "geometry": { "type": "LineString", "coordinates": [ [ -46.70553, -23.57354 ], [ -46.70515, -23.5754 ], [ -46.70519, -23.57674 ], [ -46.70502, -23.5788 ], [ -46.7046, -23.57959 ], [ -46.70443, -23.58161 ], [ -46.70435, -23.58409 ], [ -46.70452, -23.58559 ], [ -46.70617, -23.5874 ], [ -46.70619, -23.58928 ], [ -46.7055, -23.58982 ], [ -46.70538, -23.59134 ], [ -46.70627, -23.59368 ], [ -46.7068, -23.59431 ], [ -46.70691, -23.59534 ], [ -46.70749, -23.59715 ], [ -46.70822, -23.59876 ], [ -46.70874, -23.60072 ], [ -46.70925, -23.60126 ], [ -46.71142, -23.60207 ], [ -46.71223, -23.60411 ], [ -46.71268, -23.605 ], [ -46.71228, -23.60581 ], [ -46.71274, -23.60813 ], [ -46.71313, -23.60931 ], [ -46.71317, -23.61093 ], [ -46.71256, -23.61228 ], [ -46.71419, -23.61379 ], [ -46.7151, -23.61388 ], [ -46.71748, -23.61442 ], [ -46.71816, -23.61616 ], [ -46.71839, -23.61713 ], [ -46.71925, -23.61712 ], [ -46.71957, -23.61726 ], [ -46.72, -23.61826 ], [ -46.72055, -23.61823 ], [ -46.72081, -23.62017 ], [ -46.72216, -23.62005 ], [ -46.72285, -23.61984 ], [ -46.72382, -23.6191 ], [ -46.72379, -23.61767 ], [ -46.72443, -23.61712 ], [ -46.72556, -23.61681 ], [ -46.72675, -23.61736 ], [ -46.72693, -23.61784 ], [ -46.7281, -23.61796 ], [ -46.7286, -23.61894 ], [ -46.72933, -23.61998 ], [ -46.73161, -23.62059 ], [ -46.73385, -23.62047 ], [ -46.73658, -23.6213 ], [ -46.73795, -23.62223 ], [ -46.73853, -23.62321 ], [ -46.73915, -23.62369 ], [ -46.7396, -23.62468 ], [ -46.73961, -23.62563 ], [ -46.74117, -23.62609 ], [ -46.74323, -23.62733 ], [ -46.74415, -23.62802 ], [ -46.74437, -23.62897 ], [ -46.74387, -23.6307 ], [ -46.74408, -23.63151 ], [ -46.74499, -23.632 ], [ -46.74659, -23.63179 ], [ -46.74941, -23.63035 ], [ -46.75033, -23.63039 ], [ -46.751, -23.6319 ], [ -46.75077, -23.63364 ], [ -46.7525, -23.63486 ], [ -46.75437, -23.63505 ], [ -46.75542, -23.63563 ], [ -46.75587, -23.63758 ], [ -46.75695, -23.63921 ], [ -46.75895, -23.639 ], [ -46.76065, -23.63996 ], [ -46.76131, -23.64107 ], [ -46.76167, -23.64252 ], [ -46.76321, -23.64341 ], [ -46.76371, -23.64502 ], [ -46.76383, -23.64683 ], [ -46.76299, -23.64844 ], [ -46.76274, -23.64952 ], [ -46.76363, -23.65048 ], [ -46.76583, -23.65128 ], [ -46.76583, -23.65264 ], [ -46.76706, -23.65395 ], [ -46.76832, -23.65339 ], [ -46.7692, -23.65389 ], [ -46.77026, -23.6539 ], [ -46.77295, -23.65624 ], [ -46.77444, -23.65738 ], [ -46.77446, -23.65845 ], [ -46.77515, -23.65943 ], [ -46.77656, -23.65997 ], [ -46.77777, -23.66063 ], [ -46.78172, -23.66354 ], [ -46.78301, -23.66562 ], [ -46.78421, -23.66803 ], [ -46.7866, -23.6711 ], [ -46.78766, -23.67302 ], [ -46.78765, -23.67561 ], [ -46.78859, -23.67631 ], [ -46.79214, -23.67613 ], [ -46.79591, -23.67954 ], [ -46.79658, -23.68062 ], [ -46.79667, -23.68277 ], [ -46.80104, -23.68588 ] ] } },
{ "type": "Feature", "properties": { "name": "Rio Morro do S", "k": "river" }, "geometry": { "type": "MultiLineString", "coordinates": [ [ [ -46.75399, -23.64589 ], [ -46.75352, -23.64596 ], [ -46.7528, -23.64583 ], [ -46.75243, -23.6455 ], [ -46.75217, -23.6454 ], [ -46.75063, -23.64512 ], [ -46.7482, -23.64365 ], [ -46.74757, -23.6431 ], [ -46.74736, -23.64278 ], [ -46.74717, -23.64227 ], [ -46.74689, -23.64031 ], [ -46.74664, -23.63996 ], [ -46.74614, -23.63962 ], [ -46.74455, -23.63947 ], [ -46.73992, -23.63759 ], [ -46.73925, -23.6376 ], [ -46.73855, -23.6378 ], [ -46.73818, -23.63803 ], [ -46.73802, -23.63836 ] ], [ [ -46.77129, -23.66386 ], [ -46.7711, -23.6627 ], [ -46.77096, -23.66234 ], [ -46.77078, -23.66206 ], [ -46.76976, -23.66123 ], [ -46.76923, -23.66024 ] ], [ [ -46.76923, -23.66024 ], [ -46.76906, -23.65987 ] ], [ [ -46.76906, -23.65987 ], [ -46.76833, -23.65911 ], [ -46.76793, -23.65848 ], [ -46.76744, -23.65813 ], [ -46.76646, -23.65767 ], [ -46.76627, -23.65746 ], [ -46.76582, -23.65652 ], [ -46.76437, -23.65475 ], [ -46.76217, -23.65246 ], [ -46.76098, -23.65186 ], [ -46.76012, -23.65075 ], [ -46.75884, -23.64997 ] ], [ [ -46.75879, -23.64992 ], [ -46.75842, -23.64926 ], [ -46.75838, -23.64862 ] ], [ [ -46.75884, -23.64997 ], [ -46.75879, -23.64992 ] ], [ [ -46.7541, -23.64588 ], [ -46.75399, -23.64589 ] ], [ [ -46.75838, -23.64862 ], [ -46.75818, -23.64767 ], [ -46.75621, -23.64609 ], [ -46.75463, -23.6458 ], [ -46.7541, -23.64588 ] ], [ [ -46.77152, -23.66469 ], [ -46.77129, -23.66386 ] ], [ [ -46.77241, -23.66588 ], [ -46.77183, -23.66566 ], [ -46.77152, -23.66469 ] ], [ [ -46.73802, -23.63836 ], [ -46.73656, -23.64067 ], [ -46.73588, -23.64108 ], [ -46.7349, -23.6423 ], [ -46.73488, -23.64323 ], [ -46.72969, -23.64408 ], [ -46.72699, -23.64367 ], [ -46.72615, -23.64364 ] ] ] } },
{ "type": "Feature", "properties": { "name": "Ribeirão Pirajuçara", "k": "river" }, "geometry": { "type": "LineString", "coordinates": [ [ -46.79272, -23.64718 ], [ -46.78959, -23.64494 ], [ -46.78944, -23.64475 ], [ -46.78917, -23.64375 ], [ -46.78883, -23.64316 ], [ -46.78877, -23.64287 ], [ -46.78887, -23.64241 ], [ -46.78827, -23.64129 ], [ -46.78762, -23.6406 ], [ -46.78663, -23.63983 ], [ -46.78566, -23.63978 ], [ -46.78549, -23.63964 ], [ -46.78524, -23.63933 ], [ -46.78514, -23.63858 ], [ -46.785, -23.63845 ], [ -46.78254, -23.63758 ], [ -46.78179, -23.63759 ], [ -46.78138, -23.6377 ], [ -46.78123, -23.63742 ], [ -46.78095, -23.63721 ], [ -46.77758, -23.63518 ], [ -46.7775, -23.63498 ], [ -46.77777, -23.63419 ], [ -46.77683, -23.63175 ], [ -46.77649, -23.63103 ], [ -46.77617, -23.63073 ], [ -46.7753, -23.6301 ], [ -46.77285, -23.62913 ], [ -46.77218, -23.62832 ], [ -46.77141, -23.62818 ], [ -46.77038, -23.62766 ], [ -46.76976, -23.62752 ], [ -46.76927, -23.62723 ], [ -46.76911, -23.62706 ], [ -46.76876, -23.62606 ], [ -46.76751, -23.6239 ], [ -46.76562, -23.62214 ], [ -46.76516, -23.62121 ], [ -46.76477, -23.62084 ], [ -46.76411, -23.62043 ], [ -46.76313, -23.61916 ], [ -46.7612, -23.61765 ], [ -46.76088, -23.61718 ], [ -46.76079, -23.6161 ], [ -46.76044, -23.61512 ], [ -46.75965, -23.6146 ], [ -46.75808, -23.61279 ], [ -46.75658, -23.61226 ], [ -46.75562, -23.61135 ], [ -46.75442, -23.6116 ] ] } },
{ "type": "Feature", "properties": { "name": "Morro do S", "k": "ridge" }, "geometry": { "type": "LineString", "coordinates": [ [ -46.76959, -23.65995 ], [ -46.7699, -23.65981 ], [ -46.77019, -23.65983 ], [ -46.77189, -23.66021 ], [ -46.7745, -23.65963 ], [ -46.77524, -23.65962 ] ] } },
{ "type": "Feature", "properties": { "name": "Córrego Jararaú", "k": "river" }, "geometry": { "type": "LineString", "coordinates": [ [ -46.79143, -23.70494 ], [ -46.79177, -23.70533 ], [ -46.79218, -23.70626 ], [ -46.79223, -23.70699 ], [ -46.79247, -23.70736 ], [ -46.79273, -23.70812 ], [ -46.7927, -23.70927 ], [ -46.79304, -23.70969 ] ] } },
{ "type": "Feature", "properties": { "name": "Rio Guarapiranga", "k": "river" }, "geometry": { "type": "MultiLineString", "coordinates": [ [ [ -46.7588, -23.68251 ], [ -46.75835, -23.68265 ], [ -46.75784, -23.68315 ], [ -46.75723, -23.68342 ], [ -46.75676, -23.68338 ] ], [ [ -46.75676, -23.68338 ], [ -46.75647, -23.68359 ], [ -46.75587, -23.68464 ] ], [ [ -46.75587, -23.68464 ], [ -46.75547, -23.68497 ] ], [ [ -46.75547, -23.68497 ], [ -46.75538, -23.68508 ] ], [ [ -46.75538, -23.68508 ], [ -46.75395, -23.68619 ], [ -46.75366, -23.68655 ] ], [ [ -46.75366, -23.68655 ], [ -46.7535, -23.68664 ] ], [ [ -46.7535, -23.68664 ], [ -46.75248, -23.68723 ], [ -46.75167, -23.68803 ], [ -46.75114, -23.68842 ], [ -46.75113, -23.68891 ], [ -46.7508, -23.68939 ], [ -46.75041, -23.69054 ], [ -46.74967, -23.69096 ], [ -46.75008, -23.69173 ], [ -46.74991, -23.69238 ], [ -46.74975, -23.69257 ], [ -46.74954, -23.69319 ], [ -46.74943, -23.69337 ], [ -46.74899, -23.69358 ], [ -46.74878, -23.69391 ], [ -46.74851, -23.69371 ], [ -46.74822, -23.69377 ], [ -46.74806, -23.69416 ], [ -46.74758, -23.69453 ], [ -46.74737, -23.69621 ], [ -46.74715, -23.69676 ], [ -46.7469, -23.69705 ], [ -46.747, -23.69728 ], [ -46.7474, -23.69737 ], [ -46.74755, -23.69752 ], [ -46.74756, -23.69772 ], [ -46.7471, -23.69852 ], [ -46.74704, -23.69889 ], [ -46.74549, -23.69935 ], [ -46.7422, -23.69873 ], [ -46.73991, -23.69802 ], [ -46.73166, -23.69617 ], [ -46.72976, -23.69522 ] ], [ [ -46.72976, -23.69522 ], [ -46.7291, -23.69424 ], [ -46.72648, -23.68845 ], [ -46.72617, -23.68353 ], [ -46.72718, -23.67409 ], [ -46.72773, -23.67147 ], [ -46.72769, -23.6709 ], [ -46.72719, -23.6704 ] ], [ [ -46.72719, -23.6704 ], [ -46.72636, -23.66984 ] ], [ [ -46.72636, -23.66984 ], [ -46.72523, -23.66905 ], [ -46.72494, -23.6686 ], [ -46.72371, -23.6642 ] ], [ [ -46.72371, -23.6642 ], [ -46.72198, -23.65799 ], [ -46.72161, -23.65752 ], [ -46.72112, -23.65715 ], [ -46.71982, -23.65656 ] ] ] } },
{ "type": "Feature", "properties": { "name": "Rio Santa Rita", "k": "river" }, "geometry": { "type": "MultiLineString", "coordinates": [ [ [ -46.83845, -23.82382 ], [ -46.83778, -23.82292 ], [ -46.83635, -23.82178 ], [ -46.83562, -23.82084 ], [ -46.83324, -23.8189 ], [ -46.83244, -23.81809 ], [ -46.83173, -23.81718 ], [ -46.83048, -23.81693 ], [ -46.8293, -23.81651 ] ], [ [ -46.8293, -23.81651 ], [ -46.82898, -23.8162 ] ], [ [ -46.82898, -23.8162 ], [ -46.82744, -23.81615 ], [ -46.82592, -23.8164 ], [ -46.82538, -23.81693 ], [ -46.82487, -23.81786 ], [ -46.82433, -23.81858 ], [ -46.82326, -23.81937 ], [ -46.82182, -23.81937 ], [ -46.81991, -23.81976 ], [ -46.81925, -23.81978 ], [ -46.81817, -23.81923 ], [ -46.81564, -23.81879 ], [ -46.81371, -23.81865 ], [ -46.81333, -23.81854 ], [ -46.81321, -23.81818 ], [ -46.81344, -23.81806 ], [ -46.81349, -23.81775 ], [ -46.81318, -23.81753 ], [ -46.81261, -23.81777 ], [ -46.81263, -23.81764 ], [ -46.8128, -23.81753 ], [ -46.81283, -23.81739 ], [ -46.81272, -23.81734 ], [ -46.81226, -23.81759 ], [ -46.81232, -23.81733 ], [ -46.81265, -23.81711 ], [ -46.81244, -23.81695 ], [ -46.81174, -23.81705 ], [ -46.81135, -23.81733 ], [ -46.81117, -23.81728 ], [ -46.81103, -23.81735 ], [ -46.81076, -23.81763 ] ] ] } },
{ "type": "Feature", "properties": { "name": "Rio Embu-Guaçu", "k": "river" }, "geometry": { "type": "MultiLineString", "coordinates": [ [ [ -46.79178, -23.79183 ], [ -46.7921, -23.79155 ], [ -46.79151, -23.79091 ], [ -46.79125, -23.79076 ], [ -46.79106, -23.7908 ], [ -46.79085, -23.79119 ], [ -46.79062, -23.7913 ], [ -46.78965, -23.79033 ], [ -46.78934, -23.79015 ], [ -46.7892, -23.78983 ], [ -46.78926, -23.7895 ], [ -46.7895, -23.78925 ], [ -46.78969, -23.78923 ], [ -46.78983, -23.78962 ], [ -46.79009, -23.78957 ], [ -46.78992, -23.78911 ], [ -46.78993, -23.78861 ], [ -46.79014, -23.78824 ], [ -46.79012, -23.78796 ], [ -46.79031, -23.78771 ], [ -46.79018, -23.78748 ], [ -46.78947, -23.78781 ], [ -46.78921, -23.78766 ], [ -46.78914, -23.78725 ], [ -46.78893, -23.78704 ], [ -46.78878, -23.78713 ], [ -46.7888, -23.78751 ], [ -46.78863, -23.78768 ], [ -46.78806, -23.78713 ], [ -46.78796, -23.78686 ], [ -46.78811, -23.78652 ], [ -46.78831, -23.78634 ], [ -46.78975, -23.78616 ], [ -46.7898, -23.78515 ], [ -46.78945, -23.78485 ], [ -46.78954, -23.78458 ], [ -46.78982, -23.78431 ], [ -46.79037, -23.78409 ], [ -46.79091, -23.78364 ], [ -46.79116, -23.78366 ], [ -46.79135, -23.78402 ], [ -46.792, -23.7836 ], [ -46.79223, -23.78358 ], [ -46.79221, -23.78324 ], [ -46.79199, -23.78293 ], [ -46.79167, -23.78289 ], [ -46.79151, -23.78278 ], [ -46.79172, -23.78256 ], [ -46.79261, -23.78245 ], [ -46.79266, -23.7823 ], [ -46.79225, -23.7816 ], [ -46.79242, -23.7815 ], [ -46.79293, -23.78194 ], [ -46.79348, -23.78115 ], [ -46.79343, -23.7809 ], [ -46.79323, -23.78064 ], [ -46.79347, -23.78053 ], [ -46.79354, -23.77998 ], [ -46.79296, -23.77953 ], [ -46.79366, -23.77892 ], [ -46.79375, -23.77807 ], [ -46.79332, -23.77752 ], [ -46.79221, -23.77674 ], [ -46.79217, -23.77635 ], [ -46.79046, -23.77478 ], [ -46.78957, -23.7741 ], [ -46.7898, -23.77349 ], [ -46.78987, -23.77288 ], [ -46.78951, -23.77257 ], [ -46.78903, -23.77284 ], [ -46.78846, -23.77352 ], [ -46.78824, -23.77338 ], [ -46.78816, -23.77307 ], [ -46.78826, -23.77271 ], [ -46.78819, -23.77259 ], [ -46.78787, -23.77259 ], [ -46.78776, -23.77246 ], [ -46.78824, -23.77228 ], [ -46.78808, -23.77215 ], [ -46.78381, -23.77196 ], [ -46.78305, -23.77179 ], [ -46.78223, -23.77137 ], [ -46.78064, -23.77035 ], [ -46.77975, -23.76961 ], [ -46.77868, -23.76845 ], [ -46.7779, -23.76744 ], [ -46.77732, -23.76689 ], [ -46.7766, -23.76629 ], [ -46.7758, -23.76593 ] ], [ [ -46.80827, -23.85051 ], [ -46.80825, -23.84985 ], [ -46.80846, -23.84948 ], [ -46.80839, -23.84918 ], [ -46.80854, -23.84889 ], [ -46.80823, -23.84842 ], [ -46.80845, -23.84788 ], [ -46.80841, -23.84691 ], [ -46.80828, -23.84636 ], [ -46.80786, -23.84618 ], [ -46.80777, -23.8459 ], [ -46.80786, -23.84545 ], [ -46.80755, -23.84505 ], [ -46.80775, -23.84479 ], [ -46.80782, -23.84451 ], [ -46.80785, -23.84384 ], [ -46.80834, -23.84377 ], [ -46.80858, -23.84344 ], [ -46.80861, -23.84323 ], [ -46.80802, -23.84206 ], [ -46.80826, -23.84182 ], [ -46.80839, -23.84143 ], [ -46.80802, -23.84099 ], [ -46.80801, -23.84017 ], [ -46.80772, -23.83967 ], [ -46.80761, -23.83884 ], [ -46.80713, -23.83833 ], [ -46.80664, -23.83706 ], [ -46.80651, -23.83596 ], [ -46.8055, -23.83515 ], [ -46.80583, -23.83494 ], [ -46.80561, -23.83463 ], [ -46.80492, -23.83415 ], [ -46.80451, -23.83431 ], [ -46.80443, -23.83427 ], [ -46.8044, -23.83409 ], [ -46.805, -23.83383 ], [ -46.80508, -23.83366 ], [ -46.80506, -23.83338 ], [ -46.80463, -23.83307 ], [ -46.80477, -23.83281 ], [ -46.80453, -23.83237 ], [ -46.80507, -23.83242 ], [ -46.80504, -23.83223 ], [ -46.80528, -23.83181 ], [ -46.80563, -23.83172 ], [ -46.80599, -23.8315 ], [ -46.80601, -23.83103 ], [ -46.8062, -23.83086 ], [ -46.80609, -23.83046 ], [ -46.80639, -23.82969 ], [ -46.80669, -23.82942 ], [ -46.80678, -23.82865 ], [ -46.80675, -23.82716 ], [ -46.80757, -23.82555 ], [ -46.80817, -23.82491 ], [ -46.80857, -23.82384 ], [ -46.80868, -23.8237 ], [ -46.80905, -23.82358 ], [ -46.81003, -23.8216 ], [ -46.81119, -23.81848 ], [ -46.81095, -23.81784 ], [ -46.81072, -23.81752 ], [ -46.81092, -23.81689 ], [ -46.81119, -23.81685 ], [ -46.81153, -23.81697 ], [ -46.81165, -23.81695 ], [ -46.81171, -23.81681 ], [ -46.81151, -23.81646 ], [ -46.81098, -23.81657 ], [ -46.8108, -23.81647 ], [ -46.81088, -23.8163 ], [ -46.81124, -23.81614 ], [ -46.81119, -23.81604 ], [ -46.81047, -23.81596 ], [ -46.81001, -23.81626 ], [ -46.8097, -23.81633 ], [ -46.80844, -23.81581 ], [ -46.80837, -23.81566 ], [ -46.80851, -23.81561 ], [ -46.8086, -23.81538 ], [ -46.80858, -23.81495 ], [ -46.80816, -23.81467 ], [ -46.80792, -23.81464 ], [ -46.80774, -23.8151 ], [ -46.80764, -23.81514 ], [ -46.80727, -23.81495 ], [ -46.80752, -23.81441 ], [ -46.80747, -23.81375 ], [ -46.80727, -23.81366 ], [ -46.80727, -23.81346 ], [ -46.80749, -23.8132 ], [ -46.80745, -23.81266 ], [ -46.80737, -23.81255 ], [ -46.80717, -23.81255 ], [ -46.80664, -23.81331 ], [ -46.80651, -23.8133 ], [ -46.80642, -23.81316 ], [ -46.80644, -23.8127 ], [ -46.80632, -23.81261 ], [ -46.80569, -23.81275 ], [ -46.80538, -23.81255 ], [ -46.80531, -23.81243 ], [ -46.80539, -23.8123 ], [ -46.80595, -23.81203 ], [ -46.80605, -23.8118 ], [ -46.80584, -23.8113 ], [ -46.80501, -23.81129 ], [ -46.8048, -23.81103 ], [ -46.80502, -23.81073 ], [ -46.80528, -23.81061 ], [ -46.80538, -23.81039 ], [ -46.80474, -23.81016 ], [ -46.80452, -23.80998 ], [ -46.80455, -23.80959 ], [ -46.80443, -23.80925 ], [ -46.80385, -23.80907 ], [ -46.80267, -23.80804 ], [ -46.80278, -23.80787 ], [ -46.80326, -23.80781 ], [ -46.80345, -23.80767 ], [ -46.80349, -23.80747 ], [ -46.80322, -23.80739 ], [ -46.80266, -23.80747 ], [ -46.80238, -23.8073 ], [ -46.80215, -23.80735 ], [ -46.80189, -23.80721 ], [ -46.80184, -23.80706 ], [ -46.80084, -23.80616 ], [ -46.8006, -23.80559 ], [ -46.8003, -23.80522 ], [ -46.80073, -23.80455 ], [ -46.80051, -23.804 ], [ -46.80004, -23.80374 ], [ -46.80047, -23.80329 ], [ -46.80079, -23.80325 ], [ -46.80088, -23.80262 ], [ -46.80069, -23.80219 ], [ -46.80067, -23.80166 ], [ -46.80038, -23.80139 ], [ -46.80021, -23.80172 ], [ -46.79981, -23.8018 ], [ -46.79948, -23.80152 ], [ -46.79938, -23.80117 ], [ -46.79878, -23.80082 ], [ -46.79856, -23.80044 ], [ -46.79614, -23.79931 ], [ -46.79588, -23.79889 ], [ -46.79584, -23.79848 ], [ -46.79597, -23.79803 ], [ -46.79624, -23.79756 ], [ -46.79539, -23.79597 ], [ -46.79468, -23.79499 ], [ -46.79442, -23.79398 ], [ -46.79418, -23.79377 ], [ -46.79346, -23.79347 ], [ -46.79243, -23.79288 ], [ -46.79178, -23.79183 ] ], [ [ -46.80735, -23.88657 ], [ -46.80856, -23.88642 ], [ -46.80883, -23.88567 ], [ -46.80881, -23.88512 ], [ -46.80928, -23.88507 ], [ -46.80935, -23.88481 ], [ -46.80916, -23.8848 ], [ -46.80903, -23.88442 ], [ -46.80952, -23.88432 ], [ -46.80994, -23.88358 ], [ -46.81015, -23.88366 ], [ -46.81033, -23.88352 ], [ -46.81, -23.88322 ], [ -46.81056, -23.88225 ], [ -46.81103, -23.88199 ], [ -46.81111, -23.88238 ], [ -46.81142, -23.88184 ], [ -46.81176, -23.88185 ], [ -46.81204, -23.88149 ], [ -46.81176, -23.88152 ], [ -46.81142, -23.8814 ], [ -46.81162, -23.88102 ], [ -46.81209, -23.88117 ], [ -46.81237, -23.88102 ], [ -46.8125, -23.88052 ], [ -46.81248, -23.88015 ], [ -46.81278, -23.88014 ], [ -46.81341, -23.87954 ], [ -46.81334, -23.8794 ], [ -46.81277, -23.87928 ], [ -46.8126, -23.87844 ], [ -46.81268, -23.87743 ], [ -46.81293, -23.8771 ], [ -46.8127, -23.87694 ], [ -46.81296, -23.8768 ], [ -46.81307, -23.87624 ], [ -46.81279, -23.87641 ], [ -46.8125, -23.87631 ], [ -46.81231, -23.87566 ], [ -46.81237, -23.87537 ], [ -46.81187, -23.87508 ], [ -46.81205, -23.87491 ], [ -46.81169, -23.87459 ], [ -46.81198, -23.87438 ], [ -46.81209, -23.87404 ], [ -46.81184, -23.8741 ], [ -46.81151, -23.87399 ], [ -46.81162, -23.87383 ], [ -46.81157, -23.87353 ], [ -46.81099, -23.87371 ], [ -46.8106, -23.87339 ], [ -46.81072, -23.87309 ], [ -46.81111, -23.87293 ], [ -46.8108, -23.87246 ], [ -46.81103, -23.87236 ], [ -46.81159, -23.87261 ], [ -46.81181, -23.87249 ], [ -46.81195, -23.87218 ], [ -46.81155, -23.87198 ], [ -46.81142, -23.87152 ], [ -46.81157, -23.87118 ], [ -46.81211, -23.87127 ], [ -46.81253, -23.87112 ], [ -46.81291, -23.8702 ], [ -46.8133, -23.87004 ], [ -46.81383, -23.86916 ], [ -46.81361, -23.8686 ], [ -46.81364, -23.86813 ], [ -46.81339, -23.86799 ], [ -46.81353, -23.86778 ], [ -46.81338, -23.86677 ], [ -46.813, -23.86621 ], [ -46.81246, -23.86605 ], [ -46.81251, -23.86573 ], [ -46.81224, -23.86558 ], [ -46.81227, -23.86549 ], [ -46.81259, -23.86538 ], [ -46.81252, -23.86525 ], [ -46.81227, -23.86515 ], [ -46.81229, -23.86493 ], [ -46.81241, -23.8649 ], [ -46.81265, -23.86514 ], [ -46.81279, -23.86489 ], [ -46.81249, -23.86445 ], [ -46.81211, -23.86429 ], [ -46.8122, -23.86415 ], [ -46.81267, -23.8642 ], [ -46.81275, -23.86392 ], [ -46.81171, -23.86367 ], [ -46.81088, -23.86333 ], [ -46.81033, -23.86337 ], [ -46.81008, -23.86372 ], [ -46.80958, -23.86287 ], [ -46.80982, -23.8627 ], [ -46.80968, -23.8626 ], [ -46.80975, -23.86242 ], [ -46.80967, -23.86225 ], [ -46.8098, -23.86219 ], [ -46.80986, -23.86197 ], [ -46.80965, -23.86182 ], [ -46.80958, -23.86159 ], [ -46.80976, -23.86135 ], [ -46.80972, -23.86113 ], [ -46.80929, -23.86062 ], [ -46.80905, -23.86013 ], [ -46.80895, -23.85874 ], [ -46.80931, -23.85819 ], [ -46.80957, -23.85752 ], [ -46.80976, -23.85654 ], [ -46.80972, -23.85448 ], [ -46.80933, -23.8537 ], [ -46.80955, -23.85332 ], [ -46.80993, -23.85309 ], [ -46.80998, -23.85285 ], [ -46.80972, -23.85268 ], [ -46.80972, -23.8514 ], [ -46.80963, -23.85125 ], [ -46.80995, -23.85109 ], [ -46.80991, -23.85093 ], [ -46.80951, -23.85078 ], [ -46.80909, -23.85103 ], [ -46.8088, -23.85058 ], [ -46.80855, -23.85056 ], [ -46.80838, -23.8507 ], [ -46.80827, -23.85051 ] ], [ [ -46.8109, -23.92024 ], [ -46.81101, -23.91991 ], [ -46.81097, -23.91946 ], [ -46.81064, -23.91911 ], [ -46.81068, -23.91838 ], [ -46.81056, -23.91809 ], [ -46.80984, -23.91794 ], [ -46.81105, -23.91715 ], [ -46.81139, -23.91723 ], [ -46.81178, -23.91706 ], [ -46.81151, -23.91648 ], [ -46.8119, -23.91617 ], [ -46.81146, -23.91603 ], [ -46.81105, -23.91506 ], [ -46.8114, -23.91452 ], [ -46.81179, -23.91304 ], [ -46.81189, -23.91215 ], [ -46.81128, -23.9117 ], [ -46.81077, -23.91113 ], [ -46.8109, -23.91107 ], [ -46.81122, -23.91116 ], [ -46.81162, -23.91084 ], [ -46.8118, -23.91134 ], [ -46.81188, -23.91137 ], [ -46.81196, -23.91112 ], [ -46.812, -23.91071 ], [ -46.81177, -23.91045 ], [ -46.8119, -23.9103 ], [ -46.81187, -23.91013 ], [ -46.81139, -23.9099 ], [ -46.81136, -23.90971 ], [ -46.81184, -23.90911 ], [ -46.81183, -23.90895 ], [ -46.81132, -23.90857 ], [ -46.8114, -23.90819 ], [ -46.81167, -23.90798 ], [ -46.81145, -23.90753 ], [ -46.81114, -23.90725 ], [ -46.8108, -23.90719 ], [ -46.81101, -23.9064 ], [ -46.81052, -23.90606 ], [ -46.81047, -23.90567 ], [ -46.8102, -23.90568 ], [ -46.8099, -23.90535 ], [ -46.80914, -23.90494 ], [ -46.80942, -23.90448 ], [ -46.80875, -23.90448 ], [ -46.80896, -23.90399 ], [ -46.80867, -23.90327 ], [ -46.80819, -23.90325 ], [ -46.8082, -23.90286 ], [ -46.80841, -23.90259 ], [ -46.80809, -23.90238 ], [ -46.80769, -23.90186 ], [ -46.80726, -23.90181 ], [ -46.80698, -23.90139 ], [ -46.80663, -23.90137 ], [ -46.80694, -23.90043 ], [ -46.80699, -23.90009 ], [ -46.80689, -23.89975 ], [ -46.80658, -23.89954 ], [ -46.80626, -23.89904 ], [ -46.80587, -23.89869 ], [ -46.8056, -23.89821 ], [ -46.80524, -23.8973 ], [ -46.8049, -23.89597 ], [ -46.80505, -23.89557 ], [ -46.80465, -23.8954 ], [ -46.80447, -23.89484 ], [ -46.80448, -23.89469 ], [ -46.80491, -23.89411 ], [ -46.80502, -23.89348 ], [ -46.80492, -23.89303 ], [ -46.80417, -23.89302 ], [ -46.80406, -23.8928 ], [ -46.80542, -23.89129 ], [ -46.80587, -23.89171 ], [ -46.80561, -23.89199 ], [ -46.80573, -23.89217 ], [ -46.80592, -23.89222 ], [ -46.80629, -23.89173 ], [ -46.80644, -23.89084 ], [ -46.80666, -23.89064 ], [ -46.80668, -23.89041 ], [ -46.80717, -23.89043 ], [ -46.80718, -23.89003 ], [ -46.80681, -23.88996 ], [ -46.80673, -23.88979 ], [ -46.80686, -23.88944 ], [ -46.8067, -23.88919 ], [ -46.8068, -23.88913 ], [ -46.8073, -23.88933 ], [ -46.80737, -23.88922 ], [ -46.80693, -23.88874 ], [ -46.80714, -23.88851 ], [ -46.80722, -23.88802 ], [ -46.80707, -23.88789 ], [ -46.80654, -23.88818 ], [ -46.80655, -23.88756 ], [ -46.80683, -23.88735 ], [ -46.80698, -23.8874 ], [ -46.80762, -23.88715 ], [ -46.80751, -23.88676 ], [ -46.80735, -23.88657 ] ], [ [ -46.77695, -23.936 ], [ -46.77689, -23.93564 ], [ -46.7771, -23.93517 ], [ -46.77736, -23.93488 ], [ -46.77766, -23.9348 ], [ -46.77826, -23.93417 ], [ -46.77796, -23.9338 ], [ -46.77867, -23.9336 ], [ -46.77884, -23.93317 ], [ -46.77843, -23.93302 ], [ -46.77837, -23.9327 ], [ -46.77875, -23.93264 ], [ -46.77895, -23.93235 ], [ -46.77867, -23.93217 ], [ -46.77846, -23.93174 ], [ -46.77869, -23.93141 ], [ -46.77882, -23.93088 ], [ -46.78036, -23.93031 ], [ -46.78135, -23.93049 ], [ -46.78194, -23.93018 ], [ -46.78227, -23.93094 ], [ -46.78385, -23.93061 ], [ -46.78463, -23.93078 ], [ -46.78539, -23.93069 ], [ -46.7861, -23.93116 ], [ -46.788, -23.93162 ], [ -46.78765, -23.93198 ], [ -46.78837, -23.93227 ], [ -46.78893, -23.93274 ], [ -46.78978, -23.93323 ], [ -46.79099, -23.93331 ], [ -46.79152, -23.93292 ], [ -46.79187, -23.93243 ], [ -46.7927, -23.9326 ], [ -46.79502, -23.9327 ], [ -46.79588, -23.93209 ], [ -46.7966, -23.93114 ], [ -46.79789, -23.93055 ], [ -46.79857, -23.92844 ], [ -46.80008, -23.92866 ], [ -46.80185, -23.9282 ], [ -46.80395, -23.9268 ], [ -46.80471, -23.92525 ], [ -46.80586, -23.92481 ], [ -46.80737, -23.92323 ], [ -46.80864, -23.92223 ], [ -46.80978, -23.9218 ], [ -46.80975, -23.92159 ], [ -46.8096, -23.92159 ], [ -46.80958, -23.92136 ], [ -46.8109, -23.92024 ] ] ] } },
{ "type": "Feature", "properties": { "name": "Rio São Lourenço", "k": "river" }, "geometry": { "type": "LineString", "coordinates": [ [ -46.99567, -23.92002 ], [ -46.99382, -23.92073 ], [ -46.99311, -23.92057 ], [ -46.99278, -23.92062 ], [ -46.99251, -23.92079 ], [ -46.99199, -23.92071 ], [ -46.99111, -23.92102 ], [ -46.99005, -23.92046 ], [ -46.9891, -23.92062 ], [ -46.98882, -23.92088 ], [ -46.98829, -23.92076 ], [ -46.98739, -23.92105 ], [ -46.98696, -23.92091 ], [ -46.98678, -23.92061 ], [ -46.9867, -23.92025 ], [ -46.98688, -23.91976 ] ] } },
{ "type": "Feature", "properties": { "name": "Rio Juquiá", "k": "river" }, "geometry": { "type": "LineString", "coordinates": [ [ -46.95937, -23.98748 ], [ -46.95986, -23.98777 ], [ -46.96077, -23.98804 ], [ -46.96146, -23.98809 ], [ -46.96147, -23.98819 ], [ -46.96112, -23.98849 ], [ -46.96126, -23.9886 ], [ -46.96151, -23.98866 ], [ -46.96184, -23.98849 ], [ -46.96193, -23.98877 ], [ -46.96179, -23.98909 ], [ -46.96183, -23.98954 ], [ -46.96165, -23.99022 ], [ -46.96175, -23.99039 ], [ -46.96185, -23.9904 ], [ -46.96195, -23.99013 ], [ -46.96226, -23.98978 ], [ -46.9634, -23.98965 ], [ -46.96356, -23.98951 ], [ -46.96363, -23.98913 ], [ -46.9638, -23.9889 ], [ -46.96417, -23.98917 ], [ -46.96542, -23.98942 ], [ -46.96595, -23.98972 ], [ -46.96639, -23.98976 ], [ -46.96604, -23.99008 ], [ -46.96601, -23.99023 ], [ -46.96646, -23.99029 ], [ -46.96733, -23.9901 ], [ -46.96804, -23.99031 ], [ -46.96818, -23.99023 ], [ -46.96822, -23.9899 ], [ -46.96811, -23.98969 ], [ -46.96755, -23.98925 ], [ -46.96861, -23.98842 ], [ -46.96897, -23.98785 ], [ -46.96931, -23.98753 ], [ -46.97036, -23.98685 ], [ -46.97121, -23.98687 ], [ -46.97185, -23.98714 ], [ -46.97236, -23.98703 ], [ -46.97272, -23.98676 ], [ -46.97352, -23.98684 ], [ -46.97474, -23.98716 ], [ -46.97481, -23.98676 ], [ -46.9743, -23.9864 ], [ -46.97435, -23.98629 ], [ -46.97477, -23.98617 ], [ -46.97515, -23.98619 ], [ -46.97562, -23.98586 ], [ -46.97563, -23.98541 ], [ -46.97625, -23.98534 ], [ -46.97593, -23.98419 ], [ -46.97599, -23.98384 ], [ -46.97611, -23.98378 ], [ -46.97695, -23.98403 ], [ -46.97724, -23.98394 ], [ -46.97736, -23.98366 ], [ -46.97753, -23.98347 ], [ -46.97766, -23.98346 ], [ -46.97858, -23.98377 ], [ -46.97849, -23.98413 ], [ -46.97895, -23.98429 ], [ -46.97945, -23.98429 ], [ -46.9796, -23.98407 ], [ -46.97994, -23.98399 ], [ -46.98025, -23.98417 ], [ -46.98034, -23.98436 ], [ -46.98002, -23.98455 ], [ -46.97989, -23.98481 ], [ -46.97988, -23.9852 ], [ -46.97999, -23.98536 ], [ -46.98046, -23.98515 ], [ -46.98064, -23.98491 ], [ -46.98104, -23.9848 ], [ -46.98118, -23.98464 ], [ -46.98086, -23.98443 ], [ -46.9808, -23.98427 ], [ -46.98128, -23.98415 ], [ -46.98158, -23.98418 ], [ -46.98186, -23.9844 ], [ -46.98216, -23.9845 ], [ -46.98282, -23.98429 ], [ -46.983, -23.98438 ], [ -46.98289, -23.98497 ], [ -46.98269, -23.98524 ], [ -46.98279, -23.98538 ], [ -46.98297, -23.98538 ], [ -46.98354, -23.98472 ], [ -46.98387, -23.985 ], [ -46.98394, -23.98532 ], [ -46.98381, -23.98547 ], [ -46.98328, -23.98549 ], [ -46.98337, -23.98573 ], [ -46.9836, -23.98585 ], [ -46.9836, -23.98606 ], [ -46.9838, -23.98647 ], [ -46.98395, -23.98654 ], [ -46.98401, -23.98645 ], [ -46.98394, -23.98622 ], [ -46.98402, -23.98564 ], [ -46.98492, -23.98544 ], [ -46.98492, -23.98664 ], [ -46.98482, -23.98668 ], [ -46.98482, -23.98689 ], [ -46.98527, -23.98664 ], [ -46.98554, -23.9866 ], [ -46.98563, -23.98625 ], [ -46.98575, -23.9862 ], [ -46.98591, -23.98656 ], [ -46.98582, -23.98702 ], [ -46.98599, -23.98729 ], [ -46.98614, -23.98716 ], [ -46.98619, -23.98694 ], [ -46.98609, -23.98657 ], [ -46.98649, -23.98639 ], [ -46.98694, -23.98641 ], [ -46.98698, -23.98669 ], [ -46.98691, -23.9868 ], [ -46.98785, -23.98683 ], [ -46.98856, -23.98663 ], [ -46.98985, -23.98656 ], [ -46.99065, -23.98612 ], [ -46.99088, -23.98608 ], [ -46.99126, -23.98574 ], [ -46.9917, -23.98585 ], [ -46.99197, -23.98543 ], [ -46.99259, -23.9851 ], [ -46.99268, -23.98497 ], [ -46.99264, -23.98487 ], [ -46.99227, -23.98477 ], [ -46.99248, -23.98445 ], [ -46.99328, -23.98418 ], [ -46.99332, -23.98381 ], [ -46.99321, -23.98359 ], [ -46.99386, -23.98342 ], [ -46.99385, -23.98328 ], [ -46.9936, -23.98314 ], [ -46.9935, -23.9829 ], [ -46.99385, -23.98279 ], [ -46.99417, -23.98245 ], [ -46.99441, -23.98265 ], [ -46.99465, -23.98318 ], [ -46.99491, -23.98331 ], [ -46.99585, -23.98334 ], [ -46.99594, -23.98319 ], [ -46.99559, -23.98285 ], [ -46.99572, -23.9826 ], [ -46.99587, -23.98259 ], [ -46.99637, -23.98294 ], [ -46.99794, -23.98357 ], [ -46.99813, -23.98412 ], [ -46.99806, -23.98483 ], [ -46.99906, -23.98499 ], [ -46.99926, -23.98509 ], [ -46.99949, -23.98556 ], [ -46.99969, -23.98564 ], [ -46.9998, -23.98561 ], [ -46.99995, -23.98523 ], [ -47.00015, -23.98523 ], [ -47.00026, -23.98545 ], [ -47.0002, -23.98576 ], [ -47.00031, -23.98586 ], [ -47.00043, -23.98586 ], [ -47.00055, -23.98524 ], [ -47.00106, -23.98485 ], [ -47.0014, -23.98479 ], [ -47.00156, -23.98536 ], [ -47.00151, -23.98571 ], [ -47.00191, -23.98592 ], [ -47.00246, -23.98574 ], [ -47.00239, -23.98606 ], [ -47.00212, -23.98628 ], [ -47.00209, -23.98642 ], [ -47.00226, -23.98655 ], [ -47.00265, -23.9866 ], [ -47.00256, -23.98694 ], [ -47.00245, -23.98704 ], [ -47.00291, -23.98741 ], [ -47.00312, -23.98733 ], [ -47.00339, -23.98686 ], [ -47.00356, -23.98683 ], [ -47.00485, -23.98731 ], [ -47.00527, -23.98707 ], [ -47.00559, -23.98673 ], [ -47.00637, -23.98519 ], [ -47.0066, -23.98498 ], [ -47.00684, -23.9844 ], [ -47.00892, -23.98314 ] ] } },
{ "type": "Feature", "properties": { "name": "Rio Picada Nova", "k": "river" }, "geometry": { "type": "LineString", "coordinates": [ [ -46.86511, -24.04821 ], [ -46.86426, -24.04868 ], [ -46.86429, -24.04934 ], [ -46.86403, -24.04953 ], [ -46.86353, -24.04954 ], [ -46.86221, -24.05029 ], [ -46.8619, -24.05031 ], [ -46.86115, -24.04989 ], [ -46.85825, -24.04933 ], [ -46.8569, -24.04861 ], [ -46.8552, -24.04748 ], [ -46.85427, -24.04713 ], [ -46.85243, -24.04673 ], [ -46.85162, -24.04685 ], [ -46.85126, -24.04737 ], [ -46.84987, -24.04721 ], [ -46.84856, -24.0475 ], [ -46.84689, -24.04836 ], [ -46.8454, -24.04835 ], [ -46.845, -24.04817 ], [ -46.84395, -24.04823 ], [ -46.84356, -24.04856 ], [ -46.8419, -24.04911 ], [ -46.84112, -24.04902 ], [ -46.84002, -24.04852 ], [ -46.83932, -24.04843 ], [ -46.83877, -24.04857 ], [ -46.83758, -24.04839 ], [ -46.83569, -24.04877 ], [ -46.83521, -24.0487 ], [ -46.83468, -24.04877 ], [ -46.83322, -24.04918 ], [ -46.83268, -24.04943 ], [ -46.83125, -24.04939 ], [ -46.82985, -24.04885 ], [ -46.82936, -24.04882 ], [ -46.82707, -24.04925 ], [ -46.82684, -24.04914 ], [ -46.82676, -24.04884 ], [ -46.8265, -24.04854 ], [ -46.82609, -24.04848 ], [ -46.82496, -24.0486 ], [ -46.82423, -24.04857 ], [ -46.82388, -24.04866 ], [ -46.82318, -24.0491 ], [ -46.82303, -24.0495 ] ] } },
{ "type": "Feature", "properties": { "name": "Rio Mambu", "k": "river" }, "geometry": { "type": "MultiLineString", "coordinates": [ [ [ -46.82298, -24.03473 ], [ -46.82339, -24.03559 ], [ -46.82369, -24.0368 ], [ -46.82309, -24.03765 ], [ -46.82202, -24.03842 ] ], [ [ -46.82784, -24.0279 ], [ -46.82716, -24.02926 ], [ -46.82686, -24.03018 ], [ -46.82626, -24.03108 ], [ -46.8257, -24.03153 ], [ -46.82328, -24.03302 ], [ -46.82298, -24.03473 ], [ -46.82264, -24.03557 ], [ -46.82238, -24.03668 ], [ -46.82223, -24.0381 ], [ -46.82115, -24.03966 ], [ -46.81999, -24.04104 ], [ -46.81891, -24.04353 ], [ -46.81902, -24.04451 ], [ -46.82067, -24.04605 ], [ -46.82117, -24.04764 ], [ -46.82151, -24.04813 ], [ -46.82376, -24.05019 ], [ -46.82374, -24.05164 ], [ -46.82451, -24.05335 ], [ -46.82453, -24.05413 ], [ -46.82419, -24.05493 ], [ -46.82243, -24.05576 ], [ -46.82084, -24.05587 ], [ -46.81975, -24.05623 ], [ -46.81896, -24.0566 ], [ -46.8188, -24.05701 ], [ -46.81878, -24.05748 ], [ -46.82001, -24.05818 ], [ -46.82063, -24.05946 ], [ -46.82168, -24.06101 ], [ -46.82164, -24.06218 ], [ -46.82142, -24.06273 ], [ -46.82157, -24.06324 ], [ -46.82271, -24.0641 ], [ -46.82376, -24.06708 ], [ -46.82389, -24.06816 ], [ -46.82368, -24.06892 ], [ -46.82132, -24.07219 ], [ -46.82097, -24.07315 ], [ -46.82086, -24.07409 ], [ -46.82119, -24.0755 ], [ -46.82183, -24.0768 ], [ -46.82189, -24.07797 ], [ -46.82157, -24.07964 ], [ -46.82084, -24.08072 ], [ -46.81962, -24.08175 ], [ -46.81906, -24.08246 ], [ -46.81848, -24.08385 ], [ -46.8181, -24.08424 ], [ -46.81754, -24.08438 ], [ -46.81655, -24.08416 ], [ -46.81602, -24.08416 ], [ -46.8152, -24.08436 ], [ -46.81477, -24.08432 ], [ -46.8135, -24.08369 ], [ -46.81318, -24.08369 ], [ -46.81278, -24.08393 ], [ -46.81263, -24.08483 ], [ -46.81245, -24.085 ], [ -46.81209, -24.08493 ], [ -46.81185, -24.08475 ], [ -46.81115, -24.08387 ], [ -46.81085, -24.08377 ], [ -46.81057, -24.08385 ], [ -46.81041, -24.0842 ], [ -46.81061, -24.08469 ], [ -46.81058, -24.08527 ] ], [ [ -46.79953, -23.98501 ], [ -46.79992, -23.98521 ], [ -46.79929, -23.9854 ], [ -46.799, -23.98629 ], [ -46.79855, -23.98704 ], [ -46.79895, -23.98752 ], [ -46.79876, -23.98818 ], [ -46.79629, -23.98967 ], [ -46.79665, -23.99031 ], [ -46.79626, -23.99068 ], [ -46.79638, -23.99139 ], [ -46.79738, -23.99169 ], [ -46.79752, -23.99258 ] ], [ [ -46.79752, -23.99258 ], [ -46.7983, -23.99306 ], [ -46.79865, -23.99342 ], [ -46.79807, -23.99366 ], [ -46.79698, -23.99446 ], [ -46.79653, -23.99536 ], [ -46.79639, -23.9959 ], [ -46.79665, -23.99637 ], [ -46.79801, -23.99659 ], [ -46.79885, -23.9969 ], [ -46.7988, -23.99754 ], [ -46.79899, -23.99785 ], [ -46.79977, -23.99792 ], [ -46.80007, -23.99776 ], [ -46.80044, -23.99789 ], [ -46.80073, -23.99895 ], [ -46.80149, -23.99941 ], [ -46.80176, -23.99984 ], [ -46.8016, -24.00018 ], [ -46.80085, -24.00044 ], [ -46.80121, -24.00224 ], [ -46.80101, -24.00257 ], [ -46.80059, -24.00243 ], [ -46.80025, -24.00358 ], [ -46.80054, -24.0041 ], [ -46.80016, -24.00502 ], [ -46.79995, -24.00514 ], [ -46.79986, -24.0059 ], [ -46.80007, -24.00614 ], [ -46.80002, -24.00735 ], [ -46.80013, -24.00792 ], [ -46.80037, -24.00792 ], [ -46.80082, -24.00759 ], [ -46.80169, -24.00808 ], [ -46.80261, -24.00887 ], [ -46.80282, -24.00971 ], [ -46.80271, -24.01057 ], [ -46.80228, -24.0108 ], [ -46.80165, -24.01133 ], [ -46.8017, -24.01183 ], [ -46.80199, -24.01224 ], [ -46.80283, -24.01273 ], [ -46.80255, -24.01326 ], [ -46.80263, -24.01339 ], [ -46.8033, -24.01375 ], [ -46.8039, -24.01508 ], [ -46.8055, -24.01554 ], [ -46.80559, -24.01572 ], [ -46.80529, -24.01643 ], [ -46.80629, -24.01739 ], [ -46.8064, -24.01799 ], [ -46.80718, -24.01831 ], [ -46.80718, -24.01848 ], [ -46.80669, -24.01878 ], [ -46.80742, -24.0192 ], [ -46.80835, -24.01924 ], [ -46.8099, -24.01913 ], [ -46.81159, -24.01959 ], [ -46.81175, -24.0199 ], [ -46.81164, -24.02011 ], [ -46.81113, -24.02038 ], [ -46.8111, -24.02052 ], [ -46.81152, -24.02074 ], [ -46.81182, -24.02113 ], [ -46.81185, -24.02184 ], [ -46.8125, -24.02266 ], [ -46.81295, -24.02344 ], [ -46.81352, -24.02351 ], [ -46.81444, -24.02312 ], [ -46.81485, -24.02322 ], [ -46.81544, -24.02322 ], [ -46.81664, -24.02259 ] ], [ [ -46.82716, -24.02926 ], [ -46.82701, -24.02922 ], [ -46.82635, -24.02971 ], [ -46.8255, -24.03165 ] ], [ [ -46.81664, -24.02259 ], [ -46.81856, -24.022 ], [ -46.81909, -24.02202 ], [ -46.82039, -24.02172 ], [ -46.82063, -24.02178 ], [ -46.82079, -24.02229 ], [ -46.82083, -24.02353 ], [ -46.82107, -24.02368 ], [ -46.82148, -24.0237 ], [ -46.82227, -24.0235 ], [ -46.82251, -24.02358 ], [ -46.8228, -24.02453 ], [ -46.82301, -24.02463 ], [ -46.82341, -24.02465 ], [ -46.82453, -24.02518 ], [ -46.826, -24.02558 ], [ -46.82621, -24.02584 ], [ -46.82626, -24.02617 ], [ -46.82616, -24.02653 ], [ -46.82561, -24.02696 ], [ -46.82556, -24.0274 ], [ -46.82576, -24.02758 ], [ -46.82605, -24.02766 ], [ -46.82708, -24.02759 ], [ -46.8276, -24.02767 ], [ -46.8278, -24.02774 ], [ -46.82784, -24.0279 ] ] ] } },
{ "type": "Feature", "properties": { "name": "Rio Itanhaém", "k": "river" }, "geometry": { "type": "MultiLineString", "coordinates": [ [ [ -46.7268, -24.02911 ], [ -46.72745, -24.02932 ], [ -46.72805, -24.02972 ], [ -46.72834, -24.02996 ], [ -46.72845, -24.03028 ], [ -46.72839, -24.03057 ], [ -46.72792, -24.03075 ], [ -46.72781, -24.03102 ], [ -46.72792, -24.03167 ], [ -46.72747, -24.03259 ], [ -46.72716, -24.0327 ], [ -46.7267, -24.03269 ], [ -46.7256, -24.03204 ], [ -46.72526, -24.03197 ], [ -46.72494, -24.03205 ], [ -46.72476, -24.03219 ], [ -46.72471, -24.03236 ], [ -46.72545, -24.03344 ], [ -46.72619, -24.03382 ], [ -46.72676, -24.03386 ], [ -46.72715, -24.03362 ], [ -46.7276, -24.03365 ], [ -46.72775, -24.0338 ], [ -46.72774, -24.03405 ], [ -46.72736, -24.03457 ], [ -46.72777, -24.03504 ], [ -46.72812, -24.03503 ], [ -46.72892, -24.0345 ], [ -46.72929, -24.03411 ], [ -46.72958, -24.034 ], [ -46.73002, -24.03406 ], [ -46.73071, -24.03441 ], [ -46.73097, -24.03436 ], [ -46.73117, -24.0342 ], [ -46.73124, -24.03396 ], [ -46.73109, -24.03371 ], [ -46.73083, -24.03354 ], [ -46.73018, -24.03337 ], [ -46.729, -24.03363 ], [ -46.72849, -24.03346 ], [ -46.72833, -24.03327 ], [ -46.72825, -24.0329 ], [ -46.72826, -24.03247 ], [ -46.72865, -24.03209 ], [ -46.72921, -24.03182 ], [ -46.72962, -24.03185 ], [ -46.73042, -24.03216 ], [ -46.73061, -24.03234 ], [ -46.73057, -24.0329 ], [ -46.73069, -24.03309 ], [ -46.73126, -24.03257 ], [ -46.73158, -24.03246 ], [ -46.73194, -24.03257 ], [ -46.7322, -24.03321 ], [ -46.73198, -24.03394 ], [ -46.73207, -24.03422 ], [ -46.73234, -24.03446 ], [ -46.73292, -24.03454 ], [ -46.73333, -24.03449 ], [ -46.73378, -24.03426 ], [ -46.73381, -24.03343 ], [ -46.73411, -24.03324 ], [ -46.73434, -24.03321 ], [ -46.73487, -24.03369 ], [ -46.73517, -24.03373 ], [ -46.73558, -24.03355 ], [ -46.73568, -24.03334 ], [ -46.73551, -24.03274 ], [ -46.73559, -24.03233 ], [ -46.735, -24.0318 ], [ -46.73497, -24.03157 ], [ -46.73534, -24.03152 ], [ -46.73609, -24.03165 ], [ -46.73638, -24.032 ], [ -46.73768, -24.03312 ], [ -46.7379, -24.0332 ], [ -46.7383, -24.03367 ], [ -46.73832, -24.03397 ], [ -46.73781, -24.03455 ], [ -46.73779, -24.03473 ], [ -46.73796, -24.03501 ], [ -46.73829, -24.03498 ], [ -46.73902, -24.03453 ], [ -46.73946, -24.03455 ], [ -46.7396, -24.03468 ], [ -46.7396, -24.03498 ], [ -46.73913, -24.03566 ], [ -46.73912, -24.03601 ], [ -46.73925, -24.03621 ], [ -46.73974, -24.03639 ], [ -46.74046, -24.0363 ], [ -46.74063, -24.03618 ], [ -46.74082, -24.03588 ], [ -46.74087, -24.03483 ], [ -46.74095, -24.03461 ], [ -46.74114, -24.03454 ], [ -46.74138, -24.03464 ], [ -46.74168, -24.03502 ], [ -46.74185, -24.03574 ], [ -46.74213, -24.03598 ], [ -46.7425, -24.0361 ], [ -46.74317, -24.03595 ], [ -46.74322, -24.03605 ], [ -46.74322, -24.03655 ], [ -46.74339, -24.03676 ], [ -46.74332, -24.03699 ], [ -46.74292, -24.03727 ], [ -46.74264, -24.03768 ], [ -46.74258, -24.03806 ], [ -46.74311, -24.03825 ], [ -46.74364, -24.03822 ], [ -46.744, -24.03795 ], [ -46.74406, -24.0377 ], [ -46.74385, -24.03706 ], [ -46.74397, -24.03698 ], [ -46.74503, -24.03741 ], [ -46.74524, -24.03769 ], [ -46.74515, -24.03821 ], [ -46.74438, -24.03895 ], [ -46.74432, -24.03918 ], [ -46.74436, -24.03939 ], [ -46.74451, -24.03947 ], [ -46.74501, -24.03942 ], [ -46.74525, -24.03958 ], [ -46.74523, -24.04028 ], [ -46.74539, -24.04059 ], [ -46.7454, -24.04094 ], [ -46.7453, -24.0412 ], [ -46.74514, -24.04129 ], [ -46.74418, -24.04108 ], [ -46.74382, -24.04114 ], [ -46.74324, -24.04153 ], [ -46.7431, -24.04184 ], [ -46.74309, -24.04211 ], [ -46.74326, -24.04224 ], [ -46.74418, -24.04231 ], [ -46.74447, -24.04249 ], [ -46.74494, -24.04336 ], [ -46.74528, -24.0436 ], [ -46.74584, -24.04346 ], [ -46.74654, -24.04257 ], [ -46.74691, -24.04246 ], [ -46.74721, -24.04253 ], [ -46.74741, -24.04276 ], [ -46.74749, -24.04375 ], [ -46.74768, -24.0441 ], [ -46.74809, -24.04401 ], [ -46.7484, -24.04365 ], [ -46.74886, -24.04381 ], [ -46.74887, -24.04414 ], [ -46.74855, -24.04446 ], [ -46.74845, -24.04488 ], [ -46.74852, -24.04527 ], [ -46.7488, -24.0458 ], [ -46.74929, -24.04601 ], [ -46.75009, -24.04586 ], [ -46.75055, -24.04592 ], [ -46.75086, -24.04615 ], [ -46.75196, -24.04613 ], [ -46.75227, -24.04623 ], [ -46.75236, -24.04645 ], [ -46.7523, -24.04673 ], [ -46.75177, -24.04688 ], [ -46.75104, -24.0474 ], [ -46.75111, -24.04767 ], [ -46.75209, -24.04795 ], [ -46.75401, -24.04805 ], [ -46.75516, -24.04765 ], [ -46.75575, -24.04707 ], [ -46.75692, -24.0454 ], [ -46.75733, -24.04531 ], [ -46.75746, -24.04537 ], [ -46.75785, -24.04576 ], [ -46.7579, -24.04633 ], [ -46.75779, -24.04668 ], [ -46.7576, -24.04689 ], [ -46.75655, -24.04724 ], [ -46.7565, -24.04762 ], [ -46.75697, -24.04837 ], [ -46.75696, -24.04864 ], [ -46.75624, -24.04924 ], [ -46.75619, -24.04953 ], [ -46.75636, -24.04987 ], [ -46.75687, -24.04983 ], [ -46.75792, -24.04917 ], [ -46.75823, -24.04882 ], [ -46.75828, -24.04809 ], [ -46.75872, -24.04784 ], [ -46.75912, -24.04785 ], [ -46.75934, -24.04801 ], [ -46.75938, -24.04884 ], [ -46.75951, -24.04903 ], [ -46.75986, -24.04914 ], [ -46.76081, -24.04888 ], [ -46.76187, -24.04926 ], [ -46.76229, -24.04914 ], [ -46.7629, -24.04862 ], [ -46.76313, -24.04882 ], [ -46.76311, -24.04933 ], [ -46.76343, -24.04965 ], [ -46.76455, -24.04952 ], [ -46.76501, -24.04983 ], [ -46.76501, -24.05028 ], [ -46.76471, -24.05059 ], [ -46.76414, -24.0509 ], [ -46.76414, -24.05137 ], [ -46.76436, -24.05202 ], [ -46.76442, -24.05275 ], [ -46.76494, -24.05301 ], [ -46.76602, -24.05299 ], [ -46.76703, -24.05382 ], [ -46.76738, -24.05391 ] ], [ [ -46.65018, -24.00155 ], [ -46.65036, -24.00261 ], [ -46.65061, -24.00335 ], [ -46.65085, -24.00373 ], [ -46.6511, -24.00363 ], [ -46.65158, -24.00274 ], [ -46.6524, -24.00196 ], [ -46.65346, -24.00138 ] ], [ [ -46.65346, -24.00138 ], [ -46.65416, -24.00127 ], [ -46.65536, -24.00152 ], [ -46.65673, -24.00229 ], [ -46.65736, -24.00296 ], [ -46.65828, -24.00366 ], [ -46.65954, -24.00409 ], [ -46.66085, -24.00542 ], [ -46.66231, -24.00799 ], [ -46.66549, -24.00957 ], [ -46.66772, -24.01055 ], [ -46.67626, -24.01035 ], [ -46.67777, -24.00923 ], [ -46.67869, -24.00901 ], [ -46.68021, -24.00945 ], [ -46.68134, -24.01072 ], [ -46.68323, -24.01075 ], [ -46.68484, -24.01066 ], [ -46.68649, -24.0124 ], [ -46.68806, -24.01514 ], [ -46.6942, -24.01794 ], [ -46.69486, -24.01834 ], [ -46.69616, -24.01841 ], [ -46.69635, -24.0185 ], [ -46.69666, -24.0189 ], [ -46.69701, -24.01989 ], [ -46.69845, -24.02005 ], [ -46.69872, -24.02014 ], [ -46.69937, -24.02065 ], [ -46.69967, -24.02103 ], [ -46.70016, -24.02234 ] ], [ [ -46.70016, -24.02234 ], [ -46.70108, -24.02389 ], [ -46.70162, -24.02413 ], [ -46.70193, -24.0247 ], [ -46.7023, -24.02504 ], [ -46.70263, -24.02577 ], [ -46.70314, -24.02598 ], [ -46.70351, -24.026 ], [ -46.70381, -24.02589 ], [ -46.70401, -24.02562 ], [ -46.70408, -24.02537 ], [ -46.70383, -24.02455 ], [ -46.7042, -24.02343 ], [ -46.70406, -24.02271 ], [ -46.70431, -24.02221 ], [ -46.70466, -24.02212 ], [ -46.70558, -24.02251 ], [ -46.70667, -24.02317 ], [ -46.70745, -24.02379 ], [ -46.70824, -24.02404 ], [ -46.70905, -24.0241 ], [ -46.70951, -24.02423 ], [ -46.7097, -24.02524 ], [ -46.70959, -24.02568 ], [ -46.70902, -24.02601 ], [ -46.70886, -24.0262 ], [ -46.70884, -24.0265 ], [ -46.70897, -24.02678 ], [ -46.71009, -24.0278 ], [ -46.71023, -24.02817 ] ], [ [ -46.71023, -24.02817 ], [ -46.71016, -24.02897 ], [ -46.71021, -24.02921 ], [ -46.71046, -24.02926 ], [ -46.71098, -24.02902 ], [ -46.71143, -24.02825 ], [ -46.7119, -24.02816 ], [ -46.71247, -24.02823 ], [ -46.71389, -24.0289 ], [ -46.71473, -24.02896 ], [ -46.71504, -24.02911 ], [ -46.71518, -24.02938 ], [ -46.71517, -24.02976 ], [ -46.71498, -24.03006 ], [ -46.71526, -24.03086 ], [ -46.71593, -24.03084 ], [ -46.71781, -24.03009 ], [ -46.71807, -24.02965 ], [ -46.71844, -24.02816 ], [ -46.71906, -24.028 ], [ -46.71932, -24.02849 ], [ -46.71934, -24.02982 ], [ -46.7197, -24.03011 ], [ -46.7199, -24.0301 ], [ -46.72042, -24.02969 ], [ -46.72091, -24.02958 ], [ -46.72148, -24.02899 ], [ -46.72208, -24.02883 ], [ -46.72241, -24.02886 ], [ -46.72259, -24.02895 ], [ -46.72269, -24.02933 ], [ -46.7225, -24.0298 ], [ -46.7224, -24.03057 ], [ -46.72193, -24.03115 ], [ -46.72147, -24.03152 ], [ -46.72153, -24.03197 ], [ -46.7221, -24.03193 ], [ -46.72372, -24.03098 ], [ -46.72396, -24.03062 ], [ -46.72404, -24.0302 ], [ -46.72398, -24.02968 ], [ -46.72375, -24.02921 ], [ -46.72377, -24.02903 ], [ -46.72387, -24.0288 ], [ -46.72434, -24.02866 ], [ -46.72446, -24.02875 ], [ -46.72492, -24.02963 ], [ -46.72556, -24.03117 ], [ -46.72613, -24.03157 ], [ -46.72646, -24.03156 ], [ -46.72675, -24.0314 ], [ -46.72724, -24.03077 ], [ -46.72729, -24.03048 ], [ -46.72716, -24.03028 ], [ -46.72668, -24.03004 ], [ -46.72619, -24.02945 ], [ -46.72527, -24.02924 ], [ -46.72498, -24.02894 ], [ -46.72543, -24.02875 ], [ -46.72577, -24.02873 ], [ -46.7268, -24.02911 ] ] ] } },
{ "type": "Feature", "properties": { "name": "Rio dos Macacos", "k": "river" }, "geometry": { "type": "LineString", "coordinates": [ [ -46.83529, -24.00895 ], [ -46.83487, -24.00948 ], [ -46.83402, -24.01004 ], [ -46.833, -24.01113 ], [ -46.83218, -24.01232 ], [ -46.82997, -24.01421 ], [ -46.82899, -24.0153 ], [ -46.82794, -24.01571 ], [ -46.82744, -24.0163 ], [ -46.82676, -24.01781 ], [ -46.82737, -24.01971 ], [ -46.82795, -24.02028 ], [ -46.82902, -24.02079 ], [ -46.82944, -24.02139 ], [ -46.82977, -24.02229 ], [ -46.82982, -24.02301 ], [ -46.82931, -24.02427 ], [ -46.82994, -24.02549 ], [ -46.82982, -24.0259 ], [ -46.82922, -24.02707 ], [ -46.82888, -24.02745 ], [ -46.82784, -24.0279 ] ] } },
{ "type": "Feature", "properties": { "name": "Rio Cubatão", "k": "river" }, "geometry": { "type": "MultiLineString", "coordinates": [ [ [ -46.59313, -23.96181 ], [ -46.59262, -23.96213 ], [ -46.59212, -23.96263 ], [ -46.59161, -23.96285 ], [ -46.59056, -23.96282 ], [ -46.59049, -23.963 ], [ -46.59135, -23.96352 ], [ -46.59161, -23.96391 ], [ -46.59164, -23.96424 ], [ -46.5915, -23.96439 ], [ -46.58934, -23.96346 ], [ -46.58855, -23.96362 ], [ -46.58823, -23.96399 ], [ -46.58804, -23.96457 ], [ -46.58771, -23.96492 ], [ -46.58737, -23.96511 ], [ -46.58706, -23.96498 ], [ -46.58689, -23.96421 ], [ -46.58661, -23.96376 ], [ -46.58586, -23.9634 ], [ -46.58546, -23.96351 ], [ -46.58519, -23.96382 ], [ -46.58481, -23.9646 ], [ -46.58481, -23.96503 ], [ -46.58421, -23.96533 ], [ -46.58397, -23.96558 ], [ -46.58314, -23.96597 ], [ -46.58284, -23.96655 ], [ -46.58228, -23.96675 ] ], [ [ -46.58228, -23.96675 ], [ -46.58175, -23.96686 ], [ -46.58117, -23.96653 ], [ -46.58074, -23.96645 ], [ -46.58038, -23.96671 ], [ -46.57957, -23.96642 ], [ -46.57803, -23.96658 ], [ -46.5778, -23.96667 ], [ -46.57759, -23.96696 ], [ -46.57685, -23.96683 ], [ -46.57646, -23.96662 ], [ -46.57603, -23.9655 ], [ -46.57467, -23.9642 ], [ -46.57332, -23.96352 ], [ -46.57299, -23.96345 ], [ -46.57237, -23.96353 ], [ -46.57202, -23.96337 ], [ -46.57167, -23.96273 ], [ -46.57124, -23.96247 ], [ -46.57039, -23.96217 ], [ -46.57007, -23.96176 ], [ -46.56956, -23.96145 ], [ -46.56934, -23.96068 ], [ -46.56897, -23.96043 ], [ -46.56834, -23.9602 ], [ -46.56756, -23.95938 ], [ -46.56713, -23.95926 ], [ -46.56684, -23.95935 ], [ -46.56619, -23.96006 ], [ -46.56559, -23.96018 ], [ -46.56539, -23.96008 ], [ -46.56535, -23.95948 ], [ -46.56518, -23.95913 ], [ -46.56471, -23.95896 ], [ -46.56378, -23.95893 ], [ -46.56325, -23.95876 ], [ -46.56229, -23.95796 ], [ -46.56195, -23.95711 ], [ -46.5618, -23.95684 ], [ -46.56157, -23.95667 ], [ -46.55911, -23.95581 ], [ -46.55733, -23.95429 ], [ -46.55615, -23.9536 ], [ -46.55501, -23.9531 ], [ -46.55484, -23.95314 ], [ -46.55455, -23.95348 ], [ -46.55367, -23.95358 ], [ -46.55147, -23.95319 ], [ -46.54995, -23.95323 ], [ -46.54907, -23.95285 ], [ -46.54807, -23.95203 ], [ -46.54663, -23.95028 ], [ -46.54639, -23.95018 ], [ -46.54576, -23.95025 ], [ -46.5451, -23.95006 ], [ -46.5447, -23.94961 ], [ -46.544, -23.94814 ], [ -46.54357, -23.94812 ], [ -46.54311, -23.94795 ], [ -46.54302, -23.94761 ], [ -46.54333, -23.94696 ], [ -46.54328, -23.94671 ], [ -46.54289, -23.94618 ], [ -46.54272, -23.94562 ], [ -46.54151, -23.94472 ], [ -46.5408, -23.94455 ], [ -46.53963, -23.9445 ], [ -46.53917, -23.94425 ], [ -46.53885, -23.94381 ], [ -46.53867, -23.9431 ], [ -46.53824, -23.94251 ], [ -46.53762, -23.94201 ], [ -46.53606, -23.94172 ], [ -46.53495, -23.94104 ], [ -46.53257, -23.93815 ], [ -46.53205, -23.93788 ], [ -46.53149, -23.93783 ], [ -46.53073, -23.93797 ], [ -46.53004, -23.93788 ], [ -46.52936, -23.93757 ], [ -46.52768, -23.93597 ], [ -46.52564, -23.93463 ], [ -46.52501, -23.93407 ], [ -46.52456, -23.93326 ], [ -46.52419, -23.93292 ], [ -46.52229, -23.93213 ], [ -46.52121, -23.93198 ], [ -46.52046, -23.93165 ], [ -46.5201, -23.93124 ], [ -46.5197, -23.93055 ], [ -46.51893, -23.93038 ], [ -46.518, -23.93053 ], [ -46.51697, -23.93041 ], [ -46.51639, -23.93008 ], [ -46.51592, -23.92896 ], [ -46.51536, -23.92817 ], [ -46.51476, -23.92757 ], [ -46.51397, -23.92719 ], [ -46.51253, -23.92552 ], [ -46.51225, -23.92537 ], [ -46.51114, -23.92553 ], [ -46.51033, -23.92551 ], [ -46.51006, -23.9254 ], [ -46.50895, -23.92436 ], [ -46.50727, -23.92315 ], [ -46.50614, -23.92203 ], [ -46.50531, -23.92099 ], [ -46.5047, -23.92046 ], [ -46.50396, -23.92013 ], [ -46.50342, -23.92006 ], [ -46.5024, -23.9203 ], [ -46.50189, -23.92118 ], [ -46.50192, -23.92159 ], [ -46.50182, -23.92184 ], [ -46.5005, -23.92163 ], [ -46.5001, -23.92147 ], [ -46.49987, -23.92102 ], [ -46.50004, -23.91925 ], [ -46.49997, -23.919 ], [ -46.49912, -23.91722 ], [ -46.49877, -23.91675 ], [ -46.49827, -23.91635 ], [ -46.49581, -23.91477 ], [ -46.49491, -23.91436 ], [ -46.49369, -23.91412 ], [ -46.49276, -23.91414 ], [ -46.49154, -23.91384 ], [ -46.49094, -23.91334 ], [ -46.48945, -23.91172 ], [ -46.48849, -23.91103 ], [ -46.48773, -23.91089 ], [ -46.48454, -23.91093 ], [ -46.48406, -23.91079 ], [ -46.48313, -23.91007 ], [ -46.48145, -23.90761 ], [ -46.48027, -23.90608 ], [ -46.47976, -23.9058 ], [ -46.47872, -23.90474 ], [ -46.47633, -23.90287 ], [ -46.47452, -23.90161 ], [ -46.47019, -23.90059 ], [ -46.46931, -23.90053 ], [ -46.46835, -23.90061 ], [ -46.46745, -23.90046 ], [ -46.46674, -23.90029 ], [ -46.46616, -23.89991 ], [ -46.4654, -23.89957 ], [ -46.46463, -23.8987 ], [ -46.46333, -23.89802 ], [ -46.46314, -23.89752 ], [ -46.46245, -23.89688 ], [ -46.46245, -23.89627 ], [ -46.46229, -23.89603 ], [ -46.4607, -23.89604 ], [ -46.46007, -23.89589 ], [ -46.4599, -23.89575 ], [ -46.45927, -23.89477 ], [ -46.45856, -23.89398 ], [ -46.4579, -23.89308 ], [ -46.45688, -23.89219 ], [ -46.45572, -23.89049 ], [ -46.45328, -23.88849 ], [ -46.45309, -23.88811 ], [ -46.45309, -23.88777 ], [ -46.45323, -23.88745 ], [ -46.45379, -23.88675 ], [ -46.45387, -23.88635 ], [ -46.45384, -23.88615 ], [ -46.45329, -23.88519 ], [ -46.45282, -23.8849 ], [ -46.45208, -23.88415 ], [ -46.45055, -23.88329 ], [ -46.44934, -23.88214 ], [ -46.44872, -23.88181 ], [ -46.44795, -23.88102 ], [ -46.44743, -23.88079 ], [ -46.44699, -23.88071 ], [ -46.4452, -23.88103 ], [ -46.44445, -23.88136 ], [ -46.44398, -23.88197 ], [ -46.44342, -23.88212 ], [ -46.44219, -23.88167 ], [ -46.44171, -23.88118 ], [ -46.44109, -23.88088 ], [ -46.44065, -23.8804 ], [ -46.43899, -23.87965 ], [ -46.43774, -23.87941 ], [ -46.43688, -23.87899 ], [ -46.43383, -23.87866 ], [ -46.43298, -23.87887 ], [ -46.43127, -23.87974 ], [ -46.42969, -23.87955 ], [ -46.42898, -23.87957 ], [ -46.42685, -23.88031 ] ], [ [ -46.42628, -23.88049 ], [ -46.42402, -23.88147 ], [ -46.42316, -23.88156 ], [ -46.42288, -23.88148 ], [ -46.42245, -23.88114 ], [ -46.42213, -23.88008 ] ], [ [ -46.42636, -23.88047 ], [ -46.42628, -23.88049 ] ], [ [ -46.42652, -23.88042 ], [ -46.42636, -23.88047 ] ], [ [ -46.42685, -23.88031 ], [ -46.42652, -23.88042 ] ], [ [ -46.42213, -23.88008 ], [ -46.42205, -23.87979 ] ], [ [ -46.44466, -23.88124 ], [ -46.44369, -23.88134 ], [ -46.44256, -23.88112 ], [ -46.44171, -23.88118 ] ], [ [ -46.44417, -23.88126 ], [ -46.44378, -23.88098 ], [ -46.44349, -23.88054 ], [ -46.44251, -23.87983 ], [ -46.44082, -23.88016 ], [ -46.44013, -23.88014 ] ], [ [ -46.42205, -23.87979 ], [ -46.42165, -23.87867 ], [ -46.42136, -23.87818 ], [ -46.41929, -23.87695 ], [ -46.41723, -23.87493 ], [ -46.41647, -23.87448 ], [ -46.41527, -23.874 ], [ -46.41456, -23.87392 ], [ -46.41379, -23.87402 ], [ -46.41331, -23.87425 ], [ -46.41307, -23.87456 ], [ -46.41166, -23.87757 ], [ -46.41153, -23.87824 ], [ -46.4117, -23.8807 ], [ -46.41147, -23.88112 ], [ -46.41003, -23.88263 ], [ -46.40917, -23.88312 ], [ -46.40833, -23.88336 ], [ -46.40571, -23.88371 ], [ -46.40485, -23.88398 ], [ -46.40419, -23.88434 ], [ -46.40353, -23.88544 ], [ -46.40317, -23.88666 ], [ -46.4024, -23.88836 ], [ -46.40229, -23.88902 ], [ -46.40249, -23.88984 ], [ -46.40251, -23.8908 ], [ -46.40187, -23.89142 ], [ -46.4006, -23.89216 ], [ -46.4004, -23.8925 ], [ -46.40037, -23.89514 ], [ -46.40053, -23.89629 ], [ -46.40048, -23.89664 ], [ -46.40003, -23.89734 ], [ -46.39855, -23.89875 ], [ -46.39815, -23.89953 ], [ -46.39815, -23.90088 ], [ -46.39842, -23.90151 ], [ -46.39939, -23.90225 ], [ -46.40102, -23.90315 ], [ -46.40174, -23.90378 ], [ -46.40214, -23.90452 ], [ -46.40242, -23.90552 ], [ -46.40252, -23.90643 ], [ -46.40239, -23.90686 ], [ -46.40194, -23.90752 ], [ -46.40107, -23.90823 ], [ -46.4003, -23.90942 ], [ -46.4, -23.90972 ], [ -46.39952, -23.90991 ], [ -46.39851, -23.91006 ], [ -46.39772, -23.91005 ], [ -46.39643, -23.90977 ], [ -46.39545, -23.90929 ], [ -46.39496, -23.9088 ], [ -46.39455, -23.90821 ], [ -46.39372, -23.90609 ], [ -46.39339, -23.90566 ], [ -46.39306, -23.90547 ], [ -46.39213, -23.90531 ], [ -46.39106, -23.90535 ], [ -46.39034, -23.90557 ], [ -46.38977, -23.90609 ], [ -46.38819, -23.90809 ], [ -46.38786, -23.90884 ], [ -46.38772, -23.90958 ], [ -46.38783, -23.91014 ], [ -46.38948, -23.91197 ], [ -46.39051, -23.91372 ], [ -46.39068, -23.91441 ], [ -46.39077, -23.915 ], [ -46.3907, -23.91618 ], [ -46.3901, -23.91799 ], [ -46.38962, -23.91853 ] ] ] } },
{ "type": "Feature", "properties": { "name": "Serra do Cubatão", "k": "ridge" }, "geometry": { "type": "MultiLineString", "coordinates": [ [ [ -46.56843, -23.94723 ], [ -46.56935, -23.94761 ], [ -46.57001, -23.94835 ], [ -46.57136, -23.95151 ], [ -46.57147, -23.9522 ], [ -46.57175, -23.95282 ], [ -46.5726, -23.95317 ], [ -46.57351, -23.95325 ], [ -46.57406, -23.95255 ], [ -46.57434, -23.95271 ], [ -46.57458, -23.95317 ], [ -46.57498, -23.95331 ], [ -46.5758, -23.9532 ], [ -46.57599, -23.95407 ], [ -46.5766, -23.95383 ], [ -46.57688, -23.95396 ], [ -46.57592, -23.95665 ], [ -46.57664, -23.95792 ], [ -46.57771, -23.95789 ], [ -46.57859, -23.95649 ], [ -46.57959, -23.95569 ], [ -46.58131, -23.95595 ], [ -46.58206, -23.95745 ], [ -46.5829, -23.95862 ], [ -46.58416, -23.95887 ], [ -46.5857, -23.95958 ], [ -46.58704, -23.96051 ], [ -46.5892, -23.96048 ], [ -46.59031, -23.96082 ], [ -46.59015, -23.96164 ], [ -46.59171, -23.96237 ], [ -46.59227, -23.96309 ], [ -46.59259, -23.9638 ], [ -46.59407, -23.96451 ], [ -46.59527, -23.96524 ], [ -46.5958, -23.96387 ], [ -46.59616, -23.96357 ], [ -46.59873, -23.965 ], [ -46.5996, -23.96568 ], [ -46.60119, -23.96613 ], [ -46.60236, -23.96602 ], [ -46.60278, -23.9667 ], [ -46.60341, -23.96681 ], [ -46.60388, -23.96638 ], [ -46.60368, -23.9654 ], [ -46.60403, -23.96493 ], [ -46.60454, -23.96485 ], [ -46.60483, -23.96542 ], [ -46.60572, -23.96603 ], [ -46.60709, -23.96601 ], [ -46.60753, -23.96638 ], [ -46.60765, -23.96698 ], [ -46.6085, -23.9667 ], [ -46.60882, -23.9663 ], [ -46.60951, -23.96581 ], [ -46.61017, -23.96566 ] ], [ [ -46.54087, -23.92567 ], [ -46.54102, -23.92632 ], [ -46.54138, -23.92662 ], [ -46.54161, -23.92665 ], [ -46.54213, -23.92649 ], [ -46.54304, -23.92715 ], [ -46.54314, -23.92759 ], [ -46.543, -23.92803 ], [ -46.54329, -23.92898 ], [ -46.54358, -23.92921 ], [ -46.54568, -23.93026 ], [ -46.54671, -23.93018 ], [ -46.54759, -23.93029 ], [ -46.54843, -23.93119 ], [ -46.54839, -23.93207 ], [ -46.54899, -23.93374 ], [ -46.55126, -23.93531 ], [ -46.55263, -23.93664 ], [ -46.55369, -23.93896 ], [ -46.55478, -23.93929 ], [ -46.55725, -23.94086 ], [ -46.56, -23.946 ], [ -46.56377, -23.94859 ], [ -46.56595, -23.95241 ], [ -46.56645, -23.95256 ], [ -46.56678, -23.95239 ], [ -46.56689, -23.95145 ], [ -46.5665, -23.95047 ], [ -46.56704, -23.95007 ], [ -46.56724, -23.94926 ], [ -46.56685, -23.94808 ], [ -46.56694, -23.94774 ], [ -46.56727, -23.94735 ], [ -46.56843, -23.94723 ] ], [ [ -46.49601, -23.89949 ], [ -46.4961, -23.90011 ], [ -46.49647, -23.90084 ], [ -46.49687, -23.90128 ], [ -46.49853, -23.90218 ], [ -46.49916, -23.90224 ], [ -46.49974, -23.90216 ], [ -46.5003, -23.9019 ], [ -46.50064, -23.90202 ], [ -46.50272, -23.90408 ], [ -46.50375, -23.90453 ], [ -46.50415, -23.90454 ], [ -46.505, -23.90422 ], [ -46.50689, -23.90471 ], [ -46.50842, -23.90414 ], [ -46.50945, -23.9044 ], [ -46.51141, -23.9041 ], [ -46.51226, -23.90435 ], [ -46.51377, -23.90522 ], [ -46.51429, -23.90527 ], [ -46.5148, -23.90522 ], [ -46.51684, -23.90457 ], [ -46.51926, -23.90464 ], [ -46.5202, -23.90493 ], [ -46.52111, -23.90625 ], [ -46.52239, -23.90762 ], [ -46.52249, -23.90788 ], [ -46.52233, -23.90821 ], [ -46.52191, -23.90835 ], [ -46.52109, -23.90826 ], [ -46.52074, -23.90837 ], [ -46.52065, -23.90857 ], [ -46.52094, -23.90889 ], [ -46.52233, -23.90923 ], [ -46.52257, -23.90963 ], [ -46.52287, -23.91087 ], [ -46.52274, -23.91128 ], [ -46.52247, -23.91137 ], [ -46.52233, -23.91136 ], [ -46.52185, -23.91073 ], [ -46.52099, -23.91065 ], [ -46.52078, -23.91081 ], [ -46.52089, -23.91136 ], [ -46.52124, -23.91185 ], [ -46.52179, -23.91218 ], [ -46.52251, -23.91205 ], [ -46.52337, -23.91298 ], [ -46.52454, -23.9132 ], [ -46.52554, -23.91508 ], [ -46.52596, -23.91533 ], [ -46.52919, -23.91641 ], [ -46.53098, -23.91649 ], [ -46.53253, -23.91709 ], [ -46.53242, -23.91754 ], [ -46.53296, -23.91837 ], [ -46.53297, -23.9193 ], [ -46.53315, -23.9196 ], [ -46.53413, -23.92028 ], [ -46.53411, -23.92058 ], [ -46.53349, -23.92111 ], [ -46.53346, -23.9218 ], [ -46.53363, -23.92246 ], [ -46.53337, -23.9237 ], [ -46.53349, -23.92418 ], [ -46.53449, -23.92454 ], [ -46.53546, -23.92505 ], [ -46.53649, -23.92466 ], [ -46.53693, -23.92471 ], [ -46.53789, -23.92543 ], [ -46.53934, -23.92487 ], [ -46.54052, -23.92496 ], [ -46.54087, -23.92567 ] ], [ [ -46.49336, -23.89082 ], [ -46.49365, -23.89139 ], [ -46.49358, -23.89163 ], [ -46.49269, -23.89283 ], [ -46.49255, -23.89383 ], [ -46.49265, -23.8943 ], [ -46.49311, -23.89529 ], [ -46.49313, -23.89568 ], [ -46.49298, -23.89614 ], [ -46.49311, -23.89666 ], [ -46.49343, -23.89702 ], [ -46.4956, -23.89881 ], [ -46.49601, -23.89949 ] ], [ [ -46.4875, -23.88423 ], [ -46.48787, -23.88455 ], [ -46.48798, -23.88512 ], [ -46.48815, -23.88537 ], [ -46.48875, -23.8858 ], [ -46.48972, -23.88687 ], [ -46.49011, -23.88783 ], [ -46.49123, -23.88921 ], [ -46.49148, -23.88968 ], [ -46.49226, -23.88991 ], [ -46.49301, -23.89047 ] ], [ [ -46.48735, -23.88417 ], [ -46.4875, -23.88423 ] ], [ [ -46.48735, -23.88417 ], [ -46.48648, -23.88396 ], [ -46.48523, -23.88323 ], [ -46.48474, -23.88313 ], [ -46.48374, -23.88317 ], [ -46.48328, -23.88334 ], [ -46.48303, -23.88356 ], [ -46.48296, -23.8839 ], [ -46.48337, -23.88487 ], [ -46.48334, -23.88501 ], [ -46.48322, -23.88506 ], [ -46.48302, -23.88501 ], [ -46.48095, -23.88282 ], [ -46.48048, -23.8821 ], [ -46.47974, -23.8815 ], [ -46.47908, -23.88049 ], [ -46.47545, -23.87872 ], [ -46.47518, -23.87848 ], [ -46.4749, -23.87799 ], [ -46.47476, -23.87729 ], [ -46.47437, -23.87622 ], [ -46.47363, -23.87548 ], [ -46.47325, -23.87484 ], [ -46.47257, -23.87405 ], [ -46.47124, -23.87301 ], [ -46.47016, -23.87303 ] ], [ [ -46.46525, -23.86017 ], [ -46.4651, -23.86017 ] ], [ [ -46.46781, -23.86407 ], [ -46.46735, -23.86413 ], [ -46.46701, -23.86379 ], [ -46.46685, -23.86346 ], [ -46.46669, -23.86215 ], [ -46.46648, -23.86161 ], [ -46.4663, -23.86125 ], [ -46.46588, -23.8609 ], [ -46.46558, -23.8603 ], [ -46.46525, -23.86017 ] ], [ [ -46.4651, -23.86017 ], [ -46.46476, -23.86053 ], [ -46.46436, -23.86071 ], [ -46.4642, -23.86113 ], [ -46.46369, -23.86191 ], [ -46.46289, -23.86286 ], [ -46.46254, -23.86354 ], [ -46.46163, -23.86451 ], [ -46.46045, -23.86522 ], [ -46.45992, -23.86568 ] ], [ [ -46.46788, -23.86491 ], [ -46.46807, -23.86468 ], [ -46.4681, -23.86438 ], [ -46.46794, -23.86411 ], [ -46.46781, -23.86407 ] ], [ [ -46.46948, -23.87245 ], [ -46.46907, -23.87172 ], [ -46.46863, -23.87119 ], [ -46.46844, -23.87054 ], [ -46.46823, -23.87027 ], [ -46.46786, -23.8701 ], [ -46.46724, -23.86901 ], [ -46.4669, -23.86738 ], [ -46.46611, -23.86595 ], [ -46.46599, -23.86539 ], [ -46.46581, -23.865 ], [ -46.46581, -23.86474 ], [ -46.46597, -23.86427 ], [ -46.46613, -23.8642 ], [ -46.46708, -23.86497 ], [ -46.46762, -23.865 ], [ -46.46788, -23.86491 ] ], [ [ -46.47016, -23.87303 ], [ -46.4696, -23.87272 ], [ -46.46948, -23.87245 ] ], [ [ -46.45992, -23.86568 ], [ -46.45929, -23.86602 ], [ -46.45884, -23.86607 ], [ -46.45863, -23.86599 ], [ -46.45855, -23.86556 ], [ -46.45867, -23.86541 ], [ -46.45941, -23.86522 ] ], [ [ -46.45941, -23.86522 ], [ -46.45969, -23.86483 ], [ -46.45965, -23.86264 ], [ -46.4593, -23.86251 ], [ -46.45925, -23.86231 ], [ -46.45937, -23.86205 ], [ -46.45832, -23.86059 ], [ -46.45744, -23.86015 ], [ -46.45713, -23.85947 ], [ -46.45704, -23.85856 ], [ -46.45753, -23.85823 ], [ -46.45672, -23.85721 ], [ -46.45584, -23.85666 ], [ -46.45558, -23.85588 ], [ -46.45523, -23.85406 ], [ -46.45452, -23.85364 ], [ -46.45402, -23.85303 ], [ -46.45367, -23.85225 ], [ -46.45349, -23.85215 ], [ -46.45335, -23.85226 ], [ -46.45338, -23.85297 ], [ -46.45329, -23.85304 ], [ -46.45222, -23.85282 ], [ -46.45197, -23.8526 ], [ -46.45155, -23.85173 ], [ -46.45102, -23.85143 ], [ -46.44995, -23.85139 ], [ -46.44836, -23.85169 ], [ -46.44796, -23.85163 ], [ -46.44652, -23.85081 ], [ -46.44451, -23.85008 ], [ -46.4437, -23.84968 ], [ -46.44325, -23.84884 ], [ -46.44183, -23.84785 ], [ -46.44045, -23.84665 ], [ -46.43957, -23.84384 ], [ -46.43838, -23.84298 ], [ -46.4374, -23.84288 ], [ -46.43702, -23.84276 ], [ -46.43687, -23.8426 ], [ -46.43689, -23.84237 ], [ -46.438, -23.84182 ], [ -46.43869, -23.84118 ], [ -46.43873, -23.83945 ], [ -46.439, -23.839 ], [ -46.44002, -23.83921 ], [ -46.44089, -23.83983 ], [ -46.44142, -23.84044 ], [ -46.44221, -23.84088 ], [ -46.44389, -23.84166 ], [ -46.44412, -23.84164 ], [ -46.44423, -23.84151 ], [ -46.44423, -23.84127 ], [ -46.44405, -23.84088 ], [ -46.44304, -23.84002 ], [ -46.44211, -23.83949 ], [ -46.44165, -23.8367 ], [ -46.44071, -23.83512 ], [ -46.43919, -23.83325 ], [ -46.43861, -23.83294 ], [ -46.43771, -23.83266 ], [ -46.43767, -23.83251 ], [ -46.43878, -23.8322 ], [ -46.439, -23.831 ], [ -46.44107, -23.8297 ], [ -46.44153, -23.82966 ], [ -46.4428, -23.82988 ], [ -46.44337, -23.8301 ], [ -46.44428, -23.82992 ], [ -46.44465, -23.8295 ], [ -46.44454, -23.82898 ], [ -46.44397, -23.82862 ], [ -46.44338, -23.82898 ], [ -46.4428, -23.82893 ], [ -46.44134, -23.8284 ], [ -46.44036, -23.82739 ], [ -46.4394, -23.82695 ], [ -46.43806, -23.82568 ], [ -46.43691, -23.82504 ], [ -46.43454, -23.82404 ], [ -46.434, -23.824 ], [ -46.43368, -23.82409 ], [ -46.43318, -23.82469 ], [ -46.4332, -23.82507 ], [ -46.43338, -23.82537 ], [ -46.43331, -23.8256 ], [ -46.43219, -23.82578 ], [ -46.43165, -23.82618 ], [ -46.43097, -23.8264 ], [ -46.42983, -23.82593 ], [ -46.42786, -23.82555 ], [ -46.42647, -23.82473 ], [ -46.42547, -23.82459 ], [ -46.42364, -23.82296 ], [ -46.42264, -23.82229 ], [ -46.42257, -23.82168 ], [ -46.42238, -23.82146 ], [ -46.4219, -23.82124 ], [ -46.42114, -23.82037 ], [ -46.41803, -23.81845 ], [ -46.41639, -23.81783 ], [ -46.41524, -23.81706 ], [ -46.41491, -23.817 ], [ -46.41507, -23.81778 ], [ -46.41608, -23.81864 ], [ -46.41663, -23.81953 ], [ -46.4163, -23.82088 ], [ -46.41646, -23.82111 ], [ -46.41707, -23.82157 ], [ -46.41793, -23.82175 ], [ -46.41865, -23.82214 ], [ -46.41908, -23.82272 ], [ -46.41931, -23.8235 ], [ -46.42007, -23.8252 ], [ -46.42027, -23.82576 ], [ -46.42018, -23.82602 ], [ -46.42001, -23.82614 ], [ -46.41939, -23.82553 ], [ -46.41904, -23.82467 ], [ -46.41862, -23.82427 ], [ -46.41782, -23.8239 ], [ -46.4168, -23.82312 ], [ -46.41622, -23.82295 ], [ -46.41526, -23.82321 ], [ -46.41367, -23.82381 ], [ -46.41326, -23.82417 ], [ -46.41235, -23.82456 ], [ -46.41203, -23.8246 ], [ -46.41188, -23.82451 ], [ -46.41195, -23.82431 ], [ -46.41271, -23.82361 ], [ -46.41302, -23.82274 ], [ -46.4139, -23.82183 ], [ -46.41407, -23.82114 ], [ -46.41398, -23.82032 ], [ -46.41406, -23.81901 ], [ -46.41361, -23.81778 ], [ -46.41164, -23.81662 ], [ -46.41012, -23.81532 ] ], [ [ -46.49301, -23.89047 ], [ -46.49336, -23.89082 ] ] ] } },
{ "type": "Feature", "properties": { "name": "Rio Branco", "k": "river" }, "geometry": { "type": "MultiLineString", "coordinates": [ [ [ -46.6295, -23.99039 ], [ -46.62939, -23.99069 ], [ -46.62975, -23.99108 ], [ -46.63122, -23.9921 ], [ -46.63184, -23.99216 ], [ -46.63234, -23.99207 ], [ -46.63279, -23.99211 ], [ -46.63365, -23.99248 ], [ -46.63443, -23.9941 ], [ -46.63503, -23.99468 ], [ -46.63534, -23.99474 ], [ -46.63623, -23.99461 ], [ -46.63735, -23.99396 ], [ -46.63761, -23.994 ], [ -46.63879, -23.99501 ], [ -46.6392, -23.9957 ], [ -46.63959, -23.99719 ], [ -46.64021, -23.99732 ], [ -46.6408, -23.99785 ], [ -46.64207, -23.99754 ], [ -46.64262, -23.99765 ], [ -46.64303, -23.99784 ], [ -46.64363, -23.9986 ], [ -46.64546, -23.99903 ], [ -46.64735, -23.99963 ], [ -46.64954, -24.00091 ], [ -46.65018, -24.00155 ] ], [ [ -46.63583, -23.97729 ], [ -46.63598, -23.97755 ], [ -46.63595, -23.97769 ], [ -46.63528, -23.97854 ], [ -46.63514, -23.98049 ], [ -46.63447, -23.98183 ], [ -46.63372, -23.98261 ], [ -46.63347, -23.9834 ], [ -46.63336, -23.98437 ], [ -46.63309, -23.98509 ], [ -46.63327, -23.9863 ], [ -46.63285, -23.98726 ], [ -46.63283, -23.98789 ], [ -46.63137, -23.98945 ], [ -46.63009, -23.9901 ], [ -46.62959, -23.99026 ], [ -46.6295, -23.99039 ] ] ] } },
{ "type": "Feature", "properties": { "name": "Muro do Itanháem", "k": "ridge" }, "geometry": { "type": "LineString", "coordinates": [ [ -46.59268, -23.99434 ], [ -46.59329, -23.99324 ], [ -46.59406, -23.99136 ], [ -46.59464, -23.99128 ], [ -46.59515, -23.99102 ], [ -46.59535, -23.9907 ], [ -46.59561, -23.98966 ], [ -46.59558, -23.98909 ], [ -46.59511, -23.98815 ], [ -46.59475, -23.98774 ], [ -46.59339, -23.98691 ], [ -46.59271, -23.98664 ], [ -46.59198, -23.98657 ], [ -46.59158, -23.98665 ], [ -46.59099, -23.98564 ], [ -46.58983, -23.98546 ], [ -46.58878, -23.98499 ], [ -46.58866, -23.98431 ], [ -46.58928, -23.98351 ], [ -46.59186, -23.98239 ], [ -46.59263, -23.98247 ], [ -46.59334, -23.98231 ], [ -46.5945, -23.98177 ], [ -46.59674, -23.98117 ], [ -46.59706, -23.97956 ], [ -46.59701, -23.97742 ], [ -46.59619, -23.97682 ], [ -46.59544, -23.97584 ], [ -46.59528, -23.97387 ], [ -46.59461, -23.97292 ], [ -46.59345, -23.97194 ], [ -46.59396, -23.96992 ], [ -46.59475, -23.96863 ], [ -46.59546, -23.9654 ], [ -46.59624, -23.96345 ] ] } },
{ "type": "Feature", "properties": { "name": "Serra do Mongaguá", "k": "ridge" }, "geometry": { "type": "MultiLineString", "coordinates": [ [ [ -46.59215, -23.99929 ], [ -46.59224, -23.99866 ], [ -46.59263, -23.99796 ], [ -46.59301, -23.99756 ] ], [ [ -46.61064, -24.08369 ], [ -46.61087, -24.08333 ], [ -46.61084, -24.0828 ], [ -46.61099, -24.08238 ], [ -46.61115, -24.08214 ], [ -46.61169, -24.08174 ], [ -46.61178, -24.08121 ], [ -46.61147, -24.08003 ], [ -46.61091, -24.079 ], [ -46.61007, -24.07697 ], [ -46.60827, -24.07462 ], [ -46.6077, -24.07371 ], [ -46.60756, -24.0733 ], [ -46.60769, -24.07277 ], [ -46.60711, -24.07228 ], [ -46.60671, -24.0714 ], [ -46.60625, -24.07079 ], [ -46.60612, -24.06992 ], [ -46.6053, -24.06884 ], [ -46.60499, -24.06751 ], [ -46.60483, -24.06721 ], [ -46.6039, -24.06648 ], [ -46.60267, -24.06613 ], [ -46.60167, -24.06556 ], [ -46.60162, -24.06542 ], [ -46.60175, -24.06511 ], [ -46.60286, -24.06374 ], [ -46.60304, -24.06311 ], [ -46.60253, -24.06233 ], [ -46.60254, -24.06213 ], [ -46.60291, -24.06146 ], [ -46.60288, -24.06133 ], [ -46.60209, -24.06068 ], [ -46.60198, -24.0603 ], [ -46.60245, -24.05976 ], [ -46.60322, -24.05942 ], [ -46.60289, -24.05855 ], [ -46.60221, -24.05749 ], [ -46.6015, -24.05688 ], [ -46.60135, -24.05648 ], [ -46.60171, -24.05607 ], [ -46.60169, -24.0554 ], [ -46.60177, -24.05512 ], [ -46.60202, -24.05479 ], [ -46.60201, -24.05397 ], [ -46.60215, -24.05377 ], [ -46.60256, -24.05358 ], [ -46.60334, -24.05343 ], [ -46.60357, -24.05328 ], [ -46.60354, -24.05304 ], [ -46.60341, -24.05286 ], [ -46.60241, -24.05248 ], [ -46.60213, -24.05217 ], [ -46.60202, -24.05169 ], [ -46.60168, -24.05121 ], [ -46.6016, -24.05082 ], [ -46.60167, -24.0505 ], [ -46.60238, -24.04974 ], [ -46.6025, -24.04947 ], [ -46.60256, -24.04919 ], [ -46.60247, -24.04882 ], [ -46.60214, -24.04854 ], [ -46.59967, -24.0456 ], [ -46.59857, -24.04463 ], [ -46.59853, -24.04438 ], [ -46.59867, -24.0442 ], [ -46.60041, -24.0438 ], [ -46.60069, -24.04295 ], [ -46.60153, -24.04245 ], [ -46.60189, -24.04247 ], [ -46.6023, -24.04267 ], [ -46.60274, -24.04268 ], [ -46.60404, -24.04237 ], [ -46.60449, -24.04203 ], [ -46.60488, -24.04143 ], [ -46.60517, -24.04121 ], [ -46.60606, -24.04081 ], [ -46.60627, -24.04031 ], [ -46.60691, -24.03986 ], [ -46.60716, -24.03956 ], [ -46.60775, -24.03842 ], [ -46.60789, -24.0383 ], [ -46.60869, -24.03807 ], [ -46.60892, -24.03785 ], [ -46.60852, -24.03714 ], [ -46.60778, -24.03637 ], [ -46.60681, -24.03512 ], [ -46.60643, -24.03434 ], [ -46.6056, -24.03336 ], [ -46.60533, -24.0329 ], [ -46.60469, -24.03128 ], [ -46.60459, -24.03059 ], [ -46.60418, -24.02941 ], [ -46.60416, -24.02896 ], [ -46.6043, -24.02852 ], [ -46.60424, -24.02743 ], [ -46.60381, -24.0268 ], [ -46.60378, -24.02646 ], [ -46.60427, -24.02589 ], [ -46.60506, -24.02542 ], [ -46.6052, -24.02524 ], [ -46.60536, -24.02464 ], [ -46.6053, -24.02418 ], [ -46.60332, -24.02279 ], [ -46.60254, -24.022 ], [ -46.60203, -24.02116 ], [ -46.60094, -24.02046 ], [ -46.60001, -24.01962 ], [ -46.59954, -24.0194 ], [ -46.59959, -24.01862 ], [ -46.59941, -24.01841 ], [ -46.59864, -24.01778 ], [ -46.59722, -24.01693 ], [ -46.59593, -24.01538 ], [ -46.59472, -24.01411 ], [ -46.59183, -24.01185 ], [ -46.58983, -24.01053 ], [ -46.58919, -24.00982 ], [ -46.58908, -24.0094 ], [ -46.58949, -24.0081 ], [ -46.58935, -24.00722 ], [ -46.58947, -24.00674 ], [ -46.5898, -24.00644 ], [ -46.59112, -24.00598 ], [ -46.59146, -24.0056 ], [ -46.59153, -24.00535 ], [ -46.59146, -24.00501 ], [ -46.59121, -24.00462 ], [ -46.59113, -24.00348 ], [ -46.59097, -24.00283 ], [ -46.59101, -24.00254 ], [ -46.59136, -24.0019 ], [ -46.59135, -24.00119 ], [ -46.59163, -24.00035 ], [ -46.59164, -24.00008 ], [ -46.59172, -23.99991 ], [ -46.59206, -23.9997 ], [ -46.59215, -23.99929 ] ] ] } },
{ "type": "Feature", "properties": { "name": "Serra do Guaperuvu", "k": "ridge" }, "geometry": { "type": "MultiLineString", "coordinates": [ [ [ -46.64566, -24.01103 ], [ -46.64509, -24.01098 ] ], [ [ -46.68823, -24.02946 ], [ -46.68788, -24.02927 ], [ -46.68645, -24.02901 ], [ -46.68432, -24.02834 ], [ -46.68369, -24.02805 ], [ -46.68289, -24.02748 ], [ -46.68162, -24.02634 ], [ -46.68062, -24.02586 ], [ -46.67828, -24.02516 ], [ -46.67372, -24.02316 ], [ -46.66757, -24.02106 ], [ -46.66715, -24.02063 ], [ -46.66616, -24.01996 ], [ -46.66433, -24.01901 ], [ -46.66196, -24.01798 ], [ -46.66115, -24.01789 ], [ -46.65963, -24.01752 ], [ -46.65614, -24.01604 ], [ -46.65268, -24.01428 ], [ -46.65108, -24.01377 ], [ -46.65087, -24.01356 ], [ -46.65078, -24.01323 ], [ -46.64941, -24.01223 ], [ -46.64722, -24.0113 ], [ -46.64566, -24.01103 ] ], [ [ -46.68823, -24.02946 ], [ -46.69252, -24.03252 ], [ -46.69506, -24.03369 ], [ -46.69654, -24.0355 ], [ -46.6985, -24.03751 ], [ -46.69913, -24.03839 ], [ -46.69938, -24.04089 ], [ -46.69994, -24.04344 ], [ -46.70034, -24.04393 ], [ -46.70098, -24.04446 ], [ -46.70179, -24.04485 ], [ -46.7022, -24.04462 ], [ -46.7031, -24.04357 ], [ -46.70363, -24.04345 ], [ -46.70499, -24.04391 ], [ -46.70737, -24.04541 ], [ -46.70949, -24.04597 ], [ -46.71061, -24.04599 ], [ -46.71252, -24.04527 ], [ -46.71468, -24.04642 ] ] ] } },
{ "type": "Feature", "properties": { "name": "Morro Preto", "k": "ridge" }, "geometry": { "type": "LineString", "coordinates": [ [ -46.669, -24.03277 ], [ -46.67054, -24.03161 ], [ -46.67132, -24.0292 ], [ -46.67224, -24.02826 ], [ -46.67477, -24.02636 ], [ -46.6755, -24.02444 ] ] } },
{ "type": "Feature", "properties": { "name": "Serra do Barigui", "k": "ridge" }, "geometry": { "type": "LineString", "coordinates": [ [ -46.71468, -24.04642 ], [ -46.7164, -24.04713 ], [ -46.72024, -24.04742 ], [ -46.72346, -24.04983 ], [ -46.72719, -24.05146 ], [ -46.72784, -24.05215 ], [ -46.72818, -24.05316 ], [ -46.72884, -24.05385 ], [ -46.7303, -24.05507 ], [ -46.73496, -24.05799 ], [ -46.73599, -24.05916 ], [ -46.73779, -24.05985 ], [ -46.73826, -24.06096 ], [ -46.73929, -24.06153 ], [ -46.74, -24.06232 ], [ -46.7406, -24.0643 ], [ -46.74337, -24.06602 ], [ -46.74391, -24.06747 ], [ -46.74322, -24.06855 ], [ -46.74495, -24.07322 ] ] } },
{ "type": "Feature", "properties": { "name": "Canal Praião", "k": "river" }, "geometry": { "type": "MultiLineString", "coordinates": [ [ [ -46.43379, -24.00278 ], [ -46.42891, -24.00199 ] ], [ [ -46.42878, -24.00196 ], [ -46.42548, -24.00127 ] ], [ [ -46.42891, -24.00199 ], [ -46.42883, -24.00197 ] ], [ [ -46.42883, -24.00197 ], [ -46.42878, -24.00196 ] ], [ [ -46.42548, -24.00127 ], [ -46.42537, -24.00124 ] ], [ [ -46.42537, -24.00124 ], [ -46.42107, -24.00033 ] ], [ [ -46.42107, -24.00033 ], [ -46.42074, -24.00026 ] ], [ [ -46.41653, -23.99936 ], [ -46.41572, -23.99918 ] ], [ [ -46.41572, -23.99918 ], [ -46.41535, -23.99902 ], [ -46.4151, -23.99873 ] ], [ [ -46.4151, -23.99873 ], [ -46.4149, -23.99851 ], [ -46.41298, -23.99751 ] ], [ [ -46.41298, -23.99751 ], [ -46.41272, -23.99731 ] ], [ [ -46.41667, -23.99939 ], [ -46.41653, -23.99936 ] ], [ [ -46.42074, -24.00026 ], [ -46.41667, -23.99939 ] ], [ [ -46.41272, -23.99731 ], [ -46.41031, -23.99539 ], [ -46.4098, -23.99488 ], [ -46.40843, -23.99386 ], [ -46.40756, -23.99289 ], [ -46.40754, -23.99227 ], [ -46.40814, -23.98921 ], [ -46.40867, -23.98763 ], [ -46.40844, -23.98717 ], [ -46.4081, -23.98688 ], [ -46.40748, -23.98661 ], [ -46.40476, -23.98595 ], [ -46.40339, -23.98528 ], [ -46.40199, -23.98425 ], [ -46.40131, -23.98388 ], [ -46.4005, -23.98355 ], [ -46.39815, -23.98297 ], [ -46.39768, -23.98275 ], [ -46.39658, -23.98177 ], [ -46.39635, -23.98136 ], [ -46.39582, -23.97976 ] ] ] } },
{ "type": "Feature", "properties": { "name": "Rio Guaramar", "k": "river" }, "geometry": { "type": "MultiLineString", "coordinates": [ [ [ -46.43332, -23.9954 ], [ -46.43315, -23.9937 ], [ -46.43291, -23.99264 ], [ -46.43259, -23.99213 ], [ -46.43216, -23.99178 ], [ -46.43089, -23.99127 ], [ -46.43014, -23.99086 ], [ -46.42982, -23.99051 ], [ -46.42922, -23.98943 ], [ -46.42911, -23.98896 ], [ -46.42916, -23.98849 ], [ -46.42959, -23.98774 ], [ -46.42995, -23.98662 ], [ -46.43019, -23.98535 ], [ -46.43019, -23.98458 ], [ -46.43006, -23.98392 ], [ -46.42976, -23.98317 ], [ -46.42866, -23.98186 ], [ -46.42819, -23.98149 ], [ -46.42732, -23.98113 ], [ -46.42652, -23.98067 ], [ -46.42627, -23.98038 ], [ -46.42611, -23.97996 ], [ -46.426, -23.97911 ], [ -46.42587, -23.97878 ], [ -46.42562, -23.97852 ] ], [ [ -46.4335, -23.9963 ], [ -46.43332, -23.9954 ] ] ] } },
{ "type": "Feature", "properties": { "name": "Rio Piaçabuçu", "k": "river" }, "geometry": { "type": "MultiLineString", "coordinates": [ [ [ -46.42277, -23.9766 ], [ -46.42168, -23.97644 ], [ -46.41938, -23.97572 ], [ -46.41808, -23.97555 ], [ -46.41461, -23.97574 ], [ -46.41259, -23.97614 ] ], [ [ -46.42562, -23.97852 ], [ -46.42371, -23.977 ], [ -46.42327, -23.97674 ], [ -46.42277, -23.9766 ] ], [ [ -46.4634, -23.99704 ], [ -46.46375, -23.99621 ], [ -46.46476, -23.99491 ], [ -46.4648, -23.99449 ], [ -46.4647, -23.99404 ], [ -46.46462, -23.9938 ], [ -46.46431, -23.99344 ], [ -46.45808, -23.99125 ], [ -46.45697, -23.99104 ], [ -46.4552, -23.99093 ], [ -46.45383, -23.99054 ], [ -46.45288, -23.9899 ], [ -46.45072, -23.98711 ], [ -46.44985, -23.98623 ], [ -46.44789, -23.98489 ], [ -46.44739, -23.98438 ], [ -46.44611, -23.98268 ], [ -46.44559, -23.98226 ], [ -46.44512, -23.98216 ], [ -46.44471, -23.98219 ], [ -46.44437, -23.98244 ], [ -46.44428, -23.98274 ], [ -46.44335, -23.98422 ], [ -46.44203, -23.98524 ], [ -46.44146, -23.98552 ], [ -46.44085, -23.98571 ], [ -46.43916, -23.98594 ], [ -46.43678, -23.98569 ], [ -46.43548, -23.98541 ], [ -46.43435, -23.98502 ], [ -46.43382, -23.9847 ], [ -46.43335, -23.984 ], [ -46.433, -23.98307 ], [ -46.4329, -23.98222 ], [ -46.43296, -23.98134 ], [ -46.43347, -23.97921 ], [ -46.4334, -23.9788 ], [ -46.4332, -23.97839 ], [ -46.43265, -23.97785 ], [ -46.43203, -23.97749 ], [ -46.43129, -23.97749 ], [ -46.42989, -23.97831 ], [ -46.42918, -23.97857 ], [ -46.42843, -23.97878 ], [ -46.42711, -23.97893 ], [ -46.42661, -23.97892 ], [ -46.42562, -23.97852 ] ], [ [ -46.47699, -24.00561 ], [ -46.47576, -24.00566 ] ], [ [ -46.48343, -24.003 ], [ -46.48374, -24.00372 ], [ -46.48374, -24.00425 ], [ -46.4846, -24.00501 ], [ -46.48467, -24.00534 ], [ -46.48441, -24.00584 ], [ -46.48338, -24.00705 ], [ -46.48297, -24.00689 ], [ -46.48273, -24.00662 ], [ -46.48237, -24.00603 ], [ -46.4822, -24.00511 ], [ -46.48192, -24.00489 ], [ -46.48158, -24.00487 ], [ -46.48003, -24.00542 ], [ -46.47752, -24.00572 ], [ -46.47699, -24.00561 ] ], [ [ -46.47576, -24.00566 ], [ -46.47426, -24.00337 ], [ -46.47373, -24.00273 ], [ -46.47326, -24.00239 ], [ -46.47252, -24.00224 ], [ -46.47071, -24.00285 ], [ -46.46912, -24.00302 ], [ -46.46873, -24.00296 ], [ -46.46832, -24.00275 ], [ -46.46809, -24.00244 ], [ -46.46799, -24.00201 ], [ -46.46827, -24.0014 ], [ -46.46872, -24.00052 ], [ -46.46937, -23.99962 ], [ -46.47021, -23.99793 ], [ -46.47085, -23.9956 ], [ -46.47043, -23.99507 ], [ -46.46963, -23.99507 ], [ -46.46928, -23.99525 ], [ -46.46847, -23.99593 ], [ -46.4676, -23.99715 ], [ -46.46694, -23.99781 ], [ -46.46539, -23.99889 ], [ -46.46469, -23.9991 ], [ -46.46429, -23.99907 ], [ -46.46398, -23.99885 ], [ -46.46332, -23.99803 ], [ -46.46327, -23.99735 ], [ -46.4634, -23.99704 ] ] ] } },
{ "type": "Feature", "properties": { "name": "Largo de São Vicente", "k": "river" }, "geometry": { "type": "MultiLineString", "coordinates": [ [ [ -46.41739, -23.96188 ], [ -46.41712, -23.96495 ], [ -46.41744, -23.96909 ], [ -46.41743, -23.97108 ], [ -46.41698, -23.97263 ], [ -46.41668, -23.9733 ], [ -46.41615, -23.97398 ], [ -46.41535, -23.97467 ], [ -46.41449, -23.97525 ], [ -46.41259, -23.97614 ] ], [ [ -46.42812, -23.93978 ], [ -46.42581, -23.9439 ], [ -46.42513, -23.94566 ], [ -46.42467, -23.94749 ], [ -46.42459, -23.94841 ], [ -46.42428, -23.94927 ], [ -46.4235, -23.95045 ], [ -46.422, -23.95235 ], [ -46.42075, -23.95425 ], [ -46.41901, -23.95746 ], [ -46.41824, -23.95916 ], [ -46.41763, -23.96085 ], [ -46.41739, -23.96188 ] ] ] } },
{ "type": "Feature", "properties": { "name": "Rio da Cruz", "k": "river" }, "geometry": { "type": "LineString", "coordinates": [ [ -46.44848, -23.98522 ], [ -46.44874, -23.98571 ], [ -46.44864, -23.98596 ], [ -46.44873, -23.98633 ], [ -46.44834, -23.98737 ], [ -46.44727, -23.98829 ], [ -46.44557, -23.99125 ], [ -46.44452, -23.9927 ], [ -46.44345, -23.99339 ], [ -46.44248, -23.99433 ], [ -46.4419, -23.99552 ], [ -46.44169, -23.99633 ], [ -46.44169, -23.99749 ] ] } },
{ "type": "Feature", "properties": { "name": "Rio Mombuatuba", "k": "river" }, "geometry": { "type": "LineString", "coordinates": [ [ -46.43486, -23.99325 ], [ -46.43738, -23.99379 ], [ -46.43872, -23.99331 ], [ -46.44096, -23.99225 ], [ -46.44202, -23.99125 ], [ -46.44216, -23.9907 ], [ -46.44209, -23.98984 ], [ -46.44192, -23.98937 ], [ -46.4413, -23.98851 ], [ -46.43895, -23.98723 ], [ -46.43794, -23.98708 ], [ -46.43565, -23.98728 ], [ -46.4348, -23.98706 ], [ -46.4343, -23.98675 ], [ -46.43398, -23.98598 ], [ -46.43394, -23.98498 ], [ -46.43382, -23.9847 ] ] } },
{ "type": "Feature", "properties": { "name": "Canal Acaraú", "k": "canal" }, "geometry": { "type": "MultiLineString", "coordinates": [ [ [ -46.48823, -24.01409 ], [ -46.49156, -24.01713 ], [ -46.49474, -24.0198 ] ], [ [ -46.48674, -24.01369 ], [ -46.48747, -24.01368 ], [ -46.48798, -24.01389 ], [ -46.48823, -24.01409 ] ], [ [ -46.49474, -24.0198 ], [ -46.49645, -24.02129 ], [ -46.49679, -24.02149 ], [ -46.50317, -24.0224 ], [ -46.50387, -24.0226 ], [ -46.50427, -24.02284 ], [ -46.50452, -24.02311 ], [ -46.50532, -24.02557 ], [ -46.50645, -24.02858 ], [ -46.50668, -24.02954 ], [ -46.50677, -24.02967 ], [ -46.50695, -24.0297 ] ] ] } },
{ "type": "Feature", "properties": { "name": "Rio Acaraú", "k": "river" }, "geometry": { "type": "MultiLineString", "coordinates": [ [ [ -46.47869, -24.00758 ], [ -46.4792, -24.00841 ], [ -46.47995, -24.00935 ], [ -46.48008, -24.00974 ], [ -46.48077, -24.01053 ], [ -46.48091, -24.01084 ], [ -46.48119, -24.01094 ], [ -46.48169, -24.01199 ], [ -46.48435, -24.01347 ], [ -46.48674, -24.01369 ] ], [ [ -46.47869, -24.00758 ], [ -46.47804, -24.00664 ], [ -46.47726, -24.00603 ], [ -46.47699, -24.00561 ] ], [ [ -46.28574, -23.94412 ], [ -46.28711, -23.94102 ] ], [ [ -46.28161, -23.9535 ], [ -46.28201, -23.94979 ], [ -46.28428, -23.94742 ], [ -46.28568, -23.94426 ] ], [ [ -46.28727, -23.94081 ], [ -46.29152, -23.93448 ], [ -46.29204, -23.9323 ], [ -46.29238, -23.93171 ], [ -46.29216, -23.93102 ], [ -46.29152, -23.92998 ], [ -46.29161, -23.92975 ], [ -46.29191, -23.92959 ], [ -46.29174, -23.92912 ], [ -46.29106, -23.92845 ], [ -46.29039, -23.92803 ], [ -46.29049, -23.92754 ], [ -46.2908, -23.92713 ], [ -46.29158, -23.92655 ], [ -46.29244, -23.92647 ], [ -46.29458, -23.92541 ], [ -46.29486, -23.92515 ], [ -46.29487, -23.92463 ], [ -46.29467, -23.92438 ], [ -46.29416, -23.92404 ], [ -46.29379, -23.9239 ], [ -46.29303, -23.92386 ], [ -46.29218, -23.92404 ], [ -46.29184, -23.92291 ] ] ] } },
{ "type": "Feature", "properties": { "name": "Rio Acaraú-Mirim", "k": "river" }, "geometry": { "type": "MultiLineString", "coordinates": [ [ [ -46.47326, -24.01841 ], [ -46.47424, -24.01771 ], [ -46.47435, -24.01744 ] ], [ [ -46.47435, -24.01744 ], [ -46.47463, -24.01669 ], [ -46.47546, -24.01232 ] ], [ [ -46.47546, -24.01232 ], [ -46.47576, -24.01064 ], [ -46.47587, -24.01042 ], [ -46.47723, -24.00959 ], [ -46.47869, -24.00758 ] ] ] } },
{ "type": "Feature", "properties": { "name": "Rio Preto", "k": "river" }, "geometry": { "type": "MultiLineString", "coordinates": [ [ [ -46.52033, -24.01149 ], [ -46.51839, -24.01173 ], [ -46.51808, -24.01163 ], [ -46.51785, -24.01136 ], [ -46.51788, -24.01103 ], [ -46.51855, -24.00978 ], [ -46.51853, -24.0093 ], [ -46.51829, -24.00915 ], [ -46.51792, -24.00911 ], [ -46.51713, -24.00956 ], [ -46.51673, -24.00961 ], [ -46.5165, -24.00948 ], [ -46.51614, -24.00894 ], [ -46.51607, -24.00857 ], [ -46.51623, -24.00798 ], [ -46.51655, -24.0075 ], [ -46.51726, -24.00693 ], [ -46.51746, -24.00634 ], [ -46.51754, -24.0057 ], [ -46.5172, -24.00368 ], [ -46.51698, -24.00354 ], [ -46.51649, -24.00352 ], [ -46.51566, -24.00408 ], [ -46.51533, -24.00409 ], [ -46.51514, -24.00388 ], [ -46.51514, -24.00365 ], [ -46.51554, -24.0024 ], [ -46.51552, -24.00206 ], [ -46.51471, -24.00136 ], [ -46.51419, -24.00022 ], [ -46.51396, -24.00008 ], [ -46.51364, -24.00008 ], [ -46.51325, -24.00036 ], [ -46.51294, -24.00046 ], [ -46.51231, -23.99895 ], [ -46.5102, -23.99679 ], [ -46.51008, -23.99602 ], [ -46.51017, -23.99582 ], [ -46.51043, -23.99566 ], [ -46.51079, -23.9956 ], [ -46.51131, -23.99514 ], [ -46.51142, -23.9946 ], [ -46.51126, -23.9942 ], [ -46.511, -23.99399 ], [ -46.51047, -23.99388 ], [ -46.5086, -23.99469 ], [ -46.5081, -23.99515 ], [ -46.50807, -23.99655 ], [ -46.50774, -23.99714 ], [ -46.50733, -23.9975 ], [ -46.50693, -23.99735 ], [ -46.50668, -23.99711 ], [ -46.50601, -23.99501 ], [ -46.50567, -23.9944 ], [ -46.50509, -23.99389 ], [ -46.50448, -23.9936 ], [ -46.50416, -23.99319 ], [ -46.50424, -23.99282 ], [ -46.50453, -23.99261 ], [ -46.50551, -23.99244 ], [ -46.50609, -23.99182 ], [ -46.50613, -23.99123 ], [ -46.50588, -23.99049 ] ], [ [ -46.53253, -24.01623 ], [ -46.53202, -24.01547 ], [ -46.53183, -24.0153 ], [ -46.53151, -24.01521 ], [ -46.53131, -24.01532 ], [ -46.531, -24.01613 ], [ -46.53056, -24.01682 ], [ -46.53026, -24.01695 ], [ -46.53, -24.01691 ], [ -46.52846, -24.01558 ], [ -46.52804, -24.01505 ], [ -46.528, -24.01482 ], [ -46.52815, -24.01472 ], [ -46.52914, -24.01451 ], [ -46.53077, -24.01373 ], [ -46.531, -24.01341 ], [ -46.53111, -24.01264 ], [ -46.53113, -24.01218 ], [ -46.53086, -24.01191 ], [ -46.52834, -24.01291 ], [ -46.5277, -24.01294 ], [ -46.52733, -24.01265 ], [ -46.52583, -24.01093 ], [ -46.52549, -24.01072 ], [ -46.52529, -24.0107 ], [ -46.52507, -24.01126 ], [ -46.5257, -24.01247 ], [ -46.52563, -24.01301 ], [ -46.52542, -24.01319 ], [ -46.5229, -24.01277 ], [ -46.52159, -24.01273 ], [ -46.52136, -24.01259 ], [ -46.52119, -24.0123 ], [ -46.52138, -24.01168 ], [ -46.52183, -24.0114 ], [ -46.52198, -24.01112 ], [ -46.52179, -24.01084 ], [ -46.52133, -24.01093 ], [ -46.52106, -24.01117 ], [ -46.52033, -24.01149 ] ], [ [ -46.53259, -24.01714 ], [ -46.53264, -24.01655 ], [ -46.53253, -24.01623 ] ], [ [ -46.53276, -24.02319 ], [ -46.53282, -24.02258 ], [ -46.53311, -24.02181 ], [ -46.53305, -24.02051 ], [ -46.53302, -24.02024 ], [ -46.53286, -24.02007 ], [ -46.53271, -24.02002 ], [ -46.53226, -24.02032 ], [ -46.53199, -24.02071 ], [ -46.53168, -24.0216 ], [ -46.53092, -24.02205 ], [ -46.52997, -24.02221 ], [ -46.52912, -24.02203 ], [ -46.52888, -24.02175 ], [ -46.5289, -24.02159 ], [ -46.52962, -24.02125 ], [ -46.53053, -24.02048 ], [ -46.5308, -24.02005 ], [ -46.53157, -24.01956 ], [ -46.5318, -24.01917 ], [ -46.53166, -24.01859 ], [ -46.53176, -24.01801 ], [ -46.53218, -24.01749 ], [ -46.53252, -24.01734 ], [ -46.53259, -24.01714 ] ], [ [ -46.53786, -24.02694 ], [ -46.5378, -24.02672 ], [ -46.5373, -24.02668 ], [ -46.53635, -24.0276 ], [ -46.53599, -24.02761 ], [ -46.5359, -24.02732 ], [ -46.53599, -24.02716 ], [ -46.53662, -24.02668 ], [ -46.53674, -24.02619 ], [ -46.53603, -24.02579 ], [ -46.5359, -24.02584 ], [ -46.53588, -24.02616 ], [ -46.53578, -24.02627 ], [ -46.53545, -24.02643 ], [ -46.53508, -24.0263 ], [ -46.53489, -24.02564 ], [ -46.53499, -24.02549 ], [ -46.53565, -24.02513 ], [ -46.53587, -24.02512 ], [ -46.53619, -24.02542 ], [ -46.53644, -24.02543 ], [ -46.53666, -24.02524 ], [ -46.53659, -24.02498 ], [ -46.53598, -24.02473 ], [ -46.53493, -24.02467 ], [ -46.53394, -24.0238 ], [ -46.53375, -24.02387 ], [ -46.53368, -24.02412 ], [ -46.53314, -24.02431 ], [ -46.53281, -24.02368 ], [ -46.53276, -24.02319 ] ], [ [ -46.54699, -24.01106 ], [ -46.54681, -24.01152 ], [ -46.54714, -24.01184 ], [ -46.54712, -24.01214 ], [ -46.54678, -24.01209 ], [ -46.54663, -24.01218 ], [ -46.54663, -24.01251 ], [ -46.54649, -24.01283 ], [ -46.54617, -24.01283 ], [ -46.54617, -24.01324 ], [ -46.54577, -24.01324 ], [ -46.54549, -24.01339 ], [ -46.54559, -24.01388 ], [ -46.54577, -24.01393 ], [ -46.54609, -24.01379 ], [ -46.54646, -24.01383 ], [ -46.54652, -24.01391 ], [ -46.54642, -24.01406 ], [ -46.54606, -24.01416 ], [ -46.54599, -24.01425 ], [ -46.54614, -24.0146 ], [ -46.54609, -24.01472 ], [ -46.54577, -24.01478 ], [ -46.54574, -24.01499 ] ], [ [ -46.50995, -23.98413 ], [ -46.50949, -23.98365 ], [ -46.50879, -23.98323 ], [ -46.50637, -23.98245 ], [ -46.50519, -23.98181 ] ], [ [ -46.50588, -23.99049 ], [ -46.50576, -23.99018 ], [ -46.50583, -23.98954 ], [ -46.50612, -23.98934 ], [ -46.50731, -23.98907 ], [ -46.50829, -23.98872 ], [ -46.50878, -23.98846 ], [ -46.50913, -23.98797 ], [ -46.50928, -23.9875 ], [ -46.50927, -23.98706 ], [ -46.50918, -23.98676 ], [ -46.50865, -23.98588 ], [ -46.50879, -23.98537 ], [ -46.50908, -23.98525 ], [ -46.51002, -23.98516 ], [ -46.51026, -23.98501 ], [ -46.51036, -23.98463 ], [ -46.50995, -23.98413 ] ] ] } },
{ "type": "Feature", "properties": { "name": "Rio Boturoca", "k": "river" }, "geometry": { "type": "MultiLineString", "coordinates": [ [ [ -46.54574, -24.01499 ], [ -46.54513, -24.01564 ], [ -46.54531, -24.01609 ], [ -46.54521, -24.01629 ], [ -46.54433, -24.0165 ], [ -46.54414, -24.01694 ], [ -46.54414, -24.01725 ], [ -46.5436, -24.01774 ], [ -46.54246, -24.01849 ], [ -46.54238, -24.01864 ], [ -46.5424, -24.01892 ], [ -46.54202, -24.01915 ], [ -46.54194, -24.01931 ], [ -46.54197, -24.01944 ], [ -46.54229, -24.01959 ], [ -46.54246, -24.0198 ], [ -46.54237, -24.02025 ], [ -46.54247, -24.02049 ], [ -46.54336, -24.02133 ], [ -46.54342, -24.0215 ], [ -46.54303, -24.02202 ], [ -46.54303, -24.02221 ], [ -46.54327, -24.0225 ], [ -46.54325, -24.02273 ], [ -46.54291, -24.02339 ], [ -46.54289, -24.02366 ], [ -46.54325, -24.02415 ], [ -46.54334, -24.02456 ], [ -46.5432, -24.0247 ], [ -46.54295, -24.02476 ], [ -46.54108, -24.02489 ], [ -46.54089, -24.02502 ], [ -46.54094, -24.02516 ], [ -46.54134, -24.02535 ], [ -46.5424, -24.02571 ], [ -46.54253, -24.02587 ], [ -46.54241, -24.02622 ], [ -46.54111, -24.0263 ], [ -46.54051, -24.02587 ], [ -46.5395, -24.02579 ], [ -46.53874, -24.02533 ], [ -46.53786, -24.02505 ], [ -46.53762, -24.02511 ], [ -46.53748, -24.02527 ], [ -46.53707, -24.0258 ], [ -46.537, -24.02602 ], [ -46.53721, -24.02625 ], [ -46.53747, -24.02633 ], [ -46.53798, -24.02621 ], [ -46.53815, -24.02629 ], [ -46.53816, -24.02648 ], [ -46.53809, -24.02663 ], [ -46.53787, -24.02672 ], [ -46.53786, -24.02694 ] ], [ [ -46.50519, -23.98181 ], [ -46.50416, -23.98135 ], [ -46.50204, -23.98062 ], [ -46.49927, -23.97817 ], [ -46.49785, -23.97638 ], [ -46.49425, -23.97144 ], [ -46.4922, -23.96728 ], [ -46.4916, -23.96639 ], [ -46.49042, -23.96534 ], [ -46.4893, -23.96504 ], [ -46.48688, -23.9654 ], [ -46.48562, -23.96546 ], [ -46.48309, -23.96507 ], [ -46.48096, -23.96417 ], [ -46.48014, -23.96346 ], [ -46.47942, -23.96201 ], [ -46.4794, -23.96102 ], [ -46.48041, -23.95938 ], [ -46.48064, -23.95864 ], [ -46.48056, -23.95796 ], [ -46.4803, -23.95744 ], [ -46.47561, -23.95419 ], [ -46.47503, -23.95345 ], [ -46.47459, -23.95265 ], [ -46.47401, -23.95061 ], [ -46.47364, -23.95002 ], [ -46.47172, -23.94758 ], [ -46.47151, -23.94698 ], [ -46.47165, -23.94609 ], [ -46.47393, -23.94324 ], [ -46.47585, -23.9415 ], [ -46.47628, -23.94082 ], [ -46.47623, -23.94037 ], [ -46.47514, -23.93941 ], [ -46.47439, -23.93898 ], [ -46.47359, -23.93887 ], [ -46.47176, -23.93958 ], [ -46.46999, -23.93959 ], [ -46.46911, -23.93941 ], [ -46.46793, -23.93889 ], [ -46.4671, -23.93819 ], [ -46.46558, -23.93591 ], [ -46.46527, -23.93562 ], [ -46.46405, -23.93508 ], [ -46.46221, -23.93464 ], [ -46.45887, -23.93312 ], [ -46.45587, -23.93218 ], [ -46.45548, -23.93216 ], [ -46.45507, -23.93228 ], [ -46.45468, -23.93254 ], [ -46.45438, -23.93297 ] ] ] } },
{ "type": "Feature", "properties": { "name": "Rio da Vargem", "k": "river" }, "geometry": { "type": "LineString", "coordinates": [ [ -46.544, -23.98645 ], [ -46.54374, -23.98684 ], [ -46.54374, -23.98727 ], [ -46.54404, -23.98758 ], [ -46.54475, -23.9876 ], [ -46.54496, -23.98786 ], [ -46.54492, -23.98803 ], [ -46.54404, -23.98819 ], [ -46.54418, -23.98878 ], [ -46.5449, -23.98886 ], [ -46.54514, -23.9893 ], [ -46.54471, -23.98963 ], [ -46.54473, -23.98982 ], [ -46.54514, -23.99003 ], [ -46.54467, -23.99042 ], [ -46.54574, -23.99064 ], [ -46.54603, -23.991 ], [ -46.5463, -23.99087 ], [ -46.54629, -23.99126 ], [ -46.54674, -23.99186 ], [ -46.54704, -23.99191 ], [ -46.54694, -23.99225 ], [ -46.54725, -23.99231 ], [ -46.54739, -23.99256 ], [ -46.5481, -23.99271 ], [ -46.54873, -23.99246 ], [ -46.54899, -23.99262 ], [ -46.54874, -23.99308 ], [ -46.54924, -23.99354 ], [ -46.54905, -23.99427 ], [ -46.54844, -23.99462 ], [ -46.54841, -23.99524 ], [ -46.54944, -23.99605 ], [ -46.54922, -23.9969 ], [ -46.54937, -23.99768 ], [ -46.54791, -23.99905 ], [ -46.54785, -23.9997 ], [ -46.5486, -24.00033 ], [ -46.54725, -24.00429 ], [ -46.54691, -24.00454 ], [ -46.54606, -24.00627 ], [ -46.546, -24.0069 ], [ -46.54556, -24.00713 ], [ -46.54565, -24.00772 ], [ -46.54633, -24.00768 ], [ -46.54646, -24.00795 ], [ -46.54625, -24.00835 ], [ -46.54649, -24.00862 ], [ -46.54645, -24.00891 ], [ -46.54663, -24.00906 ], [ -46.54666, -24.00923 ], [ -46.5467, -24.00981 ], [ -46.54658, -24.01043 ], [ -46.54679, -24.01088 ], [ -46.54699, -24.01106 ] ] } },
{ "type": "Feature", "properties": { "name": "Rio Cubatão de Cima", "k": "river" }, "geometry": { "type": "LineString", "coordinates": [ [ -46.57187, -23.93388 ], [ -46.57177, -23.93404 ], [ -46.57183, -23.93418 ], [ -46.57225, -23.93449 ], [ -46.57336, -23.935 ], [ -46.57345, -23.93522 ], [ -46.57273, -23.93528 ], [ -46.57094, -23.93509 ], [ -46.56993, -23.93531 ], [ -46.56939, -23.93532 ], [ -46.56852, -23.93559 ], [ -46.56857, -23.93583 ], [ -46.56882, -23.93596 ], [ -46.56963, -23.93678 ], [ -46.5705, -23.93723 ], [ -46.57058, -23.93745 ], [ -46.57009, -23.93744 ], [ -46.56983, -23.93751 ], [ -46.56977, -23.93765 ], [ -46.56996, -23.93804 ], [ -46.57071, -23.93879 ], [ -46.57093, -23.93951 ], [ -46.57079, -23.9396 ], [ -46.57001, -23.93956 ], [ -46.5698, -23.93961 ], [ -46.56979, -23.93977 ], [ -46.57127, -23.94042 ], [ -46.57133, -23.94053 ], [ -46.57132, -23.94067 ], [ -46.5711, -23.94092 ], [ -46.57094, -23.94151 ], [ -46.57043, -23.94175 ], [ -46.56993, -23.94246 ], [ -46.56991, -23.9426 ], [ -46.5709, -23.94309 ], [ -46.57066, -23.94378 ], [ -46.56993, -23.9443 ], [ -46.56983, -23.94446 ], [ -46.56988, -23.94457 ], [ -46.57022, -23.94474 ], [ -46.57016, -23.94488 ], [ -46.5696, -23.94531 ], [ -46.5696, -23.94553 ], [ -46.57003, -23.94598 ], [ -46.57004, -23.94637 ], [ -46.56993, -23.94667 ], [ -46.56932, -23.94728 ], [ -46.56916, -23.94768 ], [ -46.56894, -23.94775 ], [ -46.56877, -23.94808 ], [ -46.56838, -23.94852 ], [ -46.56836, -23.94884 ], [ -46.56844, -23.94922 ], [ -46.56886, -23.94994 ], [ -46.56887, -23.95019 ], [ -46.56855, -23.95052 ], [ -46.56849, -23.9507 ], [ -46.56867, -23.95129 ], [ -46.56887, -23.95319 ], [ -46.56925, -23.95406 ], [ -46.56919, -23.95446 ], [ -46.56896, -23.95485 ], [ -46.56905, -23.95563 ], [ -46.56884, -23.95642 ], [ -46.56902, -23.9569 ], [ -46.56918, -23.95709 ], [ -46.56965, -23.95715 ], [ -46.57073, -23.95668 ], [ -46.57168, -23.95675 ], [ -46.57258, -23.95743 ], [ -46.57286, -23.95785 ], [ -46.57286, -23.95809 ], [ -46.57246, -23.95867 ], [ -46.57265, -23.95964 ], [ -46.57242, -23.95997 ], [ -46.57224, -23.96005 ], [ -46.57187, -23.96001 ], [ -46.57127, -23.95966 ], [ -46.57093, -23.95982 ], [ -46.57044, -23.95989 ], [ -46.56885, -23.95959 ], [ -46.5687, -23.95967 ], [ -46.56834, -23.9602 ] ] } },
{ "type": "Feature", "properties": { "name": "Rio dos Pilões", "k": "river" }, "geometry": { "type": "MultiLineString", "coordinates": [ [ [ -46.49601, -23.89949 ], [ -46.49545, -23.89959 ], [ -46.49362, -23.90025 ], [ -46.49258, -23.90013 ], [ -46.49217, -23.90021 ], [ -46.4921, -23.90036 ], [ -46.49216, -23.90059 ], [ -46.49283, -23.90155 ], [ -46.49308, -23.90271 ], [ -46.49317, -23.90524 ], [ -46.49301, -23.906 ], [ -46.49281, -23.90623 ], [ -46.49103, -23.90715 ], [ -46.49077, -23.90749 ], [ -46.49063, -23.9079 ], [ -46.48956, -23.90897 ], [ -46.48916, -23.90968 ], [ -46.48896, -23.90987 ], [ -46.48808, -23.91031 ] ], [ [ -46.4878, -23.91077 ], [ -46.48773, -23.91089 ] ], [ [ -46.48808, -23.91031 ], [ -46.4878, -23.91077 ] ], [ [ -46.50415, -23.88158 ], [ -46.50373, -23.88177 ], [ -46.50292, -23.88167 ], [ -46.50232, -23.88126 ], [ -46.50203, -23.8812 ], [ -46.50178, -23.88121 ], [ -46.50148, -23.88144 ], [ -46.5014, -23.88165 ], [ -46.50174, -23.88231 ], [ -46.50216, -23.88267 ], [ -46.50216, -23.88286 ], [ -46.50238, -23.88314 ], [ -46.5025, -23.8835 ], [ -46.50224, -23.88399 ], [ -46.50191, -23.88427 ], [ -46.50088, -23.8847 ], [ -46.50096, -23.88565 ], [ -46.50034, -23.88604 ], [ -46.49982, -23.88722 ], [ -46.49999, -23.88766 ], [ -46.49993, -23.88843 ], [ -46.49974, -23.88866 ], [ -46.49961, -23.88901 ], [ -46.49842, -23.88977 ], [ -46.49785, -23.89032 ], [ -46.49771, -23.89066 ], [ -46.49778, -23.89177 ], [ -46.4979, -23.89216 ], [ -46.49813, -23.89239 ], [ -46.49824, -23.89268 ], [ -46.4983, -23.89317 ], [ -46.49813, -23.89426 ], [ -46.49819, -23.89558 ], [ -46.49771, -23.89608 ], [ -46.49731, -23.89702 ], [ -46.49677, -23.89761 ], [ -46.49643, -23.89918 ], [ -46.49601, -23.89949 ] ] ] } },
{ "type": "Feature", "properties": { "name": "Córrego Acaraú de Baixo", "k": "river" }, "geometry": { "type": "LineString", "coordinates": [ [ -46.48003, -23.94022 ], [ -46.47962, -23.94019 ], [ -46.47913, -23.93983 ], [ -46.47904, -23.9392 ], [ -46.47884, -23.93904 ], [ -46.47852, -23.93893 ], [ -46.47747, -23.93821 ], [ -46.47688, -23.9381 ], [ -46.47674, -23.9382 ], [ -46.4767, -23.9384 ], [ -46.4768, -23.93906 ], [ -46.47744, -23.94 ], [ -46.47742, -23.94017 ], [ -46.47734, -23.94027 ], [ -46.47666, -23.94039 ], [ -46.47623, -23.94037 ] ] } },
{ "type": "Feature", "properties": { "name": "Rio Santana", "k": "river" }, "geometry": { "type": "MultiLineString", "coordinates": [ [ [ -46.44975, -23.91658 ], [ -46.44996, -23.91813 ], [ -46.4503, -23.91966 ], [ -46.4524, -23.92601 ], [ -46.45285, -23.92707 ], [ -46.45336, -23.9278 ], [ -46.45454, -23.92908 ], [ -46.4547, -23.92944 ], [ -46.45486, -23.93029 ], [ -46.45463, -23.93221 ], [ -46.45364, -23.93476 ], [ -46.45207, -23.9376 ], [ -46.4503, -23.94001 ], [ -46.4487, -23.94142 ], [ -46.44801, -23.9418 ], [ -46.4472, -23.9421 ], [ -46.44632, -23.94218 ], [ -46.44573, -23.94211 ], [ -46.44483, -23.94171 ], [ -46.44298, -23.93949 ], [ -46.44191, -23.93861 ], [ -46.44082, -23.93804 ], [ -46.43896, -23.93756 ], [ -46.43711, -23.93736 ], [ -46.43524, -23.9373 ], [ -46.43259, -23.93758 ], [ -46.42999, -23.93813 ], [ -46.4293, -23.9384 ], [ -46.42906, -23.93858 ], [ -46.42812, -23.93978 ] ], [ [ -46.43017, -23.9152 ], [ -46.43214, -23.91543 ], [ -46.43307, -23.91574 ], [ -46.43599, -23.91804 ], [ -46.43665, -23.91843 ], [ -46.43914, -23.91918 ], [ -46.44044, -23.9191 ], [ -46.44194, -23.91878 ], [ -46.44284, -23.91842 ], [ -46.44381, -23.91784 ], [ -46.44555, -23.91654 ], [ -46.44678, -23.91585 ], [ -46.44733, -23.91565 ], [ -46.44863, -23.91574 ], [ -46.4493, -23.91601 ], [ -46.44975, -23.91658 ] ] ] } },
{ "type": "Feature", "properties": { "name": "Rio Mariana", "k": "river" }, "geometry": { "type": "LineString", "coordinates": [ [ -46.46023, -23.97662 ], [ -46.45952, -23.97686 ], [ -46.45926, -23.97681 ], [ -46.45961, -23.97632 ], [ -46.45968, -23.976 ], [ -46.45997, -23.97565 ], [ -46.46052, -23.97536 ], [ -46.46121, -23.97527 ], [ -46.4614, -23.97516 ], [ -46.46154, -23.97483 ], [ -46.46144, -23.97468 ], [ -46.46049, -23.97459 ], [ -46.45792, -23.9747 ], [ -46.45609, -23.97365 ], [ -46.45514, -23.97327 ], [ -46.45439, -23.97337 ], [ -46.45339, -23.97397 ], [ -46.45311, -23.97408 ], [ -46.45261, -23.97411 ], [ -46.45184, -23.97391 ], [ -46.45154, -23.97347 ], [ -46.45078, -23.97269 ], [ -46.45063, -23.97243 ], [ -46.45065, -23.97222 ], [ -46.45094, -23.97205 ], [ -46.45236, -23.97175 ], [ -46.45293, -23.97151 ], [ -46.45408, -23.97069 ], [ -46.45491, -23.96972 ], [ -46.45484, -23.96938 ], [ -46.45452, -23.96917 ], [ -46.45285, -23.96868 ], [ -46.45193, -23.9683 ], [ -46.45167, -23.96812 ], [ -46.45128, -23.9676 ], [ -46.45089, -23.96665 ], [ -46.4509, -23.96629 ], [ -46.45131, -23.96534 ], [ -46.45121, -23.96472 ], [ -46.45101, -23.96462 ], [ -46.45067, -23.96473 ], [ -46.45035, -23.96508 ], [ -46.44923, -23.96683 ], [ -46.44899, -23.9674 ], [ -46.44872, -23.96766 ], [ -46.44827, -23.96782 ], [ -46.44805, -23.96776 ], [ -46.44795, -23.96761 ], [ -46.44791, -23.9668 ], [ -46.44817, -23.96521 ], [ -46.44985, -23.96158 ], [ -46.45007, -23.9607 ], [ -46.45, -23.9599 ], [ -46.44957, -23.95948 ], [ -46.44927, -23.95937 ], [ -46.44663, -23.9587 ], [ -46.44593, -23.95844 ], [ -46.44577, -23.95827 ], [ -46.44567, -23.9579 ], [ -46.44581, -23.95745 ], [ -46.44865, -23.95268 ], [ -46.44873, -23.95214 ], [ -46.44866, -23.9518 ], [ -46.44848, -23.95154 ], [ -46.44801, -23.95138 ], [ -46.44687, -23.95154 ], [ -46.44609, -23.95191 ], [ -46.44534, -23.9524 ], [ -46.44199, -23.95482 ], [ -46.44152, -23.95551 ], [ -46.44146, -23.95578 ], [ -46.44158, -23.95643 ], [ -46.4415, -23.95683 ], [ -46.44106, -23.95733 ], [ -46.44028, -23.95741 ], [ -46.43995, -23.95729 ], [ -46.43949, -23.95694 ], [ -46.43874, -23.95583 ], [ -46.4379, -23.95301 ], [ -46.43736, -23.95249 ], [ -46.43653, -23.95217 ], [ -46.43539, -23.95201 ], [ -46.43488, -23.95206 ], [ -46.43438, -23.95225 ], [ -46.43387, -23.95252 ], [ -46.43277, -23.95355 ], [ -46.43198, -23.95396 ], [ -46.4296, -23.95435 ], [ -46.42869, -23.95436 ], [ -46.42793, -23.95416 ], [ -46.42731, -23.95356 ], [ -46.42716, -23.9528 ], [ -46.42773, -23.95146 ], [ -46.42841, -23.95067 ], [ -46.42901, -23.95022 ], [ -46.42956, -23.94998 ], [ -46.4315, -23.9502 ], [ -46.43232, -23.95005 ], [ -46.43296, -23.94977 ], [ -46.43318, -23.94944 ], [ -46.43319, -23.94915 ], [ -46.43285, -23.94883 ], [ -46.43245, -23.94869 ], [ -46.43053, -23.94836 ], [ -46.42922, -23.9474 ], [ -46.42758, -23.94689 ], [ -46.42634, -23.94684 ], [ -46.4255, -23.94708 ], [ -46.42467, -23.94749 ] ] } },
{ "type": "Feature", "properties": { "name": "Rio Vapevu", "k": "river" }, "geometry": { "type": "MultiLineString", "coordinates": [ [ [ -46.42705, -23.93149 ], [ -46.42686, -23.93174 ] ], [ [ -46.42686, -23.93174 ], [ -46.42464, -23.93438 ], [ -46.42429, -23.93526 ] ], [ [ -46.42927, -23.92625 ], [ -46.42889, -23.92644 ], [ -46.42859, -23.92674 ], [ -46.42859, -23.92786 ], [ -46.42878, -23.92882 ], [ -46.42848, -23.92931 ], [ -46.42805, -23.92968 ], [ -46.42743, -23.92997 ], [ -46.42663, -23.93069 ], [ -46.4266, -23.93094 ], [ -46.42724, -23.93124 ], [ -46.42705, -23.93149 ] ] ] } },
{ "type": "Feature", "properties": { "name": "Rio Maria Ribeira", "k": "river" }, "geometry": { "type": "MultiLineString", "coordinates": [ [ [ -46.42225, -23.90567 ], [ -46.42223, -23.90638 ], [ -46.42189, -23.90667 ], [ -46.4217, -23.90746 ], [ -46.42128, -23.90796 ], [ -46.42035, -23.90851 ], [ -46.41748, -23.91157 ], [ -46.41668, -23.91201 ], [ -46.41526, -23.91307 ], [ -46.415, -23.91464 ], [ -46.41436, -23.91519 ], [ -46.41342, -23.91527 ], [ -46.41256, -23.91487 ], [ -46.41187, -23.91432 ], [ -46.41134, -23.9135 ], [ -46.41097, -23.91323 ], [ -46.4105, -23.91323 ], [ -46.40992, -23.91426 ], [ -46.40955, -23.91476 ], [ -46.40893, -23.91534 ], [ -46.40618, -23.91695 ], [ -46.4053, -23.91796 ], [ -46.40445, -23.91875 ], [ -46.40303, -23.91961 ], [ -46.40279, -23.91985 ], [ -46.40276, -23.92002 ] ], [ [ -46.41134, -23.89563 ], [ -46.4108, -23.89597 ], [ -46.4104, -23.89601 ], [ -46.40934, -23.89553 ], [ -46.40885, -23.89555 ], [ -46.40854, -23.89578 ], [ -46.40843, -23.89611 ], [ -46.40855, -23.89728 ], [ -46.40852, -23.89805 ], [ -46.40878, -23.89938 ], [ -46.40852, -23.89978 ], [ -46.40824, -23.89983 ], [ -46.4064, -23.8996 ], [ -46.40551, -23.89902 ], [ -46.40492, -23.89889 ], [ -46.40443, -23.89891 ], [ -46.40394, -23.89909 ], [ -46.40374, -23.89926 ], [ -46.4037, -23.89944 ], [ -46.40376, -23.90007 ], [ -46.40432, -23.90073 ], [ -46.40448, -23.90106 ], [ -46.40469, -23.90125 ], [ -46.4055, -23.90161 ], [ -46.4066, -23.90236 ], [ -46.40696, -23.90281 ], [ -46.40792, -23.90364 ], [ -46.40847, -23.90431 ], [ -46.40879, -23.90517 ], [ -46.40838, -23.90602 ], [ -46.40816, -23.90679 ], [ -46.40819, -23.9076 ], [ -46.40833, -23.90781 ], [ -46.4087, -23.90802 ], [ -46.40911, -23.90812 ], [ -46.41041, -23.90824 ], [ -46.41123, -23.90865 ], [ -46.41142, -23.9089 ] ] ] } },
{ "type": "Feature", "properties": { "name": "Rio Tatu", "k": "river" }, "geometry": { "type": "LineString", "coordinates": [ [ -46.41793, -23.91947 ], [ -46.42338, -23.91378 ], [ -46.4239, -23.91406 ], [ -46.42415, -23.91433 ], [ -46.4243, -23.91539 ], [ -46.4245, -23.91601 ], [ -46.42499, -23.91653 ], [ -46.42546, -23.91655 ], [ -46.42686, -23.91577 ], [ -46.4277, -23.91553 ], [ -46.4288, -23.91527 ], [ -46.43017, -23.9152 ] ] } },
{ "type": "Feature", "properties": { "name": "Rio Paranhos", "k": "river" }, "geometry": { "type": "LineString", "coordinates": [ [ -46.44159, -23.90275 ], [ -46.44142, -23.90388 ], [ -46.4408, -23.90471 ], [ -46.43949, -23.90566 ], [ -46.43922, -23.90605 ], [ -46.43929, -23.9064 ], [ -46.44109, -23.90791 ], [ -46.44165, -23.90855 ], [ -46.44187, -23.90921 ], [ -46.44181, -23.90975 ], [ -46.44144, -23.91011 ], [ -46.44098, -23.91032 ], [ -46.43992, -23.91027 ], [ -46.43655, -23.90893 ], [ -46.43516, -23.90823 ], [ -46.43398, -23.90813 ], [ -46.43364, -23.9084 ], [ -46.43069, -23.91339 ], [ -46.43007, -23.91481 ], [ -46.43017, -23.9152 ] ] } },
{ "type": "Feature", "properties": { "name": "Rio Queirozes", "k": "river" }, "geometry": { "type": "LineString", "coordinates": [ [ -46.44391, -23.89904 ], [ -46.44434, -23.89926 ], [ -46.44491, -23.89981 ], [ -46.44549, -23.89985 ], [ -46.44571, -23.9 ], [ -46.44565, -23.90081 ], [ -46.44599, -23.90198 ], [ -46.4466, -23.90321 ], [ -46.4471, -23.90453 ], [ -46.44704, -23.90481 ], [ -46.44494, -23.90673 ], [ -46.4447, -23.90667 ], [ -46.44455, -23.90646 ], [ -46.44455, -23.90587 ], [ -46.44442, -23.90575 ], [ -46.44399, -23.90575 ], [ -46.44322, -23.90549 ], [ -46.44313, -23.90514 ], [ -46.44275, -23.90495 ], [ -46.44236, -23.90505 ], [ -46.44167, -23.90501 ], [ -46.44093, -23.90452 ] ] } },
{ "type": "Feature", "properties": { "name": "Rio Perequê", "k": "river" }, "geometry": { "type": "MultiLineString", "coordinates": [ [ [ -46.41753, -23.86819 ], [ -46.4166, -23.86927 ], [ -46.4151, -23.87056 ], [ -46.41441, -23.87166 ], [ -46.41307, -23.87456 ] ], [ [ -46.41811, -23.86719 ], [ -46.41761, -23.86806 ] ], [ [ -46.41829, -23.86673 ], [ -46.41811, -23.86719 ] ], [ [ -46.41761, -23.86806 ], [ -46.41753, -23.86819 ] ], [ [ -46.4183, -23.86652 ], [ -46.41829, -23.86673 ] ], [ [ -46.4183, -23.86633 ], [ -46.4183, -23.86652 ] ], [ [ -46.4446, -23.8275 ], [ -46.44434, -23.82776 ], [ -46.4443, -23.82806 ], [ -46.44473, -23.82797 ], [ -46.44504, -23.82807 ], [ -46.44514, -23.8283 ], [ -46.44511, -23.82863 ], [ -46.44486, -23.82873 ], [ -46.44449, -23.82872 ], [ -46.44427, -23.82923 ] ], [ [ -46.44427, -23.82923 ], [ -46.44409, -23.82947 ], [ -46.44365, -23.82969 ], [ -46.44172, -23.82942 ], [ -46.4412, -23.82904 ], [ -46.44094, -23.82906 ], [ -46.44058, -23.82956 ], [ -46.4403, -23.82972 ], [ -46.43992, -23.83019 ], [ -46.43949, -23.83036 ], [ -46.43837, -23.83009 ], [ -46.43805, -23.83031 ], [ -46.43803, -23.8307 ], [ -46.43784, -23.83084 ], [ -46.43784, -23.83114 ], [ -46.43809, -23.83122 ], [ -46.43824, -23.83148 ], [ -46.43833, -23.83181 ], [ -46.43816, -23.83213 ], [ -46.43779, -23.83218 ], [ -46.4369, -23.83189 ], [ -46.43659, -23.83166 ], [ -46.43554, -23.83149 ], [ -46.435, -23.83216 ], [ -46.4336, -23.83254 ], [ -46.43311, -23.83234 ], [ -46.432, -23.83267 ], [ -46.43156, -23.83292 ], [ -46.43131, -23.83348 ], [ -46.43082, -23.83349 ], [ -46.43005, -23.83368 ], [ -46.42913, -23.83424 ], [ -46.42787, -23.83445 ], [ -46.42772, -23.83459 ], [ -46.42772, -23.83489 ], [ -46.42783, -23.83505 ], [ -46.42767, -23.83617 ], [ -46.42753, -23.8363 ], [ -46.42672, -23.83672 ], [ -46.42614, -23.83686 ], [ -46.42438, -23.83824 ], [ -46.424, -23.83823 ], [ -46.42368, -23.83843 ], [ -46.42297, -23.83836 ], [ -46.42261, -23.83859 ], [ -46.4223, -23.8388 ], [ -46.4222, -23.84008 ], [ -46.42075, -23.84064 ], [ -46.42051, -23.84116 ], [ -46.42024, -23.8413 ], [ -46.41979, -23.84127 ], [ -46.41914, -23.84077 ], [ -46.41846, -23.84077 ], [ -46.41815, -23.84092 ], [ -46.41807, -23.84107 ], [ -46.41683, -23.84149 ], [ -46.41634, -23.84162 ], [ -46.41515, -23.84161 ], [ -46.41488, -23.84175 ], [ -46.41466, -23.84214 ], [ -46.41459, -23.84249 ], [ -46.41461, -23.84314 ], [ -46.41521, -23.84455 ], [ -46.41575, -23.84524 ], [ -46.41594, -23.84576 ], [ -46.41593, -23.84627 ], [ -46.41605, -23.84667 ], [ -46.41651, -23.84714 ], [ -46.41698, -23.84833 ], [ -46.41692, -23.84937 ], [ -46.41722, -23.85129 ], [ -46.41822, -23.85281 ], [ -46.41831, -23.85319 ], [ -46.41822, -23.85569 ], [ -46.41847, -23.85646 ], [ -46.41819, -23.85704 ], [ -46.41814, -23.85769 ], [ -46.41827, -23.85941 ], [ -46.41823, -23.86128 ], [ -46.41845, -23.86286 ], [ -46.41831, -23.8638 ], [ -46.41845, -23.86583 ], [ -46.4183, -23.86633 ] ] ] } },
{ "type": "Feature", "properties": { "name": "Rio das Pedras", "k": "river" }, "geometry": { "type": "MultiLineString", "coordinates": [ [ [ -46.45274, -23.87601 ], [ -46.45149, -23.87637 ], [ -46.45059, -23.87689 ], [ -46.44996, -23.87745 ], [ -46.44738, -23.88048 ], [ -46.44699, -23.88071 ] ], [ [ -46.46827, -23.86454 ], [ -46.4682, -23.86453 ] ], [ [ -46.4682, -23.86453 ], [ -46.46769, -23.8646 ], [ -46.4674, -23.86486 ], [ -46.46719, -23.86476 ], [ -46.46687, -23.86418 ], [ -46.46578, -23.86295 ], [ -46.46558, -23.86282 ], [ -46.46509, -23.86282 ], [ -46.46491, -23.86314 ], [ -46.46491, -23.86385 ], [ -46.46426, -23.86398 ], [ -46.46405, -23.86437 ], [ -46.46406, -23.86488 ], [ -46.46388, -23.86515 ], [ -46.46399, -23.86566 ], [ -46.46364, -23.86613 ], [ -46.46406, -23.86668 ], [ -46.46415, -23.86723 ], [ -46.4635, -23.86761 ], [ -46.46333, -23.86825 ], [ -46.46293, -23.86869 ], [ -46.46313, -23.86918 ], [ -46.46311, -23.86945 ], [ -46.4628, -23.8696 ], [ -46.4627, -23.86977 ], [ -46.4628, -23.87024 ], [ -46.46301, -23.87057 ], [ -46.46295, -23.87081 ], [ -46.46241, -23.87114 ], [ -46.46201, -23.87165 ], [ -46.46156, -23.87188 ], [ -46.4608, -23.8717 ], [ -46.46, -23.87181 ], [ -46.45953, -23.87168 ], [ -46.4593, -23.872 ], [ -46.45893, -23.87204 ], [ -46.45835, -23.87174 ], [ -46.45804, -23.87181 ], [ -46.45701, -23.8728 ], [ -46.456, -23.87355 ], [ -46.45516, -23.87499 ] ], [ [ -46.45516, -23.87499 ], [ -46.45495, -23.8754 ], [ -46.45465, -23.87561 ], [ -46.45274, -23.87601 ] ] ] } },
{ "type": "Feature", "properties": { "name": "Rio das Garças", "k": "river" }, "geometry": { "type": "LineString", "coordinates": [ [ -46.42518, -23.80664 ], [ -46.42509, -23.80501 ], [ -46.42524, -23.8047 ], [ -46.42491, -23.80438 ], [ -46.42448, -23.8032 ], [ -46.42447, -23.80275 ], [ -46.42525, -23.80141 ], [ -46.42566, -23.80017 ], [ -46.42573, -23.79944 ], [ -46.42607, -23.79915 ], [ -46.42575, -23.79895 ], [ -46.42593, -23.79869 ], [ -46.42606, -23.79811 ], [ -46.42617, -23.79814 ], [ -46.4263, -23.79801 ], [ -46.42605, -23.79793 ], [ -46.42622, -23.79761 ], [ -46.42605, -23.79763 ], [ -46.42592, -23.79752 ], [ -46.42568, -23.79694 ], [ -46.42572, -23.79686 ], [ -46.4261, -23.79681 ], [ -46.42612, -23.7966 ], [ -46.42646, -23.79631 ], [ -46.42644, -23.79614 ], [ -46.42627, -23.79605 ], [ -46.42638, -23.796 ], [ -46.42629, -23.79582 ], [ -46.42634, -23.79565 ], [ -46.42615, -23.79563 ], [ -46.4261, -23.7955 ], [ -46.42642, -23.79547 ], [ -46.42601, -23.7951 ], [ -46.42618, -23.79504 ], [ -46.42621, -23.79481 ], [ -46.42661, -23.79448 ] ] } },
{ "type": "Feature", "properties": { "name": "Rio Grande (Jurubatuba-Açú)", "k": "river" }, "geometry": { "type": "MultiLineString", "coordinates": [ [ [ -46.48862, -23.75772 ], [ -46.49088, -23.75832 ], [ -46.49374, -23.75947 ], [ -46.49512, -23.7602 ], [ -46.49602, -23.76074 ], [ -46.49832, -23.76242 ], [ -46.50277, -23.7661 ], [ -46.50418, -23.76712 ], [ -46.50582, -23.76797 ], [ -46.50842, -23.76897 ], [ -46.50953, -23.76921 ], [ -46.51095, -23.76923 ], [ -46.51148, -23.76869 ], [ -46.51438, -23.76699 ], [ -46.5156, -23.76676 ], [ -46.517, -23.76696 ], [ -46.52448, -23.76974 ], [ -46.53124, -23.77292 ] ], [ [ -46.62292, -23.78488 ], [ -46.62404, -23.78295 ], [ -46.6255, -23.78107 ], [ -46.62966, -23.77616 ], [ -46.63518, -23.76938 ], [ -46.64557, -23.75718 ] ], [ [ -46.53175, -23.77315 ], [ -46.53573, -23.77545 ], [ -46.53833, -23.77681 ], [ -46.54241, -23.77874 ], [ -46.54458, -23.77943 ], [ -46.54578, -23.77998 ], [ -46.54673, -23.7805 ], [ -46.54728, -23.781 ], [ -46.54883, -23.78195 ], [ -46.55222, -23.78281 ], [ -46.55323, -23.78294 ], [ -46.55414, -23.78287 ], [ -46.55974, -23.78133 ], [ -46.56192, -23.7805 ], [ -46.5628, -23.78041 ], [ -46.56818, -23.78063 ], [ -46.57766, -23.78469 ], [ -46.58104, -23.78634 ], [ -46.58427, -23.78834 ], [ -46.5866, -23.78944 ], [ -46.58749, -23.78953 ], [ -46.59128, -23.78897 ], [ -46.59411, -23.78819 ], [ -46.59576, -23.7879 ], [ -46.59708, -23.78786 ], [ -46.59788, -23.78817 ], [ -46.59826, -23.78843 ], [ -46.60113, -23.79165 ], [ -46.60283, -23.79324 ], [ -46.6046, -23.79422 ], [ -46.60744, -23.79491 ], [ -46.60948, -23.795 ], [ -46.61184, -23.79482 ], [ -46.61308, -23.79458 ], [ -46.61431, -23.79415 ], [ -46.61569, -23.79306 ], [ -46.6202, -23.78776 ], [ -46.62292, -23.78488 ] ], [ [ -46.64557, -23.75718 ], [ -46.64633, -23.75585 ], [ -46.64693, -23.75372 ], [ -46.6476, -23.74918 ], [ -46.64851, -23.74029 ], [ -46.65208, -23.73082 ] ], [ [ -46.65208, -23.73082 ], [ -46.65483, -23.72721 ], [ -46.65575, -23.7256 ], [ -46.65704, -23.72194 ], [ -46.65816, -23.72101 ], [ -46.65892, -23.72058 ], [ -46.6616, -23.72011 ], [ -46.6637, -23.71927 ] ], [ [ -46.68594, -23.69985 ], [ -46.68696, -23.69932 ], [ -46.68789, -23.69864 ], [ -46.68915, -23.69742 ], [ -46.69557, -23.68748 ] ], [ [ -46.67455, -23.70297 ], [ -46.67974, -23.70214 ], [ -46.68292, -23.70113 ], [ -46.68594, -23.69985 ] ], [ [ -46.6637, -23.71927 ], [ -46.66604, -23.7178 ], [ -46.66779, -23.71614 ], [ -46.66864, -23.71473 ], [ -46.66932, -23.71317 ], [ -46.66977, -23.71144 ], [ -46.66988, -23.70956 ], [ -46.67003, -23.70862 ], [ -46.67077, -23.70628 ], [ -46.67114, -23.70546 ], [ -46.67162, -23.70465 ], [ -46.67248, -23.70377 ], [ -46.67418, -23.70306 ] ], [ [ -46.69557, -23.68748 ], [ -46.6965, -23.68568 ], [ -46.69857, -23.68221 ], [ -46.70235, -23.67827 ], [ -46.70322, -23.67709 ], [ -46.71028, -23.6651 ] ], [ [ -46.71028, -23.6651 ], [ -46.71071, -23.66464 ], [ -46.71197, -23.66276 ], [ -46.71382, -23.66079 ], [ -46.71873, -23.65746 ], [ -46.71982, -23.65656 ] ], [ [ -46.40938, -23.74029 ], [ -46.40949, -23.73994 ], [ -46.40974, -23.73983 ], [ -46.41001, -23.73988 ], [ -46.41181, -23.74061 ], [ -46.41266, -23.74113 ], [ -46.41333, -23.74172 ], [ -46.414, -23.74202 ], [ -46.41465, -23.7422 ], [ -46.41565, -23.74229 ], [ -46.41633, -23.74223 ], [ -46.41687, -23.74186 ], [ -46.41777, -23.74055 ], [ -46.4183, -23.74033 ], [ -46.42029, -23.74008 ], [ -46.42049, -23.73993 ], [ -46.42086, -23.7392 ], [ -46.42081, -23.7378 ], [ -46.42092, -23.73737 ], [ -46.42166, -23.73643 ], [ -46.42225, -23.7362 ], [ -46.42328, -23.73541 ], [ -46.42379, -23.73523 ], [ -46.4249, -23.73526 ], [ -46.42555, -23.73504 ], [ -46.42638, -23.7351 ], [ -46.42686, -23.735 ], [ -46.42719, -23.73471 ], [ -46.42732, -23.73429 ], [ -46.4273, -23.734 ], [ -46.42681, -23.73271 ], [ -46.42686, -23.73229 ], [ -46.42702, -23.73201 ], [ -46.42722, -23.7319 ], [ -46.42778, -23.73196 ], [ -46.42818, -23.73223 ], [ -46.42862, -23.73268 ], [ -46.4294, -23.73378 ], [ -46.43022, -23.73555 ], [ -46.43063, -23.73575 ], [ -46.43228, -23.73609 ], [ -46.43269, -23.7361 ], [ -46.43297, -23.736 ], [ -46.43361, -23.73542 ], [ -46.43379, -23.73511 ], [ -46.43427, -23.73406 ], [ -46.43479, -23.73226 ], [ -46.43501, -23.73184 ], [ -46.43644, -23.73003 ], [ -46.43831, -23.72843 ], [ -46.43913, -23.72734 ], [ -46.43977, -23.72673 ], [ -46.44084, -23.72663 ], [ -46.44271, -23.72741 ], [ -46.44523, -23.72862 ], [ -46.44568, -23.72904 ], [ -46.44597, -23.72975 ], [ -46.44624, -23.73169 ], [ -46.44655, -23.73314 ], [ -46.44685, -23.73377 ], [ -46.44992, -23.7363 ], [ -46.45171, -23.73725 ], [ -46.45271, -23.73745 ], [ -46.45661, -23.73719 ], [ -46.46062, -23.73847 ], [ -46.46198, -23.73919 ], [ -46.46307, -23.74067 ], [ -46.4632, -23.74261 ], [ -46.46318, -23.74416 ], [ -46.46331, -23.74508 ], [ -46.46367, -23.746 ], [ -46.46514, -23.74795 ], [ -46.47116, -23.75459 ], [ -46.47265, -23.75533 ], [ -46.47488, -23.75585 ], [ -46.48571, -23.75725 ], [ -46.48862, -23.75772 ] ], [ [ -46.36949, -23.76168 ], [ -46.36984, -23.76168 ], [ -46.37011, -23.76191 ], [ -46.37046, -23.7619 ], [ -46.37042, -23.76219 ], [ -46.37113, -23.76221 ], [ -46.3724, -23.76323 ], [ -46.37327, -23.76362 ], [ -46.37371, -23.76342 ], [ -46.37391, -23.76344 ], [ -46.37402, -23.76358 ], [ -46.37471, -23.76354 ], [ -46.37508, -23.7635 ], [ -46.37612, -23.76274 ], [ -46.37712, -23.7628 ], [ -46.37764, -23.76228 ], [ -46.37999, -23.76047 ], [ -46.37982, -23.75999 ], [ -46.37992, -23.75944 ], [ -46.37953, -23.75943 ], [ -46.37933, -23.7593 ], [ -46.37975, -23.75885 ], [ -46.37996, -23.75876 ], [ -46.37989, -23.7585 ], [ -46.3809, -23.7575 ], [ -46.38091, -23.7573 ], [ -46.3807, -23.75718 ], [ -46.38126, -23.75657 ], [ -46.38156, -23.75641 ], [ -46.3816, -23.75631 ], [ -46.38139, -23.75604 ], [ -46.38146, -23.75587 ], [ -46.3817, -23.7558 ], [ -46.38187, -23.75558 ], [ -46.38218, -23.75569 ], [ -46.38239, -23.75563 ], [ -46.38275, -23.75595 ], [ -46.38284, -23.75576 ], [ -46.38271, -23.75547 ], [ -46.38296, -23.75537 ], [ -46.38324, -23.75564 ], [ -46.38343, -23.75565 ], [ -46.38355, -23.75543 ], [ -46.3835, -23.75518 ], [ -46.38369, -23.7549 ], [ -46.38437, -23.75417 ], [ -46.38473, -23.75401 ], [ -46.38478, -23.75393 ], [ -46.38467, -23.75383 ], [ -46.38425, -23.75369 ], [ -46.38412, -23.75356 ], [ -46.38418, -23.75304 ], [ -46.38464, -23.75259 ], [ -46.38479, -23.75257 ], [ -46.38582, -23.75327 ], [ -46.38601, -23.75328 ], [ -46.38628, -23.75314 ], [ -46.3868, -23.75304 ], [ -46.38692, -23.75267 ], [ -46.38717, -23.75238 ], [ -46.3874, -23.75246 ], [ -46.38741, -23.75267 ], [ -46.38756, -23.75277 ], [ -46.38773, -23.75251 ], [ -46.38757, -23.75213 ], [ -46.38755, -23.75173 ], [ -46.38832, -23.75138 ], [ -46.38842, -23.75104 ], [ -46.38815, -23.75082 ], [ -46.38793, -23.75101 ], [ -46.38759, -23.75094 ], [ -46.38746, -23.75046 ], [ -46.38729, -23.7504 ], [ -46.3873, -23.75019 ], [ -46.38736, -23.75007 ], [ -46.38788, -23.74974 ], [ -46.38801, -23.74946 ], [ -46.38796, -23.74921 ], [ -46.38814, -23.7489 ], [ -46.38789, -23.74865 ], [ -46.38814, -23.74848 ], [ -46.38791, -23.74825 ], [ -46.38788, -23.74806 ], [ -46.38824, -23.74787 ], [ -46.38809, -23.74738 ], [ -46.38844, -23.74695 ], [ -46.38844, -23.74672 ], [ -46.38794, -23.74669 ], [ -46.38774, -23.74627 ], [ -46.38822, -23.74599 ], [ -46.38829, -23.74586 ], [ -46.38781, -23.74559 ], [ -46.38735, -23.74506 ], [ -46.38742, -23.74464 ], [ -46.38798, -23.74392 ], [ -46.38852, -23.74345 ], [ -46.38903, -23.74335 ], [ -46.38916, -23.74316 ], [ -46.38912, -23.74289 ], [ -46.38999, -23.7426 ], [ -46.38963, -23.74222 ], [ -46.39086, -23.74121 ], [ -46.39097, -23.74104 ], [ -46.39086, -23.74089 ], [ -46.39092, -23.74058 ], [ -46.39139, -23.74003 ], [ -46.39193, -23.73994 ], [ -46.39299, -23.73923 ], [ -46.39401, -23.73873 ], [ -46.39435, -23.73898 ], [ -46.39558, -23.73928 ], [ -46.39723, -23.73914 ], [ -46.39776, -23.73926 ], [ -46.39836, -23.73973 ], [ -46.39896, -23.74053 ], [ -46.40027, -23.74144 ], [ -46.40078, -23.74188 ], [ -46.40079, -23.74202 ], [ -46.40145, -23.74219 ], [ -46.40228, -23.74258 ], [ -46.40263, -23.74303 ], [ -46.40303, -23.74331 ], [ -46.40336, -23.74354 ], [ -46.40369, -23.74357 ], [ -46.40381, -23.74339 ], [ -46.40381, -23.74307 ], [ -46.40425, -23.74297 ], [ -46.40439, -23.74282 ], [ -46.40425, -23.74253 ], [ -46.40447, -23.74216 ], [ -46.40463, -23.74218 ], [ -46.40489, -23.74263 ], [ -46.40528, -23.74251 ], [ -46.40601, -23.74322 ], [ -46.40624, -23.74316 ], [ -46.40631, -23.74287 ], [ -46.40602, -23.74257 ], [ -46.40602, -23.74241 ], [ -46.40612, -23.74229 ], [ -46.40646, -23.74237 ], [ -46.40669, -23.74229 ], [ -46.40657, -23.74169 ], [ -46.40667, -23.74159 ], [ -46.40704, -23.74143 ], [ -46.40727, -23.74145 ], [ -46.40743, -23.74156 ], [ -46.40745, -23.7417 ], [ -46.40768, -23.74168 ], [ -46.4079, -23.74142 ], [ -46.40916, -23.74088 ], [ -46.40938, -23.74029 ] ], [ [ -46.35621, -23.75798 ], [ -46.35657, -23.758 ], [ -46.35677, -23.75761 ], [ -46.35787, -23.7572 ], [ -46.35827, -23.75643 ], [ -46.35876, -23.75649 ], [ -46.3593, -23.75612 ], [ -46.35989, -23.75617 ], [ -46.35998, -23.75578 ], [ -46.36045, -23.75619 ], [ -46.36034, -23.75579 ], [ -46.36044, -23.75573 ], [ -46.36076, -23.75619 ], [ -46.36104, -23.75634 ], [ -46.3616, -23.7564 ], [ -46.36166, -23.75656 ], [ -46.36222, -23.75705 ], [ -46.36225, -23.7574 ], [ -46.36274, -23.75774 ], [ -46.3627, -23.75786 ], [ -46.36241, -23.75785 ], [ -46.36238, -23.75791 ], [ -46.36255, -23.75836 ], [ -46.36279, -23.75866 ], [ -46.36298, -23.75878 ], [ -46.36358, -23.75882 ], [ -46.36311, -23.75934 ], [ -46.36356, -23.75944 ], [ -46.3637, -23.75959 ], [ -46.36401, -23.75955 ] ], [ [ -46.36401, -23.75955 ], [ -46.36435, -23.75944 ], [ -46.36455, -23.75995 ], [ -46.36487, -23.76006 ], [ -46.36611, -23.76007 ], [ -46.36677, -23.75988 ], [ -46.3669, -23.75991 ], [ -46.36735, -23.76126 ], [ -46.36751, -23.76136 ], [ -46.36777, -23.76129 ], [ -46.36785, -23.76108 ], [ -46.36799, -23.76107 ], [ -46.36825, -23.76124 ], [ -46.36825, -23.76136 ], [ -46.36776, -23.76155 ], [ -46.36773, -23.76166 ], [ -46.36873, -23.76187 ], [ -46.36862, -23.76206 ], [ -46.36908, -23.76206 ], [ -46.36925, -23.76244 ], [ -46.36936, -23.76234 ], [ -46.36921, -23.76179 ], [ -46.36949, -23.76168 ] ] ] } },
{ "type": "Feature", "properties": { "name": "Rio Grande", "k": "river" }, "geometry": { "type": "MultiLineString", "coordinates": [ [ [ -46.53124, -23.77292 ], [ -46.53175, -23.77315 ] ], [ [ -46.67418, -23.70306 ], [ -46.67455, -23.70297 ] ] ] } },
{ "type": "Feature", "properties": { "name": "Ribeirão Cágado", "k": "river" }, "geometry": { "type": "LineString", "coordinates": [ [ -46.51767, -23.88528 ], [ -46.51707, -23.88534 ], [ -46.51663, -23.8858 ], [ -46.51581, -23.886 ], [ -46.51514, -23.88581 ], [ -46.51464, -23.88578 ], [ -46.51354, -23.88539 ], [ -46.51327, -23.8852 ], [ -46.51311, -23.88461 ], [ -46.51294, -23.88437 ], [ -46.51152, -23.88337 ], [ -46.51127, -23.88304 ], [ -46.51077, -23.88278 ], [ -46.51007, -23.88276 ], [ -46.50983, -23.88259 ], [ -46.50887, -23.88262 ], [ -46.5081, -23.88246 ], [ -46.50779, -23.88252 ], [ -46.50717, -23.88244 ], [ -46.50692, -23.88234 ], [ -46.50659, -23.88179 ], [ -46.50641, -23.88167 ], [ -46.50415, -23.88158 ] ] } },
{ "type": "Feature", "properties": { "name": "Rio Marcolino", "k": "river" }, "geometry": { "type": "LineString", "coordinates": [ [ -46.5065, -23.87433 ], [ -46.50645, -23.8746 ], [ -46.50657, -23.87475 ], [ -46.50709, -23.87511 ], [ -46.50725, -23.87559 ], [ -46.50722, -23.87608 ], [ -46.50732, -23.87645 ], [ -46.5082, -23.87661 ], [ -46.50902, -23.87702 ], [ -46.50916, -23.87733 ], [ -46.50906, -23.87754 ], [ -46.50863, -23.87778 ], [ -46.50856, -23.87818 ], [ -46.5089, -23.87969 ], [ -46.50841, -23.88017 ], [ -46.50712, -23.8804 ], [ -46.50689, -23.8808 ], [ -46.50675, -23.88085 ], [ -46.50623, -23.88056 ], [ -46.5058, -23.88066 ], [ -46.50512, -23.88058 ], [ -46.50483, -23.88105 ], [ -46.50442, -23.88127 ], [ -46.50415, -23.88158 ] ] } },
{ "type": "Feature", "properties": { "name": "Ribeirão da Cratera", "k": "river" }, "geometry": { "type": "MultiLineString", "coordinates": [ [ [ -46.68669, -23.86546 ], [ -46.68629, -23.86466 ] ], [ [ -46.69642, -23.86588 ], [ -46.69618, -23.86615 ], [ -46.69543, -23.8665 ], [ -46.69504, -23.86683 ], [ -46.69464, -23.86667 ], [ -46.69443, -23.86677 ], [ -46.69449, -23.86693 ], [ -46.69423, -23.86733 ], [ -46.69415, -23.86764 ], [ -46.69298, -23.86801 ], [ -46.69248, -23.86759 ], [ -46.6924, -23.86701 ], [ -46.69225, -23.86686 ], [ -46.69222, -23.86662 ], [ -46.69211, -23.86676 ], [ -46.691, -23.86679 ], [ -46.69058, -23.86662 ], [ -46.69019, -23.86665 ], [ -46.68995, -23.86677 ], [ -46.68979, -23.86727 ], [ -46.68951, -23.86739 ], [ -46.68932, -23.86779 ], [ -46.68934, -23.86814 ], [ -46.68914, -23.86864 ], [ -46.68876, -23.86887 ], [ -46.68823, -23.86885 ], [ -46.68779, -23.86878 ], [ -46.68759, -23.86818 ], [ -46.68726, -23.86782 ], [ -46.68706, -23.86777 ], [ -46.6872, -23.86751 ], [ -46.68709, -23.86701 ], [ -46.68723, -23.86688 ], [ -46.68699, -23.8665 ], [ -46.68702, -23.8663 ], [ -46.68669, -23.86546 ] ], [ [ -46.70645, -23.86742 ], [ -46.70565, -23.86703 ], [ -46.70505, -23.86711 ], [ -46.70402, -23.86645 ], [ -46.70257, -23.86631 ], [ -46.70208, -23.86611 ], [ -46.70179, -23.86631 ], [ -46.70129, -23.86632 ], [ -46.70127, -23.86608 ], [ -46.70104, -23.86616 ], [ -46.7008, -23.86595 ], [ -46.70068, -23.86611 ], [ -46.70045, -23.86616 ], [ -46.7003, -23.86602 ], [ -46.70035, -23.86578 ], [ -46.70014, -23.86562 ], [ -46.70023, -23.86543 ], [ -46.70013, -23.8654 ], [ -46.70011, -23.86554 ], [ -46.69997, -23.8655 ], [ -46.69993, -23.86565 ], [ -46.69941, -23.86509 ], [ -46.69929, -23.86533 ], [ -46.69901, -23.86505 ], [ -46.69872, -23.86516 ], [ -46.69851, -23.86553 ], [ -46.69815, -23.86569 ], [ -46.69693, -23.86575 ], [ -46.69642, -23.86588 ] ], [ [ -46.68629, -23.86466 ], [ -46.68609, -23.86334 ], [ -46.6858, -23.86232 ], [ -46.68519, -23.86107 ], [ -46.68572, -23.85785 ], [ -46.68535, -23.85811 ], [ -46.685, -23.85811 ], [ -46.68505, -23.8578 ], [ -46.68523, -23.85771 ], [ -46.68514, -23.8572 ], [ -46.68493, -23.85708 ], [ -46.68476, -23.85724 ], [ -46.68463, -23.85676 ], [ -46.68479, -23.85608 ], [ -46.68457, -23.8552 ], [ -46.68524, -23.85336 ], [ -46.68273, -23.84992 ] ] ] } },
{ "type": "Feature", "properties": { "name": "Ribeirão Parelheiros", "k": "river" }, "geometry": { "type": "MultiLineString", "coordinates": [ [ [ -46.7353, -23.82992 ], [ -46.73579, -23.82935 ], [ -46.7359, -23.82863 ], [ -46.73577, -23.8284 ], [ -46.73462, -23.82718 ], [ -46.73344, -23.82611 ], [ -46.73347, -23.82579 ] ], [ [ -46.73347, -23.82579 ], [ -46.73349, -23.82532 ] ], [ [ -46.73349, -23.82532 ], [ -46.73365, -23.82473 ] ], [ [ -46.73365, -23.82473 ], [ -46.73432, -23.82383 ], [ -46.73392, -23.82315 ], [ -46.73394, -23.82286 ], [ -46.73517, -23.82184 ], [ -46.73532, -23.82127 ], [ -46.73571, -23.82099 ], [ -46.73551, -23.82074 ], [ -46.73495, -23.82037 ], [ -46.73456, -23.81972 ], [ -46.73381, -23.81929 ], [ -46.7332, -23.81927 ], [ -46.73316, -23.81856 ], [ -46.73294, -23.81815 ], [ -46.73261, -23.81782 ], [ -46.73286, -23.81647 ], [ -46.73331, -23.8158 ], [ -46.73359, -23.81504 ], [ -46.73426, -23.81427 ] ], [ [ -46.73426, -23.81427 ], [ -46.73473, -23.81399 ], [ -46.73472, -23.8136 ], [ -46.73456, -23.81335 ], [ -46.73486, -23.81256 ], [ -46.73471, -23.81225 ], [ -46.7347, -23.81196 ], [ -46.7342, -23.81092 ], [ -46.73367, -23.81038 ], [ -46.73371, -23.81018 ], [ -46.73424, -23.80982 ], [ -46.7345, -23.80944 ], [ -46.73426, -23.80911 ], [ -46.73258, -23.80836 ], [ -46.73182, -23.80769 ] ], [ [ -46.73182, -23.80769 ], [ -46.73242, -23.80611 ] ], [ [ -46.73242, -23.80611 ], [ -46.73246, -23.80601 ] ], [ [ -46.73246, -23.80601 ], [ -46.73251, -23.80559 ], [ -46.73166, -23.80475 ], [ -46.73144, -23.8044 ], [ -46.73134, -23.80362 ], [ -46.73232, -23.80305 ], [ -46.73286, -23.80213 ], [ -46.7332, -23.8018 ], [ -46.73331, -23.80117 ], [ -46.73299, -23.80084 ] ], [ [ -46.73299, -23.80084 ], [ -46.73244, -23.80039 ], [ -46.73195, -23.79973 ] ], [ [ -46.73199, -23.79944 ], [ -46.732, -23.79931 ] ], [ [ -46.73195, -23.79973 ], [ -46.73199, -23.79944 ] ], [ [ -46.732, -23.79931 ], [ -46.73168, -23.79913 ], [ -46.7313, -23.79865 ], [ -46.73153, -23.79827 ], [ -46.73122, -23.79806 ], [ -46.73121, -23.79766 ], [ -46.73136, -23.79749 ], [ -46.73135, -23.79721 ], [ -46.73157, -23.79642 ], [ -46.73151, -23.79604 ], [ -46.73167, -23.79575 ], [ -46.73165, -23.79546 ], [ -46.73154, -23.79509 ], [ -46.73119, -23.79453 ], [ -46.73107, -23.79409 ], [ -46.73114, -23.7939 ], [ -46.73107, -23.79358 ], [ -46.73073, -23.79331 ], [ -46.73054, -23.793 ], [ -46.73063, -23.79258 ], [ -46.7305, -23.79234 ], [ -46.73063, -23.79165 ], [ -46.73026, -23.7915 ], [ -46.73021, -23.79137 ], [ -46.73061, -23.79027 ], [ -46.73089, -23.78999 ], [ -46.73087, -23.78937 ], [ -46.73117, -23.78888 ], [ -46.73134, -23.78834 ], [ -46.73138, -23.78761 ], [ -46.73166, -23.78668 ] ], [ [ -46.73166, -23.78668 ], [ -46.73105, -23.78655 ], [ -46.7301, -23.78604 ], [ -46.72891, -23.78514 ] ], [ [ -46.72891, -23.78514 ], [ -46.72846, -23.78461 ], [ -46.7286, -23.78436 ], [ -46.72841, -23.78414 ], [ -46.72829, -23.78363 ], [ -46.72849, -23.7833 ], [ -46.72894, -23.78295 ], [ -46.72899, -23.78284 ], [ -46.72886, -23.78263 ], [ -46.72947, -23.78196 ], [ -46.72937, -23.78162 ], [ -46.7295, -23.78081 ], [ -46.72938, -23.78026 ], [ -46.72942, -23.77969 ], [ -46.72922, -23.77951 ], [ -46.72917, -23.77921 ], [ -46.72897, -23.77914 ], [ -46.72898, -23.77906 ], [ -46.72908, -23.77889 ], [ -46.72945, -23.77883 ], [ -46.72942, -23.77857 ], [ -46.72953, -23.77833 ], [ -46.73004, -23.77793 ], [ -46.73008, -23.77779 ], [ -46.72988, -23.77752 ], [ -46.72965, -23.77749 ], [ -46.72969, -23.7772 ], [ -46.72935, -23.77665 ], [ -46.72924, -23.77618 ], [ -46.72811, -23.77599 ], [ -46.72808, -23.77478 ], [ -46.72843, -23.77448 ], [ -46.72849, -23.77391 ], [ -46.72878, -23.77303 ], [ -46.72868, -23.77302 ], [ -46.72841, -23.7726 ], [ -46.72787, -23.77219 ], [ -46.72791, -23.77214 ], [ -46.72768, -23.77184 ], [ -46.72741, -23.77176 ], [ -46.72724, -23.77139 ], [ -46.72705, -23.77127 ], [ -46.72691, -23.77051 ], [ -46.72672, -23.77046 ], [ -46.7264, -23.76955 ], [ -46.72607, -23.76919 ], [ -46.72616, -23.76828 ], [ -46.72612, -23.7679 ], [ -46.7256, -23.76663 ] ], [ [ -46.7256, -23.76663 ], [ -46.72529, -23.76607 ] ], [ [ -46.72529, -23.76607 ], [ -46.72527, -23.76595 ], [ -46.72545, -23.76579 ], [ -46.7256, -23.76544 ], [ -46.72594, -23.76507 ], [ -46.72566, -23.76461 ], [ -46.72522, -23.76427 ], [ -46.72451, -23.76416 ], [ -46.72469, -23.7638 ], [ -46.72449, -23.76361 ], [ -46.72492, -23.76349 ], [ -46.72473, -23.76303 ], [ -46.72506, -23.76309 ], [ -46.7252, -23.76294 ], [ -46.72523, -23.7625 ], [ -46.72503, -23.76204 ], [ -46.72511, -23.76161 ], [ -46.72501, -23.76148 ], [ -46.72537, -23.7613 ], [ -46.72498, -23.76113 ], [ -46.72493, -23.76102 ], [ -46.72501, -23.76097 ], [ -46.72536, -23.76109 ], [ -46.72549, -23.76096 ], [ -46.72497, -23.76013 ], [ -46.72482, -23.75971 ], [ -46.72485, -23.75897 ], [ -46.72506, -23.75834 ], [ -46.72547, -23.75763 ], [ -46.727, -23.75637 ], [ -46.72745, -23.75587 ], [ -46.72752, -23.75513 ], [ -46.72686, -23.75377 ], [ -46.72683, -23.7535 ], [ -46.72699, -23.75232 ], [ -46.72739, -23.75073 ], [ -46.72757, -23.74785 ], [ -46.72785, -23.74612 ], [ -46.72969, -23.74014 ] ] ] } },
{ "type": "Feature", "properties": { "name": "Ribeirão do Bororé", "k": "river" }, "geometry": { "type": "LineString", "coordinates": [ [ -46.70777, -23.82844 ], [ -46.7076, -23.82843 ], [ -46.7068, -23.82888 ], [ -46.70654, -23.82942 ], [ -46.70656, -23.82965 ], [ -46.70638, -23.83009 ], [ -46.70647, -23.83055 ], [ -46.70618, -23.8309 ], [ -46.7062, -23.8311 ], [ -46.70567, -23.83191 ], [ -46.70571, -23.83217 ], [ -46.7056, -23.83249 ], [ -46.70572, -23.83295 ], [ -46.70545, -23.83355 ], [ -46.70554, -23.83395 ], [ -46.70548, -23.8342 ], [ -46.70523, -23.83431 ], [ -46.70441, -23.83407 ], [ -46.70343, -23.83424 ], [ -46.70221, -23.83428 ], [ -46.70198, -23.8344 ], [ -46.7016, -23.83492 ], [ -46.70228, -23.83608 ], [ -46.70311, -23.83636 ], [ -46.70314, -23.83657 ], [ -46.70298, -23.83675 ], [ -46.70267, -23.83682 ], [ -46.70228, -23.83671 ], [ -46.70204, -23.83704 ], [ -46.70121, -23.8371 ], [ -46.701, -23.83754 ], [ -46.70107, -23.83792 ], [ -46.70086, -23.83875 ], [ -46.70087, -23.83897 ], [ -46.70107, -23.83912 ], [ -46.70048, -23.83939 ], [ -46.70038, -23.83939 ], [ -46.70034, -23.83911 ], [ -46.69996, -23.83879 ], [ -46.69951, -23.83858 ], [ -46.69907, -23.83888 ], [ -46.69844, -23.83881 ], [ -46.69814, -23.83895 ], [ -46.69785, -23.83895 ], [ -46.6977, -23.83909 ], [ -46.69754, -23.83892 ], [ -46.6966, -23.83918 ], [ -46.69598, -23.83856 ], [ -46.69524, -23.83813 ], [ -46.69411, -23.83784 ], [ -46.69348, -23.83805 ], [ -46.69342, -23.83828 ], [ -46.69312, -23.8386 ], [ -46.6926, -23.83838 ], [ -46.69227, -23.8384 ], [ -46.69195, -23.83809 ], [ -46.69168, -23.8381 ], [ -46.69144, -23.83836 ], [ -46.69124, -23.83837 ], [ -46.69061, -23.83805 ], [ -46.68978, -23.83789 ], [ -46.68962, -23.83767 ], [ -46.68946, -23.83775 ], [ -46.68888, -23.83737 ], [ -46.68867, -23.83734 ], [ -46.68807, -23.8376 ], [ -46.68762, -23.83755 ], [ -46.6869, -23.83727 ], [ -46.68657, -23.83741 ], [ -46.6863, -23.83732 ], [ -46.68565, -23.83731 ], [ -46.68481, -23.83707 ], [ -46.6845, -23.83672 ], [ -46.68416, -23.83682 ], [ -46.68379, -23.83671 ], [ -46.68365, -23.83646 ], [ -46.68341, -23.83642 ], [ -46.68319, -23.83656 ], [ -46.68253, -23.83621 ], [ -46.68227, -23.83623 ], [ -46.68095, -23.83582 ], [ -46.68051, -23.83551 ], [ -46.67996, -23.83534 ], [ -46.67928, -23.83491 ], [ -46.67897, -23.83492 ], [ -46.67863, -23.83469 ], [ -46.67788, -23.83442 ], [ -46.6771, -23.8343 ], [ -46.67649, -23.834 ], [ -46.67612, -23.83403 ], [ -46.67583, -23.83395 ], [ -46.67559, -23.83357 ], [ -46.67496, -23.83343 ], [ -46.67449, -23.83298 ], [ -46.67309, -23.83216 ], [ -46.673, -23.83184 ], [ -46.67363, -23.83018 ], [ -46.67332, -23.82985 ], [ -46.6735, -23.82947 ], [ -46.67442, -23.8287 ] ] } },
{ "type": "Feature", "properties": { "name": "Rio Caulim", "k": "river" }, "geometry": { "type": "MultiLineString", "coordinates": [ [ [ -46.7321, -23.79938 ], [ -46.732, -23.79931 ] ], [ [ -46.73224, -23.79943 ], [ -46.7321, -23.79938 ] ], [ [ -46.73963, -23.80062 ], [ -46.73903, -23.80055 ], [ -46.73806, -23.80022 ], [ -46.73777, -23.80021 ], [ -46.73769, -23.80008 ], [ -46.73753, -23.80015 ], [ -46.73749, -23.79949 ], [ -46.73712, -23.79923 ], [ -46.73613, -23.79936 ], [ -46.73581, -23.7995 ], [ -46.7354, -23.7995 ], [ -46.73474, -23.79914 ], [ -46.7344, -23.79907 ], [ -46.73414, -23.79919 ], [ -46.7335, -23.79921 ], [ -46.733, -23.79942 ], [ -46.73253, -23.7995 ], [ -46.73224, -23.79943 ] ] ] } },
{ "type": "Feature", "properties": { "name": "Ribeirão Itaim", "k": "river" }, "geometry": { "type": "MultiLineString", "coordinates": [ [ [ -46.7122, -23.79193 ], [ -46.71236, -23.79171 ], [ -46.71289, -23.79158 ], [ -46.71331, -23.791 ], [ -46.71402, -23.79066 ], [ -46.71444, -23.79003 ], [ -46.71416, -23.78987 ], [ -46.7143, -23.78915 ], [ -46.71439, -23.789 ], [ -46.71489, -23.78883 ] ], [ [ -46.71489, -23.78883 ], [ -46.71607, -23.78827 ], [ -46.7162, -23.78795 ], [ -46.71621, -23.78695 ], [ -46.7165, -23.787 ], [ -46.71667, -23.78674 ], [ -46.71739, -23.78631 ], [ -46.71757, -23.78593 ], [ -46.71794, -23.78579 ], [ -46.71818, -23.7858 ], [ -46.71845, -23.78558 ], [ -46.71848, -23.78539 ], [ -46.71806, -23.7852 ], [ -46.71802, -23.7851 ], [ -46.7182, -23.78482 ], [ -46.718, -23.78442 ], [ -46.71837, -23.78372 ], [ -46.71819, -23.78368 ], [ -46.7182, -23.78348 ], [ -46.71833, -23.78344 ], [ -46.71858, -23.78279 ], [ -46.71896, -23.7828 ], [ -46.71905, -23.78272 ], [ -46.71913, -23.78251 ], [ -46.71902, -23.78241 ], [ -46.7192, -23.78234 ], [ -46.71926, -23.78215 ], [ -46.71948, -23.78202 ], [ -46.71968, -23.78203 ], [ -46.71993, -23.78167 ], [ -46.7202, -23.78164 ], [ -46.72011, -23.78124 ], [ -46.72023, -23.78102 ], [ -46.72001, -23.78082 ] ], [ [ -46.72001, -23.78082 ], [ -46.72027, -23.78062 ], [ -46.7208, -23.78067 ], [ -46.72124, -23.78044 ], [ -46.72138, -23.78064 ], [ -46.7218, -23.78054 ], [ -46.72252, -23.78065 ], [ -46.72273, -23.78083 ], [ -46.72336, -23.78086 ], [ -46.72453, -23.78132 ] ], [ [ -46.72453, -23.78132 ], [ -46.72459, -23.78138 ] ], [ [ -46.72459, -23.78138 ], [ -46.72465, -23.78149 ], [ -46.72507, -23.78163 ], [ -46.72537, -23.78148 ], [ -46.72567, -23.78111 ] ], [ [ -46.72567, -23.78111 ], [ -46.72575, -23.78089 ], [ -46.72609, -23.78078 ], [ -46.72631, -23.78024 ], [ -46.72678, -23.77988 ], [ -46.72711, -23.77941 ], [ -46.72745, -23.77963 ], [ -46.72773, -23.77941 ], [ -46.72897, -23.77914 ] ], [ [ -46.37903, -23.54662 ], [ -46.37819, -23.54624 ], [ -46.37816, -23.54591 ], [ -46.37744, -23.54527 ], [ -46.37677, -23.54485 ], [ -46.3765, -23.54445 ], [ -46.37609, -23.54424 ], [ -46.37582, -23.54392 ], [ -46.37527, -23.54388 ], [ -46.37477, -23.54368 ], [ -46.37451, -23.54341 ], [ -46.37404, -23.54328 ], [ -46.37355, -23.54288 ], [ -46.37292, -23.54268 ], [ -46.37248, -23.54267 ] ], [ [ -46.37248, -23.54267 ], [ -46.37044, -23.54178 ], [ -46.36989, -23.54121 ], [ -46.36942, -23.54112 ] ], [ [ -46.36942, -23.54112 ], [ -46.36697, -23.53975 ] ], [ [ -46.36697, -23.53975 ], [ -46.36685, -23.53979 ], [ -46.36651, -23.53967 ], [ -46.3661, -23.53926 ], [ -46.36285, -23.537 ] ], [ [ -46.35086, -23.52989 ], [ -46.34976, -23.52924 ] ], [ [ -46.34983, -23.52911 ], [ -46.34986, -23.52907 ] ], [ [ -46.34976, -23.52924 ], [ -46.34983, -23.52911 ] ], [ [ -46.34745, -23.5271 ], [ -46.34735, -23.52704 ] ], [ [ -46.34992, -23.52897 ], [ -46.35001, -23.52883 ] ], [ [ -46.35014, -23.52869 ], [ -46.35012, -23.52847 ], [ -46.35, -23.52835 ] ], [ [ -46.35001, -23.52883 ], [ -46.35014, -23.52869 ] ], [ [ -46.34986, -23.52907 ], [ -46.34992, -23.52897 ] ], [ [ -46.35, -23.52835 ], [ -46.34745, -23.5271 ] ], [ [ -46.34735, -23.52704 ], [ -46.34491, -23.52494 ] ], [ [ -46.34491, -23.52494 ], [ -46.34462, -23.52468 ], [ -46.343, -23.52406 ] ], [ [ -46.34196, -23.52355 ], [ -46.34181, -23.52343 ] ], [ [ -46.343, -23.52406 ], [ -46.34196, -23.52355 ] ], [ [ -46.34181, -23.52343 ], [ -46.33986, -23.52164 ] ], [ [ -46.33986, -23.52164 ], [ -46.33973, -23.52153 ] ], [ [ -46.33973, -23.52153 ], [ -46.33891, -23.52072 ], [ -46.3378, -23.51996 ] ], [ [ -46.33247, -23.51805 ], [ -46.33235, -23.51801 ] ], [ [ -46.3316, -23.51766 ], [ -46.33127, -23.51751 ] ], [ [ -46.33235, -23.51801 ], [ -46.3316, -23.51766 ] ], [ [ -46.33444, -23.51874 ], [ -46.33433, -23.5187 ] ], [ [ -46.33433, -23.5187 ], [ -46.33247, -23.51805 ] ], [ [ -46.33708, -23.51962 ], [ -46.33444, -23.51874 ] ], [ [ -46.3378, -23.51996 ], [ -46.33708, -23.51962 ] ], [ [ -46.35177, -23.53043 ], [ -46.35086, -23.52989 ] ], [ [ -46.35406, -23.5319 ], [ -46.35389, -23.5317 ], [ -46.35188, -23.53049 ] ], [ [ -46.35188, -23.53049 ], [ -46.35177, -23.53043 ] ], [ [ -46.35426, -23.53172 ], [ -46.35416, -23.53184 ] ], [ [ -46.35416, -23.53184 ], [ -46.35402, -23.53193 ], [ -46.35383, -23.53203 ], [ -46.35357, -23.53209 ], [ -46.35296, -23.5317 ], [ -46.35279, -23.53141 ], [ -46.3521, -23.53112 ] ], [ [ -46.36037, -23.53547 ], [ -46.35993, -23.53514 ], [ -46.35937, -23.53515 ], [ -46.35888, -23.53489 ], [ -46.35803, -23.53487 ], [ -46.35768, -23.53456 ], [ -46.35775, -23.53386 ], [ -46.35765, -23.53363 ], [ -46.35426, -23.53172 ] ], [ [ -46.36049, -23.53555 ], [ -46.36037, -23.53547 ] ], [ [ -46.36181, -23.53632 ], [ -46.36096, -23.53576 ] ], [ [ -46.36243, -23.53673 ], [ -46.36181, -23.53632 ] ], [ [ -46.36285, -23.537 ], [ -46.36243, -23.53673 ] ], [ [ -46.36096, -23.53576 ], [ -46.36049, -23.53555 ] ], [ [ -46.32878, -23.51324 ], [ -46.32839, -23.51304 ] ], [ [ -46.32839, -23.51304 ], [ -46.32832, -23.51272 ], [ -46.32841, -23.51214 ], [ -46.32796, -23.51053 ] ], [ [ -46.33127, -23.51751 ], [ -46.32946, -23.51577 ], [ -46.32878, -23.51324 ] ] ] } },
{ "type": "Feature", "properties": { "name": "Rio Shangrilá", "k": "river" }, "geometry": { "type": "MultiLineString", "coordinates": [ [ [ -46.66492, -23.76026 ], [ -46.66458, -23.76094 ], [ -46.66415, -23.76124 ], [ -46.66385, -23.7621 ] ], [ [ -46.66492, -23.76022 ], [ -46.66492, -23.76026 ] ], [ [ -46.66498, -23.75959 ], [ -46.66492, -23.76022 ] ] ] } },
{ "type": "Feature", "properties": { "name": "Desmorrodouro do Caaguaçu", "k": "ridge" }, "geometry": { "type": "LineString", "coordinates": [ [ -46.63858, -23.66659 ], [ -46.63707, -23.66668 ], [ -46.63634, -23.6674 ], [ -46.63456, -23.66886 ], [ -46.63312, -23.66927 ], [ -46.6322, -23.67122 ], [ -46.63093, -23.67342 ], [ -46.63051, -23.67475 ], [ -46.63058, -23.67523 ], [ -46.62972, -23.67554 ], [ -46.62962, -23.67583 ], [ -46.63046, -23.67774 ], [ -46.63046, -23.6797 ], [ -46.63207, -23.68114 ], [ -46.63316, -23.68232 ], [ -46.63349, -23.6831 ], [ -46.63319, -23.68578 ], [ -46.6337, -23.68809 ], [ -46.63468, -23.68852 ], [ -46.63538, -23.68982 ], [ -46.63563, -23.69089 ], [ -46.63471, -23.69138 ], [ -46.63368, -23.69134 ], [ -46.63291, -23.69146 ], [ -46.63244, -23.69291 ], [ -46.63179, -23.6936 ], [ -46.63171, -23.69627 ], [ -46.62907, -23.6979 ], [ -46.62911, -23.69953 ], [ -46.62778, -23.70085 ], [ -46.62651, -23.70169 ], [ -46.6246, -23.70183 ], [ -46.62391, -23.70273 ], [ -46.62422, -23.70358 ], [ -46.62418, -23.70491 ], [ -46.62436, -23.70551 ], [ -46.62331, -23.70618 ], [ -46.62242, -23.70532 ], [ -46.62097, -23.70562 ], [ -46.61998, -23.70531 ], [ -46.61733, -23.70503 ], [ -46.61467, -23.706 ], [ -46.61246, -23.70855 ], [ -46.60982, -23.70973 ], [ -46.60896, -23.71083 ] ] } },
{ "type": "Feature", "properties": { "name": "Esporão dos Zavuvus", "k": "ridge" }, "geometry": { "type": "LineString", "coordinates": [ [ -46.64475, -23.68318 ], [ -46.64181, -23.6842 ], [ -46.6405, -23.68529 ], [ -46.64071, -23.68633 ], [ -46.64059, -23.68711 ], [ -46.64068, -23.68859 ], [ -46.63819, -23.68955 ], [ -46.63538, -23.68982 ] ] } },
{ "type": "Feature", "properties": { "name": "Rio Bonito", "k": "river" }, "geometry": { "type": "MultiLineString", "coordinates": [ [ [ -46.69331, -23.72142 ], [ -46.6941, -23.72144 ], [ -46.69461, -23.72116 ], [ -46.69579, -23.72075 ], [ -46.69703, -23.72012 ], [ -46.69786, -23.7193 ] ], [ [ -46.6984, -23.71868 ], [ -46.69986, -23.71793 ], [ -46.7018, -23.71798 ], [ -46.70442, -23.71821 ], [ -46.70602, -23.71797 ] ], [ [ -46.69786, -23.7193 ], [ -46.6984, -23.71868 ] ] ] } },
{ "type": "Feature", "properties": { "name": "Riberião Cocaia", "k": "river" }, "geometry": { "type": "LineString", "coordinates": [ [ -46.68611, -23.7527 ], [ -46.68553, -23.75216 ], [ -46.68538, -23.7521 ], [ -46.68486, -23.75219 ], [ -46.68449, -23.75171 ], [ -46.68446, -23.75155 ], [ -46.68519, -23.75126 ], [ -46.68536, -23.75063 ], [ -46.68498, -23.75014 ], [ -46.68445, -23.74995 ], [ -46.68415, -23.74958 ], [ -46.68356, -23.74922 ], [ -46.68312, -23.74958 ], [ -46.68264, -23.74938 ], [ -46.68203, -23.74879 ], [ -46.68165, -23.74895 ], [ -46.68088, -23.74869 ], [ -46.67981, -23.74756 ], [ -46.67985, -23.74693 ], [ -46.67972, -23.74658 ] ] } },
{ "type": "Feature", "properties": { "name": "Crista do Grajaú", "k": "ridge" }, "geometry": { "type": "LineString", "coordinates": [ [ -46.70438, -23.68175 ], [ -46.70061, -23.68529 ], [ -46.70116, -23.68874 ], [ -46.69983, -23.69346 ], [ -46.70039, -23.69825 ], [ -46.70104, -23.70148 ], [ -46.69936, -23.70674 ], [ -46.69807, -23.70749 ], [ -46.6946, -23.70768 ], [ -46.69318, -23.71173 ], [ -46.69335, -23.71263 ], [ -46.69198, -23.71409 ], [ -46.68881, -23.71487 ], [ -46.68996, -23.71971 ], [ -46.68752, -23.72423 ], [ -46.68498, -23.72643 ], [ -46.68636, -23.72894 ], [ -46.68756, -23.72937 ], [ -46.68887, -23.72945 ], [ -46.68807, -23.73185 ], [ -46.6885, -23.73503 ], [ -46.68769, -23.73766 ], [ -46.68533, -23.73912 ], [ -46.68704, -23.74096 ], [ -46.68876, -23.74171 ], [ -46.69082, -23.74171 ], [ -46.69271, -23.74348 ], [ -46.69387, -23.74481 ], [ -46.6952, -23.74662 ], [ -46.6961, -23.74752 ], [ -46.69777, -23.74839 ], [ -46.69855, -23.74933 ], [ -46.69803, -23.75082 ], [ -46.69923, -23.75334 ], [ -46.6985, -23.75428 ], [ -46.70065, -23.75471 ], [ -46.70142, -23.75722 ], [ -46.70292, -23.75832 ], [ -46.7043, -23.75911 ], [ -46.7052, -23.76292 ], [ -46.70357, -23.76272 ], [ -46.70357, -23.764 ], [ -46.70408, -23.7672 ], [ -46.70541, -23.76779 ], [ -46.70565, -23.77081 ], [ -46.70634, -23.77341 ], [ -46.70653, -23.77508 ], [ -46.70541, -23.77619 ], [ -46.70674, -23.77969 ], [ -46.70387, -23.78342 ], [ -46.70391, -23.78491 ], [ -46.70262, -23.78566 ], [ -46.70091, -23.78566 ], [ -46.69734, -23.78715 ], [ -46.69224, -23.78735 ], [ -46.69147, -23.7866 ], [ -46.68945, -23.78656 ] ] } },
{ "type": "Feature", "properties": { "name": "Rio São José", "k": "river" }, "geometry": { "type": "MultiLineString", "coordinates": [ [ [ -46.71662, -23.73054 ], [ -46.718, -23.73025 ], [ -46.71837, -23.73006 ], [ -46.71865, -23.73011 ], [ -46.71957, -23.72999 ], [ -46.72051, -23.72922 ], [ -46.72078, -23.72867 ], [ -46.72071, -23.7285 ], [ -46.72038, -23.72836 ], [ -46.72032, -23.7282 ], [ -46.72082, -23.72821 ], [ -46.72093, -23.72814 ], [ -46.72082, -23.72797 ], [ -46.72029, -23.72792 ], [ -46.72019, -23.72783 ], [ -46.72019, -23.72766 ], [ -46.72032, -23.7275 ], [ -46.72086, -23.72735 ], [ -46.72144, -23.72705 ] ], [ [ -46.72078, -23.72867 ], [ -46.72103, -23.7285 ], [ -46.72157, -23.7286 ] ] ] } },
{ "type": "Feature", "properties": { "name": "Ribeirão Pedreira", "k": "river" }, "geometry": { "type": "MultiLineString", "coordinates": [ [ [ -46.67914, -23.69522 ], [ -46.68021, -23.69545 ], [ -46.6804, -23.69543 ], [ -46.6807, -23.69509 ], [ -46.68112, -23.69524 ], [ -46.68243, -23.6952 ], [ -46.68317, -23.6954 ], [ -46.68319, -23.69552 ], [ -46.68293, -23.69558 ], [ -46.68287, -23.69578 ], [ -46.68298, -23.69588 ], [ -46.68322, -23.69581 ], [ -46.68339, -23.69623 ], [ -46.68302, -23.69626 ], [ -46.68291, -23.69649 ], [ -46.68361, -23.69762 ], [ -46.68397, -23.69769 ] ], [ [ -46.68397, -23.69769 ], [ -46.68453, -23.69781 ] ], [ [ -46.68564, -23.69963 ], [ -46.68575, -23.69979 ], [ -46.68594, -23.69985 ] ], [ [ -46.68551, -23.69932 ], [ -46.68564, -23.69963 ] ], [ [ -46.68453, -23.69781 ], [ -46.68496, -23.69794 ], [ -46.68498, -23.69845 ], [ -46.68551, -23.69932 ] ] ] } },
{ "type": "Feature", "properties": { "name": "Rio Água Espraiada", "k": "river" }, "geometry": { "type": "MultiLineString", "coordinates": [ [ [ -46.69787, -23.61303 ], [ -46.69916, -23.61287 ] ], [ [ -46.69916, -23.61287 ], [ -46.69959, -23.61281 ] ], [ [ -46.69626, -23.61341 ], [ -46.69787, -23.61303 ] ], [ [ -46.67029, -23.63273 ], [ -46.67249, -23.63067 ], [ -46.6744, -23.62866 ], [ -46.67606, -23.62629 ], [ -46.67757, -23.62353 ], [ -46.67827, -23.62265 ], [ -46.67942, -23.62155 ], [ -46.68426, -23.61792 ], [ -46.68658, -23.61648 ], [ -46.68943, -23.61527 ], [ -46.69442, -23.61389 ] ] ] } },
{ "type": "Feature", "properties": { "name": "Córrego Água Espraiada", "k": "river" }, "geometry": { "type": "MultiLineString", "coordinates": [ [ [ -46.6685, -23.6345 ], [ -46.66871, -23.63419 ], [ -46.67029, -23.63273 ] ], [ [ -46.66287, -23.63812 ], [ -46.6685, -23.6345 ] ], [ [ -46.6617, -23.63827 ], [ -46.66249, -23.63809 ], [ -46.66287, -23.63812 ] ], [ [ -46.66069, -23.63916 ], [ -46.6617, -23.63827 ] ], [ [ -46.66015, -23.64078 ], [ -46.66017, -23.63983 ], [ -46.66036, -23.63948 ], [ -46.66069, -23.63916 ] ] ] } },
{ "type": "Feature", "properties": { "name": "Rio Cordeiro", "k": "river" }, "geometry": { "type": "LineString", "coordinates": [ [ -46.64928, -23.66789 ], [ -46.65122, -23.66784 ], [ -46.65191, -23.66686 ], [ -46.65336, -23.66625 ], [ -46.65604, -23.66371 ], [ -46.65672, -23.66366 ], [ -46.65735, -23.66314 ], [ -46.65814, -23.66343 ], [ -46.65907, -23.66328 ], [ -46.65976, -23.66404 ], [ -46.6612, -23.66344 ], [ -46.66302, -23.66124 ], [ -46.66319, -23.65912 ], [ -46.6674, -23.6545 ], [ -46.66884, -23.6532 ], [ -46.66955, -23.65144 ], [ -46.67083, -23.64708 ], [ -46.6722, -23.64465 ], [ -46.67438, -23.64215 ], [ -46.6758, -23.64109 ], [ -46.67635, -23.64051 ], [ -46.67709, -23.63768 ], [ -46.67834, -23.63561 ], [ -46.67937, -23.63433 ], [ -46.68153, -23.63256 ], [ -46.68416, -23.63021 ], [ -46.6849, -23.62911 ], [ -46.68574, -23.62736 ], [ -46.68843, -23.62576 ], [ -46.69165, -23.6258 ], [ -46.69594, -23.62379 ], [ -46.69845, -23.62097 ], [ -46.70119, -23.61982 ] ] } },
{ "type": "Feature", "properties": { "name": "Colina do Ipiranga", "k": "ridge" }, "geometry": { "type": "LineString", "coordinates": [ [ -46.60787, -23.58204 ], [ -46.60954, -23.58629 ], [ -46.61074, -23.58751 ], [ -46.61018, -23.59321 ], [ -46.61289, -23.59632 ], [ -46.61306, -23.59785 ], [ -46.61452, -23.5997 ], [ -46.6146, -23.60155 ], [ -46.61619, -23.60194 ], [ -46.61572, -23.6041 ], [ -46.61675, -23.60548 ], [ -46.61581, -23.60705 ], [ -46.61675, -23.60894 ], [ -46.61804, -23.61118 ], [ -46.61739, -23.61386 ], [ -46.61731, -23.61563 ], [ -46.61847, -23.61818 ], [ -46.62048, -23.61976 ], [ -46.6207, -23.62145 ], [ -46.61933, -23.62601 ], [ -46.6192, -23.62841 ], [ -46.61731, -23.63147 ], [ -46.61426, -23.63737 ], [ -46.61327, -23.63843 ], [ -46.61332, -23.63973 ], [ -46.61388, -23.64075 ], [ -46.61237, -23.64319 ], [ -46.61392, -23.64645 ], [ -46.61327, -23.64869 ], [ -46.61435, -23.65136 ], [ -46.6137, -23.65478 ], [ -46.61636, -23.6582 ], [ -46.61795, -23.65797 ], [ -46.62083, -23.66021 ], [ -46.62108, -23.66202 ], [ -46.62263, -23.66229 ], [ -46.62357, -23.66158 ], [ -46.62469, -23.65982 ], [ -46.62623, -23.65978 ], [ -46.62653, -23.6619 ], [ -46.62671, -23.66445 ], [ -46.62675, -23.66807 ], [ -46.62804, -23.66976 ], [ -46.62838, -23.67122 ], [ -46.62971, -23.67177 ], [ -46.63114, -23.67305 ] ] } },
{ "type": "Feature", "properties": { "name": "Córrego Taboão", "k": "river" }, "geometry": { "type": "MultiLineString", "coordinates": [ [ [ -46.60646, -23.66765 ], [ -46.60618, -23.6676 ] ], [ [ -46.60618, -23.6676 ], [ -46.60588, -23.66747 ], [ -46.60563, -23.66723 ], [ -46.60503, -23.6658 ], [ -46.60477, -23.66545 ], [ -46.60253, -23.66363 ], [ -46.60199, -23.663 ], [ -46.60167, -23.66278 ], [ -46.59993, -23.66262 ], [ -46.59917, -23.66307 ], [ -46.59832, -23.66333 ], [ -46.59627, -23.66346 ] ] ] } },
{ "type": "Feature", "properties": { "name": "Ribeirão dos Couros", "k": "river" }, "geometry": { "type": "MultiLineString", "coordinates": [ [ [ -46.59125, -23.67725 ], [ -46.59056, -23.67685 ], [ -46.58883, -23.67659 ], [ -46.58816, -23.67632 ], [ -46.58767, -23.67589 ], [ -46.58641, -23.67403 ], [ -46.58601, -23.67375 ], [ -46.585, -23.67329 ] ], [ [ -46.585, -23.67329 ], [ -46.58336, -23.6726 ], [ -46.58241, -23.6724 ], [ -46.58175, -23.67241 ], [ -46.57939, -23.67278 ], [ -46.57881, -23.67277 ], [ -46.57799, -23.67245 ], [ -46.57758, -23.67197 ] ], [ [ -46.57771, -23.67258 ], [ -46.57758, -23.67197 ] ], [ [ -46.57643, -23.66765 ], [ -46.57642, -23.66702 ] ], [ [ -46.57758, -23.67197 ], [ -46.57733, -23.67145 ], [ -46.57654, -23.66878 ], [ -46.57643, -23.66765 ] ], [ [ -46.57682, -23.6645 ], [ -46.57707, -23.66424 ] ], [ [ -46.57642, -23.66702 ], [ -46.5765, -23.66528 ], [ -46.57682, -23.6645 ] ], [ [ -46.58257, -23.65786 ], [ -46.58472, -23.65458 ] ], [ [ -46.57707, -23.66424 ], [ -46.5784, -23.66359 ], [ -46.57908, -23.66303 ], [ -46.58257, -23.65786 ] ], [ [ -46.58472, -23.65458 ], [ -46.58581, -23.65156 ], [ -46.58614, -23.65129 ], [ -46.58662, -23.64998 ], [ -46.58665, -23.64962 ], [ -46.58606, -23.64768 ], [ -46.58569, -23.64708 ], [ -46.5839, -23.64609 ], [ -46.58396, -23.64592 ], [ -46.58463, -23.64519 ] ], [ [ -46.58463, -23.64519 ], [ -46.58499, -23.6448 ], [ -46.58469, -23.64442 ] ], [ [ -46.58469, -23.64442 ], [ -46.5834, -23.64114 ] ] ] } },
{ "type": "Feature", "properties": { "name": "Córrego do Beraldo", "k": "river" }, "geometry": { "type": "MultiLineString", "coordinates": [ [ [ -46.53909, -23.64271 ], [ -46.53784, -23.64129 ] ], [ [ -46.53784, -23.64129 ], [ -46.53622, -23.6404 ] ], [ [ -46.53622, -23.6404 ], [ -46.5361, -23.64023 ] ], [ [ -46.53449, -23.63885 ], [ -46.53434, -23.63873 ] ], [ [ -46.53472, -23.639 ], [ -46.53449, -23.63885 ] ], [ [ -46.53589, -23.6396 ], [ -46.53472, -23.639 ] ], [ [ -46.53606, -23.6397 ], [ -46.53589, -23.6396 ] ], [ [ -46.5361, -23.64023 ], [ -46.53606, -23.6397 ] ] ] } },
{ "type": "Feature", "properties": { "name": "Córrego da Passagem", "k": "river" }, "geometry": { "type": "LineString", "coordinates": [ [ -46.53527, -23.64558 ], [ -46.53415, -23.64555 ], [ -46.53313, -23.64486 ], [ -46.53578, -23.64053 ], [ -46.53604, -23.63996 ] ] } },
{ "type": "Feature", "properties": { "name": "Córrego Comprido", "k": "river" }, "geometry": { "type": "MultiLineString", "coordinates": [ [ [ -46.53433, -23.63809 ], [ -46.53467, -23.63802 ] ], [ [ -46.53401, -23.6381 ], [ -46.53433, -23.63809 ] ], [ [ -46.5263, -23.64002 ], [ -46.52852, -23.63949 ], [ -46.52914, -23.63921 ], [ -46.5299, -23.63862 ], [ -46.5309, -23.63818 ], [ -46.53262, -23.63811 ], [ -46.5335, -23.63829 ], [ -46.53401, -23.6381 ] ], [ [ -46.52319, -23.64109 ], [ -46.52417, -23.64087 ], [ -46.52476, -23.64047 ], [ -46.52514, -23.64042 ], [ -46.5263, -23.64002 ] ] ] } },
{ "type": "Feature", "properties": { "name": "Ribeirão Jundiaí", "k": "river" }, "geometry": { "type": "MultiLineString", "coordinates": [ [ [ -46.53163, -23.63153 ], [ -46.533, -23.63143 ], [ -46.53627, -23.63186 ], [ -46.53732, -23.63186 ] ], [ [ -46.53084, -23.63152 ], [ -46.53163, -23.63153 ] ], [ [ -46.53026, -23.63147 ], [ -46.53036, -23.63148 ] ], [ [ -46.53036, -23.63148 ], [ -46.53084, -23.63152 ] ], [ [ -46.52947, -23.63135 ], [ -46.53026, -23.63147 ] ] ] } },
{ "type": "Feature", "properties": { "name": "Ribeirão Jundiaí", "k": "canal" }, "geometry": { "type": "LineString", "coordinates": [ [ -46.53732, -23.63186 ], [ -46.53772, -23.63184 ] ] } },
{ "type": "Feature", "properties": { "name": "Córrego Utinga", "k": "river" }, "geometry": { "type": "MultiLineString", "coordinates": [ [ [ -46.54201, -23.62328 ], [ -46.54178, -23.62317 ] ], [ [ -46.54178, -23.62317 ], [ -46.54169, -23.62311 ] ], [ [ -46.54675, -23.6258 ], [ -46.54629, -23.6254 ], [ -46.54513, -23.62466 ] ], [ [ -46.54513, -23.62466 ], [ -46.54502, -23.6246 ] ], [ [ -46.54489, -23.62452 ], [ -46.54473, -23.62445 ], [ -46.54417, -23.62448 ], [ -46.54201, -23.62328 ] ], [ [ -46.54502, -23.6246 ], [ -46.54489, -23.62452 ] ], [ [ -46.54705, -23.62608 ], [ -46.54675, -23.6258 ] ], [ [ -46.54822, -23.6272 ], [ -46.54705, -23.62608 ] ] ] } },
{ "type": "Feature", "properties": { "name": "Córrego Guaiaxaia", "k": "river" }, "geometry": { "type": "MultiLineString", "coordinates": [ [ [ -46.50384, -23.6269 ], [ -46.50498, -23.62584 ], [ -46.50528, -23.62571 ] ], [ [ -46.50288, -23.63555 ], [ -46.50296, -23.63469 ] ], [ [ -46.50286, -23.63561 ], [ -46.50288, -23.63555 ] ], [ [ -46.50296, -23.63469 ], [ -46.50295, -23.63422 ] ], [ [ -46.50295, -23.63422 ], [ -46.50297, -23.63387 ] ], [ [ -46.50297, -23.63387 ], [ -46.50298, -23.6323 ], [ -46.50322, -23.63155 ] ], [ [ -46.50322, -23.63155 ], [ -46.50335, -23.6313 ] ], [ [ -46.50335, -23.6313 ], [ -46.50363, -23.63068 ], [ -46.5038, -23.62951 ], [ -46.50368, -23.62715 ] ], [ [ -46.50368, -23.62715 ], [ -46.50384, -23.6269 ] ], [ [ -46.50281, -23.63576 ], [ -46.50286, -23.63561 ] ], [ [ -46.50007, -23.63945 ], [ -46.50252, -23.63627 ], [ -46.50281, -23.63576 ] ] ] } },
{ "type": "Feature", "properties": { "name": "Córrego do Cemitério", "k": "river" }, "geometry": { "type": "MultiLineString", "coordinates": [ [ [ -46.52868, -23.65103 ], [ -46.5286, -23.65083 ], [ -46.52865, -23.65057 ], [ -46.53081, -23.64698 ], [ -46.53008, -23.64546 ] ], [ [ -46.53008, -23.64546 ], [ -46.53, -23.64529 ] ], [ [ -46.53, -23.64529 ], [ -46.52997, -23.6452 ] ], [ [ -46.52914, -23.65151 ], [ -46.52918, -23.65141 ], [ -46.5291, -23.65133 ] ], [ [ -46.5291, -23.65133 ], [ -46.52868, -23.65103 ] ], [ [ -46.53499, -23.65636 ], [ -46.53246, -23.65591 ], [ -46.53022, -23.65514 ], [ -46.52906, -23.6544 ], [ -46.52877, -23.65375 ], [ -46.52932, -23.65332 ], [ -46.52991, -23.65235 ], [ -46.52986, -23.65225 ], [ -46.52907, -23.65183 ], [ -46.52901, -23.6517 ], [ -46.52914, -23.65151 ] ] ] } },
{ "type": "Feature", "properties": { "name": "Córrego Carapetuba", "k": "river" }, "geometry": { "type": "MultiLineString", "coordinates": [ [ [ -46.52962, -23.65984 ], [ -46.52882, -23.65821 ], [ -46.52866, -23.65706 ], [ -46.52871, -23.65677 ], [ -46.52955, -23.65577 ], [ -46.52853, -23.65499 ], [ -46.52741, -23.65353 ] ], [ [ -46.52997, -23.66133 ], [ -46.52992, -23.66105 ] ], [ [ -46.52992, -23.66105 ], [ -46.52975, -23.6601 ], [ -46.52962, -23.65984 ] ], [ [ -46.53029, -23.66214 ], [ -46.52997, -23.66133 ] ], [ [ -46.53153, -23.66423 ], [ -46.53148, -23.66411 ] ], [ [ -46.53148, -23.66411 ], [ -46.53029, -23.66214 ] ], [ [ -46.53208, -23.66651 ], [ -46.53153, -23.66423 ] ], [ [ -46.53212, -23.66691 ], [ -46.53214, -23.66673 ] ], [ [ -46.53214, -23.66673 ], [ -46.53211, -23.66662 ] ], [ [ -46.53211, -23.66662 ], [ -46.53208, -23.66651 ] ], [ [ -46.53212, -23.66716 ], [ -46.53212, -23.66691 ] ] ] } },
{ "type": "Feature", "properties": { "name": "Ribeirão Apiaí", "k": "river" }, "geometry": { "type": "MultiLineString", "coordinates": [ [ [ -46.51655, -23.66057 ], [ -46.51585, -23.65891 ], [ -46.51555, -23.65777 ] ], [ [ -46.51555, -23.65777 ], [ -46.51552, -23.65758 ] ], [ [ -46.51552, -23.65758 ], [ -46.51486, -23.65279 ], [ -46.51492, -23.65253 ], [ -46.51525, -23.65211 ] ], [ [ -46.52071, -23.68113 ], [ -46.5206, -23.67984 ], [ -46.52032, -23.67924 ], [ -46.52017, -23.67809 ], [ -46.51983, -23.67662 ], [ -46.51949, -23.67637 ] ], [ [ -46.51949, -23.67637 ], [ -46.51933, -23.67627 ] ], [ [ -46.51933, -23.67627 ], [ -46.5188, -23.67608 ], [ -46.51848, -23.67536 ], [ -46.51778, -23.67453 ], [ -46.5177, -23.67409 ] ], [ [ -46.51766, -23.67393 ], [ -46.5169, -23.67089 ] ], [ [ -46.5177, -23.67409 ], [ -46.51766, -23.67393 ] ], [ [ -46.5169, -23.67089 ], [ -46.5168, -23.67012 ], [ -46.517, -23.66695 ], [ -46.51734, -23.66536 ] ], [ [ -46.51734, -23.66536 ], [ -46.51763, -23.66432 ], [ -46.51761, -23.6629 ], [ -46.51743, -23.66236 ], [ -46.51655, -23.66057 ] ], [ [ -46.52138, -23.68225 ], [ -46.5213, -23.68194 ], [ -46.52087, -23.68152 ], [ -46.52071, -23.68113 ] ], [ [ -46.52144, -23.68348 ], [ -46.52138, -23.68225 ] ] ] } },
{ "type": "Feature", "properties": { "name": "Córrego Cassaquera", "k": "river" }, "geometry": { "type": "MultiLineString", "coordinates": [ [ [ -46.49875, -23.65811 ], [ -46.49948, -23.65673 ] ], [ [ -46.4973, -23.66049 ], [ -46.49732, -23.66042 ] ], [ [ -46.49732, -23.66042 ], [ -46.49735, -23.66031 ] ], [ [ -46.49727, -23.66109 ], [ -46.4973, -23.66049 ] ], [ [ -46.49741, -23.66208 ], [ -46.49727, -23.66109 ] ], [ [ -46.49735, -23.66031 ], [ -46.4975, -23.65995 ], [ -46.49822, -23.65887 ] ], [ [ -46.49822, -23.65887 ], [ -46.49875, -23.65811 ] ], [ [ -46.49754, -23.66336 ], [ -46.49741, -23.66208 ] ], [ [ -46.49776, -23.66523 ], [ -46.49754, -23.66336 ] ], [ [ -46.49768, -23.66564 ], [ -46.49771, -23.66542 ] ], [ [ -46.49771, -23.66542 ], [ -46.49776, -23.66523 ] ], [ [ -46.49763, -23.66605 ], [ -46.49765, -23.66587 ] ], [ [ -46.49765, -23.66587 ], [ -46.49768, -23.66564 ] ], [ [ -46.49724, -23.66811 ], [ -46.49763, -23.66605 ] ], [ [ -46.49674, -23.67048 ], [ -46.4969, -23.67007 ], [ -46.49724, -23.66811 ] ], [ [ -46.49634, -23.67128 ], [ -46.49674, -23.67048 ] ], [ [ -46.49606, -23.67285 ], [ -46.4961, -23.67191 ], [ -46.49634, -23.67128 ] ], [ [ -46.4967, -23.67587 ], [ -46.49606, -23.67285 ] ], [ [ -46.49687, -23.6766 ], [ -46.4967, -23.67587 ] ], [ [ -46.49692, -23.67687 ], [ -46.49691, -23.67679 ] ], [ [ -46.49691, -23.67679 ], [ -46.49687, -23.6766 ] ], [ [ -46.49617, -23.67915 ], [ -46.4967, -23.67849 ], [ -46.49693, -23.67798 ], [ -46.497, -23.6774 ], [ -46.49692, -23.67687 ] ] ] } },
{ "type": "Feature", "properties": { "name": "Córrego Itrapuã", "k": "river" }, "geometry": { "type": "MultiLineString", "coordinates": [ [ [ -46.4907, -23.6615 ], [ -46.49262, -23.66099 ], [ -46.49273, -23.66085 ], [ -46.49268, -23.66026 ], [ -46.49337, -23.65998 ], [ -46.49727, -23.66109 ] ], [ [ -46.48939, -23.66378 ], [ -46.48988, -23.66192 ] ], [ [ -46.48934, -23.66399 ], [ -46.48939, -23.66378 ] ], [ [ -46.48915, -23.66433 ], [ -46.48934, -23.66399 ] ], [ [ -46.48988, -23.66192 ], [ -46.4907, -23.6615 ] ] ] } },
{ "type": "Feature", "properties": { "name": "Córrego Guarará", "k": "river" }, "geometry": { "type": "MultiLineString", "coordinates": [ [ [ -46.51133, -23.65857 ], [ -46.51078, -23.65451 ], [ -46.51064, -23.65243 ] ], [ [ -46.51136, -23.65876 ], [ -46.51135, -23.65868 ] ], [ [ -46.51135, -23.65868 ], [ -46.51133, -23.65857 ] ], [ [ -46.51206, -23.66287 ], [ -46.51183, -23.66142 ], [ -46.51145, -23.66099 ], [ -46.51129, -23.66054 ], [ -46.51136, -23.65876 ] ], [ [ -46.51207, -23.66328 ], [ -46.51206, -23.66287 ] ], [ [ -46.51188, -23.66664 ], [ -46.51207, -23.66328 ] ], [ [ -46.51099, -23.66911 ], [ -46.51175, -23.66754 ], [ -46.51188, -23.66664 ] ], [ [ -46.51096, -23.66917 ], [ -46.51099, -23.66911 ] ], [ [ -46.50536, -23.68009 ], [ -46.50621, -23.67737 ] ], [ [ -46.50621, -23.67737 ], [ -46.50639, -23.67685 ] ], [ [ -46.50639, -23.67685 ], [ -46.50742, -23.67377 ] ], [ [ -46.50742, -23.67377 ], [ -46.50786, -23.67247 ], [ -46.50817, -23.67186 ], [ -46.50886, -23.67123 ], [ -46.51018, -23.67042 ], [ -46.51096, -23.66917 ] ], [ [ -46.50443, -23.70439 ], [ -46.50463, -23.70423 ], [ -46.5049, -23.70378 ], [ -46.50552, -23.70093 ], [ -46.50593, -23.69953 ], [ -46.50603, -23.6984 ] ], [ [ -46.50603, -23.6984 ], [ -46.50603, -23.69832 ] ], [ [ -46.50583, -23.68353 ], [ -46.50539, -23.68213 ], [ -46.5053, -23.6809 ] ], [ [ -46.5053, -23.6809 ], [ -46.50536, -23.68009 ] ], [ [ -46.50689, -23.68667 ], [ -46.50583, -23.68353 ] ], [ [ -46.50704, -23.68711 ], [ -46.50689, -23.68667 ] ], [ [ -46.50716, -23.68746 ], [ -46.50704, -23.68711 ] ], [ [ -46.50603, -23.69832 ], [ -46.50634, -23.69573 ], [ -46.50689, -23.69319 ] ], [ [ -46.50698, -23.69276 ], [ -46.5071, -23.69221 ] ], [ [ -46.50689, -23.69319 ], [ -46.50698, -23.69276 ] ], [ [ -46.5071, -23.69221 ], [ -46.50731, -23.69127 ], [ -46.50747, -23.68988 ], [ -46.50745, -23.6891 ], [ -46.50716, -23.68746 ] ] ] } },
{ "type": "Feature", "properties": { "name": "Colina das Meninas", "k": "ridge" }, "geometry": { "type": "LineString", "coordinates": [ [ -46.58237, -23.64708 ], [ -46.58104, -23.65494 ], [ -46.57619, -23.65695 ], [ -46.57534, -23.66123 ], [ -46.56959, -23.663 ], [ -46.56778, -23.66532 ], [ -46.56791, -23.66791 ], [ -46.56692, -23.66976 ], [ -46.56916, -23.67357 ], [ -46.5692, -23.6764 ], [ -46.56504, -23.68898 ], [ -46.56675, -23.69043 ], [ -46.56869, -23.69531 ], [ -46.5674, -23.69696 ], [ -46.56607, -23.69814 ], [ -46.56731, -23.69908 ], [ -46.5662, -23.70148 ], [ -46.56667, -23.70438 ], [ -46.56821, -23.70603 ], [ -46.56731, -23.70839 ], [ -46.56791, -23.71299 ], [ -46.568, -23.71645 ], [ -46.56744, -23.71822 ], [ -46.56933, -23.71951 ], [ -46.57182, -23.72069 ], [ -46.57452, -23.72466 ] ] } },
{ "type": "Feature", "properties": { "name": "Córrego Taióca", "k": "river" }, "geometry": { "type": "MultiLineString", "coordinates": [ [ [ -46.54697, -23.68426 ], [ -46.54775, -23.68443 ], [ -46.54922, -23.68457 ], [ -46.54984, -23.68475 ], [ -46.55021, -23.68474 ], [ -46.55099, -23.68453 ] ], [ [ -46.54153, -23.68574 ], [ -46.54274, -23.68489 ], [ -46.54472, -23.68383 ], [ -46.54527, -23.68384 ], [ -46.54697, -23.68426 ] ], [ [ -46.54064, -23.68651 ], [ -46.54153, -23.68574 ] ] ] } },
{ "type": "Feature", "properties": { "name": "Córrego da Chrysler", "k": "river" }, "geometry": { "type": "LineString", "coordinates": [ [ -46.5312, -23.73889 ], [ -46.53142, -23.73847 ], [ -46.53143, -23.73793 ], [ -46.53155, -23.73766 ], [ -46.53258, -23.73656 ], [ -46.53359, -23.73606 ], [ -46.53477, -23.73521 ], [ -46.53522, -23.73516 ], [ -46.53612, -23.73537 ], [ -46.53683, -23.73532 ], [ -46.53716, -23.7352 ], [ -46.53791, -23.73468 ], [ -46.53866, -23.73446 ], [ -46.53894, -23.73421 ], [ -46.54016, -23.73418 ], [ -46.54028, -23.73408 ], [ -46.54022, -23.73368 ], [ -46.54067, -23.73274 ], [ -46.54128, -23.73235 ], [ -46.54206, -23.73257 ] ] } },
{ "type": "Feature", "properties": { "name": "Serra da Bonilha", "k": "ridge" }, "geometry": { "type": "LineString", "coordinates": [ [ -46.58044, -23.76893 ], [ -46.57956, -23.76583 ], [ -46.57619, -23.76414 ], [ -46.57448, -23.7639 ], [ -46.5731, -23.76221 ], [ -46.57229, -23.75836 ], [ -46.5722, -23.75569 ], [ -46.57032, -23.75377 ], [ -46.57057, -23.75165 ], [ -46.56886, -23.74894 ], [ -46.56572, -23.74776 ], [ -46.55976, -23.74831 ], [ -46.55731, -23.75129 ], [ -46.55723, -23.75365 ], [ -46.55392, -23.75777 ], [ -46.55186, -23.75801 ], [ -46.54877, -23.75675 ], [ -46.5462, -23.75487 ], [ -46.54504, -23.75145 ], [ -46.5456, -23.74882 ], [ -46.54487, -23.74638 ], [ -46.54435, -23.74532 ], [ -46.54251, -23.74674 ], [ -46.54139, -23.7498 ], [ -46.53869, -23.75334 ], [ -46.53628, -23.75416 ], [ -46.53379, -23.75212 ], [ -46.53006, -23.75283 ], [ -46.52804, -23.75129 ], [ -46.52792, -23.74937 ], [ -46.52761, -23.74697 ], [ -46.52573, -23.74579 ], [ -46.52118, -23.74591 ], [ -46.51937, -23.7445 ], [ -46.51774, -23.74249 ], [ -46.51792, -23.73802 ], [ -46.52053, -23.73534 ], [ -46.51787, -23.73104 ], [ -46.51658, -23.72733 ], [ -46.51465, -23.72706 ], [ -46.5129, -23.72599 ], [ -46.51109, -23.72599 ], [ -46.50903, -23.72203 ], [ -46.50538, -23.72002 ], [ -46.50496, -23.71609 ], [ -46.50242, -23.71421 ], [ -46.50028, -23.71342 ], [ -46.49367, -23.7159 ], [ -46.49306, -23.71579 ], [ -46.49221, -23.71503 ], [ -46.49144, -23.71482 ], [ -46.49078, -23.71434 ], [ -46.49072, -23.71405 ], [ -46.49054, -23.71381 ], [ -46.49015, -23.71118 ], [ -46.49208, -23.70835 ], [ -46.48946, -23.70682 ], [ -46.49126, -23.70513 ], [ -46.49037, -23.69977 ], [ -46.49118, -23.69817 ], [ -46.48903, -23.69503 ], [ -46.4856, -23.69413 ], [ -46.48637, -23.69083 ], [ -46.48427, -23.68717 ], [ -46.48152, -23.68544 ], [ -46.47882, -23.68218 ], [ -46.47697, -23.68135 ], [ -46.47766, -23.67825 ], [ -46.47783, -23.6766 ], [ -46.47646, -23.67389 ] ] } },
{ "type": "Feature", "properties": { "name": "Ribeirão Grande", "k": "river" }, "geometry": { "type": "MultiLineString", "coordinates": [ [ [ -46.42962, -23.71506 ], [ -46.43013, -23.71515 ], [ -46.43208, -23.71603 ], [ -46.43225, -23.71626 ], [ -46.43225, -23.7167 ], [ -46.4325, -23.71693 ], [ -46.43262, -23.7169 ], [ -46.43343, -23.71608 ], [ -46.43362, -23.71598 ], [ -46.43389, -23.71599 ], [ -46.43409, -23.71623 ], [ -46.43435, -23.71728 ], [ -46.43496, -23.7179 ], [ -46.43687, -23.71872 ], [ -46.43801, -23.71953 ], [ -46.43832, -23.72013 ], [ -46.43773, -23.72046 ], [ -46.43757, -23.72069 ], [ -46.43756, -23.72098 ], [ -46.43766, -23.72121 ], [ -46.43834, -23.72183 ], [ -46.44001, -23.7254 ], [ -46.44084, -23.72663 ] ], [ [ -46.41951, -23.70884 ], [ -46.42003, -23.70934 ] ], [ [ -46.41914, -23.70851 ], [ -46.41951, -23.70884 ] ], [ [ -46.41464, -23.70797 ], [ -46.41617, -23.70785 ], [ -46.4169, -23.70789 ], [ -46.41914, -23.70851 ] ], [ [ -46.42003, -23.70934 ], [ -46.42162, -23.71063 ], [ -46.42473, -23.71272 ] ], [ [ -46.42473, -23.71272 ], [ -46.42583, -23.71332 ] ], [ [ -46.42583, -23.71332 ], [ -46.42725, -23.71418 ], [ -46.42962, -23.71506 ] ], [ [ -46.39729, -23.69235 ], [ -46.39673, -23.69321 ], [ -46.39655, -23.69422 ] ], [ [ -46.39664, -23.69452 ], [ -46.39648, -23.69532 ], [ -46.39685, -23.69588 ], [ -46.39713, -23.69714 ], [ -46.39725, -23.6985 ], [ -46.39714, -23.69927 ], [ -46.39739, -23.70026 ] ], [ [ -46.39656, -23.69429 ], [ -46.39664, -23.69452 ] ], [ [ -46.39493, -23.6907 ], [ -46.396, -23.69156 ], [ -46.39729, -23.69235 ] ], [ [ -46.39741, -23.70036 ], [ -46.39758, -23.7011 ], [ -46.39783, -23.70138 ], [ -46.39841, -23.70264 ] ], [ [ -46.39739, -23.70026 ], [ -46.39741, -23.70036 ] ], [ [ -46.39841, -23.70264 ], [ -46.39911, -23.70375 ], [ -46.39927, -23.70518 ], [ -46.39952, -23.70563 ], [ -46.40421, -23.7084 ], [ -46.40541, -23.70955 ], [ -46.40561, -23.70964 ], [ -46.40602, -23.70962 ], [ -46.40677, -23.70907 ] ], [ [ -46.40686, -23.70898 ], [ -46.40774, -23.70832 ], [ -46.40815, -23.70821 ], [ -46.409, -23.7083 ], [ -46.40959, -23.70873 ], [ -46.41018, -23.70892 ], [ -46.41197, -23.70822 ], [ -46.41464, -23.70797 ] ], [ [ -46.40677, -23.70907 ], [ -46.40686, -23.70898 ] ] ] } },
{ "type": "Feature", "properties": { "name": "Córrego Pedreira Santa Luzia", "k": "river" }, "geometry": { "type": "LineString", "coordinates": [ [ -46.43737, -23.67653 ], [ -46.43818, -23.67598 ], [ -46.43903, -23.67491 ] ] } },
{ "type": "Feature", "properties": { "name": "Crista de Sapopemba", "k": "ridge" }, "geometry": { "type": "LineString", "coordinates": [ [ -46.53444, -23.58306 ], [ -46.53234, -23.58763 ], [ -46.53186, -23.59081 ], [ -46.52963, -23.59172 ], [ -46.52684, -23.59459 ], [ -46.52444, -23.5949 ], [ -46.52238, -23.59718 ], [ -46.51873, -23.59699 ], [ -46.51719, -23.59663 ], [ -46.51521, -23.5964 ], [ -46.51393, -23.59593 ], [ -46.51345, -23.59691 ], [ -46.51328, -23.59824 ], [ -46.51156, -23.60115 ], [ -46.50886, -23.60422 ], [ -46.50826, -23.60595 ], [ -46.50629, -23.60886 ], [ -46.50418, -23.61063 ], [ -46.50427, -23.61268 ], [ -46.50272, -23.6148 ], [ -46.49963, -23.61551 ], [ -46.49534, -23.61421 ], [ -46.49324, -23.61307 ], [ -46.4883, -23.61315 ], [ -46.4853, -23.61173 ], [ -46.48204, -23.61335 ], [ -46.47843, -23.61362 ], [ -46.47451, -23.61299 ], [ -46.47071, -23.61488 ], [ -46.46938, -23.61586 ], [ -46.46848, -23.61787 ], [ -46.46826, -23.6192 ], [ -46.4659, -23.62137 ], [ -46.465, -23.62329 ], [ -46.46247, -23.62585 ], [ -46.45955, -23.62727 ], [ -46.45921, -23.62939 ], [ -46.45702, -23.63139 ], [ -46.45607, -23.63422 ], [ -46.45569, -23.63674 ], [ -46.45195, -23.63898 ], [ -46.44972, -23.64126 ], [ -46.44972, -23.64201 ], [ -46.44826, -23.64358 ], [ -46.4462, -23.64413 ], [ -46.44535, -23.64366 ], [ -46.4429, -23.6439 ], [ -46.44136, -23.64252 ], [ -46.43942, -23.64189 ], [ -46.43745, -23.64197 ], [ -46.43539, -23.64138 ], [ -46.43427, -23.64185 ], [ -46.43243, -23.64158 ], [ -46.43118, -23.64087 ], [ -46.43157, -23.63886 ], [ -46.43148, -23.63745 ], [ -46.4293, -23.63611 ], [ -46.42743, -23.63727 ], [ -46.42488, -23.63983 ], [ -46.42419, -23.64102 ], [ -46.4243, -23.64356 ], [ -46.42327, -23.64514 ] ] } },
{ "type": "Feature", "properties": { "name": "Serra das Guaianases", "k": "ridge" }, "geometry": { "type": "MultiLineString", "coordinates": [ [ [ -46.37787, -23.57462 ], [ -46.37814, -23.57555 ], [ -46.37904, -23.57684 ], [ -46.38019, -23.57726 ], [ -46.38251, -23.57733 ], [ -46.38396, -23.57815 ], [ -46.38374, -23.58009 ], [ -46.38305, -23.58045 ], [ -46.38157, -23.58085 ], [ -46.37978, -23.58372 ], [ -46.37981, -23.58529 ], [ -46.37803, -23.58712 ], [ -46.37692, -23.58731 ], [ -46.37711, -23.58863 ], [ -46.37694, -23.5902 ], [ -46.37891, -23.58879 ], [ -46.37981, -23.58847 ], [ -46.38065, -23.5884 ], [ -46.38265, -23.59144 ], [ -46.3828, -23.59399 ], [ -46.38432, -23.59677 ], [ -46.38325, -23.59805 ], [ -46.38313, -23.5995 ], [ -46.38441, -23.60074 ], [ -46.38618, -23.60116 ], [ -46.38728, -23.6009 ], [ -46.3898, -23.60149 ], [ -46.39181, -23.60316 ], [ -46.39355, -23.602 ], [ -46.39563, -23.60232 ], [ -46.39724, -23.6044 ], [ -46.40101, -23.6064 ], [ -46.40052, -23.60754 ], [ -46.39707, -23.60985 ], [ -46.39541, -23.61187 ], [ -46.39478, -23.61248 ], [ -46.39535, -23.6147 ], [ -46.39749, -23.61602 ], [ -46.39784, -23.61909 ], [ -46.40009, -23.62054 ], [ -46.40097, -23.62243 ], [ -46.40226, -23.62294 ], [ -46.4034, -23.6239 ], [ -46.40528, -23.62316 ], [ -46.40651, -23.62345 ], [ -46.40739, -23.62612 ], [ -46.40801, -23.62707 ], [ -46.40711, -23.62803 ], [ -46.40691, -23.62899 ], [ -46.40634, -23.63006 ], [ -46.40674, -23.63073 ], [ -46.40674, -23.6321 ], [ -46.40915, -23.63381 ], [ -46.41211, -23.63574 ], [ -46.41352, -23.63617 ], [ -46.41865, -23.63937 ], [ -46.42112, -23.64216 ], [ -46.42091, -23.64374 ], [ -46.42327, -23.64514 ] ], [ [ -46.38331, -23.57025 ], [ -46.38365, -23.57109 ], [ -46.38304, -23.57213 ], [ -46.38172, -23.57278 ], [ -46.38017, -23.57417 ], [ -46.37866, -23.57426 ], [ -46.37787, -23.57462 ] ], [ [ -46.37884, -23.56172 ], [ -46.37996, -23.56088 ], [ -46.38151, -23.56021 ] ], [ [ -46.38151, -23.56021 ], [ -46.38291, -23.55654 ] ], [ [ -46.38331, -23.57025 ], [ -46.38354, -23.56904 ], [ -46.38211, -23.56835 ], [ -46.38236, -23.56696 ], [ -46.38165, -23.56566 ], [ -46.38012, -23.56516 ], [ -46.3797, -23.56282 ], [ -46.37884, -23.56172 ] ] ] } },
{ "type": "Feature", "properties": { "name": "Rio Guaió", "k": "river" }, "geometry": { "type": "MultiLineString", "coordinates": [ [ [ -46.39995, -23.6447 ], [ -46.39978, -23.64451 ] ], [ [ -46.38694, -23.62054 ], [ -46.38685, -23.62047 ] ], [ [ -46.39737, -23.65778 ], [ -46.39752, -23.65646 ] ], [ [ -46.39752, -23.65646 ], [ -46.39759, -23.65634 ] ], [ [ -46.39759, -23.65634 ], [ -46.39771, -23.65598 ], [ -46.398, -23.65565 ], [ -46.39793, -23.65551 ], [ -46.39799, -23.65532 ], [ -46.39843, -23.6553 ], [ -46.39861, -23.65516 ], [ -46.39861, -23.65501 ], [ -46.39876, -23.65494 ], [ -46.3989, -23.65456 ], [ -46.39921, -23.65428 ], [ -46.399, -23.65352 ] ], [ [ -46.39854, -23.65164 ], [ -46.39843, -23.65066 ], [ -46.39852, -23.65026 ], [ -46.39849, -23.64938 ], [ -46.39861, -23.64925 ], [ -46.39923, -23.6491 ], [ -46.39948, -23.64887 ], [ -46.39951, -23.64852 ], [ -46.39936, -23.64811 ], [ -46.39989, -23.64738 ], [ -46.4001, -23.64633 ], [ -46.40014, -23.64539 ], [ -46.39995, -23.6447 ] ], [ [ -46.399, -23.65352 ], [ -46.39854, -23.65164 ] ], [ [ -46.35497, -23.57659 ], [ -46.3547, -23.57627 ], [ -46.35392, -23.57623 ], [ -46.35296, -23.57509 ], [ -46.35313, -23.57421 ], [ -46.35312, -23.574 ], [ -46.35295, -23.57387 ] ], [ [ -46.35503, -23.57668 ], [ -46.35497, -23.57659 ] ], [ [ -46.38408, -23.61807 ], [ -46.38358, -23.61808 ], [ -46.38316, -23.61789 ], [ -46.38278, -23.61767 ], [ -46.38239, -23.61724 ], [ -46.38246, -23.61711 ], [ -46.38233, -23.61698 ], [ -46.38242, -23.61666 ], [ -46.38231, -23.61644 ], [ -46.38249, -23.61604 ], [ -46.38244, -23.61576 ], [ -46.38272, -23.61496 ], [ -46.38268, -23.61457 ], [ -46.38184, -23.61434 ], [ -46.38134, -23.6138 ], [ -46.38032, -23.6138 ], [ -46.37985, -23.6137 ], [ -46.3789, -23.61322 ], [ -46.37856, -23.61261 ], [ -46.3783, -23.61254 ], [ -46.37812, -23.6123 ], [ -46.37822, -23.61176 ], [ -46.37775, -23.61113 ], [ -46.37651, -23.61051 ], [ -46.37565, -23.6103 ], [ -46.37471, -23.61025 ], [ -46.37317, -23.60914 ], [ -46.37285, -23.60837 ], [ -46.37175, -23.60703 ], [ -46.3715, -23.60598 ], [ -46.37121, -23.60581 ], [ -46.3704, -23.60468 ], [ -46.37022, -23.60399 ], [ -46.37024, -23.6033 ], [ -46.37, -23.60279 ], [ -46.37017, -23.60255 ], [ -46.36983, -23.60223 ], [ -46.36951, -23.60091 ], [ -46.36891, -23.60073 ], [ -46.36909, -23.60048 ], [ -46.36829, -23.60012 ], [ -46.36799, -23.59891 ], [ -46.36792, -23.5982 ], [ -46.36799, -23.59774 ], [ -46.36781, -23.59718 ], [ -46.36784, -23.59673 ], [ -46.36756, -23.59602 ], [ -46.36709, -23.59564 ], [ -46.36698, -23.59525 ], [ -46.36716, -23.59445 ], [ -46.36713, -23.59407 ], [ -46.36676, -23.59374 ], [ -46.36679, -23.59355 ], [ -46.36712, -23.59335 ], [ -46.36666, -23.59308 ], [ -46.36664, -23.59283 ], [ -46.36603, -23.59182 ], [ -46.36563, -23.59094 ], [ -46.36583, -23.59053 ], [ -46.36546, -23.5897 ], [ -46.36486, -23.58872 ], [ -46.36428, -23.58845 ], [ -46.36425, -23.58822 ], [ -46.36374, -23.5873 ], [ -46.36311, -23.5871 ], [ -46.36279, -23.58685 ], [ -46.36275, -23.58637 ], [ -46.36321, -23.58609 ], [ -46.3629, -23.58568 ], [ -46.36325, -23.58556 ], [ -46.36308, -23.58525 ], [ -46.36324, -23.58483 ], [ -46.36312, -23.58461 ], [ -46.36244, -23.5845 ], [ -46.36234, -23.58433 ], [ -46.36249, -23.58398 ], [ -46.36241, -23.58381 ], [ -46.36215, -23.58382 ], [ -46.36198, -23.58366 ], [ -46.36195, -23.58336 ], [ -46.36182, -23.58319 ], [ -46.3613, -23.58292 ], [ -46.36098, -23.58255 ], [ -46.36035, -23.5825 ], [ -46.36017, -23.58229 ], [ -46.3596, -23.58202 ], [ -46.35881, -23.58206 ], [ -46.35852, -23.58199 ], [ -46.35835, -23.58174 ], [ -46.35785, -23.58192 ], [ -46.35698, -23.58198 ], [ -46.35684, -23.58172 ], [ -46.35675, -23.58193 ], [ -46.35648, -23.5819 ], [ -46.35636, -23.582 ], [ -46.35604, -23.58192 ], [ -46.35596, -23.58169 ], [ -46.35571, -23.58166 ], [ -46.35582, -23.58159 ], [ -46.35556, -23.58119 ], [ -46.35569, -23.58098 ], [ -46.35544, -23.58093 ], [ -46.3554, -23.58085 ], [ -46.35578, -23.5807 ], [ -46.35557, -23.58029 ], [ -46.35585, -23.58024 ], [ -46.35567, -23.58004 ], [ -46.35589, -23.57986 ], [ -46.35583, -23.57976 ], [ -46.3554, -23.5796 ], [ -46.35546, -23.57955 ], [ -46.35532, -23.57932 ], [ -46.35519, -23.57942 ], [ -46.35501, -23.57889 ], [ -46.35508, -23.5785 ], [ -46.35476, -23.57829 ], [ -46.35489, -23.57764 ], [ -46.35483, -23.57733 ], [ -46.35495, -23.57719 ], [ -46.35503, -23.57668 ] ], [ [ -46.34223, -23.5601 ], [ -46.34228, -23.55995 ] ], [ [ -46.35295, -23.57387 ], [ -46.35208, -23.57393 ], [ -46.35194, -23.57403 ], [ -46.35094, -23.57379 ], [ -46.35051, -23.57404 ], [ -46.34994, -23.57396 ], [ -46.34971, -23.57365 ], [ -46.35, -23.57349 ], [ -46.34967, -23.57293 ], [ -46.34914, -23.57261 ], [ -46.34934, -23.57224 ], [ -46.34911, -23.57198 ], [ -46.34873, -23.57194 ], [ -46.34826, -23.57129 ], [ -46.3482, -23.57059 ], [ -46.34787, -23.56997 ], [ -46.3469, -23.56945 ], [ -46.34679, -23.56907 ], [ -46.34699, -23.56902 ], [ -46.34684, -23.56855 ], [ -46.34656, -23.56848 ], [ -46.34626, -23.56781 ], [ -46.34601, -23.56766 ], [ -46.34594, -23.56702 ], [ -46.34522, -23.56609 ], [ -46.34526, -23.56591 ], [ -46.34478, -23.56586 ], [ -46.3447, -23.56575 ], [ -46.34413, -23.56572 ], [ -46.34404, -23.56579 ], [ -46.34384, -23.5657 ], [ -46.34366, -23.56513 ], [ -46.3439, -23.56483 ], [ -46.34426, -23.56404 ], [ -46.34407, -23.56336 ], [ -46.34358, -23.56321 ], [ -46.34321, -23.56286 ], [ -46.34335, -23.56268 ], [ -46.34335, -23.56233 ], [ -46.34307, -23.56178 ], [ -46.34266, -23.56163 ], [ -46.34278, -23.56145 ], [ -46.34268, -23.56128 ], [ -46.34277, -23.56081 ], [ -46.34235, -23.56075 ], [ -46.34223, -23.5601 ] ], [ [ -46.34228, -23.55995 ], [ -46.34252, -23.55964 ], [ -46.34246, -23.55948 ], [ -46.34273, -23.55951 ], [ -46.34246, -23.55919 ], [ -46.34237, -23.55817 ], [ -46.34277, -23.55756 ], [ -46.34257, -23.55623 ], [ -46.34244, -23.55617 ], [ -46.3425, -23.55601 ], [ -46.34231, -23.55587 ], [ -46.34252, -23.5555 ], [ -46.34247, -23.55543 ], [ -46.34223, -23.5555 ], [ -46.34215, -23.55536 ], [ -46.34229, -23.55525 ], [ -46.34217, -23.55441 ], [ -46.34228, -23.55425 ], [ -46.34222, -23.55408 ], [ -46.34175, -23.55379 ], [ -46.34102, -23.54935 ], [ -46.34128, -23.54828 ], [ -46.34107, -23.54823 ], [ -46.34113, -23.54798 ], [ -46.34132, -23.54797 ], [ -46.34135, -23.54779 ], [ -46.3412, -23.54751 ], [ -46.3413, -23.54707 ], [ -46.34107, -23.54682 ], [ -46.34091, -23.54679 ], [ -46.34073, -23.54654 ], [ -46.34064, -23.54616 ], [ -46.3402, -23.54575 ], [ -46.33966, -23.54553 ], [ -46.33902, -23.54544 ], [ -46.33885, -23.54522 ], [ -46.33819, -23.54504 ], [ -46.3376, -23.54394 ], [ -46.3372, -23.54341 ], [ -46.33633, -23.54266 ] ], [ [ -46.33633, -23.54266 ], [ -46.33625, -23.54259 ] ], [ [ -46.33625, -23.54259 ], [ -46.3349, -23.54136 ], [ -46.33471, -23.54088 ], [ -46.3342, -23.54053 ], [ -46.33331, -23.54044 ], [ -46.33319, -23.54019 ], [ -46.33334, -23.53998 ], [ -46.33276, -23.53943 ], [ -46.33174, -23.53913 ], [ -46.33149, -23.539 ], [ -46.33137, -23.53881 ], [ -46.33123, -23.53794 ], [ -46.33139, -23.53764 ], [ -46.33166, -23.53611 ], [ -46.33166, -23.53477 ], [ -46.33108, -23.53315 ], [ -46.3313, -23.53196 ], [ -46.32928, -23.52956 ], [ -46.32923, -23.52841 ], [ -46.32987, -23.52741 ], [ -46.32983, -23.52683 ], [ -46.32899, -23.52423 ] ], [ [ -46.32943, -23.5197 ], [ -46.32909, -23.51935 ], [ -46.32925, -23.51812 ], [ -46.32917, -23.51795 ], [ -46.32659, -23.51453 ] ], [ [ -46.32964, -23.51989 ], [ -46.32943, -23.5197 ] ], [ [ -46.32896, -23.52416 ], [ -46.32887, -23.52388 ], [ -46.32908, -23.52209 ], [ -46.32905, -23.52062 ], [ -46.32964, -23.51989 ] ], [ [ -46.32899, -23.52423 ], [ -46.32896, -23.52416 ] ] ] } },
{ "type": "Feature", "properties": { "name": "Taiaçupeba-Mirim", "k": "river" }, "geometry": { "type": "MultiLineString", "coordinates": [ [ [ -46.33082, -23.64617 ], [ -46.33094, -23.64624 ] ], [ [ -46.32153, -23.63448 ], [ -46.32178, -23.63493 ], [ -46.32179, -23.63543 ], [ -46.32186, -23.63551 ], [ -46.32306, -23.63554 ], [ -46.32366, -23.63567 ] ], [ [ -46.32366, -23.63567 ], [ -46.32389, -23.63575 ] ] ] } },
{ "type": "Feature", "properties": { "name": "Rio Taiaçupeba-Mirim", "k": "river" }, "geometry": { "type": "MultiLineString", "coordinates": [ [ [ -46.33094, -23.64624 ], [ -46.33129, -23.64658 ], [ -46.3315, -23.64707 ], [ -46.33136, -23.64744 ], [ -46.33056, -23.64811 ], [ -46.33059, -23.64851 ], [ -46.33044, -23.64884 ], [ -46.33062, -23.64909 ], [ -46.33113, -23.64936 ], [ -46.33125, -23.64986 ], [ -46.33154, -23.65001 ], [ -46.33155, -23.65067 ], [ -46.33135, -23.65073 ], [ -46.3313, -23.65085 ], [ -46.3318, -23.65107 ], [ -46.33238, -23.65157 ], [ -46.33301, -23.65251 ], [ -46.33316, -23.65252 ], [ -46.33339, -23.65236 ], [ -46.33354, -23.65247 ], [ -46.33353, -23.65268 ], [ -46.33461, -23.65285 ], [ -46.33484, -23.65315 ], [ -46.33519, -23.65327 ], [ -46.33534, -23.65361 ], [ -46.33567, -23.65368 ], [ -46.33592, -23.65361 ], [ -46.33608, -23.65391 ], [ -46.33635, -23.65395 ], [ -46.33638, -23.65415 ], [ -46.33659, -23.65419 ], [ -46.33662, -23.65428 ], [ -46.33645, -23.65435 ], [ -46.33641, -23.65449 ], [ -46.33654, -23.65478 ], [ -46.33703, -23.65511 ], [ -46.33705, -23.65547 ], [ -46.33744, -23.65584 ], [ -46.33756, -23.6564 ], [ -46.33796, -23.65679 ], [ -46.33843, -23.65769 ], [ -46.33878, -23.65789 ], [ -46.34051, -23.65974 ], [ -46.34089, -23.66001 ], [ -46.34163, -23.66081 ], [ -46.34204, -23.66043 ], [ -46.34242, -23.66034 ], [ -46.34269, -23.66065 ], [ -46.34328, -23.66088 ], [ -46.34362, -23.66137 ], [ -46.3437, -23.66164 ], [ -46.34406, -23.66181 ], [ -46.34436, -23.6623 ], [ -46.34491, -23.66252 ], [ -46.34526, -23.66281 ], [ -46.34558, -23.66359 ], [ -46.3462, -23.66427 ], [ -46.3461, -23.66465 ], [ -46.346, -23.66461 ], [ -46.34603, -23.66444 ], [ -46.34577, -23.66455 ], [ -46.34595, -23.66475 ], [ -46.34636, -23.66478 ], [ -46.34647, -23.665 ], [ -46.34703, -23.66492 ], [ -46.34752, -23.66507 ], [ -46.34781, -23.6653 ], [ -46.34812, -23.66538 ], [ -46.34811, -23.66559 ], [ -46.34839, -23.66562 ], [ -46.34853, -23.66589 ], [ -46.34839, -23.66609 ], [ -46.3486, -23.66674 ], [ -46.34879, -23.66698 ], [ -46.34874, -23.66749 ], [ -46.34889, -23.66789 ], [ -46.34879, -23.66802 ], [ -46.34892, -23.66812 ] ], [ [ -46.34892, -23.66812 ], [ -46.34967, -23.66881 ], [ -46.34993, -23.66936 ], [ -46.35082, -23.67008 ], [ -46.35134, -23.67188 ] ], [ [ -46.35139, -23.67199 ], [ -46.35149, -23.6722 ], [ -46.35138, -23.6725 ], [ -46.35143, -23.67287 ], [ -46.35267, -23.67393 ], [ -46.35481, -23.6748 ], [ -46.35506, -23.67475 ], [ -46.35515, -23.67483 ], [ -46.35502, -23.67499 ], [ -46.35512, -23.67506 ], [ -46.35533, -23.67501 ], [ -46.35547, -23.67513 ], [ -46.35566, -23.6751 ] ], [ [ -46.3678, -23.69519 ], [ -46.36783, -23.69529 ] ], [ [ -46.36125, -23.6813 ], [ -46.36113, -23.68151 ] ], [ [ -46.32389, -23.63575 ], [ -46.32427, -23.63596 ], [ -46.32495, -23.63697 ], [ -46.32494, -23.63746 ], [ -46.32506, -23.63792 ], [ -46.32548, -23.63851 ], [ -46.32611, -23.63892 ], [ -46.32636, -23.63972 ], [ -46.32656, -23.64005 ], [ -46.3273, -23.64087 ], [ -46.3274, -23.64148 ], [ -46.3284, -23.64264 ], [ -46.32836, -23.64283 ], [ -46.32814, -23.64303 ], [ -46.32819, -23.64359 ], [ -46.3286, -23.64368 ], [ -46.32882, -23.64391 ], [ -46.32928, -23.64392 ], [ -46.32924, -23.64427 ], [ -46.32942, -23.64454 ], [ -46.32929, -23.64486 ], [ -46.32932, -23.64502 ], [ -46.32986, -23.64524 ], [ -46.33003, -23.64574 ], [ -46.33002, -23.64602 ], [ -46.33045, -23.64581 ], [ -46.33082, -23.64617 ] ], [ [ -46.27519, -23.58524 ], [ -46.28416, -23.59549 ], [ -46.28825, -23.59808 ], [ -46.28892, -23.59946 ], [ -46.28934, -23.60069 ], [ -46.29031, -23.60109 ], [ -46.2905, -23.60185 ], [ -46.29117, -23.60214 ], [ -46.29152, -23.60246 ], [ -46.29146, -23.60308 ], [ -46.29178, -23.60347 ], [ -46.29239, -23.60383 ], [ -46.29263, -23.60472 ], [ -46.29325, -23.60517 ], [ -46.29351, -23.60591 ], [ -46.29371, -23.60608 ], [ -46.29409, -23.60617 ], [ -46.29438, -23.60651 ], [ -46.29465, -23.60741 ], [ -46.29535, -23.60832 ], [ -46.29561, -23.60843 ], [ -46.29598, -23.609 ], [ -46.29583, -23.60967 ], [ -46.29628, -23.60986 ], [ -46.29662, -23.61044 ], [ -46.29689, -23.6105 ], [ -46.29718, -23.61027 ], [ -46.29749, -23.61101 ], [ -46.29728, -23.61142 ], [ -46.29746, -23.61184 ], [ -46.29816, -23.61175 ], [ -46.29875, -23.61268 ], [ -46.30357, -23.62113 ], [ -46.30381, -23.62126 ], [ -46.30382, -23.6217 ], [ -46.30374, -23.62178 ], [ -46.30387, -23.622 ], [ -46.30442, -23.62287 ], [ -46.30506, -23.62364 ], [ -46.30508, -23.62462 ], [ -46.30526, -23.6251 ], [ -46.30612, -23.62526 ], [ -46.30667, -23.62516 ], [ -46.30727, -23.62555 ], [ -46.30742, -23.62592 ], [ -46.30763, -23.62612 ], [ -46.30812, -23.6264 ], [ -46.30853, -23.62628 ], [ -46.30873, -23.62638 ], [ -46.30973, -23.62633 ], [ -46.30998, -23.62642 ], [ -46.31054, -23.62632 ], [ -46.31095, -23.62644 ], [ -46.31158, -23.62627 ], [ -46.31236, -23.62628 ], [ -46.3127, -23.62658 ], [ -46.31285, -23.62689 ], [ -46.31324, -23.62711 ], [ -46.31336, -23.62744 ], [ -46.31392, -23.62781 ], [ -46.31405, -23.62813 ], [ -46.31435, -23.62822 ], [ -46.31479, -23.62868 ], [ -46.3155, -23.62892 ], [ -46.31681, -23.63008 ], [ -46.31732, -23.63016 ], [ -46.31815, -23.63087 ], [ -46.3194, -23.63155 ], [ -46.3201, -23.63173 ], [ -46.32031, -23.63248 ], [ -46.32034, -23.63312 ], [ -46.32102, -23.6335 ], [ -46.32153, -23.63448 ] ] ] } },
{ "type": "Feature", "properties": { "name": "Córrego do Trapoá", "k": "river" }, "geometry": { "type": "MultiLineString", "coordinates": [ [ [ -46.36033, -23.67924 ], [ -46.36044, -23.67923 ] ], [ [ -46.36772, -23.7018 ], [ -46.36797, -23.70175 ] ], [ [ -46.36062, -23.68197 ], [ -46.36055, -23.68202 ] ] ] } },
{ "type": "Feature", "properties": { "name": "Rio Taiaçupeba-Açu", "k": "river" }, "geometry": { "type": "MultiLineString", "coordinates": [ [ [ -46.25915, -23.63648 ], [ -46.25937, -23.63635 ], [ -46.25937, -23.63591 ], [ -46.25958, -23.63577 ], [ -46.25912, -23.63545 ], [ -46.25905, -23.63523 ] ], [ [ -46.25905, -23.63523 ], [ -46.25917, -23.63488 ], [ -46.25955, -23.63481 ], [ -46.25963, -23.63472 ], [ -46.25947, -23.63433 ], [ -46.25954, -23.63422 ], [ -46.25964, -23.6342 ], [ -46.25988, -23.63443 ], [ -46.26034, -23.63404 ], [ -46.2604, -23.63394 ], [ -46.26028, -23.63378 ], [ -46.26032, -23.6336 ], [ -46.26076, -23.63385 ], [ -46.26096, -23.6338 ], [ -46.26103, -23.63358 ], [ -46.26095, -23.6333 ], [ -46.261, -23.63294 ], [ -46.26115, -23.63287 ], [ -46.26153, -23.63296 ], [ -46.26165, -23.63276 ], [ -46.26179, -23.63281 ], [ -46.262, -23.63272 ], [ -46.26205, -23.63237 ], [ -46.26222, -23.63227 ], [ -46.26234, -23.6323 ], [ -46.2625, -23.63257 ], [ -46.26261, -23.63256 ], [ -46.26297, -23.63207 ], [ -46.26293, -23.63166 ], [ -46.263, -23.63156 ], [ -46.26367, -23.63181 ], [ -46.2641, -23.63187 ], [ -46.26432, -23.63173 ], [ -46.2643, -23.6315 ], [ -46.26383, -23.63156 ], [ -46.26368, -23.63149 ], [ -46.26366, -23.63131 ], [ -46.26454, -23.63091 ], [ -46.26445, -23.63077 ], [ -46.2643, -23.6307 ], [ -46.26389, -23.63097 ], [ -46.26373, -23.63096 ], [ -46.26343, -23.63066 ], [ -46.26372, -23.63027 ], [ -46.26407, -23.63011 ], [ -46.26408, -23.62982 ], [ -46.26426, -23.62969 ], [ -46.26398, -23.62921 ], [ -46.26398, -23.62902 ], [ -46.26428, -23.62913 ], [ -46.26452, -23.62901 ], [ -46.26464, -23.62887 ], [ -46.26461, -23.62868 ], [ -46.2647, -23.6285 ], [ -46.26444, -23.62783 ], [ -46.26409, -23.62748 ], [ -46.26385, -23.62745 ], [ -46.26389, -23.6271 ], [ -46.26407, -23.62695 ], [ -46.26402, -23.62686 ], [ -46.26356, -23.62677 ], [ -46.26369, -23.62656 ], [ -46.26406, -23.62642 ], [ -46.26408, -23.6263 ], [ -46.26395, -23.62613 ], [ -46.26372, -23.62626 ], [ -46.26342, -23.6262 ], [ -46.2635, -23.62576 ], [ -46.26383, -23.62551 ], [ -46.2639, -23.62535 ], [ -46.26333, -23.62494 ], [ -46.26376, -23.62477 ], [ -46.26351, -23.62457 ], [ -46.2635, -23.62421 ], [ -46.26324, -23.62381 ], [ -46.26293, -23.62355 ], [ -46.26291, -23.62316 ], [ -46.26253, -23.62274 ], [ -46.26246, -23.62241 ], [ -46.26218, -23.62231 ], [ -46.26202, -23.62208 ], [ -46.26217, -23.62182 ], [ -46.2619, -23.62142 ], [ -46.26189, -23.6211 ], [ -46.26163, -23.62086 ], [ -46.26152, -23.62051 ], [ -46.26174, -23.62032 ], [ -46.26152, -23.62 ], [ -46.26154, -23.6199 ], [ -46.2619, -23.62004 ], [ -46.26204, -23.62001 ], [ -46.26216, -23.6198 ], [ -46.26201, -23.6196 ], [ -46.2617, -23.61959 ], [ -46.26169, -23.61948 ], [ -46.2621, -23.61852 ], [ -46.2621, -23.61798 ], [ -46.26196, -23.61784 ], [ -46.26226, -23.61766 ], [ -46.26208, -23.6176 ], [ -46.26218, -23.61713 ], [ -46.26191, -23.61697 ], [ -46.26226, -23.61679 ], [ -46.26223, -23.61666 ], [ -46.26195, -23.61648 ], [ -46.26195, -23.616 ], [ -46.26166, -23.61592 ], [ -46.26173, -23.61537 ], [ -46.26186, -23.61507 ], [ -46.2618, -23.61493 ], [ -46.26171, -23.61495 ], [ -46.26126, -23.61531 ], [ -46.26119, -23.61521 ], [ -46.26132, -23.61494 ], [ -46.26127, -23.61464 ], [ -46.26091, -23.61417 ], [ -46.26071, -23.61354 ], [ -46.26003, -23.6132 ], [ -46.25977, -23.6127 ], [ -46.25866, -23.61194 ], [ -46.25837, -23.61154 ], [ -46.25835, -23.61101 ], [ -46.25841, -23.61085 ], [ -46.264, -23.606 ], [ -46.26649, -23.59373 ], [ -46.26678, -23.59303 ], [ -46.26772, -23.59197 ], [ -46.27519, -23.58524 ], [ -46.28114, -23.5745 ], [ -46.28161, -23.57126 ] ] ] } },
{ "type": "Feature", "properties": { "name": "Taiaçupeba-Açu", "k": "river" }, "geometry": { "type": "LineString", "coordinates": [ [ -46.25432, -23.65137 ], [ -46.25439, -23.6512 ], [ -46.25465, -23.65112 ], [ -46.25444, -23.65094 ], [ -46.25478, -23.65053 ], [ -46.25432, -23.65022 ], [ -46.25476, -23.64994 ], [ -46.25487, -23.6497 ], [ -46.25467, -23.64962 ], [ -46.25462, -23.64935 ], [ -46.25527, -23.64904 ], [ -46.2552, -23.64877 ], [ -46.25564, -23.64831 ], [ -46.25537, -23.64815 ], [ -46.25577, -23.64722 ], [ -46.2569, -23.6462 ], [ -46.25693, -23.64609 ], [ -46.25724, -23.64615 ], [ -46.25739, -23.646 ], [ -46.25722, -23.64568 ], [ -46.25725, -23.64558 ], [ -46.25745, -23.64553 ], [ -46.25741, -23.64537 ], [ -46.25707, -23.64525 ], [ -46.257, -23.64508 ], [ -46.25719, -23.64464 ], [ -46.2573, -23.64458 ], [ -46.2575, -23.64467 ], [ -46.25753, -23.64446 ], [ -46.25782, -23.64428 ], [ -46.25776, -23.64412 ], [ -46.25735, -23.64398 ], [ -46.25733, -23.64375 ], [ -46.25766, -23.64381 ], [ -46.258, -23.64349 ], [ -46.2581, -23.64315 ], [ -46.25831, -23.64298 ], [ -46.25808, -23.64288 ], [ -46.25818, -23.64267 ], [ -46.25785, -23.64271 ], [ -46.25774, -23.64249 ], [ -46.25779, -23.64225 ], [ -46.25805, -23.64233 ], [ -46.25824, -23.64227 ], [ -46.25832, -23.64174 ], [ -46.25787, -23.64192 ], [ -46.25767, -23.64193 ], [ -46.25753, -23.64181 ], [ -46.25751, -23.6413 ], [ -46.25765, -23.64081 ], [ -46.25729, -23.64073 ], [ -46.25733, -23.6406 ], [ -46.2576, -23.64058 ], [ -46.25819, -23.63951 ], [ -46.25769, -23.63937 ], [ -46.25767, -23.63909 ], [ -46.25832, -23.63887 ], [ -46.2583, -23.63859 ], [ -46.25937, -23.63778 ], [ -46.25958, -23.63748 ], [ -46.25922, -23.63723 ], [ -46.25902, -23.63694 ], [ -46.25907, -23.63678 ], [ -46.25934, -23.63668 ], [ -46.25938, -23.63658 ], [ -46.25915, -23.63648 ] ] } },
{ "type": "Feature", "properties": { "name": "Rio Itatinga", "k": "river" }, "geometry": { "type": "LineString", "coordinates": [ [ -46.20787, -23.79767 ], [ -46.20745, -23.79741 ], [ -46.20737, -23.79677 ], [ -46.20716, -23.79646 ], [ -46.20607, -23.79604 ], [ -46.20443, -23.79516 ], [ -46.20426, -23.79496 ], [ -46.20366, -23.79463 ], [ -46.20341, -23.79382 ], [ -46.20296, -23.79382 ], [ -46.20178, -23.79414 ], [ -46.20142, -23.79373 ], [ -46.20128, -23.79276 ], [ -46.20044, -23.79264 ], [ -46.19982, -23.7928 ], [ -46.19943, -23.79262 ], [ -46.19902, -23.79227 ], [ -46.19899, -23.79197 ], [ -46.19883, -23.79167 ], [ -46.19683, -23.79089 ], [ -46.19568, -23.79073 ], [ -46.19548, -23.79045 ], [ -46.19481, -23.78999 ], [ -46.19404, -23.78964 ], [ -46.19319, -23.78949 ], [ -46.19197, -23.78877 ], [ -46.19166, -23.78848 ], [ -46.19023, -23.78776 ], [ -46.18946, -23.78684 ], [ -46.1886, -23.78657 ], [ -46.18837, -23.7864 ], [ -46.18829, -23.78615 ], [ -46.18743, -23.78576 ], [ -46.18702, -23.78546 ], [ -46.18595, -23.78508 ], [ -46.18589, -23.78474 ], [ -46.18594, -23.78432 ], [ -46.18576, -23.78406 ], [ -46.1848, -23.78406 ], [ -46.1845, -23.78382 ], [ -46.1844, -23.78342 ], [ -46.18381, -23.78219 ], [ -46.18297, -23.7811 ], [ -46.18209, -23.78065 ], [ -46.18144, -23.78008 ], [ -46.18089, -23.77941 ], [ -46.17936, -23.77811 ], [ -46.1793, -23.77768 ], [ -46.17945, -23.77721 ], [ -46.17944, -23.77687 ], [ -46.17888, -23.77661 ], [ -46.17793, -23.77651 ], [ -46.17732, -23.77574 ], [ -46.17624, -23.77494 ], [ -46.17562, -23.77425 ], [ -46.17537, -23.77373 ], [ -46.17485, -23.77206 ], [ -46.17473, -23.77123 ], [ -46.17463, -23.77113 ], [ -46.17366, -23.77069 ], [ -46.17348, -23.77069 ], [ -46.17291, -23.77111 ], [ -46.17283, -23.77125 ], [ -46.17281, -23.77167 ], [ -46.17266, -23.77184 ], [ -46.17186, -23.77194 ], [ -46.17142, -23.77209 ], [ -46.17009, -23.77176 ], [ -46.16977, -23.77121 ], [ -46.16931, -23.77076 ], [ -46.16814, -23.76994 ], [ -46.16769, -23.76951 ], [ -46.1674, -23.76839 ], [ -46.16695, -23.76766 ], [ -46.16611, -23.76714 ], [ -46.16503, -23.76698 ], [ -46.16421, -23.76698 ], [ -46.16353, -23.76651 ], [ -46.16339, -23.7662 ], [ -46.16346, -23.76485 ], [ -46.16334, -23.76416 ], [ -46.16303, -23.76319 ], [ -46.16251, -23.76243 ], [ -46.16258, -23.76215 ], [ -46.16232, -23.76146 ], [ -46.16243, -23.76106 ], [ -46.16284, -23.76041 ], [ -46.16304, -23.75983 ], [ -46.16307, -23.75949 ], [ -46.16215, -23.75865 ], [ -46.16128, -23.75673 ], [ -46.16095, -23.75626 ], [ -46.16069, -23.75616 ], [ -46.15966, -23.75636 ], [ -46.15953, -23.75625 ], [ -46.1595, -23.75614 ], [ -46.16013, -23.75506 ], [ -46.16016, -23.75487 ], [ -46.15996, -23.7544 ], [ -46.15914, -23.75401 ], [ -46.15815, -23.75382 ], [ -46.15805, -23.75371 ], [ -46.15802, -23.75325 ], [ -46.1581, -23.75306 ], [ -46.15828, -23.75292 ], [ -46.15908, -23.75301 ], [ -46.15982, -23.75269 ], [ -46.16024, -23.75226 ], [ -46.16039, -23.75152 ], [ -46.16057, -23.75136 ], [ -46.16103, -23.75129 ], [ -46.16251, -23.75156 ], [ -46.16278, -23.75154 ], [ -46.16456, -23.75094 ], [ -46.16468, -23.75078 ], [ -46.1647, -23.75043 ], [ -46.1638, -23.74937 ], [ -46.16335, -23.74928 ], [ -46.16286, -23.74954 ], [ -46.16268, -23.74956 ], [ -46.16251, -23.74945 ], [ -46.16245, -23.74865 ], [ -46.16226, -23.74837 ], [ -46.16136, -23.74823 ], [ -46.16097, -23.74768 ], [ -46.16022, -23.7471 ], [ -46.1597, -23.74702 ], [ -46.15906, -23.74713 ], [ -46.15892, -23.74706 ], [ -46.1586, -23.7464 ], [ -46.15894, -23.74557 ], [ -46.15895, -23.74517 ], [ -46.15863, -23.7446 ], [ -46.15857, -23.74415 ], [ -46.15827, -23.74358 ], [ -46.15769, -23.74201 ], [ -46.15759, -23.74189 ], [ -46.157, -23.74171 ], [ -46.15674, -23.74138 ], [ -46.15653, -23.74056 ], [ -46.1562, -23.74051 ], [ -46.15518, -23.74066 ], [ -46.15427, -23.74033 ], [ -46.15306, -23.74025 ], [ -46.15243, -23.74 ], [ -46.15207, -23.73927 ], [ -46.1508, -23.73765 ], [ -46.15038, -23.73684 ], [ -46.14947, -23.73586 ], [ -46.14998, -23.7353 ], [ -46.14952, -23.73393 ], [ -46.1489, -23.73302 ], [ -46.1489, -23.73209 ], [ -46.14895, -23.73179 ], [ -46.1492, -23.73131 ], [ -46.1492, -23.73108 ], [ -46.14865, -23.73036 ], [ -46.14764, -23.7285 ], [ -46.14739, -23.72838 ], [ -46.14643, -23.72854 ], [ -46.14488, -23.72856 ], [ -46.14475, -23.72868 ], [ -46.14475, -23.72884 ], [ -46.14501, -23.72937 ], [ -46.14499, -23.72959 ], [ -46.14476, -23.72993 ], [ -46.14387, -23.73007 ], [ -46.14283, -23.73092 ], [ -46.14113, -23.73192 ], [ -46.14084, -23.732 ], [ -46.14048, -23.73182 ], [ -46.14023, -23.73093 ], [ -46.14012, -23.73088 ], [ -46.13936, -23.73113 ], [ -46.13897, -23.73136 ], [ -46.13853, -23.73185 ], [ -46.13809, -23.73208 ], [ -46.13781, -23.73239 ], [ -46.13777, -23.73315 ], [ -46.13756, -23.73344 ], [ -46.1373, -23.73448 ], [ -46.13709, -23.73478 ], [ -46.1364, -23.7353 ], [ -46.13595, -23.73535 ], [ -46.13561, -23.7356 ], [ -46.1351, -23.7358 ], [ -46.13495, -23.73609 ], [ -46.135, -23.73658 ], [ -46.13489, -23.73671 ], [ -46.13453, -23.73677 ], [ -46.13379, -23.73655 ], [ -46.13347, -23.73661 ], [ -46.13303, -23.73683 ], [ -46.13114, -23.73735 ], [ -46.13058, -23.73782 ], [ -46.13044, -23.73808 ], [ -46.13058, -23.73856 ], [ -46.13105, -23.73916 ], [ -46.13107, -23.73961 ], [ -46.13042, -23.74005 ], [ -46.13028, -23.74027 ], [ -46.12992, -23.74141 ], [ -46.12988, -23.74187 ], [ -46.12944, -23.74272 ], [ -46.12928, -23.74372 ], [ -46.12893, -23.74419 ], [ -46.12857, -23.74447 ], [ -46.12802, -23.74467 ], [ -46.12622, -23.74465 ], [ -46.12487, -23.7449 ], [ -46.12445, -23.74557 ], [ -46.1236, -23.74663 ], [ -46.12327, -23.74682 ], [ -46.12318, -23.74709 ], [ -46.12296, -23.74732 ], [ -46.12199, -23.7475 ], [ -46.12174, -23.74779 ], [ -46.12153, -23.7483 ], [ -46.12062, -23.74899 ], [ -46.12021, -23.74914 ], [ -46.11997, -23.74959 ], [ -46.11948, -23.74983 ], [ -46.11916, -23.75081 ], [ -46.11893, -23.75121 ], [ -46.1186, -23.75155 ], [ -46.11773, -23.75179 ], [ -46.11758, -23.752 ], [ -46.11679, -23.75248 ], [ -46.11664, -23.75318 ], [ -46.11629, -23.75376 ], [ -46.11554, -23.7544 ], [ -46.11548, -23.75469 ], [ -46.11574, -23.75511 ], [ -46.11579, -23.75555 ], [ -46.11566, -23.75616 ], [ -46.11624, -23.75739 ], [ -46.11635, -23.7585 ], [ -46.11624, -23.75875 ], [ -46.1151, -23.75999 ], [ -46.11443, -23.76038 ], [ -46.11315, -23.76149 ], [ -46.11264, -23.76272 ], [ -46.11225, -23.763 ], [ -46.11184, -23.764 ], [ -46.11148, -23.76416 ], [ -46.1108, -23.76484 ], [ -46.11091, -23.76574 ], [ -46.11059, -23.76616 ], [ -46.10847, -23.76702 ], [ -46.10815, -23.76725 ], [ -46.10786, -23.76735 ], [ -46.10715, -23.76739 ], [ -46.10644, -23.7682 ], [ -46.10639, -23.76864 ], [ -46.10654, -23.76913 ], [ -46.10643, -23.7695 ], [ -46.10628, -23.76963 ], [ -46.106, -23.77127 ], [ -46.10553, -23.77204 ], [ -46.10504, -23.77353 ], [ -46.10507, -23.77396 ], [ -46.10518, -23.7742 ], [ -46.10607, -23.77464 ], [ -46.10617, -23.77479 ], [ -46.10626, -23.77557 ], [ -46.10619, -23.77612 ], [ -46.10668, -23.77701 ], [ -46.10669, -23.77731 ], [ -46.10614, -23.77866 ], [ -46.10588, -23.77974 ], [ -46.1051, -23.78103 ], [ -46.10493, -23.78154 ], [ -46.10496, -23.78224 ], [ -46.10514, -23.78271 ], [ -46.10569, -23.78351 ], [ -46.10575, -23.78373 ], [ -46.10562, -23.78428 ], [ -46.10523, -23.78461 ], [ -46.10483, -23.78464 ], [ -46.10463, -23.78455 ], [ -46.10434, -23.78411 ], [ -46.10422, -23.78326 ], [ -46.10384, -23.78283 ], [ -46.10272, -23.78253 ], [ -46.10187, -23.78218 ], [ -46.10074, -23.78152 ], [ -46.09972, -23.7817 ], [ -46.09932, -23.78211 ], [ -46.0993, -23.78239 ], [ -46.09939, -23.78398 ], [ -46.09971, -23.78437 ], [ -46.1002, -23.78442 ], [ -46.10153, -23.78395 ], [ -46.10195, -23.78409 ], [ -46.10204, -23.78427 ], [ -46.1019, -23.78487 ], [ -46.10129, -23.78565 ], [ -46.10122, -23.78587 ], [ -46.10118, -23.78654 ], [ -46.1015, -23.78727 ], [ -46.10313, -23.78725 ], [ -46.10352, -23.78733 ], [ -46.10384, -23.78751 ], [ -46.104, -23.78776 ], [ -46.1042, -23.78882 ], [ -46.10487, -23.78984 ], [ -46.10499, -23.79041 ], [ -46.10488, -23.79078 ], [ -46.1042, -23.79205 ], [ -46.1041, -23.79248 ], [ -46.10418, -23.79291 ], [ -46.10449, -23.79329 ], [ -46.10632, -23.79417 ], [ -46.10665, -23.79445 ], [ -46.10684, -23.79484 ], [ -46.10684, -23.79522 ], [ -46.10659, -23.7963 ] ] } },
{ "type": "Feature", "properties": { "name": "Rio Jaguareguava", "k": "river" }, "geometry": { "type": "LineString", "coordinates": [ [ -46.22851, -23.84205 ], [ -46.22752, -23.84404 ], [ -46.22505, -23.84758 ], [ -46.22409, -23.84816 ], [ -46.22311, -23.849 ], [ -46.22251, -23.84927 ], [ -46.22014, -23.84855 ], [ -46.21763, -23.84838 ], [ -46.21689, -23.84791 ], [ -46.21626, -23.84772 ], [ -46.21497, -23.84768 ], [ -46.21415, -23.84795 ], [ -46.21025, -23.84791 ], [ -46.20956, -23.8477 ], [ -46.20838, -23.84792 ], [ -46.20759, -23.84795 ], [ -46.2064, -23.84775 ], [ -46.20496, -23.8471 ], [ -46.20338, -23.84682 ], [ -46.2028, -23.84657 ], [ -46.20244, -23.8463 ], [ -46.2016, -23.84627 ], [ -46.20134, -23.84601 ], [ -46.2007, -23.84593 ], [ -46.20033, -23.84552 ], [ -46.19952, -23.84536 ], [ -46.19918, -23.84549 ], [ -46.19837, -23.84528 ], [ -46.19799, -23.84511 ], [ -46.19775, -23.84465 ], [ -46.19707, -23.8442 ], [ -46.1949, -23.8432 ], [ -46.19447, -23.84263 ], [ -46.1936, -23.84087 ], [ -46.19225, -23.83933 ], [ -46.19113, -23.83852 ], [ -46.19093, -23.83825 ], [ -46.19092, -23.83801 ], [ -46.19082, -23.83787 ], [ -46.18854, -23.83658 ], [ -46.18798, -23.83649 ], [ -46.18783, -23.83657 ], [ -46.18776, -23.83681 ], [ -46.18792, -23.83744 ], [ -46.18782, -23.83766 ], [ -46.18748, -23.83787 ], [ -46.1864, -23.83781 ], [ -46.18588, -23.83812 ], [ -46.18565, -23.83841 ], [ -46.1856, -23.83864 ], [ -46.18452, -23.83909 ], [ -46.1843, -23.83902 ], [ -46.18332, -23.83747 ], [ -46.18305, -23.83793 ], [ -46.1829, -23.83805 ], [ -46.18263, -23.83801 ], [ -46.18245, -23.83782 ], [ -46.18269, -23.8374 ], [ -46.18267, -23.83722 ], [ -46.18243, -23.83705 ], [ -46.18211, -23.83708 ], [ -46.18196, -23.83728 ], [ -46.182, -23.83768 ], [ -46.1818, -23.83786 ], [ -46.18163, -23.83786 ], [ -46.18051, -23.83702 ], [ -46.18037, -23.83703 ], [ -46.17985, -23.83786 ], [ -46.1784, -23.83787 ], [ -46.17721, -23.83609 ], [ -46.1768, -23.83574 ], [ -46.17644, -23.83569 ], [ -46.17629, -23.83581 ], [ -46.17591, -23.83639 ], [ -46.17594, -23.83717 ], [ -46.17578, -23.83738 ], [ -46.17557, -23.83735 ], [ -46.17504, -23.83688 ], [ -46.17474, -23.83567 ], [ -46.17404, -23.83551 ], [ -46.17205, -23.83452 ], [ -46.17084, -23.83439 ], [ -46.17059, -23.83428 ], [ -46.1696, -23.83245 ], [ -46.16877, -23.83143 ], [ -46.16886, -23.83051 ], [ -46.16863, -23.83019 ], [ -46.16848, -23.83016 ], [ -46.168, -23.83046 ], [ -46.16612, -23.83025 ] ] } },
{ "type": "Feature", "properties": { "name": "Rio Trinidade", "k": "river" }, "geometry": { "type": "MultiLineString", "coordinates": [ [ [ -46.26655, -23.89243 ], [ -46.26678, -23.89315 ] ], [ [ -46.25587, -23.88166 ], [ -46.25904, -23.88308 ], [ -46.26106, -23.88414 ], [ -46.26296, -23.88533 ], [ -46.26458, -23.88712 ], [ -46.26456, -23.88771 ], [ -46.26441, -23.8881 ], [ -46.26424, -23.88828 ], [ -46.26453, -23.8889 ], [ -46.26438, -23.88922 ], [ -46.26419, -23.88936 ], [ -46.26422, -23.88957 ], [ -46.26396, -23.88965 ], [ -46.26382, -23.88984 ], [ -46.26428, -23.89011 ], [ -46.26413, -23.89031 ], [ -46.26416, -23.89047 ], [ -46.26518, -23.89081 ], [ -46.2652, -23.89102 ], [ -46.26541, -23.89118 ], [ -46.26581, -23.8912 ], [ -46.26588, -23.89146 ], [ -46.26635, -23.89179 ], [ -46.26621, -23.89202 ], [ -46.26655, -23.89243 ] ], [ [ -46.26678, -23.89315 ], [ -46.2672, -23.89342 ], [ -46.26722, -23.89395 ], [ -46.26748, -23.89411 ], [ -46.2676, -23.89433 ], [ -46.26756, -23.89537 ], [ -46.26742, -23.89563 ], [ -46.26744, -23.89579 ], [ -46.26765, -23.89607 ], [ -46.26805, -23.8961 ], [ -46.2683, -23.89663 ], [ -46.26881, -23.89696 ], [ -46.26899, -23.89775 ], [ -46.2692, -23.89811 ], [ -46.26955, -23.89836 ], [ -46.27068, -23.89846 ], [ -46.27112, -23.89864 ], [ -46.27127, -23.899 ], [ -46.27119, -23.90004 ], [ -46.27129, -23.90064 ], [ -46.27084, -23.90103 ], [ -46.27073, -23.90123 ], [ -46.2707, -23.90155 ], [ -46.27087, -23.90196 ], [ -46.27062, -23.90242 ], [ -46.27066, -23.90282 ], [ -46.27051, -23.90296 ], [ -46.27008, -23.90322 ], [ -46.26969, -23.90328 ], [ -46.26951, -23.90315 ], [ -46.2693, -23.9027 ], [ -46.26888, -23.90251 ], [ -46.26856, -23.90254 ], [ -46.26835, -23.90275 ], [ -46.26837, -23.9029 ], [ -46.26881, -23.90329 ], [ -46.26891, -23.90369 ], [ -46.26833, -23.90421 ], [ -46.2681, -23.90425 ], [ -46.26806, -23.90386 ], [ -46.26779, -23.90347 ], [ -46.26673, -23.90356 ], [ -46.26638, -23.90376 ], [ -46.26571, -23.90477 ], [ -46.2649, -23.9057 ], [ -46.26422, -23.90595 ], [ -46.26409, -23.90612 ], [ -46.26413, -23.90632 ], [ -46.26433, -23.90638 ], [ -46.26501, -23.90621 ], [ -46.26541, -23.90636 ], [ -46.26561, -23.90655 ], [ -46.26562, -23.90687 ], [ -46.26522, -23.90751 ], [ -46.26516, -23.90879 ], [ -46.2649, -23.90903 ], [ -46.26445, -23.9091 ], [ -46.26299, -23.90799 ], [ -46.26278, -23.90821 ], [ -46.26298, -23.90885 ], [ -46.26325, -23.91072 ], [ -46.26342, -23.91097 ], [ -46.26373, -23.91114 ], [ -46.26409, -23.91123 ], [ -46.26472, -23.91122 ], [ -46.26528, -23.91111 ], [ -46.26573, -23.91093 ], [ -46.26625, -23.91056 ], [ -46.26707, -23.90968 ], [ -46.26738, -23.90954 ], [ -46.26779, -23.90962 ], [ -46.26795, -23.90997 ], [ -46.26798, -23.91037 ], [ -46.26762, -23.9119 ], [ -46.2678, -23.91229 ], [ -46.26811, -23.91255 ], [ -46.26938, -23.91287 ], [ -46.27004, -23.91317 ], [ -46.27028, -23.91345 ], [ -46.27029, -23.91372 ], [ -46.26984, -23.9139 ], [ -46.2668, -23.91381 ], [ -46.26608, -23.91407 ], [ -46.26588, -23.91431 ], [ -46.26586, -23.9148 ], [ -46.26603, -23.91524 ], [ -46.26666, -23.91589 ], [ -46.26928, -23.91667 ], [ -46.26986, -23.91722 ], [ -46.27006, -23.91763 ], [ -46.2707, -23.91822 ] ] ] } },
{ "type": "Feature", "properties": { "name": "Rio Diana", "k": "river" }, "geometry": { "type": "MultiLineString", "coordinates": [ [ [ -46.28911, -23.88349 ], [ -46.28916, -23.88398 ], [ -46.2895, -23.88477 ], [ -46.28971, -23.88507 ], [ -46.29021, -23.88538 ], [ -46.29022, -23.88566 ], [ -46.29002, -23.88578 ], [ -46.28999, -23.88594 ], [ -46.29014, -23.88607 ], [ -46.29012, -23.88619 ], [ -46.28972, -23.8861 ], [ -46.28959, -23.88618 ], [ -46.29026, -23.88687 ], [ -46.28976, -23.88688 ], [ -46.28966, -23.88702 ], [ -46.28981, -23.88758 ], [ -46.2903, -23.88788 ], [ -46.29, -23.88822 ], [ -46.29007, -23.88832 ], [ -46.29058, -23.88852 ], [ -46.29062, -23.88868 ], [ -46.29031, -23.88884 ], [ -46.29016, -23.88904 ], [ -46.29046, -23.88958 ], [ -46.29053, -23.89025 ], [ -46.29072, -23.89025 ], [ -46.291, -23.88983 ], [ -46.29116, -23.88975 ], [ -46.29131, -23.88975 ], [ -46.29165, -23.89024 ], [ -46.29184, -23.89024 ], [ -46.29232, -23.88981 ], [ -46.2926, -23.88977 ], [ -46.29284, -23.89052 ], [ -46.29266, -23.89064 ], [ -46.29223, -23.89063 ], [ -46.29209, -23.89075 ], [ -46.29218, -23.89134 ], [ -46.29145, -23.89298 ], [ -46.29124, -23.89369 ], [ -46.29085, -23.89443 ], [ -46.29097, -23.89522 ], [ -46.29118, -23.89543 ], [ -46.29147, -23.89555 ], [ -46.29227, -23.89538 ], [ -46.29314, -23.89465 ], [ -46.29432, -23.89345 ], [ -46.2949, -23.89321 ], [ -46.29568, -23.89323 ], [ -46.296, -23.89337 ], [ -46.2968, -23.89391 ], [ -46.2976, -23.89488 ], [ -46.29767, -23.89542 ], [ -46.29717, -23.89729 ], [ -46.29699, -23.89847 ], [ -46.29699, -23.89969 ], [ -46.29652, -23.90023 ], [ -46.29528, -23.90075 ], [ -46.29484, -23.90103 ], [ -46.29468, -23.90128 ], [ -46.29471, -23.90146 ], [ -46.29494, -23.90167 ], [ -46.29735, -23.90259 ] ], [ [ -46.29764, -23.9027 ], [ -46.29906, -23.90324 ], [ -46.30001, -23.90382 ], [ -46.30006, -23.90424 ], [ -46.29982, -23.90467 ], [ -46.29894, -23.90532 ], [ -46.29846, -23.90618 ], [ -46.29825, -23.90711 ], [ -46.29843, -23.90744 ], [ -46.29868, -23.90765 ], [ -46.30018, -23.90752 ], [ -46.30334, -23.90617 ], [ -46.30447, -23.90615 ], [ -46.30545, -23.90624 ], [ -46.3064, -23.90662 ], [ -46.30752, -23.90743 ], [ -46.30777, -23.90784 ], [ -46.30806, -23.90838 ], [ -46.30815, -23.90908 ], [ -46.3082, -23.91131 ], [ -46.30807, -23.91347 ], [ -46.30815, -23.91384 ], [ -46.30838, -23.91424 ], [ -46.309, -23.91482 ], [ -46.31074, -23.91538 ], [ -46.31126, -23.91576 ], [ -46.31163, -23.91634 ], [ -46.31186, -23.91693 ], [ -46.31185, -23.91754 ], [ -46.31141, -23.91833 ], [ -46.3109, -23.91868 ], [ -46.30993, -23.91902 ], [ -46.30951, -23.91927 ], [ -46.30821, -23.92054 ], [ -46.30803, -23.92133 ], [ -46.30814, -23.92208 ] ], [ [ -46.29735, -23.90259 ], [ -46.29764, -23.9027 ] ] ] } },
{ "type": "Feature", "properties": { "name": "Rio Quilombo", "k": "river" }, "geometry": { "type": "MultiLineString", "coordinates": [ [ [ -46.2944, -23.81153 ], [ -46.29559, -23.81194 ], [ -46.29606, -23.81249 ], [ -46.29638, -23.81267 ], [ -46.29718, -23.81367 ], [ -46.29754, -23.81393 ], [ -46.29815, -23.81402 ], [ -46.29916, -23.8139 ], [ -46.29959, -23.814 ], [ -46.29991, -23.81425 ], [ -46.30007, -23.81454 ], [ -46.30033, -23.81624 ], [ -46.30052, -23.81667 ], [ -46.30115, -23.81688 ], [ -46.30252, -23.81692 ], [ -46.30337, -23.81709 ], [ -46.3037, -23.81732 ], [ -46.30398, -23.81803 ], [ -46.30397, -23.81834 ], [ -46.30464, -23.81995 ], [ -46.30544, -23.82061 ], [ -46.30595, -23.82089 ], [ -46.3068, -23.82115 ], [ -46.31043, -23.82131 ], [ -46.31178, -23.82116 ], [ -46.31249, -23.82124 ], [ -46.31435, -23.82267 ], [ -46.31493, -23.823 ], [ -46.31732, -23.82392 ], [ -46.3182, -23.82438 ], [ -46.31981, -23.82564 ], [ -46.32008, -23.8263 ], [ -46.32019, -23.82736 ], [ -46.32012, -23.82842 ], [ -46.3203, -23.82909 ], [ -46.32067, -23.82973 ], [ -46.32148, -23.83023 ], [ -46.3226, -23.83042 ], [ -46.32298, -23.83059 ], [ -46.3231, -23.8308 ], [ -46.32335, -23.83087 ], [ -46.32475, -23.83046 ], [ -46.325, -23.83052 ], [ -46.32512, -23.8308 ], [ -46.32512, -23.83139 ], [ -46.32542, -23.83194 ], [ -46.32555, -23.83248 ], [ -46.32575, -23.83262 ], [ -46.32601, -23.83263 ], [ -46.32614, -23.8328 ], [ -46.32627, -23.83359 ], [ -46.32624, -23.83394 ], [ -46.32594, -23.83451 ], [ -46.32511, -23.83512 ], [ -46.32459, -23.8357 ], [ -46.32368, -23.83643 ], [ -46.32341, -23.83726 ], [ -46.32312, -23.83739 ], [ -46.32307, -23.83753 ], [ -46.32323, -23.8377 ], [ -46.32368, -23.83772 ], [ -46.3238, -23.8378 ], [ -46.32383, -23.83801 ], [ -46.32327, -23.83867 ], [ -46.32288, -23.83891 ], [ -46.32251, -23.83958 ], [ -46.32268, -23.83974 ], [ -46.32344, -23.83983 ], [ -46.32356, -23.83995 ], [ -46.32376, -23.84067 ], [ -46.3243, -23.84128 ], [ -46.32441, -23.84177 ], [ -46.32423, -23.84221 ], [ -46.3242, -23.84271 ], [ -46.32432, -23.84302 ], [ -46.32476, -23.84331 ], [ -46.32443, -23.84408 ], [ -46.3246, -23.84463 ], [ -46.32475, -23.84473 ], [ -46.32536, -23.84479 ], [ -46.32589, -23.84456 ], [ -46.32652, -23.84452 ], [ -46.32707, -23.84408 ], [ -46.32724, -23.84421 ], [ -46.32725, -23.84439 ], [ -46.32708, -23.84464 ], [ -46.32696, -23.8451 ], [ -46.3267, -23.84551 ], [ -46.32682, -23.846 ], [ -46.32676, -23.84611 ], [ -46.32559, -23.84685 ], [ -46.32548, -23.84726 ], [ -46.32569, -23.8476 ], [ -46.32661, -23.84836 ], [ -46.32754, -23.84853 ], [ -46.32773, -23.84865 ], [ -46.32768, -23.84917 ], [ -46.32786, -23.8494 ], [ -46.32789, -23.84966 ], [ -46.32733, -23.85056 ], [ -46.32731, -23.85117 ], [ -46.32744, -23.85134 ], [ -46.32779, -23.85146 ], [ -46.32845, -23.85114 ], [ -46.3287, -23.85124 ], [ -46.32875, -23.85267 ], [ -46.3298, -23.85321 ], [ -46.33003, -23.85349 ], [ -46.32997, -23.85382 ], [ -46.32964, -23.8542 ], [ -46.3296, -23.85457 ], [ -46.32991, -23.8548 ], [ -46.33027, -23.85478 ], [ -46.33086, -23.85499 ], [ -46.33148, -23.85597 ], [ -46.33199, -23.85642 ], [ -46.33202, -23.85691 ], [ -46.33138, -23.85778 ], [ -46.33147, -23.85819 ], [ -46.33176, -23.85846 ], [ -46.33229, -23.85844 ], [ -46.33276, -23.85859 ], [ -46.33299, -23.85946 ], [ -46.33415, -23.86036 ], [ -46.33451, -23.86099 ], [ -46.33573, -23.86177 ], [ -46.3376, -23.8634 ], [ -46.3377, -23.86356 ], [ -46.33805, -23.86535 ], [ -46.3384, -23.86617 ], [ -46.33849, -23.86673 ], [ -46.33879, -23.86721 ], [ -46.33944, -23.86755 ], [ -46.34063, -23.8684 ], [ -46.34166, -23.86878 ], [ -46.34276, -23.8687 ], [ -46.34333, -23.86815 ], [ -46.34485, -23.86735 ], [ -46.34524, -23.86761 ], [ -46.34603, -23.86786 ], [ -46.34652, -23.86829 ], [ -46.34676, -23.8687 ], [ -46.34753, -23.87069 ], [ -46.34802, -23.87108 ], [ -46.34916, -23.87163 ], [ -46.34967, -23.87214 ], [ -46.35005, -23.87235 ], [ -46.3508, -23.8724 ], [ -46.35117, -23.87247 ], [ -46.3513, -23.8726 ], [ -46.35221, -23.87435 ], [ -46.35272, -23.87501 ], [ -46.35307, -23.87574 ], [ -46.35361, -23.87656 ], [ -46.35428, -23.87725 ], [ -46.35562, -23.87813 ] ], [ [ -46.24428, -23.75478 ], [ -46.24486, -23.75499 ], [ -46.24597, -23.75579 ], [ -46.2461, -23.75611 ], [ -46.24587, -23.75718 ], [ -46.24598, -23.75761 ], [ -46.2464, -23.75812 ], [ -46.24632, -23.75861 ], [ -46.24639, -23.75884 ], [ -46.24693, -23.75898 ], [ -46.24709, -23.75916 ], [ -46.24688, -23.75962 ], [ -46.24693, -23.76032 ], [ -46.24674, -23.76097 ], [ -46.24684, -23.76131 ], [ -46.24733, -23.76154 ], [ -46.248, -23.76216 ], [ -46.24887, -23.7627 ], [ -46.24887, -23.76303 ], [ -46.2487, -23.7635 ], [ -46.24874, -23.76376 ], [ -46.2497, -23.76453 ], [ -46.24982, -23.76549 ], [ -46.25085, -23.76585 ], [ -46.2522, -23.76662 ], [ -46.25266, -23.7666 ], [ -46.25287, -23.76672 ], [ -46.2529, -23.76705 ], [ -46.25387, -23.76849 ], [ -46.25391, -23.76885 ], [ -46.25406, -23.76911 ], [ -46.25444, -23.76914 ], [ -46.25516, -23.76942 ], [ -46.25535, -23.76977 ], [ -46.25547, -23.77073 ], [ -46.25609, -23.77138 ], [ -46.257, -23.77193 ], [ -46.25712, -23.77242 ], [ -46.25707, -23.77279 ], [ -46.25776, -23.77369 ], [ -46.2585, -23.77446 ], [ -46.25912, -23.77454 ], [ -46.25947, -23.77468 ], [ -46.25977, -23.77499 ], [ -46.25982, -23.77533 ], [ -46.25969, -23.77591 ], [ -46.26017, -23.7763 ], [ -46.26045, -23.77678 ], [ -46.26091, -23.77721 ], [ -46.26103, -23.77758 ], [ -46.26146, -23.7778 ], [ -46.26174, -23.7781 ], [ -46.26185, -23.77886 ], [ -46.26197, -23.7791 ], [ -46.26213, -23.77927 ], [ -46.26308, -23.77965 ], [ -46.26335, -23.77992 ], [ -46.26404, -23.78014 ], [ -46.26397, -23.78046 ], [ -46.26403, -23.78078 ], [ -46.26485, -23.78126 ], [ -46.26506, -23.78124 ], [ -46.26541, -23.78151 ], [ -46.2654, -23.78181 ], [ -46.26568, -23.78199 ], [ -46.26564, -23.78221 ], [ -46.26674, -23.78268 ], [ -46.26751, -23.78318 ], [ -46.26781, -23.78352 ], [ -46.26819, -23.78422 ], [ -46.26835, -23.78492 ], [ -46.26864, -23.78499 ], [ -46.26873, -23.7849 ], [ -46.2689, -23.78493 ], [ -46.26909, -23.78535 ], [ -46.26938, -23.78566 ], [ -46.2695, -23.78615 ], [ -46.2697, -23.7865 ], [ -46.27043, -23.78694 ], [ -46.2712, -23.7871 ], [ -46.27162, -23.787 ], [ -46.27196, -23.78706 ], [ -46.2721, -23.7872 ], [ -46.27405, -23.78743 ], [ -46.2751, -23.7878 ], [ -46.27666, -23.78866 ], [ -46.27692, -23.78947 ], [ -46.27701, -23.79026 ], [ -46.27719, -23.79066 ], [ -46.27773, -23.79136 ], [ -46.27812, -23.79171 ], [ -46.27828, -23.79228 ], [ -46.27872, -23.7925 ], [ -46.27909, -23.79232 ], [ -46.2794, -23.79238 ], [ -46.28075, -23.7936 ], [ -46.28054, -23.7942 ], [ -46.28062, -23.79499 ], [ -46.28084, -23.79558 ], [ -46.28186, -23.79636 ], [ -46.28203, -23.79685 ], [ -46.28312, -23.79781 ], [ -46.28337, -23.79861 ], [ -46.28384, -23.799 ], [ -46.28408, -23.79935 ], [ -46.28409, -23.80025 ], [ -46.28436, -23.80064 ], [ -46.2849, -23.80094 ], [ -46.28654, -23.8025 ], [ -46.28695, -23.80356 ], [ -46.28727, -23.80387 ], [ -46.28728, -23.80405 ], [ -46.28777, -23.80505 ], [ -46.28807, -23.80543 ], [ -46.28918, -23.8062 ], [ -46.2893, -23.80647 ], [ -46.28957, -23.80672 ], [ -46.29004, -23.80695 ], [ -46.29224, -23.80936 ], [ -46.29341, -23.80966 ], [ -46.29373, -23.81013 ], [ -46.29412, -23.81137 ] ] ] } },
{ "type": "Feature", "properties": { "name": "Rio Mogi", "k": "river" }, "geometry": { "type": "MultiLineString", "coordinates": [ [ [ -46.32026, -23.79088 ], [ -46.32091, -23.79115 ], [ -46.32139, -23.79123 ], [ -46.32228, -23.79174 ], [ -46.32258, -23.79207 ], [ -46.32295, -23.79274 ], [ -46.32366, -23.79238 ], [ -46.32411, -23.79247 ], [ -46.32422, -23.79256 ], [ -46.32429, -23.79282 ], [ -46.32457, -23.79301 ], [ -46.32602, -23.793 ], [ -46.32712, -23.7932 ], [ -46.32745, -23.79339 ], [ -46.32762, -23.7937 ], [ -46.32794, -23.79382 ], [ -46.32826, -23.79411 ], [ -46.32852, -23.79456 ], [ -46.32854, -23.79499 ], [ -46.32878, -23.79538 ], [ -46.32996, -23.79587 ], [ -46.3302, -23.79623 ], [ -46.33041, -23.79631 ], [ -46.33089, -23.79622 ], [ -46.33136, -23.79642 ], [ -46.33253, -23.79629 ], [ -46.33282, -23.79634 ], [ -46.33328, -23.79716 ], [ -46.334, -23.79739 ], [ -46.33424, -23.7974 ], [ -46.33478, -23.7971 ], [ -46.33516, -23.79711 ], [ -46.33561, -23.79692 ], [ -46.33588, -23.79703 ] ], [ [ -46.33588, -23.79703 ], [ -46.3362, -23.79776 ], [ -46.33661, -23.79803 ], [ -46.33728, -23.79873 ], [ -46.33725, -23.79915 ], [ -46.33698, -23.79963 ], [ -46.33697, -23.80031 ], [ -46.33704, -23.80043 ], [ -46.33752, -23.80051 ], [ -46.33842, -23.80045 ], [ -46.339, -23.80066 ], [ -46.34012, -23.80086 ], [ -46.34031, -23.80108 ], [ -46.34038, -23.80138 ], [ -46.34027, -23.80213 ], [ -46.34039, -23.80249 ], [ -46.34062, -23.80279 ], [ -46.34091, -23.80294 ], [ -46.34114, -23.80336 ], [ -46.34184, -23.80366 ], [ -46.34193, -23.80384 ], [ -46.3419, -23.80422 ], [ -46.34206, -23.80454 ], [ -46.34232, -23.80464 ], [ -46.34272, -23.80462 ], [ -46.34302, -23.80428 ], [ -46.34383, -23.80368 ], [ -46.3443, -23.80359 ], [ -46.3449, -23.80395 ], [ -46.3456, -23.8047 ], [ -46.34675, -23.80567 ], [ -46.34741, -23.80592 ], [ -46.3482, -23.80598 ], [ -46.34872, -23.80629 ], [ -46.34889, -23.8077 ], [ -46.34911, -23.80793 ], [ -46.35015, -23.80828 ], [ -46.35068, -23.80871 ], [ -46.35117, -23.80951 ], [ -46.35181, -23.81126 ], [ -46.35245, -23.81175 ], [ -46.35294, -23.8125 ], [ -46.35313, -23.81299 ], [ -46.35389, -23.81389 ], [ -46.35464, -23.81434 ], [ -46.35506, -23.81483 ], [ -46.35618, -23.81656 ], [ -46.35715, -23.81762 ], [ -46.35777, -23.81868 ], [ -46.35807, -23.81898 ], [ -46.35831, -23.81972 ], [ -46.35856, -23.81993 ], [ -46.35968, -23.82044 ], [ -46.36059, -23.82127 ], [ -46.36086, -23.82209 ], [ -46.36232, -23.82435 ], [ -46.36246, -23.82494 ], [ -46.36241, -23.82617 ], [ -46.36257, -23.82677 ], [ -46.36312, -23.8272 ], [ -46.36418, -23.82774 ], [ -46.36445, -23.82803 ], [ -46.36442, -23.82952 ], [ -46.36451, -23.83024 ], [ -46.36523, -23.83132 ], [ -46.36586, -23.83169 ], [ -46.367, -23.83197 ], [ -46.36793, -23.83236 ], [ -46.36825, -23.83275 ], [ -46.37157, -23.83517 ], [ -46.37159, -23.83556 ], [ -46.37071, -23.83667 ], [ -46.37065, -23.83767 ], [ -46.37074, -23.83847 ], [ -46.37036, -23.83937 ], [ -46.37058, -23.84073 ], [ -46.37127, -23.84171 ], [ -46.37145, -23.84225 ], [ -46.37133, -23.84282 ], [ -46.37101, -23.84338 ], [ -46.371, -23.84374 ], [ -46.37124, -23.84396 ], [ -46.3722, -23.84433 ], [ -46.37262, -23.845 ], [ -46.37257, -23.84536 ], [ -46.37182, -23.84586 ], [ -46.37157, -23.84626 ], [ -46.3721, -23.84646 ], [ -46.37222, -23.84661 ], [ -46.37217, -23.8472 ], [ -46.37235, -23.84781 ], [ -46.37261, -23.84811 ], [ -46.37356, -23.84848 ], [ -46.37385, -23.84874 ], [ -46.37384, -23.84994 ], [ -46.37399, -23.85021 ], [ -46.37644, -23.85144 ], [ -46.37772, -23.85186 ], [ -46.38189, -23.85408 ], [ -46.38307, -23.85441 ], [ -46.38328, -23.85454 ], [ -46.38344, -23.85476 ], [ -46.38339, -23.855 ], [ -46.38264, -23.85591 ], [ -46.38238, -23.85674 ], [ -46.38219, -23.85819 ], [ -46.38224, -23.85857 ], [ -46.38242, -23.85892 ], [ -46.38322, -23.85918 ], [ -46.38437, -23.85927 ], [ -46.38557, -23.85949 ], [ -46.38605, -23.85967 ], [ -46.3871, -23.86042 ], [ -46.39088, -23.8621 ], [ -46.39278, -23.86306 ], [ -46.39308, -23.86369 ], [ -46.3931, -23.86397 ], [ -46.39282, -23.86476 ], [ -46.39278, -23.86529 ], [ -46.39281, -23.86582 ], [ -46.39317, -23.86749 ], [ -46.39317, -23.87213 ], [ -46.39334, -23.87298 ], [ -46.39412, -23.87418 ], [ -46.39479, -23.8756 ], [ -46.3954, -23.87646 ], [ -46.39632, -23.87751 ], [ -46.40065, -23.87979 ], [ -46.40132, -23.88027 ], [ -46.40154, -23.88195 ], [ -46.39943, -23.88541 ], [ -46.39916, -23.88629 ], [ -46.39873, -23.88671 ], [ -46.39804, -23.88672 ], [ -46.39767, -23.88627 ], [ -46.39758, -23.88568 ], [ -46.39718, -23.88533 ], [ -46.39625, -23.88504 ], [ -46.39466, -23.88521 ], [ -46.394, -23.8856 ], [ -46.39363, -23.88607 ], [ -46.39356, -23.88651 ], [ -46.39372, -23.88702 ], [ -46.39402, -23.88769 ], [ -46.39462, -23.88831 ], [ -46.39512, -23.88958 ], [ -46.39512, -23.89075 ], [ -46.39486, -23.89163 ], [ -46.39452, -23.89217 ], [ -46.39373, -23.89276 ], [ -46.39315, -23.89302 ], [ -46.39106, -23.89348 ], [ -46.38995, -23.89415 ], [ -46.38935, -23.89505 ], [ -46.38905, -23.89652 ], [ -46.38883, -23.89691 ], [ -46.3883, -23.8975 ], [ -46.38785, -23.8977 ], [ -46.3863, -23.89798 ], [ -46.38534, -23.89834 ], [ -46.38483, -23.89864 ], [ -46.38369, -23.89977 ], [ -46.3832, -23.90001 ], [ -46.38265, -23.90009 ], [ -46.38222, -23.90001 ], [ -46.38182, -23.89981 ], [ -46.38134, -23.89933 ], [ -46.38075, -23.89827 ], [ -46.38003, -23.89624 ], [ -46.37977, -23.8958 ], [ -46.37948, -23.89545 ], [ -46.37872, -23.89497 ], [ -46.378, -23.89483 ], [ -46.37759, -23.89496 ], [ -46.37723, -23.89523 ], [ -46.37662, -23.89624 ], [ -46.3763, -23.89734 ] ] ] } },
{ "type": "Feature", "properties": { "name": "Serra do Mogi", "k": "ridge" }, "geometry": { "type": "LineString", "coordinates": [ [ -46.35786, -23.78892 ], [ -46.3569, -23.78805 ], [ -46.35509, -23.78592 ], [ -46.35339, -23.78443 ], [ -46.35241, -23.78415 ], [ -46.34874, -23.78224 ], [ -46.3457, -23.78087 ] ] } },
{ "type": "Feature", "properties": { "name": "Serra do Meio", "k": "ridge" }, "geometry": { "type": "LineString", "coordinates": [ [ -46.39379, -23.8057 ], [ -46.39353, -23.80515 ], [ -46.39285, -23.80455 ], [ -46.39263, -23.80414 ], [ -46.39251, -23.80343 ], [ -46.39166, -23.80265 ], [ -46.38945, -23.79993 ], [ -46.38815, -23.79935 ], [ -46.38723, -23.79808 ], [ -46.38653, -23.79776 ] ] } },
{ "type": "Feature", "properties": { "name": "Serra do Poço", "k": "ridge" }, "geometry": { "type": "LineString", "coordinates": [ [ -46.41393, -23.81736 ], [ -46.41374, -23.8168 ], [ -46.41093, -23.81449 ], [ -46.4101, -23.81418 ], [ -46.40917, -23.81407 ], [ -46.40876, -23.81346 ], [ -46.40799, -23.81284 ], [ -46.40749, -23.81261 ], [ -46.40709, -23.81211 ], [ -46.40625, -23.80987 ], [ -46.40532, -23.80923 ], [ -46.40453, -23.80842 ], [ -46.40295, -23.8074 ], [ -46.40203, -23.80649 ], [ -46.40119, -23.80548 ], [ -46.40108, -23.80478 ], [ -46.40115, -23.80393 ], [ -46.40156, -23.80346 ], [ -46.40107, -23.80272 ], [ -46.40069, -23.8024 ], [ -46.40024, -23.80104 ] ] } },
{ "type": "Feature", "properties": { "name": "Serra do Morrão", "k": "ridge" }, "geometry": { "type": "LineString", "coordinates": [ [ -46.31873, -23.80194 ], [ -46.31955, -23.80256 ], [ -46.32473, -23.80392 ], [ -46.32531, -23.80453 ], [ -46.32593, -23.80478 ], [ -46.32707, -23.80497 ], [ -46.32776, -23.80535 ], [ -46.32851, -23.806 ], [ -46.33029, -23.8088 ], [ -46.3308, -23.80939 ], [ -46.33122, -23.81092 ], [ -46.3322, -23.81233 ], [ -46.33308, -23.81334 ], [ -46.33432, -23.81434 ], [ -46.33719, -23.81735 ], [ -46.3383, -23.81902 ], [ -46.33911, -23.81964 ], [ -46.34258, -23.82328 ], [ -46.34376, -23.82488 ], [ -46.34436, -23.82983 ], [ -46.34457, -23.83028 ], [ -46.34794, -23.83367 ], [ -46.34823, -23.83498 ], [ -46.34815, -23.83573 ], [ -46.34872, -23.83686 ], [ -46.34934, -23.8393 ], [ -46.35012, -23.84036 ], [ -46.35043, -23.84132 ], [ -46.35162, -23.84249 ], [ -46.35369, -23.84306 ], [ -46.35548, -23.84445 ], [ -46.35583, -23.8446 ], [ -46.35641, -23.84447 ], [ -46.35755, -23.8449 ], [ -46.361, -23.84844 ], [ -46.36309, -23.84943 ], [ -46.36456, -23.85053 ], [ -46.36527, -23.85119 ], [ -46.36587, -23.85235 ], [ -46.36614, -23.85388 ], [ -46.36691, -23.8552 ], [ -46.36699, -23.8563 ], [ -46.36677, -23.8573 ] ] } },
{ "type": "Feature", "properties": { "name": "Riacho Perdido", "k": "river" }, "geometry": { "type": "MultiLineString", "coordinates": [ [ [ -46.34757, -23.84772 ], [ -46.34741, -23.84871 ], [ -46.34591, -23.85044 ], [ -46.3451, -23.85166 ], [ -46.34484, -23.85303 ], [ -46.34496, -23.85455 ], [ -46.34557, -23.85574 ], [ -46.34618, -23.85667 ] ], [ [ -46.34618, -23.85667 ], [ -46.34624, -23.85676 ] ], [ [ -46.34624, -23.85676 ], [ -46.34669, -23.8576 ], [ -46.34608, -23.85799 ], [ -46.34562, -23.85805 ], [ -46.34552, -23.85831 ], [ -46.34596, -23.85841 ], [ -46.34641, -23.8589 ], [ -46.34794, -23.85901 ], [ -46.34814, -23.85916 ], [ -46.34817, -23.85935 ], [ -46.34782, -23.85967 ], [ -46.34787, -23.85985 ], [ -46.34857, -23.85987 ], [ -46.34905, -23.86007 ], [ -46.34978, -23.86059 ] ] ] } },
{ "type": "Feature", "properties": { "name": "Rio Perdido", "k": "river" }, "geometry": { "type": "MultiLineString", "coordinates": [ [ [ -46.35015, -23.86082 ], [ -46.35051, -23.86097 ], [ -46.35066, -23.86153 ], [ -46.35079, -23.86161 ], [ -46.35105, -23.86159 ], [ -46.35133, -23.86133 ], [ -46.35156, -23.86138 ], [ -46.35157, -23.86245 ], [ -46.35198, -23.86315 ], [ -46.35222, -23.86327 ], [ -46.35299, -23.86315 ], [ -46.35393, -23.86329 ], [ -46.35415, -23.86356 ], [ -46.35418, -23.864 ], [ -46.35345, -23.86495 ], [ -46.3524, -23.86482 ], [ -46.35209, -23.86505 ], [ -46.35198, -23.8653 ], [ -46.35208, -23.86543 ], [ -46.35262, -23.86571 ], [ -46.35296, -23.86652 ], [ -46.35354, -23.86705 ], [ -46.35363, -23.86733 ], [ -46.35356, -23.86755 ], [ -46.35306, -23.86767 ], [ -46.35262, -23.86755 ], [ -46.35163, -23.86755 ], [ -46.35057, -23.86682 ], [ -46.35011, -23.86707 ], [ -46.34992, -23.86735 ], [ -46.34999, -23.86789 ], [ -46.35036, -23.86861 ], [ -46.35035, -23.86903 ], [ -46.34991, -23.86991 ], [ -46.34992, -23.87101 ], [ -46.34924, -23.87148 ], [ -46.34916, -23.87163 ] ], [ [ -46.34978, -23.86059 ], [ -46.35015, -23.86082 ] ] ] } },
{ "type": "Feature", "properties": { "name": "Rio da Onça", "k": "river" }, "geometry": { "type": "LineString", "coordinates": [ [ -46.35464, -23.86859 ], [ -46.35505, -23.86919 ], [ -46.35625, -23.87005 ], [ -46.35707, -23.87128 ], [ -46.35875, -23.87289 ], [ -46.35935, -23.87365 ], [ -46.36102, -23.87469 ], [ -46.36138, -23.87529 ], [ -46.36132, -23.87596 ], [ -46.36106, -23.87634 ], [ -46.36078, -23.87655 ], [ -46.36044, -23.87667 ], [ -46.35937, -23.87676 ], [ -46.35741, -23.87673 ], [ -46.35673, -23.87681 ], [ -46.3559, -23.87716 ], [ -46.35566, -23.87753 ], [ -46.35562, -23.87813 ], [ -46.35647, -23.88004 ], [ -46.3581, -23.88211 ], [ -46.35891, -23.88289 ], [ -46.36024, -23.88387 ], [ -46.361, -23.88421 ], [ -46.3624, -23.88457 ], [ -46.36511, -23.88495 ], [ -46.36842, -23.88493 ], [ -46.3703, -23.88507 ], [ -46.37196, -23.88537 ], [ -46.37268, -23.88562 ], [ -46.37332, -23.88615 ], [ -46.37391, -23.88684 ], [ -46.37435, -23.88756 ] ] } },
{ "type": "Feature", "properties": { "name": "Rio Cascalho", "k": "river" }, "geometry": { "type": "LineString", "coordinates": [ [ -46.41034, -23.88824 ], [ -46.40952, -23.88843 ], [ -46.40907, -23.88887 ], [ -46.40885, -23.89012 ], [ -46.40823, -23.89092 ], [ -46.40811, -23.89126 ], [ -46.40816, -23.89192 ], [ -46.40835, -23.89239 ], [ -46.40904, -23.89277 ], [ -46.40938, -23.89326 ], [ -46.40973, -23.89344 ], [ -46.41016, -23.89331 ], [ -46.41088, -23.89263 ], [ -46.41124, -23.89257 ], [ -46.41174, -23.89278 ], [ -46.41192, -23.89312 ], [ -46.41183, -23.89459 ], [ -46.41167, -23.89508 ], [ -46.41134, -23.89563 ], [ -46.41141, -23.89587 ], [ -46.41263, -23.89656 ], [ -46.41332, -23.89775 ], [ -46.4137, -23.89807 ], [ -46.41464, -23.89838 ], [ -46.41518, -23.89888 ], [ -46.41644, -23.89927 ], [ -46.4167, -23.89943 ], [ -46.417, -23.89995 ], [ -46.41694, -23.90073 ], [ -46.41665, -23.90134 ], [ -46.4144, -23.90344 ], [ -46.41359, -23.90481 ], [ -46.41311, -23.9054 ], [ -46.41224, -23.90615 ], [ -46.4114, -23.90652 ], [ -46.41099, -23.9069 ], [ -46.41093, -23.90706 ], [ -46.41098, -23.90742 ], [ -46.41137, -23.9085 ], [ -46.41192, -23.91093 ], [ -46.41186, -23.91171 ], [ -46.41164, -23.91221 ], [ -46.41127, -23.91259 ], [ -46.41058, -23.9126 ], [ -46.40977, -23.91239 ], [ -46.40801, -23.91112 ], [ -46.40594, -23.91026 ], [ -46.4042, -23.91006 ], [ -46.40223, -23.9101 ], [ -46.40107, -23.90988 ], [ -46.40057, -23.90967 ], [ -46.4, -23.90972 ] ] } },
{ "type": "Feature", "properties": { "name": "Rio Piaçaguera", "k": "river" }, "geometry": { "type": "LineString", "coordinates": [ [ -46.37627, -23.875 ], [ -46.37615, -23.87783 ], [ -46.3759, -23.87938 ], [ -46.37555, -23.88085 ], [ -46.37478, -23.88282 ], [ -46.37452, -23.88378 ], [ -46.37428, -23.88539 ], [ -46.37428, -23.8861 ], [ -46.37435, -23.88756 ], [ -46.37448, -23.88811 ], [ -46.37476, -23.88907 ], [ -46.37544, -23.89035 ], [ -46.37574, -23.89121 ], [ -46.37614, -23.89385 ], [ -46.37637, -23.89852 ], [ -46.37625, -23.89998 ], [ -46.3757, -23.90236 ], [ -46.37404, -23.90804 ], [ -46.37391, -23.90933 ], [ -46.37403, -23.91233 ], [ -46.3738, -23.91325 ], [ -46.37328, -23.91379 ] ] } },
{ "type": "Feature", "properties": { "name": "Rio Casqueiro", "k": "river" }, "geometry": { "type": "MultiLineString", "coordinates": [ [ [ -46.37723, -23.9145 ], [ -46.38108, -23.91874 ], [ -46.38197, -23.91923 ], [ -46.3836, -23.91968 ], [ -46.38465, -23.91963 ], [ -46.38962, -23.91853 ] ], [ [ -46.37723, -23.9145 ], [ -46.38252, -23.91476 ], [ -46.38343, -23.9149 ], [ -46.38477, -23.91541 ], [ -46.38587, -23.91603 ], [ -46.38962, -23.91853 ] ], [ [ -46.37328, -23.91379 ], [ -46.37529, -23.91394 ], [ -46.37627, -23.91416 ], [ -46.37723, -23.9145 ] ], [ [ -46.38962, -23.91853 ], [ -46.39106, -23.91866 ], [ -46.39308, -23.91865 ], [ -46.3988, -23.9184 ], [ -46.39972, -23.91847 ], [ -46.4011, -23.91885 ], [ -46.4016, -23.91907 ], [ -46.40239, -23.91962 ], [ -46.40292, -23.9203 ], [ -46.40311, -23.92129 ], [ -46.40298, -23.92183 ], [ -46.40251, -23.92251 ], [ -46.40003, -23.92408 ], [ -46.39869, -23.92468 ], [ -46.39265, -23.92698 ], [ -46.39191, -23.92739 ], [ -46.39058, -23.92843 ], [ -46.38993, -23.92922 ], [ -46.3886, -23.9304 ], [ -46.38769, -23.9316 ], [ -46.38748, -23.93238 ], [ -46.38762, -23.93317 ], [ -46.38793, -23.93388 ], [ -46.38865, -23.93486 ] ] ] } },
{ "type": "Feature", "properties": { "name": "Largo da Pompeba", "k": "river" }, "geometry": { "type": "MultiLineString", "coordinates": [ [ [ -46.38865, -23.93486 ], [ -46.3929, -23.93614 ], [ -46.39435, -23.93633 ], [ -46.39856, -23.9366 ], [ -46.40024, -23.93622 ], [ -46.40499, -23.93445 ], [ -46.40788, -23.93405 ], [ -46.40955, -23.93413 ], [ -46.41192, -23.93441 ], [ -46.41338, -23.93472 ], [ -46.41589, -23.93491 ], [ -46.41842, -23.93463 ], [ -46.42172, -23.93465 ], [ -46.42335, -23.93495 ], [ -46.42429, -23.93526 ], [ -46.42737, -23.93635 ], [ -46.42798, -23.93677 ], [ -46.4282, -23.93709 ], [ -46.42835, -23.93791 ], [ -46.42812, -23.93978 ] ], [ [ -46.39856, -23.9366 ], [ -46.40178, -23.93657 ], [ -46.40425, -23.93688 ], [ -46.40788, -23.93751 ], [ -46.41054, -23.93753 ], [ -46.41153, -23.93736 ], [ -46.4125, -23.93705 ], [ -46.41422, -23.93624 ], [ -46.41589, -23.93491 ] ] ] } },
{ "type": "Feature", "properties": { "name": "Rio Cacheta", "k": "river" }, "geometry": { "type": "LineString", "coordinates": [ [ -46.40153, -23.94748 ], [ -46.40177, -23.94656 ], [ -46.40245, -23.94567 ], [ -46.40286, -23.94493 ], [ -46.40368, -23.9446 ], [ -46.40404, -23.94464 ], [ -46.40471, -23.94434 ], [ -46.40599, -23.94412 ], [ -46.40654, -23.94381 ], [ -46.4067, -23.94362 ], [ -46.40667, -23.94315 ], [ -46.40608, -23.94241 ], [ -46.40476, -23.94183 ], [ -46.40433, -23.9415 ], [ -46.4042, -23.94126 ], [ -46.40429, -23.94026 ], [ -46.40451, -23.93936 ], [ -46.40559, -23.93714 ] ] } },
{ "type": "Feature", "properties": { "name": "Rio Catarina Morães", "k": "river" }, "geometry": { "type": "MultiLineString", "coordinates": [ [ [ -46.39332, -23.96048 ], [ -46.39345, -23.96033 ] ], [ [ -46.39221, -23.96205 ], [ -46.39227, -23.96174 ], [ -46.39332, -23.96048 ] ], [ [ -46.39345, -23.96033 ], [ -46.39435, -23.95932 ] ], [ [ -46.39435, -23.95932 ], [ -46.39442, -23.95923 ] ], [ [ -46.39498, -23.95866 ], [ -46.39501, -23.95851 ] ], [ [ -46.39442, -23.95923 ], [ -46.39498, -23.95866 ] ], [ [ -46.39501, -23.95851 ], [ -46.39366, -23.95577 ] ], [ [ -46.39366, -23.95577 ], [ -46.39361, -23.95567 ] ], [ [ -46.39361, -23.95567 ], [ -46.39306, -23.95448 ] ], [ [ -46.39306, -23.95448 ], [ -46.39302, -23.95439 ] ], [ [ -46.39302, -23.95439 ], [ -46.39156, -23.95135 ] ], [ [ -46.39156, -23.95135 ], [ -46.3914, -23.95108 ] ], [ [ -46.39023, -23.95036 ], [ -46.39006, -23.95027 ] ], [ [ -46.3914, -23.95108 ], [ -46.39023, -23.95036 ] ], [ [ -46.39006, -23.95027 ], [ -46.38936, -23.95 ], [ -46.38745, -23.94986 ] ], [ [ -46.38745, -23.94986 ], [ -46.3873, -23.94985 ] ], [ [ -46.3873, -23.94985 ], [ -46.3853, -23.94971 ] ] ] } },
{ "type": "Feature", "properties": { "name": "Rio dos Bagres", "k": "river" }, "geometry": { "type": "MultiLineString", "coordinates": [ [ [ -46.38203, -23.94756 ], [ -46.38319, -23.94957 ] ], [ [ -46.38324, -23.94963 ], [ -46.38364, -23.94994 ] ], [ [ -46.38319, -23.94957 ], [ -46.38324, -23.94963 ] ], [ [ -46.38401, -23.95071 ], [ -46.38401, -23.95041 ], [ -46.38364, -23.94994 ] ], [ [ -46.38399, -23.95092 ], [ -46.38401, -23.95071 ] ], [ [ -46.38516, -23.94969 ], [ -46.38414, -23.94963 ], [ -46.38379, -23.94924 ] ], [ [ -46.3853, -23.94971 ], [ -46.38516, -23.94969 ] ], [ [ -46.38378, -23.95382 ], [ -46.38399, -23.95092 ] ], [ [ -46.3836, -23.95616 ], [ -46.38377, -23.95392 ] ], [ [ -46.38378, -23.95382 ], [ -46.38377, -23.95392 ] ], [ [ -46.38359, -23.95632 ], [ -46.3836, -23.95616 ] ], [ [ -46.38334, -23.95953 ], [ -46.38359, -23.95632 ] ], [ [ -46.38379, -23.94924 ], [ -46.38344, -23.94809 ], [ -46.38258, -23.94731 ], [ -46.38261, -23.94694 ], [ -46.38281, -23.94666 ], [ -46.3831, -23.94648 ], [ -46.38358, -23.94644 ], [ -46.38407, -23.94596 ], [ -46.38449, -23.94571 ], [ -46.38504, -23.94501 ], [ -46.3854, -23.9442 ], [ -46.38569, -23.94389 ], [ -46.38638, -23.94369 ], [ -46.38734, -23.94397 ], [ -46.38781, -23.94396 ], [ -46.38869, -23.94369 ], [ -46.38972, -23.94318 ], [ -46.39064, -23.94239 ], [ -46.3914, -23.9415 ], [ -46.39175, -23.94093 ], [ -46.39173, -23.94051 ], [ -46.39127, -23.93993 ], [ -46.38892, -23.93815 ], [ -46.38831, -23.93757 ], [ -46.38734, -23.93695 ], [ -46.38662, -23.93623 ], [ -46.38648, -23.93571 ], [ -46.38651, -23.93554 ], [ -46.38668, -23.93541 ], [ -46.38747, -23.93494 ], [ -46.38865, -23.93486 ] ] ] } },
{ "type": "Feature", "properties": { "name": "Rio São Jorge", "k": "river" }, "geometry": { "type": "LineString", "coordinates": [ [ -46.3672, -23.93457 ], [ -46.36777, -23.9345 ], [ -46.36809, -23.9343 ], [ -46.36856, -23.93273 ], [ -46.36897, -23.93216 ], [ -46.36967, -23.93164 ], [ -46.37063, -23.93117 ], [ -46.37147, -23.93097 ], [ -46.37188, -23.93097 ], [ -46.37493, -23.93149 ], [ -46.37688, -23.93092 ], [ -46.37756, -23.93082 ], [ -46.37824, -23.93091 ], [ -46.37976, -23.9316 ], [ -46.38231, -23.93476 ], [ -46.38481, -23.93557 ], [ -46.38556, -23.93562 ], [ -46.38651, -23.93554 ] ] } },
{ "type": "Feature", "properties": { "name": "Canal 1", "k": "canal" }, "geometry": { "type": "MultiLineString", "coordinates": [ [ [ -46.34213, -23.95086 ], [ -46.34253, -23.95111 ] ], [ [ -46.34253, -23.95111 ], [ -46.34391, -23.95203 ], [ -46.3443, -23.95502 ] ], [ [ -46.3443, -23.95502 ], [ -46.34432, -23.95512 ] ], [ [ -46.34432, -23.95512 ], [ -46.34434, -23.9553 ] ], [ [ -46.34511, -23.96157 ], [ -46.34514, -23.96178 ] ], [ [ -46.34514, -23.96178 ], [ -46.3453, -23.96303 ] ], [ [ -46.3453, -23.96303 ], [ -46.34534, -23.96333 ] ], [ [ -46.34534, -23.96333 ], [ -46.34542, -23.964 ] ], [ [ -46.34542, -23.964 ], [ -46.34544, -23.96417 ] ], [ [ -46.34544, -23.96417 ], [ -46.34545, -23.96432 ] ], [ [ -46.34477, -23.95875 ], [ -46.34511, -23.96157 ] ], [ [ -46.34474, -23.95851 ], [ -46.34477, -23.95875 ] ], [ [ -46.34434, -23.9553 ], [ -46.34474, -23.95851 ] ], [ [ -46.33829, -23.94845 ], [ -46.34213, -23.95086 ] ], [ [ -46.33809, -23.94833 ], [ -46.33829, -23.94845 ] ], [ [ -46.33788, -23.9482 ], [ -46.33809, -23.94833 ] ], [ [ -46.33639, -23.94726 ], [ -46.33684, -23.94755 ] ], [ [ -46.33684, -23.94755 ], [ -46.33788, -23.9482 ] ], [ [ -46.33595, -23.94698 ], [ -46.33639, -23.94726 ] ], [ [ -46.33136, -23.94414 ], [ -46.33353, -23.9455 ] ], [ [ -46.33382, -23.94567 ], [ -46.33553, -23.94673 ] ], [ [ -46.33353, -23.9455 ], [ -46.33382, -23.94567 ] ], [ [ -46.33106, -23.94396 ], [ -46.33136, -23.94414 ] ], [ [ -46.33089, -23.94385 ], [ -46.33106, -23.94396 ] ], [ [ -46.33005, -23.94332 ], [ -46.33089, -23.94385 ] ], [ [ -46.33553, -23.94673 ], [ -46.33595, -23.94698 ] ], [ [ -46.32021, -23.94289 ], [ -46.31977, -23.94274 ] ], [ [ -46.31977, -23.94274 ], [ -46.3197, -23.94272 ] ], [ [ -46.3197, -23.94272 ], [ -46.31871, -23.94232 ], [ -46.31843, -23.94117 ] ], [ [ -46.32496, -23.94364 ], [ -46.32335, -23.94379 ] ], [ [ -46.32335, -23.94379 ], [ -46.32319, -23.94381 ] ], [ [ -46.32163, -23.94338 ], [ -46.32134, -23.94328 ] ], [ [ -46.32134, -23.94328 ], [ -46.32021, -23.94289 ] ], [ [ -46.32319, -23.94381 ], [ -46.32288, -23.94382 ], [ -46.32163, -23.94338 ] ], [ [ -46.34565, -23.96782 ], [ -46.3457, -23.96816 ] ], [ [ -46.34566, -23.96627 ], [ -46.34565, -23.96782 ] ], [ [ -46.34565, -23.96589 ], [ -46.34566, -23.96627 ] ], [ [ -46.34545, -23.96432 ], [ -46.34565, -23.96589 ] ], [ [ -46.3457, -23.96816 ], [ -46.34566, -23.97042 ] ] ] } },
{ "type": "Feature", "properties": { "name": "Canal 2", "k": "canal" }, "geometry": { "type": "MultiLineString", "coordinates": [ [ [ -46.33758, -23.9557 ], [ -46.33775, -23.95706 ] ], [ [ -46.33777, -23.95724 ], [ -46.3379, -23.95818 ] ], [ [ -46.33775, -23.95706 ], [ -46.33777, -23.95724 ] ], [ [ -46.33803, -23.95924 ], [ -46.33805, -23.95941 ] ], [ [ -46.33805, -23.95941 ], [ -46.33815, -23.96024 ] ], [ [ -46.33792, -23.95834 ], [ -46.33803, -23.95924 ] ], [ [ -46.3379, -23.95818 ], [ -46.33792, -23.95834 ] ], [ [ -46.33825, -23.96114 ], [ -46.33831, -23.96154 ] ], [ [ -46.33816, -23.9604 ], [ -46.33825, -23.96114 ] ], [ [ -46.33815, -23.96024 ], [ -46.33816, -23.9604 ] ], [ [ -46.33831, -23.96154 ], [ -46.33835, -23.96194 ] ], [ [ -46.33731, -23.95353 ], [ -46.33733, -23.95376 ] ], [ [ -46.33733, -23.95376 ], [ -46.33756, -23.95553 ] ], [ [ -46.33756, -23.95553 ], [ -46.33758, -23.9557 ] ], [ [ -46.33707, -23.95163 ], [ -46.33709, -23.95184 ] ], [ [ -46.33709, -23.95184 ], [ -46.33731, -23.95353 ] ], [ [ -46.3369, -23.9502 ], [ -46.33692, -23.95036 ] ], [ [ -46.33692, -23.95036 ], [ -46.33707, -23.95163 ] ], [ [ -46.33659, -23.94754 ], [ -46.3369, -23.9502 ] ], [ [ -46.33657, -23.94737 ], [ -46.33659, -23.94754 ] ], [ [ -46.33835, -23.96194 ], [ -46.33909, -23.9682 ] ], [ [ -46.33909, -23.9682 ], [ -46.3392, -23.96863 ] ], [ [ -46.33929, -23.96931 ], [ -46.33949, -23.97094 ] ] ] } },
{ "type": "Feature", "properties": { "name": "Canal de Piaçaguera", "k": "river" }, "geometry": { "type": "MultiLineString", "coordinates": [ [ [ -46.34292, -23.92077 ], [ -46.34174, -23.92097 ], [ -46.33609, -23.92391 ], [ -46.33279, -23.9254 ] ], [ [ -46.37328, -23.91379 ], [ -46.36029, -23.91649 ], [ -46.3549, -23.91747 ], [ -46.35167, -23.91859 ], [ -46.34292, -23.92077 ] ] ] } },
{ "type": "Feature", "properties": { "name": "Rio Pedreira", "k": "river" }, "geometry": { "type": "LineString", "coordinates": [ [ -46.3581, -23.88211 ], [ -46.35638, -23.88235 ], [ -46.35503, -23.88292 ], [ -46.35491, -23.88346 ], [ -46.355, -23.88399 ], [ -46.35544, -23.88431 ], [ -46.35623, -23.88453 ], [ -46.35635, -23.88487 ], [ -46.35624, -23.88511 ], [ -46.3554, -23.88537 ], [ -46.35467, -23.88576 ], [ -46.3546, -23.88598 ], [ -46.35467, -23.88619 ], [ -46.35536, -23.88649 ], [ -46.35549, -23.8867 ], [ -46.35548, -23.88718 ], [ -46.35599, -23.88758 ], [ -46.35601, -23.88772 ], [ -46.35582, -23.88794 ], [ -46.35592, -23.88815 ], [ -46.35632, -23.88845 ], [ -46.35661, -23.88853 ], [ -46.35738, -23.8885 ], [ -46.3579, -23.88875 ], [ -46.3595, -23.88982 ], [ -46.36043, -23.88979 ], [ -46.36091, -23.89008 ], [ -46.36156, -23.8901 ], [ -46.3625, -23.88987 ], [ -46.3629, -23.89039 ], [ -46.36385, -23.89087 ], [ -46.36421, -23.89086 ], [ -46.36456, -23.89054 ], [ -46.36481, -23.89065 ], [ -46.36479, -23.89166 ], [ -46.36469, -23.89207 ], [ -46.36376, -23.89263 ], [ -46.36363, -23.89337 ], [ -46.36373, -23.89395 ], [ -46.36358, -23.89457 ], [ -46.36334, -23.89501 ], [ -46.36326, -23.89571 ], [ -46.36336, -23.89657 ], [ -46.36387, -23.89761 ], [ -46.36481, -23.89831 ], [ -46.36617, -23.89977 ], [ -46.36659, -23.9009 ], [ -46.36636, -23.90136 ], [ -46.36472, -23.90311 ], [ -46.36512, -23.90443 ], [ -46.3651, -23.90464 ], [ -46.36494, -23.90488 ], [ -46.36343, -23.90615 ], [ -46.36326, -23.90712 ], [ -46.36439, -23.9087 ], [ -46.36916, -23.9146 ] ] } },
{ "type": "Feature", "properties": { "name": "Rio Bagre", "k": "river" }, "geometry": { "type": "LineString", "coordinates": [ [ -46.33643, -23.90582 ], [ -46.33738, -23.90636 ], [ -46.33818, -23.90651 ], [ -46.34066, -23.90628 ], [ -46.34221, -23.90636 ], [ -46.34378, -23.90662 ], [ -46.34796, -23.90765 ], [ -46.34901, -23.90769 ], [ -46.34976, -23.90751 ], [ -46.35166, -23.90648 ], [ -46.352, -23.90601 ], [ -46.35202, -23.90499 ], [ -46.35173, -23.90385 ], [ -46.35185, -23.90357 ], [ -46.35274, -23.90244 ], [ -46.35274, -23.90224 ], [ -46.35233, -23.90185 ], [ -46.35228, -23.90162 ], [ -46.3525, -23.90106 ], [ -46.35274, -23.89955 ], [ -46.35341, -23.8985 ], [ -46.3539, -23.8984 ], [ -46.35426, -23.89814 ], [ -46.35452, -23.89846 ], [ -46.35491, -23.89847 ], [ -46.35491, -23.89874 ], [ -46.35535, -23.8985 ], [ -46.35553, -23.89802 ], [ -46.35594, -23.89812 ], [ -46.35631, -23.89804 ], [ -46.35664, -23.89774 ], [ -46.35754, -23.89781 ], [ -46.358, -23.89753 ], [ -46.35874, -23.89735 ], [ -46.35952, -23.89764 ], [ -46.36044, -23.89746 ], [ -46.36129, -23.89767 ], [ -46.36226, -23.89805 ], [ -46.36306, -23.89756 ], [ -46.36322, -23.89757 ], [ -46.36354, -23.89694 ] ] } },
{ "type": "Feature", "properties": { "name": "Rio Sandi", "k": "river" }, "geometry": { "type": "LineString", "coordinates": [ [ -46.32694, -23.90346 ], [ -46.3265, -23.90406 ], [ -46.32609, -23.90444 ], [ -46.32028, -23.90755 ], [ -46.31922, -23.90789 ], [ -46.31593, -23.90861 ], [ -46.31561, -23.90883 ], [ -46.31534, -23.90925 ], [ -46.31489, -23.91051 ], [ -46.31487, -23.91101 ], [ -46.31499, -23.91166 ], [ -46.31517, -23.91196 ], [ -46.31566, -23.91232 ], [ -46.31754, -23.91273 ], [ -46.31816, -23.91315 ], [ -46.31838, -23.91344 ], [ -46.31848, -23.91382 ], [ -46.31841, -23.91462 ], [ -46.31855, -23.91647 ], [ -46.31843, -23.91685 ], [ -46.31768, -23.91737 ], [ -46.31719, -23.9175 ], [ -46.31535, -23.91764 ], [ -46.31256, -23.91854 ], [ -46.3109, -23.91868 ] ] } },
{ "type": "Feature", "properties": { "name": "Estuário de Santos", "k": "river" }, "geometry": { "type": "MultiLineString", "coordinates": [ [ [ -46.33279, -23.9254 ], [ -46.32871, -23.92768 ], [ -46.32566, -23.92836 ], [ -46.31915, -23.92919 ], [ -46.31325, -23.9306 ], [ -46.31218, -23.93097 ], [ -46.31153, -23.93162 ] ], [ [ -46.31153, -23.93162 ], [ -46.31106, -23.93722 ], [ -46.31029, -23.94261 ], [ -46.30786, -23.95076 ], [ -46.30358, -23.95715 ], [ -46.2958, -23.96602 ], [ -46.29089, -23.97268 ], [ -46.28949, -23.97578 ], [ -46.28889, -23.97872 ], [ -46.28892, -23.98111 ], [ -46.29026, -23.98548 ] ], [ [ -46.29026, -23.98548 ], [ -46.29335, -23.9888 ], [ -46.29686, -23.99147 ], [ -46.29895, -23.99284 ], [ -46.30012, -23.99316 ], [ -46.30116, -23.99322 ], [ -46.30613, -23.99303 ] ] ] } },
{ "type": "Feature", "properties": { "name": "Rio Agari", "k": "river" }, "geometry": { "type": "MultiLineString", "coordinates": [ [ [ -46.28711, -23.94102 ], [ -46.28727, -23.94081 ] ], [ [ -46.28568, -23.94426 ], [ -46.28574, -23.94412 ] ], [ [ -46.2762, -23.96275 ], [ -46.27501, -23.96471 ] ], [ [ -46.27628, -23.96261 ], [ -46.2762, -23.96275 ] ], [ [ -46.27757, -23.96051 ], [ -46.27752, -23.9606 ] ], [ [ -46.27762, -23.96042 ], [ -46.27759, -23.96047 ] ], [ [ -46.27759, -23.96047 ], [ -46.27757, -23.96051 ] ], [ [ -46.27752, -23.9606 ], [ -46.27628, -23.96261 ] ], [ [ -46.27892, -23.95822 ], [ -46.27762, -23.96042 ] ], [ [ -46.27935, -23.95745 ], [ -46.27892, -23.95822 ] ], [ [ -46.28046, -23.95562 ], [ -46.2804, -23.95573 ] ], [ [ -46.28161, -23.9535 ], [ -46.28146, -23.95399 ] ], [ [ -46.28146, -23.95399 ], [ -46.28046, -23.95562 ] ], [ [ -46.2804, -23.95573 ], [ -46.27935, -23.95745 ] ], [ [ -46.27493, -23.96485 ], [ -46.27487, -23.96495 ] ], [ [ -46.27501, -23.96471 ], [ -46.27493, -23.96485 ] ], [ [ -46.27487, -23.96495 ], [ -46.27429, -23.96589 ] ], [ [ -46.27424, -23.96597 ], [ -46.2734, -23.96738 ] ], [ [ -46.27429, -23.96589 ], [ -46.27424, -23.96597 ] ] ] } },
{ "type": "Feature", "properties": { "name": "Canal 4", "k": "canal" }, "geometry": { "type": "MultiLineString", "coordinates": [ [ [ -46.30897, -23.96072 ], [ -46.30911, -23.96072 ] ], [ [ -46.30911, -23.96072 ], [ -46.31011, -23.96063 ] ], [ [ -46.30804, -23.96077 ], [ -46.30825, -23.96075 ] ], [ [ -46.30825, -23.96075 ], [ -46.30897, -23.96072 ] ], [ [ -46.30651, -23.96091 ], [ -46.30804, -23.96077 ] ], [ [ -46.30557, -23.96032 ], [ -46.30651, -23.96091 ] ], [ [ -46.30529, -23.9601 ], [ -46.30557, -23.96032 ] ], [ [ -46.31487, -23.96024 ], [ -46.31507, -23.96023 ] ], [ [ -46.31375, -23.96034 ], [ -46.31487, -23.96024 ] ], [ [ -46.31355, -23.96035 ], [ -46.31375, -23.96034 ] ], [ [ -46.3103, -23.96062 ], [ -46.31355, -23.96035 ] ], [ [ -46.31011, -23.96063 ], [ -46.3103, -23.96062 ] ], [ [ -46.31507, -23.96023 ], [ -46.31605, -23.96093 ] ], [ [ -46.31605, -23.96093 ], [ -46.31621, -23.96105 ] ], [ [ -46.31621, -23.96105 ], [ -46.31639, -23.96119 ] ], [ [ -46.31639, -23.96119 ], [ -46.31688, -23.9616 ] ], [ [ -46.31688, -23.9616 ], [ -46.31863, -23.96289 ] ], [ [ -46.31863, -23.96289 ], [ -46.31894, -23.96312 ] ], [ [ -46.31894, -23.96312 ], [ -46.31932, -23.96346 ], [ -46.31947, -23.96474 ] ], [ [ -46.32027, -23.97275 ], [ -46.32121, -23.97396 ] ], [ [ -46.3202, -23.97253 ], [ -46.32027, -23.97275 ] ], [ [ -46.32008, -23.97127 ], [ -46.3202, -23.97253 ] ], [ [ -46.31947, -23.96474 ], [ -46.3195, -23.96496 ] ], [ [ -46.3195, -23.96496 ], [ -46.31967, -23.96681 ] ], [ [ -46.3197, -23.96704 ], [ -46.3198, -23.96815 ] ], [ [ -46.31967, -23.96681 ], [ -46.3197, -23.96704 ] ], [ [ -46.3198, -23.96815 ], [ -46.31982, -23.96839 ] ], [ [ -46.31982, -23.96839 ], [ -46.32006, -23.97105 ] ], [ [ -46.32006, -23.97105 ], [ -46.32008, -23.97127 ] ], [ [ -46.32121, -23.97396 ], [ -46.32171, -23.97456 ] ], [ [ -46.32171, -23.97456 ], [ -46.32255, -23.97563 ] ] ] } },
{ "type": "Feature", "properties": { "name": "Catraia Santos-Vicente de Carvalho", "k": "canal" }, "geometry": { "type": "LineString", "coordinates": [ [ -46.31725, -23.94062 ], [ -46.3158, -23.94069 ], [ -46.3133, -23.94035 ] ] } },
{ "type": "Feature", "properties": { "name": "Canal 3", "k": "canal" }, "geometry": { "type": "MultiLineString", "coordinates": [ [ [ -46.32536, -23.94625 ], [ -46.32542, -23.94694 ] ], [ [ -46.32542, -23.94694 ], [ -46.32544, -23.94715 ] ], [ [ -46.32544, -23.94715 ], [ -46.32559, -23.94883 ] ], [ [ -46.32559, -23.94883 ], [ -46.3256, -23.94895 ] ], [ [ -46.3256, -23.94895 ], [ -46.32567, -23.94979 ] ], [ [ -46.32567, -23.94979 ], [ -46.3257, -23.95006 ] ], [ [ -46.3258, -23.95115 ], [ -46.32582, -23.95135 ] ], [ [ -46.3257, -23.95006 ], [ -46.3258, -23.95115 ] ], [ [ -46.32625, -23.95545 ], [ -46.32626, -23.95556 ] ], [ [ -46.32606, -23.95355 ], [ -46.32625, -23.95545 ] ], [ [ -46.32606, -23.95344 ], [ -46.32606, -23.95355 ] ], [ [ -46.32582, -23.95135 ], [ -46.32606, -23.95344 ] ], [ [ -46.32639, -23.95688 ], [ -46.32644, -23.95726 ] ], [ [ -46.32638, -23.95674 ], [ -46.32639, -23.95688 ] ], [ [ -46.32626, -23.95556 ], [ -46.32638, -23.95674 ] ], [ [ -46.32751, -23.95774 ], [ -46.32774, -23.95782 ] ], [ [ -46.32644, -23.95726 ], [ -46.32679, -23.95749 ] ], [ [ -46.32679, -23.95749 ], [ -46.32751, -23.95774 ] ], [ [ -46.32774, -23.95782 ], [ -46.32778, -23.95808 ] ], [ [ -46.32778, -23.95808 ], [ -46.32788, -23.9591 ] ], [ [ -46.32788, -23.9591 ], [ -46.3279, -23.95922 ] ], [ [ -46.3279, -23.95922 ], [ -46.3284, -23.96339 ] ], [ [ -46.32853, -23.96437 ], [ -46.32855, -23.9645 ] ], [ [ -46.32843, -23.96359 ], [ -46.32853, -23.96437 ] ], [ [ -46.3284, -23.96339 ], [ -46.32843, -23.96359 ] ], [ [ -46.32873, -23.96616 ], [ -46.32876, -23.9665 ] ], [ [ -46.32855, -23.9645 ], [ -46.32873, -23.96616 ] ], [ [ -46.3289, -23.96776 ], [ -46.32894, -23.96812 ] ], [ [ -46.32876, -23.9665 ], [ -46.3289, -23.96776 ] ], [ [ -46.32894, -23.96812 ], [ -46.32926, -23.97055 ] ], [ [ -46.32926, -23.97055 ], [ -46.32934, -23.97092 ] ], [ [ -46.32934, -23.97092 ], [ -46.32939, -23.97133 ] ], [ [ -46.32939, -23.97133 ], [ -46.32954, -23.97286 ] ] ] } },
{ "type": "Feature", "properties": { "name": "Canal 5", "k": "canal" }, "geometry": { "type": "MultiLineString", "coordinates": [ [ [ -46.30997, -23.97163 ], [ -46.31019, -23.9718 ] ], [ [ -46.31019, -23.9718 ], [ -46.3117, -23.97354 ] ], [ [ -46.31539, -23.97783 ], [ -46.31565, -23.97809 ] ], [ [ -46.31266, -23.97465 ], [ -46.31338, -23.97547 ] ], [ [ -46.31338, -23.97547 ], [ -46.31348, -23.97558 ] ], [ [ -46.31251, -23.97449 ], [ -46.31266, -23.97465 ] ], [ [ -46.31184, -23.9737 ], [ -46.31251, -23.97449 ] ], [ [ -46.3117, -23.97354 ], [ -46.31184, -23.9737 ] ], [ [ -46.31348, -23.97558 ], [ -46.3139, -23.97605 ] ], [ [ -46.3139, -23.97605 ], [ -46.31401, -23.97619 ] ], [ [ -46.31401, -23.97619 ], [ -46.31539, -23.97783 ] ], [ [ -46.31565, -23.97809 ], [ -46.31587, -23.97831 ] ], [ [ -46.31587, -23.97831 ], [ -46.31668, -23.97923 ] ], [ [ -46.30927, -23.97111 ], [ -46.30997, -23.97163 ] ], [ [ -46.30908, -23.97096 ], [ -46.30927, -23.97111 ] ], [ [ -46.30625, -23.96881 ], [ -46.30908, -23.97096 ] ], [ [ -46.30544, -23.9682 ], [ -46.30585, -23.9685 ] ], [ [ -46.30585, -23.9685 ], [ -46.30625, -23.96881 ] ], [ [ -46.30243, -23.96591 ], [ -46.30544, -23.9682 ] ] ] } },
{ "type": "Feature", "properties": { "name": "Canal 6", "k": "canal" }, "geometry": { "type": "MultiLineString", "coordinates": [ [ [ -46.30967, -23.9841 ], [ -46.31086, -23.98503 ] ], [ [ -46.30751, -23.98246 ], [ -46.30777, -23.98266 ] ], [ [ -46.30777, -23.98266 ], [ -46.30915, -23.98371 ] ], [ [ -46.30915, -23.98371 ], [ -46.30948, -23.98396 ] ], [ [ -46.30948, -23.98396 ], [ -46.30967, -23.9841 ] ], [ [ -46.29604, -23.9738 ], [ -46.29859, -23.97577 ] ], [ [ -46.29859, -23.97577 ], [ -46.29878, -23.97591 ] ], [ [ -46.29878, -23.97591 ], [ -46.29902, -23.97608 ] ], [ [ -46.29902, -23.97608 ], [ -46.30021, -23.97696 ] ], [ [ -46.30219, -23.97845 ], [ -46.30232, -23.97855 ] ], [ [ -46.30232, -23.97855 ], [ -46.30596, -23.98129 ] ], [ [ -46.30596, -23.98129 ], [ -46.30613, -23.98142 ] ], [ [ -46.30613, -23.98142 ], [ -46.30751, -23.98246 ] ], [ [ -46.30044, -23.97713 ], [ -46.30219, -23.97845 ] ], [ [ -46.30021, -23.97696 ], [ -46.30044, -23.97713 ] ], [ [ -46.29453, -23.97268 ], [ -46.29604, -23.9738 ] ] ] } },
{ "type": "Feature", "properties": { "name": "Canal 7", "k": "canal" }, "geometry": { "type": "MultiLineString", "coordinates": [ [ [ -46.29993, -23.98217 ], [ -46.29981, -23.98449 ] ], [ [ -46.29981, -23.98449 ], [ -46.2998, -23.98464 ] ], [ [ -46.29935, -23.98899 ], [ -46.29927, -23.98967 ] ], [ [ -46.29927, -23.98967 ], [ -46.29924, -23.98998 ] ], [ [ -46.29924, -23.98998 ], [ -46.29923, -23.99004 ] ], [ [ -46.29951, -23.98868 ], [ -46.29935, -23.98899 ] ], [ [ -46.29967, -23.98691 ], [ -46.29951, -23.98868 ] ], [ [ -46.29971, -23.98627 ], [ -46.29967, -23.98691 ] ], [ [ -46.2998, -23.98464 ], [ -46.29971, -23.98627 ] ] ] } },
{ "type": "Feature", "properties": { "name": "Rio da Pouce Saude", "k": "river" }, "geometry": { "type": "MultiLineString", "coordinates": [ [ [ -46.27988, -23.97003 ], [ -46.28099, -23.97074 ], [ -46.28109, -23.97093 ], [ -46.28111, -23.97137 ], [ -46.28079, -23.97187 ], [ -46.28054, -23.97272 ], [ -46.28087, -23.97346 ], [ -46.28222, -23.97747 ], [ -46.2827, -23.97792 ], [ -46.28469, -23.97862 ], [ -46.28889, -23.97872 ] ], [ [ -46.27894, -23.9695 ], [ -46.27988, -23.97003 ] ], [ [ -46.2734, -23.96738 ], [ -46.27342, -23.96745 ], [ -46.27372, -23.96744 ], [ -46.2744, -23.96773 ], [ -46.27506, -23.96846 ], [ -46.27588, -23.96877 ], [ -46.27844, -23.96928 ], [ -46.27894, -23.9695 ] ] ] } },
{ "type": "Feature", "properties": { "name": "Estreito do Morro dos Barbosas", "k": "river" }, "geometry": { "type": "LineString", "coordinates": [ [ -46.3752, -23.97818 ], [ -46.37456, -23.98052 ], [ -46.37374, -23.98205 ], [ -46.37338, -23.98235 ], [ -46.37069, -23.98389 ], [ -46.36908, -23.98522 ], [ -46.36663, -23.9886 ] ] } },
{ "type": "Feature", "properties": { "name": "Baía de São Vicente", "k": "river" }, "geometry": { "type": "LineString", "coordinates": [ [ -46.38888, -23.9752 ], [ -46.38657, -23.97598 ], [ -46.3847, -23.97624 ], [ -46.38311, -23.97608 ], [ -46.38072, -23.97496 ], [ -46.38002, -23.97481 ], [ -46.37927, -23.97469 ], [ -46.37782, -23.97482 ], [ -46.37654, -23.97519 ], [ -46.3762, -23.97551 ], [ -46.37571, -23.97629 ], [ -46.37547, -23.97696 ], [ -46.3752, -23.97818 ] ] } },
{ "type": "Feature", "properties": { "name": "Canal dos Barreiros", "k": "river" }, "geometry": { "type": "LineString", "coordinates": [ [ -46.41259, -23.97614 ], [ -46.40728, -23.97802 ], [ -46.40102, -23.98 ], [ -46.39979, -23.98032 ], [ -46.39862, -23.9805 ], [ -46.39771, -23.98053 ], [ -46.3967, -23.98025 ], [ -46.39625, -23.98002 ], [ -46.39582, -23.97976 ], [ -46.39502, -23.97905 ], [ -46.39432, -23.97829 ], [ -46.39386, -23.9775 ], [ -46.39357, -23.97668 ], [ -46.39317, -23.97604 ], [ -46.39217, -23.97524 ], [ -46.39111, -23.97481 ], [ -46.39043, -23.97479 ], [ -46.3897, -23.97491 ], [ -46.38888, -23.9752 ] ] } },
{ "type": "Feature", "properties": { "name": "Serra do Itapeti", "k": "ridge" }, "geometry": { "type": "LineString", "coordinates": [ [ -46.21218, -23.48522 ], [ -46.20639, -23.48461 ], [ -46.20416, -23.48412 ], [ -46.20304, -23.48373 ], [ -46.20167, -23.4825 ], [ -46.20158, -23.48205 ], [ -46.20072, -23.48088 ], [ -46.1998, -23.48014 ], [ -46.19917, -23.47987 ], [ -46.19833, -23.47927 ], [ -46.19749, -23.47852 ], [ -46.19696, -23.47832 ], [ -46.19465, -23.47882 ], [ -46.19352, -23.47876 ], [ -46.19182, -23.47838 ], [ -46.1909, -23.47782 ], [ -46.19012, -23.47652 ], [ -46.18927, -23.47636 ], [ -46.18889, -23.47613 ], [ -46.18837, -23.47528 ], [ -46.1875, -23.4745 ], [ -46.18583, -23.47445 ], [ -46.18436, -23.47469 ], [ -46.18233, -23.47416 ], [ -46.18014, -23.47283 ], [ -46.17911, -23.47295 ], [ -46.17815, -23.47208 ], [ -46.1777, -23.47147 ], [ -46.17621, -23.47143 ], [ -46.17473, -23.47117 ], [ -46.17314, -23.4712 ], [ -46.17231, -23.47184 ], [ -46.17184, -23.47191 ], [ -46.17046, -23.47177 ], [ -46.16935, -23.47143 ], [ -46.16891, -23.47139 ], [ -46.16804, -23.47013 ], [ -46.16726, -23.46951 ], [ -46.16468, -23.46874 ], [ -46.16318, -23.46811 ], [ -46.16149, -23.46818 ], [ -46.15895, -23.46879 ], [ -46.15697, -23.4672 ], [ -46.15663, -23.4661 ], [ -46.15622, -23.46587 ], [ -46.15587, -23.46579 ], [ -46.15532, -23.4661 ], [ -46.15493, -23.46608 ], [ -46.15424, -23.46562 ], [ -46.15338, -23.46567 ], [ -46.15306, -23.46558 ], [ -46.15255, -23.46508 ], [ -46.15232, -23.46504 ], [ -46.15133, -23.4652 ], [ -46.15069, -23.46453 ], [ -46.15018, -23.46427 ], [ -46.14944, -23.46465 ], [ -46.14903, -23.46459 ], [ -46.14754, -23.46385 ], [ -46.1462, -23.46355 ], [ -46.14544, -23.4639 ], [ -46.14523, -23.46425 ], [ -46.14241, -23.46344 ], [ -46.14005, -23.46243 ], [ -46.13875, -23.46213 ], [ -46.13837, -23.46179 ], [ -46.13763, -23.46186 ], [ -46.13659, -23.46225 ], [ -46.13596, -23.46209 ], [ -46.13462, -23.46193 ], [ -46.13381, -23.46153 ], [ -46.1328, -23.46131 ], [ -46.13197, -23.46077 ], [ -46.12995, -23.46024 ], [ -46.12883, -23.45983 ], [ -46.12683, -23.45889 ], [ -46.12535, -23.45716 ] ] } },
{ "type": "Feature", "properties": { "name": "Rio Jundiaí", "k": "river" }, "geometry": { "type": "MultiLineString", "coordinates": [ [ [ -46.23467, -23.55508 ], [ -46.23549, -23.555 ], [ -46.23578, -23.55485 ], [ -46.23585, -23.55446 ], [ -46.23702, -23.55314 ], [ -46.23795, -23.55263 ], [ -46.23831, -23.55214 ], [ -46.23837, -23.55142 ], [ -46.23916, -23.55066 ], [ -46.24001, -23.55022 ], [ -46.2403, -23.55003 ], [ -46.24038, -23.54928 ], [ -46.24022, -23.54828 ], [ -46.2401, -23.54777 ], [ -46.2404, -23.54681 ], [ -46.24065, -23.5467 ], [ -46.2418, -23.5453 ], [ -46.24256, -23.54492 ], [ -46.2437, -23.5438 ], [ -46.24439, -23.5432 ], [ -46.24483, -23.54218 ] ], [ [ -46.21989, -23.59842 ], [ -46.22004, -23.59847 ], [ -46.22026, -23.5984 ], [ -46.22025, -23.5981 ], [ -46.22006, -23.59779 ], [ -46.22033, -23.59759 ], [ -46.22027, -23.59736 ], [ -46.2204, -23.59719 ], [ -46.22048, -23.59674 ], [ -46.22021, -23.59664 ], [ -46.22011, -23.59651 ], [ -46.22025, -23.5961 ], [ -46.22051, -23.59593 ], [ -46.2202, -23.59576 ], [ -46.22059, -23.59511 ], [ -46.22048, -23.59486 ], [ -46.2198, -23.59476 ], [ -46.21972, -23.5949 ], [ -46.21957, -23.59488 ], [ -46.21975, -23.59449 ], [ -46.21959, -23.59408 ], [ -46.21999, -23.59369 ], [ -46.22001, -23.59359 ], [ -46.21972, -23.5934 ], [ -46.21971, -23.59281 ], [ -46.21989, -23.59264 ], [ -46.21976, -23.59255 ], [ -46.21936, -23.59255 ], [ -46.21902, -23.59236 ], [ -46.21903, -23.59174 ], [ -46.21935, -23.59172 ], [ -46.21941, -23.59164 ], [ -46.21903, -23.59037 ], [ -46.21917, -23.58972 ], [ -46.21948, -23.58946 ], [ -46.21958, -23.58925 ], [ -46.21949, -23.5891 ], [ -46.2192, -23.58896 ], [ -46.21921, -23.58886 ], [ -46.21943, -23.58879 ], [ -46.21952, -23.58866 ], [ -46.21911, -23.5885 ], [ -46.21872, -23.58858 ], [ -46.21857, -23.58842 ], [ -46.21862, -23.58809 ], [ -46.21853, -23.58774 ], [ -46.21866, -23.58747 ], [ -46.21834, -23.5871 ], [ -46.21852, -23.58673 ], [ -46.21808, -23.58631 ], [ -46.21831, -23.58594 ], [ -46.21776, -23.5859 ], [ -46.21769, -23.58542 ], [ -46.21792, -23.58536 ], [ -46.218, -23.58507 ], [ -46.21834, -23.58514 ], [ -46.21868, -23.58503 ], [ -46.21882, -23.58489 ], [ -46.21884, -23.5847 ], [ -46.21906, -23.58451 ], [ -46.21888, -23.58433 ], [ -46.21899, -23.58381 ], [ -46.21929, -23.58349 ], [ -46.21949, -23.58298 ], [ -46.2199, -23.58262 ], [ -46.21993, -23.58191 ], [ -46.21984, -23.58179 ], [ -46.21958, -23.58179 ], [ -46.21956, -23.58169 ], [ -46.21998, -23.58099 ], [ -46.22019, -23.58088 ], [ -46.22101, -23.58083 ], [ -46.22165, -23.58099 ], [ -46.22232, -23.58083 ], [ -46.22237, -23.58075 ], [ -46.22217, -23.58046 ], [ -46.22215, -23.58019 ], [ -46.22264, -23.58019 ], [ -46.22285, -23.57979 ], [ -46.22326, -23.57947 ], [ -46.2234, -23.57954 ], [ -46.22337, -23.5799 ], [ -46.22379, -23.58039 ], [ -46.22413, -23.5806 ], [ -46.22433, -23.58064 ], [ -46.2248, -23.5804 ], [ -46.22514, -23.58065 ], [ -46.22523, -23.58055 ], [ -46.22525, -23.58021 ], [ -46.22536, -23.58009 ], [ -46.22553, -23.58009 ], [ -46.22573, -23.58024 ], [ -46.2257, -23.57961 ], [ -46.2253, -23.5793 ], [ -46.22552, -23.57918 ], [ -46.22587, -23.57862 ], [ -46.22578, -23.57847 ], [ -46.22543, -23.5783 ], [ -46.22606, -23.57824 ], [ -46.2261, -23.57812 ], [ -46.22592, -23.5779 ], [ -46.22594, -23.57777 ], [ -46.22639, -23.57772 ], [ -46.22679, -23.57745 ], [ -46.22717, -23.57742 ], [ -46.22742, -23.57724 ], [ -46.22746, -23.57707 ], [ -46.22728, -23.57687 ], [ -46.22733, -23.57676 ], [ -46.22789, -23.57651 ], [ -46.22787, -23.5762 ], [ -46.22816, -23.57596 ], [ -46.22838, -23.57524 ], [ -46.22871, -23.57507 ], [ -46.22865, -23.57493 ], [ -46.22841, -23.57479 ], [ -46.22843, -23.57464 ], [ -46.22894, -23.57436 ], [ -46.22967, -23.57338 ], [ -46.22952, -23.573 ], [ -46.22973, -23.57272 ], [ -46.22974, -23.57241 ], [ -46.22946, -23.57216 ], [ -46.22942, -23.5716 ], [ -46.22925, -23.57157 ], [ -46.22912, -23.57169 ], [ -46.22892, -23.5717 ], [ -46.22917, -23.57125 ], [ -46.2289, -23.57074 ], [ -46.22888, -23.57047 ], [ -46.22912, -23.57023 ], [ -46.22848, -23.56984 ], [ -46.22859, -23.56967 ], [ -46.22853, -23.56909 ], [ -46.22818, -23.56909 ], [ -46.22805, -23.56888 ], [ -46.22772, -23.56866 ], [ -46.22736, -23.56865 ], [ -46.22727, -23.56828 ], [ -46.22678, -23.56819 ], [ -46.22675, -23.56776 ], [ -46.22649, -23.5677 ], [ -46.22645, -23.5676 ], [ -46.22687, -23.56733 ], [ -46.22678, -23.56715 ], [ -46.22691, -23.56698 ], [ -46.22637, -23.56705 ], [ -46.22617, -23.56682 ], [ -46.22637, -23.56645 ], [ -46.22627, -23.56605 ], [ -46.22637, -23.56563 ], [ -46.22626, -23.56526 ], [ -46.22652, -23.56526 ], [ -46.22676, -23.56497 ], [ -46.22673, -23.56446 ], [ -46.22648, -23.56399 ], [ -46.22673, -23.56358 ], [ -46.2271, -23.5634 ], [ -46.22725, -23.56318 ], [ -46.22764, -23.56309 ], [ -46.228, -23.56236 ], [ -46.22788, -23.56204 ], [ -46.22796, -23.56183 ], [ -46.22755, -23.5616 ], [ -46.22746, -23.56133 ], [ -46.2275, -23.56117 ], [ -46.22823, -23.5606 ], [ -46.22834, -23.56039 ], [ -46.22826, -23.56013 ], [ -46.22843, -23.55983 ], [ -46.22812, -23.55934 ], [ -46.22825, -23.55914 ], [ -46.22823, -23.55862 ], [ -46.22863, -23.55832 ], [ -46.22867, -23.5581 ], [ -46.22877, -23.55806 ], [ -46.22991, -23.558 ], [ -46.23027, -23.55812 ], [ -46.23099, -23.55805 ], [ -46.23118, -23.55787 ], [ -46.23089, -23.55743 ], [ -46.2309, -23.55708 ], [ -46.23121, -23.55708 ], [ -46.23131, -23.55737 ], [ -46.23155, -23.55757 ], [ -46.23182, -23.55759 ], [ -46.2319, -23.55735 ], [ -46.23181, -23.5572 ], [ -46.23185, -23.55704 ], [ -46.23198, -23.55702 ], [ -46.23236, -23.5573 ], [ -46.23295, -23.55699 ], [ -46.23354, -23.55641 ], [ -46.23358, -23.55617 ], [ -46.23337, -23.55602 ], [ -46.23332, -23.55583 ], [ -46.23381, -23.55532 ], [ -46.23449, -23.55545 ], [ -46.23467, -23.55508 ], [ -46.23506, -23.55501 ], [ -46.23549, -23.555 ], [ -46.23578, -23.55485 ], [ -46.23584, -23.55469 ], [ -46.23585, -23.55446 ], [ -46.23702, -23.55314 ], [ -46.23795, -23.55263 ], [ -46.23831, -23.55214 ], [ -46.23837, -23.55142 ], [ -46.23916, -23.55066 ], [ -46.2403, -23.55003 ], [ -46.2404, -23.54954 ], [ -46.24038, -23.54928 ], [ -46.2401, -23.54777 ], [ -46.24023, -23.54723 ], [ -46.2404, -23.54681 ], [ -46.24049, -23.54676 ], [ -46.24065, -23.5467 ], [ -46.24073, -23.54651 ], [ -46.2418, -23.5453 ], [ -46.24216, -23.54506 ], [ -46.24256, -23.54492 ], [ -46.24439, -23.5432 ], [ -46.24461, -23.54282 ], [ -46.24483, -23.54218 ] ], [ [ -46.24483, -23.54218 ], [ -46.24514, -23.54172 ], [ -46.24617, -23.54128 ], [ -46.24666, -23.54121 ], [ -46.2478, -23.54145 ], [ -46.24807, -23.54138 ], [ -46.24835, -23.54112 ], [ -46.24808, -23.541 ], [ -46.24811, -23.5409 ], [ -46.24844, -23.5409 ], [ -46.24858, -23.54056 ], [ -46.24925, -23.54066 ], [ -46.24938, -23.54043 ], [ -46.2495, -23.54046 ], [ -46.24942, -23.54072 ], [ -46.24948, -23.54115 ], [ -46.24976, -23.54164 ], [ -46.25022, -23.54166 ], [ -46.2505, -23.54137 ], [ -46.25068, -23.54163 ], [ -46.25089, -23.54171 ], [ -46.25124, -23.54138 ], [ -46.25085, -23.54126 ], [ -46.25084, -23.54116 ], [ -46.25103, -23.54098 ], [ -46.25138, -23.5409 ], [ -46.25162, -23.54073 ], [ -46.25172, -23.5405 ], [ -46.2515, -23.54018 ], [ -46.2517, -23.53994 ], [ -46.25194, -23.54022 ], [ -46.25207, -23.54022 ], [ -46.25221, -23.53999 ], [ -46.25216, -23.53972 ], [ -46.25225, -23.53969 ], [ -46.25242, -23.53995 ], [ -46.25266, -23.54001 ], [ -46.25285, -23.5396 ], [ -46.2526, -23.53956 ], [ -46.25253, -23.53945 ], [ -46.25295, -23.5393 ], [ -46.25322, -23.53945 ], [ -46.25332, -23.53984 ], [ -46.25363, -23.53955 ], [ -46.25413, -23.53965 ], [ -46.25413, -23.53951 ], [ -46.25369, -23.53934 ], [ -46.25354, -23.53898 ], [ -46.25333, -23.53891 ], [ -46.2536, -23.5385 ], [ -46.25341, -23.53834 ], [ -46.25356, -23.53818 ], [ -46.25378, -23.53814 ], [ -46.25439, -23.53833 ], [ -46.2546, -23.53824 ], [ -46.25443, -23.53804 ], [ -46.25407, -23.53805 ], [ -46.25393, -23.53796 ], [ -46.2539, -23.53775 ], [ -46.25415, -23.53743 ], [ -46.25374, -23.53695 ], [ -46.25383, -23.53656 ], [ -46.25358, -23.53606 ] ] ] } },
{ "type": "Feature", "properties": { "name": "Ribeirão dos Canudos", "k": "river" }, "geometry": { "type": "LineString", "coordinates": [ [ -46.22427, -23.54477 ], [ -46.22598, -23.54355 ] ] } },
{ "type": "Feature", "properties": { "name": "Rio Una", "k": "river" }, "geometry": { "type": "MultiLineString", "coordinates": [ [ [ -46.30224, -23.57097 ], [ -46.30188, -23.56898 ], [ -46.30114, -23.56624 ], [ -46.30114, -23.56577 ], [ -46.30126, -23.56535 ], [ -46.30111, -23.56503 ], [ -46.30116, -23.56471 ], [ -46.30094, -23.56458 ], [ -46.3008, -23.56413 ], [ -46.30089, -23.5638 ], [ -46.30086, -23.56339 ], [ -46.30018, -23.56042 ], [ -46.29988, -23.55984 ], [ -46.29928, -23.55955 ] ], [ [ -46.29961, -23.55791 ], [ -46.29981, -23.55771 ] ], [ [ -46.29949, -23.55897 ], [ -46.29961, -23.55791 ] ], [ [ -46.29928, -23.55955 ], [ -46.29945, -23.55918 ] ], [ [ -46.29945, -23.55918 ], [ -46.29949, -23.55897 ] ], [ [ -46.29981, -23.55771 ], [ -46.30038, -23.5571 ], [ -46.30131, -23.55429 ], [ -46.30246, -23.55303 ], [ -46.30318, -23.55259 ], [ -46.30352, -23.55219 ], [ -46.3042, -23.54942 ], [ -46.30423, -23.54842 ], [ -46.30372, -23.54709 ], [ -46.3037, -23.54674 ], [ -46.30478, -23.5436 ], [ -46.30478, -23.54325 ], [ -46.30469, -23.54293 ], [ -46.30398, -23.54224 ], [ -46.30322, -23.54041 ], [ -46.30327, -23.53987 ], [ -46.30356, -23.53887 ] ], [ [ -46.31014, -23.58834 ], [ -46.30849, -23.58809 ] ], [ [ -46.30849, -23.58809 ], [ -46.30831, -23.58807 ] ], [ [ -46.30831, -23.58807 ], [ -46.30785, -23.58802 ], [ -46.3075, -23.58763 ] ], [ [ -46.3073, -23.58742 ], [ -46.30658, -23.58699 ], [ -46.30644, -23.58676 ], [ -46.30643, -23.58651 ] ], [ [ -46.3075, -23.58763 ], [ -46.3073, -23.58742 ] ] ] } },
{ "type": "Feature", "properties": { "name": "Riacho do Rodeio", "k": "river" }, "geometry": { "type": "LineString", "coordinates": [ [ -46.39735, -23.6041 ], [ -46.39819, -23.60226 ], [ -46.40003, -23.6004 ], [ -46.40135, -23.59962 ], [ -46.403, -23.59835 ], [ -46.4049, -23.59642 ], [ -46.40652, -23.59348 ], [ -46.40913, -23.58755 ], [ -46.40923, -23.58622 ], [ -46.40883, -23.5832 ] ] } },
{ "type": "Feature", "properties": { "name": "Ribeirão Guaratiba", "k": "river" }, "geometry": { "type": "MultiLineString", "coordinates": [ [ [ -46.39131, -23.57504 ], [ -46.39192, -23.57452 ], [ -46.39214, -23.57376 ], [ -46.39245, -23.57341 ] ], [ [ -46.39245, -23.57341 ], [ -46.39258, -23.57282 ], [ -46.39253, -23.57251 ], [ -46.3928, -23.57236 ], [ -46.39294, -23.57202 ], [ -46.39322, -23.57219 ], [ -46.39342, -23.57205 ], [ -46.39403, -23.57186 ], [ -46.3946, -23.57098 ], [ -46.39503, -23.57052 ], [ -46.39542, -23.57064 ], [ -46.39556, -23.57048 ], [ -46.39545, -23.57041 ], [ -46.39557, -23.57038 ], [ -46.39584, -23.57048 ], [ -46.39639, -23.57043 ], [ -46.39664, -23.57012 ], [ -46.39845, -23.56919 ], [ -46.40188, -23.56687 ], [ -46.40481, -23.56402 ], [ -46.40591, -23.56347 ], [ -46.40964, -23.5623 ], [ -46.41098, -23.56221 ], [ -46.41122, -23.56223 ], [ -46.41161, -23.56269 ], [ -46.41235, -23.56298 ], [ -46.41263, -23.56299 ], [ -46.41313, -23.56334 ], [ -46.41345, -23.56341 ], [ -46.41385, -23.56327 ], [ -46.41428, -23.56338 ], [ -46.41455, -23.56364 ] ] ] } },
{ "type": "Feature", "properties": { "name": "Ribeirão Três Pontes", "k": "river" }, "geometry": { "type": "MultiLineString", "coordinates": [ [ [ -46.3654, -23.50642 ], [ -46.36562, -23.50713 ] ], [ [ -46.3664, -23.51219 ], [ -46.36604, -23.5111 ], [ -46.36585, -23.50996 ], [ -46.36602, -23.50871 ], [ -46.36576, -23.50832 ], [ -46.36562, -23.50713 ] ], [ [ -46.36691, -23.51687 ], [ -46.36655, -23.51476 ], [ -46.36686, -23.51389 ], [ -46.3664, -23.51219 ] ], [ [ -46.36701, -23.51709 ], [ -46.36691, -23.51687 ] ], [ [ -46.37861, -23.48086 ], [ -46.37854, -23.47935 ], [ -46.37862, -23.47893 ], [ -46.37992, -23.47798 ], [ -46.38032, -23.47655 ], [ -46.38099, -23.47578 ], [ -46.38222, -23.47525 ], [ -46.38184, -23.47474 ], [ -46.38241, -23.47335 ], [ -46.38355, -23.47336 ] ], [ [ -46.37844, -23.48163 ], [ -46.37861, -23.48086 ] ], [ [ -46.37708, -23.48443 ], [ -46.37839, -23.48175 ] ], [ [ -46.37839, -23.48175 ], [ -46.37844, -23.48163 ] ] ] } },
{ "type": "Feature", "properties": { "name": "Desmorrodouro de Itaquaquecetuba", "k": "ridge" }, "geometry": { "type": "LineString", "coordinates": [ [ -46.36196, -23.52431 ], [ -46.3629, -23.52494 ], [ -46.3634, -23.52634 ], [ -46.36278, -23.52679 ], [ -46.36213, -23.52803 ], [ -46.36323, -23.52944 ], [ -46.36591, -23.52937 ], [ -46.3676, -23.53029 ], [ -46.36866, -23.53001 ], [ -46.37102, -23.53098 ], [ -46.37235, -23.53214 ], [ -46.37447, -23.53281 ], [ -46.37608, -23.53499 ], [ -46.37724, -23.53609 ], [ -46.37863, -23.53655 ], [ -46.37966, -23.53647 ], [ -46.38082, -23.53745 ], [ -46.38284, -23.53836 ], [ -46.38387, -23.53914 ], [ -46.38413, -23.54105 ], [ -46.38499, -23.54198 ], [ -46.38552, -23.54343 ] ] } },
{ "type": "Feature", "properties": { "name": "Ribeirão Lageado", "k": "river" }, "geometry": { "type": "LineString", "coordinates": [ [ -46.39563, -23.53089 ], [ -46.39545, -23.53061 ], [ -46.39516, -23.52956 ], [ -46.39527, -23.52863 ], [ -46.39525, -23.52753 ], [ -46.39534, -23.52711 ], [ -46.3957, -23.5266 ], [ -46.39665, -23.52572 ], [ -46.39785, -23.52427 ], [ -46.39781, -23.5239 ], [ -46.39809, -23.52285 ], [ -46.39838, -23.52189 ], [ -46.39877, -23.5215 ], [ -46.39877, -23.52096 ], [ -46.39895, -23.51983 ], [ -46.3993, -23.51903 ], [ -46.40082, -23.51735 ], [ -46.4015, -23.51678 ], [ -46.40228, -23.51575 ], [ -46.40205, -23.51528 ], [ -46.40208, -23.51427 ], [ -46.40201, -23.51405 ], [ -46.40189, -23.51383 ], [ -46.40146, -23.51351 ], [ -46.40134, -23.51326 ], [ -46.40134, -23.51308 ], [ -46.40157, -23.51282 ], [ -46.40142, -23.51196 ], [ -46.40158, -23.51164 ], [ -46.40355, -23.51021 ], [ -46.40399, -23.50911 ], [ -46.40406, -23.50811 ], [ -46.40422, -23.50756 ], [ -46.4044, -23.50732 ], [ -46.4058, -23.50322 ], [ -46.40623, -23.5031 ], [ -46.40641, -23.50284 ], [ -46.40671, -23.50214 ], [ -46.40677, -23.50135 ], [ -46.40758, -23.50024 ], [ -46.4074, -23.49862 ], [ -46.40695, -23.49686 ], [ -46.40627, -23.49628 ], [ -46.40558, -23.49428 ], [ -46.40553, -23.49337 ], [ -46.40486, -23.49207 ], [ -46.40466, -23.49096 ], [ -46.40272, -23.48902 ], [ -46.40234, -23.48845 ], [ -46.40205, -23.48748 ], [ -46.40194, -23.48675 ] ] } },
{ "type": "Feature", "properties": { "name": "Sem denominação", "k": "river" }, "geometry": { "type": "LineString", "coordinates": [ [ -46.39895, -23.50349 ], [ -46.39915, -23.50267 ], [ -46.39951, -23.50186 ] ] } },
{ "type": "Feature", "properties": { "name": "Córrego Três Pontes", "k": "river" }, "geometry": { "type": "MultiLineString", "coordinates": [ [ [ -46.36989, -23.49521 ], [ -46.37087, -23.49391 ], [ -46.3713, -23.49352 ], [ -46.37178, -23.49215 ], [ -46.37245, -23.4915 ], [ -46.37374, -23.48985 ], [ -46.37468, -23.48816 ], [ -46.37683, -23.48502 ], [ -46.37708, -23.48443 ] ], [ [ -46.36768, -23.49962 ], [ -46.36825, -23.4988 ], [ -46.36917, -23.49773 ], [ -46.36961, -23.49702 ], [ -46.36966, -23.4962 ], [ -46.36989, -23.49521 ] ] ] } },
{ "type": "Feature", "properties": { "name": "Colina de Itaquaquecetuba", "k": "ridge" }, "geometry": { "type": "LineString", "coordinates": [ [ -46.3499, -23.4748 ], [ -46.35248, -23.47691 ], [ -46.35321, -23.47702 ], [ -46.35284, -23.47962 ], [ -46.35314, -23.48297 ], [ -46.35224, -23.48574 ], [ -46.35136, -23.48655 ], [ -46.3511, -23.48842 ], [ -46.35125, -23.49182 ], [ -46.35265, -23.49265 ], [ -46.35319, -23.49336 ], [ -46.35383, -23.49359 ], [ -46.35529, -23.49533 ], [ -46.35602, -23.49594 ], [ -46.35636, -23.49641 ], [ -46.35533, -23.49798 ], [ -46.35359, -23.49842 ], [ -46.35188, -23.49995 ], [ -46.35155, -23.5004 ], [ -46.35179, -23.5017 ], [ -46.35237, -23.5033 ], [ -46.35301, -23.50432 ], [ -46.35447, -23.50585 ], [ -46.3554, -23.50658 ], [ -46.35473, -23.50796 ], [ -46.35512, -23.51079 ], [ -46.35512, -23.51258 ], [ -46.35709, -23.51327 ], [ -46.35791, -23.51504 ], [ -46.35926, -23.51532 ], [ -46.3601, -23.51656 ], [ -46.36145, -23.51784 ], [ -46.36175, -23.51831 ], [ -46.36121, -23.5202 ], [ -46.36181, -23.52077 ], [ -46.3622, -23.52156 ], [ -46.3622, -23.52325 ], [ -46.36196, -23.52431 ] ] } },
{ "type": "Feature", "properties": { "name": "Rio Baquirivu-Guaçu", "k": "canal" }, "geometry": { "type": "MultiLineString", "coordinates": [ [ [ -46.32997, -23.39568 ], [ -46.33371, -23.39693 ] ], [ [ -46.32942, -23.39552 ], [ -46.3295, -23.39554 ] ], [ [ -46.3298, -23.39563 ], [ -46.32997, -23.39568 ] ], [ [ -46.3295, -23.39554 ], [ -46.3298, -23.39563 ] ], [ [ -46.32789, -23.39518 ], [ -46.32942, -23.39552 ] ] ] } },
{ "type": "Feature", "properties": { "name": "Rio Jaguari", "k": "river" }, "geometry": { "type": "MultiLineString", "coordinates": [ [ [ -46.29838, -23.33364 ], [ -46.29701, -23.33363 ], [ -46.29637, -23.33381 ], [ -46.29585, -23.33364 ], [ -46.29458, -23.33358 ], [ -46.2942, -23.33438 ], [ -46.29254, -23.33518 ], [ -46.29098, -23.3363 ], [ -46.29014, -23.33735 ], [ -46.28829, -23.33713 ], [ -46.28818, -23.33675 ], [ -46.28856, -23.3366 ], [ -46.28865, -23.33628 ], [ -46.28741, -23.33542 ], [ -46.28684, -23.33524 ], [ -46.28616, -23.33533 ], [ -46.2854, -23.3348 ], [ -46.28507, -23.33483 ], [ -46.28512, -23.33535 ], [ -46.28488, -23.33569 ], [ -46.2848, -23.33633 ], [ -46.28457, -23.33641 ], [ -46.2831, -23.33509 ], [ -46.28242, -23.33127 ], [ -46.28231, -23.33019 ] ], [ [ -46.28231, -23.33019 ], [ -46.28171, -23.33017 ], [ -46.28026, -23.33036 ], [ -46.27978, -23.3303 ], [ -46.27925, -23.33046 ], [ -46.27799, -23.33044 ], [ -46.27746, -23.3307 ], [ -46.27734, -23.3303 ], [ -46.27711, -23.33003 ], [ -46.27656, -23.33011 ], [ -46.27642, -23.32991 ], [ -46.27607, -23.32978 ], [ -46.27585, -23.32847 ], [ -46.27566, -23.32825 ], [ -46.27486, -23.3282 ], [ -46.27415, -23.32776 ], [ -46.27409, -23.32757 ], [ -46.27345, -23.32716 ], [ -46.27285, -23.32718 ], [ -46.27248, -23.32704 ], [ -46.27196, -23.32706 ], [ -46.27175, -23.32697 ], [ -46.27142, -23.32654 ], [ -46.27018, -23.32605 ], [ -46.2704, -23.32588 ], [ -46.27025, -23.32531 ], [ -46.27004, -23.32524 ], [ -46.26978, -23.32552 ], [ -46.26961, -23.3255 ], [ -46.2696, -23.32526 ], [ -46.26935, -23.32513 ], [ -46.26934, -23.32465 ], [ -46.26944, -23.32459 ], [ -46.27062, -23.32469 ], [ -46.27109, -23.32503 ], [ -46.27123, -23.325 ], [ -46.27126, -23.32481 ], [ -46.2717, -23.32478 ], [ -46.27182, -23.32487 ], [ -46.2718, -23.32527 ], [ -46.27194, -23.32533 ], [ -46.27204, -23.32533 ], [ -46.27212, -23.32504 ], [ -46.2724, -23.32469 ], [ -46.27222, -23.32443 ], [ -46.27234, -23.32423 ], [ -46.27227, -23.32412 ], [ -46.27214, -23.3241 ], [ -46.27202, -23.32423 ], [ -46.27177, -23.32419 ], [ -46.27177, -23.32402 ], [ -46.27204, -23.32377 ], [ -46.27198, -23.32364 ], [ -46.27154, -23.3234 ], [ -46.27139, -23.32313 ], [ -46.27167, -23.32303 ], [ -46.27209, -23.32263 ], [ -46.27272, -23.32178 ], [ -46.27273, -23.32157 ], [ -46.27256, -23.32117 ], [ -46.27209, -23.32115 ], [ -46.27138, -23.32073 ], [ -46.27195, -23.31996 ], [ -46.2721, -23.31914 ], [ -46.2725, -23.31905 ], [ -46.27252, -23.31894 ], [ -46.27235, -23.3186 ], [ -46.27253, -23.3179 ], [ -46.27245, -23.31776 ], [ -46.27203, -23.31773 ], [ -46.27192, -23.31738 ], [ -46.2719, -23.31722 ], [ -46.27216, -23.31662 ], [ -46.27197, -23.3163 ], [ -46.27225, -23.3161 ], [ -46.27193, -23.31582 ], [ -46.27202, -23.31529 ], [ -46.2717, -23.31512 ], [ -46.27192, -23.31474 ], [ -46.2718, -23.31446 ], [ -46.27188, -23.31396 ], [ -46.27164, -23.31358 ], [ -46.27102, -23.31315 ], [ -46.27037, -23.31283 ], [ -46.27003, -23.31282 ], [ -46.26995, -23.3122 ], [ -46.27027, -23.31197 ], [ -46.27019, -23.31172 ], [ -46.27042, -23.31133 ], [ -46.27018, -23.31083 ], [ -46.27021, -23.31068 ], [ -46.27057, -23.31047 ], [ -46.27031, -23.31026 ], [ -46.27014, -23.30996 ], [ -46.26909, -23.30987 ], [ -46.26879, -23.30972 ], [ -46.26885, -23.30931 ], [ -46.26876, -23.3091 ], [ -46.26848, -23.309 ], [ -46.26812, -23.30922 ], [ -46.26781, -23.30909 ], [ -46.26792, -23.30876 ], [ -46.26761, -23.30844 ], [ -46.2663, -23.30794 ], [ -46.26534, -23.3077 ], [ -46.26422, -23.30788 ], [ -46.26403, -23.30778 ], [ -46.26383, -23.30751 ], [ -46.26374, -23.30672 ], [ -46.26338, -23.30604 ], [ -46.26298, -23.30564 ], [ -46.263, -23.30544 ], [ -46.26403, -23.30514 ], [ -46.2642, -23.30498 ], [ -46.26416, -23.30475 ], [ -46.2635, -23.30454 ], [ -46.26262, -23.30472 ], [ -46.2623, -23.30472 ], [ -46.26206, -23.3046 ], [ -46.26286, -23.30303 ], [ -46.26252, -23.3026 ], [ -46.26261, -23.3024 ], [ -46.26245, -23.30223 ], [ -46.26214, -23.30218 ], [ -46.26145, -23.30141 ], [ -46.26123, -23.30079 ], [ -46.26162, -23.30033 ], [ -46.26154, -23.30024 ], [ -46.26067, -23.30029 ], [ -46.26017, -23.30016 ], [ -46.25984, -23.29978 ], [ -46.2593, -23.29975 ], [ -46.25845, -23.29889 ], [ -46.25744, -23.29825 ], [ -46.25648, -23.29741 ], [ -46.25575, -23.29642 ], [ -46.25544, -23.29628 ], [ -46.25504, -23.29582 ], [ -46.25481, -23.29575 ], [ -46.25395, -23.29602 ], [ -46.25315, -23.29541 ], [ -46.25264, -23.29538 ], [ -46.25227, -23.29517 ], [ -46.25135, -23.29496 ], [ -46.25079, -23.29492 ], [ -46.25066, -23.29484 ], [ -46.25063, -23.29457 ], [ -46.25051, -23.29454 ], [ -46.24982, -23.2945 ], [ -46.24959, -23.29459 ], [ -46.24928, -23.29508 ], [ -46.24921, -23.2956 ], [ -46.24958, -23.29575 ], [ -46.24977, -23.29566 ], [ -46.25, -23.2953 ], [ -46.25028, -23.29524 ], [ -46.25077, -23.29543 ], [ -46.2508, -23.29572 ], [ -46.25033, -23.29605 ], [ -46.25002, -23.29653 ], [ -46.25024, -23.29671 ], [ -46.25072, -23.29749 ], [ -46.25176, -23.2981 ], [ -46.25197, -23.29809 ], [ -46.25246, -23.29783 ], [ -46.25263, -23.29791 ], [ -46.25274, -23.29825 ], [ -46.25325, -23.29809 ], [ -46.25333, -23.29816 ], [ -46.2533, -23.29862 ], [ -46.25301, -23.29914 ], [ -46.25292, -23.29916 ], [ -46.25223, -23.29872 ], [ -46.25209, -23.29875 ], [ -46.25182, -23.29927 ], [ -46.25156, -23.29953 ], [ -46.25111, -23.29957 ], [ -46.2495, -23.29838 ], [ -46.24818, -23.29813 ], [ -46.24759, -23.2989 ], [ -46.24739, -23.29904 ], [ -46.24723, -23.29903 ], [ -46.24701, -23.2985 ], [ -46.24707, -23.29811 ], [ -46.24697, -23.29761 ], [ -46.24656, -23.29697 ], [ -46.24585, -23.29689 ], [ -46.24522, -23.29715 ], [ -46.24422, -23.29738 ], [ -46.24391, -23.29709 ] ] ] } },
{ "type": "Feature", "properties": { "name": "Morro do Retiro", "k": "ridge" }, "geometry": { "type": "MultiLineString", "coordinates": [ [ [ -46.28338, -23.36323 ], [ -46.28467, -23.36323 ], [ -46.28548, -23.3634 ], [ -46.28476, -23.36467 ], [ -46.28454, -23.36543 ], [ -46.28501, -23.36664 ], [ -46.28612, -23.36724 ], [ -46.28672, -23.3679 ], [ -46.29041, -23.3681 ] ], [ [ -46.27276, -23.35756 ], [ -46.27622, -23.35943 ], [ -46.2774, -23.3614 ], [ -46.27954, -23.36198 ], [ -46.28177, -23.36233 ], [ -46.28276, -23.3631 ], [ -46.28338, -23.36323 ] ] ] } },
{ "type": "Feature", "properties": { "name": "Rio Parateí", "k": "river" }, "geometry": { "type": "LineString", "coordinates": [ [ -46.21575, -23.37853 ], [ -46.21533, -23.37833 ], [ -46.21212, -23.37842 ], [ -46.2117, -23.37788 ], [ -46.21182, -23.37734 ], [ -46.21144, -23.37696 ], [ -46.21145, -23.3766 ], [ -46.21106, -23.37568 ], [ -46.21179, -23.37481 ], [ -46.21214, -23.37402 ], [ -46.21207, -23.37359 ], [ -46.21116, -23.37327 ], [ -46.21013, -23.37418 ], [ -46.20916, -23.37411 ], [ -46.20449, -23.3717 ], [ -46.20408, -23.37117 ], [ -46.20397, -23.37062 ], [ -46.20434, -23.37038 ], [ -46.20406, -23.36995 ], [ -46.20356, -23.36961 ], [ -46.20226, -23.3692 ], [ -46.20221, -23.36882 ], [ -46.20273, -23.36849 ], [ -46.20318, -23.36796 ], [ -46.20318, -23.36772 ], [ -46.20234, -23.36776 ], [ -46.20176, -23.36768 ], [ -46.20108, -23.36721 ], [ -46.20007, -23.36674 ], [ -46.19958, -23.36671 ], [ -46.19914, -23.36652 ] ] } },
{ "type": "Feature", "properties": { "name": "Rio Paratei", "k": "river" }, "geometry": { "type": "MultiLineString", "coordinates": [ [ [ -46.23997, -23.39208 ], [ -46.23798, -23.39202 ], [ -46.23808, -23.39164 ], [ -46.23765, -23.39157 ], [ -46.23736, -23.39134 ], [ -46.2369, -23.39124 ], [ -46.23635, -23.39168 ], [ -46.23601, -23.39163 ], [ -46.2357, -23.39145 ], [ -46.23507, -23.39133 ], [ -46.23421, -23.39092 ], [ -46.23373, -23.39099 ], [ -46.23371, -23.39133 ], [ -46.23334, -23.39155 ], [ -46.23206, -23.39072 ], [ -46.23144, -23.39055 ], [ -46.23142, -23.38961 ], [ -46.22917, -23.38722 ], [ -46.22844, -23.38664 ], [ -46.22801, -23.38574 ], [ -46.22736, -23.38554 ], [ -46.22651, -23.38509 ], [ -46.22648, -23.38462 ], [ -46.22739, -23.3841 ], [ -46.22768, -23.38316 ], [ -46.22761, -23.38297 ], [ -46.22726, -23.38285 ], [ -46.22699, -23.38263 ], [ -46.2261, -23.3823 ], [ -46.22519, -23.38174 ], [ -46.2248, -23.3818 ], [ -46.22463, -23.38196 ], [ -46.22489, -23.38271 ], [ -46.22483, -23.38296 ], [ -46.2242, -23.38349 ], [ -46.22436, -23.38421 ], [ -46.22506, -23.38435 ], [ -46.22542, -23.38477 ], [ -46.22461, -23.38549 ], [ -46.22386, -23.38562 ], [ -46.22351, -23.38557 ], [ -46.22369, -23.38466 ], [ -46.2234, -23.38459 ], [ -46.22284, -23.38467 ], [ -46.22211, -23.38497 ], [ -46.22012, -23.38624 ], [ -46.21965, -23.38602 ], [ -46.21931, -23.38515 ], [ -46.21952, -23.38414 ], [ -46.21834, -23.38336 ], [ -46.21847, -23.38297 ], [ -46.21816, -23.38256 ], [ -46.21829, -23.3816 ], [ -46.21806, -23.38103 ], [ -46.2167, -23.3809 ], [ -46.21575, -23.37853 ] ], [ [ -46.24938, -23.41412 ], [ -46.2495, -23.414 ], [ -46.24953, -23.41379 ], [ -46.2494, -23.41265 ], [ -46.24975, -23.41208 ], [ -46.24943, -23.41153 ], [ -46.25018, -23.41045 ], [ -46.2503, -23.40995 ], [ -46.25055, -23.40957 ], [ -46.2506, -23.40917 ], [ -46.2503, -23.40878 ], [ -46.25048, -23.40822 ], [ -46.25024, -23.40799 ], [ -46.24975, -23.408 ], [ -46.24943, -23.40702 ], [ -46.24912, -23.40689 ], [ -46.24844, -23.40632 ], [ -46.24815, -23.40588 ], [ -46.2479, -23.4057 ], [ -46.24754, -23.40559 ], [ -46.24737, -23.40559 ], [ -46.24723, -23.40595 ], [ -46.24733, -23.40632 ], [ -46.24723, -23.40648 ], [ -46.24676, -23.40674 ], [ -46.24665, -23.40691 ], [ -46.24664, -23.4073 ], [ -46.2465, -23.40762 ], [ -46.24627, -23.40779 ], [ -46.24599, -23.40785 ], [ -46.24487, -23.40768 ], [ -46.2446, -23.40718 ], [ -46.24336, -23.40581 ], [ -46.24253, -23.40515 ], [ -46.24219, -23.40502 ], [ -46.24218, -23.4048 ], [ -46.24263, -23.4043 ], [ -46.24383, -23.40357 ], [ -46.24244, -23.40097 ], [ -46.24157, -23.40081 ], [ -46.24118, -23.40048 ], [ -46.2412, -23.39999 ], [ -46.24164, -23.39973 ], [ -46.24173, -23.39955 ], [ -46.24034, -23.39805 ], [ -46.24021, -23.39744 ], [ -46.2399, -23.39702 ], [ -46.23999, -23.39652 ], [ -46.24022, -23.39641 ], [ -46.24072, -23.39641 ], [ -46.24111, -23.396 ], [ -46.24107, -23.39561 ], [ -46.24118, -23.39512 ], [ -46.24073, -23.39482 ], [ -46.24083, -23.39432 ], [ -46.24077, -23.39375 ], [ -46.24135, -23.39323 ], [ -46.24139, -23.393 ], [ -46.24137, -23.39281 ], [ -46.23997, -23.39208 ] ] ] } },
{ "type": "Feature", "properties": { "name": "Indaco", "k": "river" }, "geometry": { "type": "MultiLineString", "coordinates": [ [ [ -46.22343, -23.3217 ], [ -46.22384, -23.32114 ] ], [ [ -46.22332, -23.32186 ], [ -46.22343, -23.3217 ] ], [ [ -46.223, -23.32232 ], [ -46.22332, -23.32186 ] ], [ [ -46.22286, -23.32252 ], [ -46.223, -23.32232 ] ], [ [ -46.22248, -23.32317 ], [ -46.22286, -23.32252 ] ], [ [ -46.22384, -23.32114 ], [ -46.22395, -23.321 ] ], [ [ -46.22395, -23.321 ], [ -46.22453, -23.32044 ] ], [ [ -46.22453, -23.32044 ], [ -46.22473, -23.32031 ] ], [ [ -46.22473, -23.32031 ], [ -46.22543, -23.31982 ] ], [ [ -46.22543, -23.31982 ], [ -46.22556, -23.31968 ] ], [ [ -46.22556, -23.31968 ], [ -46.22623, -23.31894 ] ], [ [ -46.22633, -23.31886 ], [ -46.22718, -23.31826 ] ], [ [ -46.22718, -23.31826 ], [ -46.22727, -23.3182 ] ], [ [ -46.22727, -23.3182 ], [ -46.22752, -23.31804 ] ], [ [ -46.22623, -23.31894 ], [ -46.22633, -23.31886 ] ] ] } },
{ "type": "Feature", "properties": { "name": "Ribeirão Araraquara", "k": "river" }, "geometry": { "type": "LineString", "coordinates": [ [ -46.23515, -23.3266 ], [ -46.23415, -23.32551 ], [ -46.23228, -23.32427 ], [ -46.23177, -23.32336 ], [ -46.23165, -23.32201 ], [ -46.23149, -23.32151 ], [ -46.23047, -23.32036 ], [ -46.22822, -23.31875 ], [ -46.22768, -23.31825 ], [ -46.22737, -23.31777 ], [ -46.22728, -23.31734 ], [ -46.22725, -23.31699 ], [ -46.22751, -23.31495 ], [ -46.22782, -23.31416 ], [ -46.22792, -23.31354 ], [ -46.22904, -23.31091 ], [ -46.22971, -23.30854 ], [ -46.22971, -23.30817 ], [ -46.22997, -23.30731 ], [ -46.23002, -23.3065 ], [ -46.23025, -23.30559 ], [ -46.23016, -23.30501 ], [ -46.23031, -23.30483 ], [ -46.23033, -23.30452 ], [ -46.23048, -23.30436 ], [ -46.23112, -23.30425 ], [ -46.23121, -23.30405 ], [ -46.23117, -23.30374 ], [ -46.23159, -23.30344 ], [ -46.23161, -23.30328 ], [ -46.23121, -23.30221 ], [ -46.23088, -23.30229 ], [ -46.23028, -23.30192 ], [ -46.22928, -23.30167 ], [ -46.2291, -23.30133 ], [ -46.22933, -23.30079 ], [ -46.22983, -23.30071 ], [ -46.23032, -23.30032 ], [ -46.23033, -23.3 ], [ -46.2301, -23.29974 ], [ -46.2301, -23.29928 ], [ -46.23, -23.29912 ], [ -46.23005, -23.29881 ], [ -46.23029, -23.29864 ], [ -46.2304, -23.29803 ], [ -46.23024, -23.2977 ], [ -46.23016, -23.2972 ], [ -46.22979, -23.29709 ], [ -46.22926, -23.29733 ], [ -46.22907, -23.29728 ], [ -46.2289, -23.29703 ], [ -46.22798, -23.2969 ], [ -46.22776, -23.29671 ], [ -46.22739, -23.29676 ], [ -46.22724, -23.29667 ], [ -46.22704, -23.29595 ], [ -46.22671, -23.2955 ], [ -46.22655, -23.29545 ], [ -46.22629, -23.29563 ], [ -46.22614, -23.29554 ], [ -46.22615, -23.29527 ], [ -46.22578, -23.29509 ], [ -46.22548, -23.29519 ], [ -46.22538, -23.29513 ], [ -46.22525, -23.29445 ], [ -46.22426, -23.29434 ], [ -46.22349, -23.29406 ], [ -46.22354, -23.29383 ], [ -46.22324, -23.29347 ], [ -46.22319, -23.29317 ], [ -46.2234, -23.2924 ] ] } },
{ "type": "Feature", "properties": { "name": "Serra do Itaberaba ou do Gil", "k": "ridge" }, "geometry": { "type": "LineString", "coordinates": [ [ -46.42996, -23.32857 ], [ -46.42945, -23.325 ], [ -46.428, -23.32447 ], [ -46.42639, -23.32524 ], [ -46.4261, -23.32381 ], [ -46.42303, -23.31977 ], [ -46.42381, -23.31761 ], [ -46.42404, -23.31651 ], [ -46.42347, -23.31609 ], [ -46.42193, -23.3155 ], [ -46.42109, -23.31557 ], [ -46.41831, -23.31617 ], [ -46.4179, -23.31609 ], [ -46.41683, -23.31525 ], [ -46.41665, -23.31422 ], [ -46.41592, -23.31295 ], [ -46.41408, -23.31041 ], [ -46.41335, -23.30824 ], [ -46.41207, -23.30685 ], [ -46.41091, -23.30628 ], [ -46.41019, -23.30515 ], [ -46.41163, -23.30268 ], [ -46.41166, -23.30212 ], [ -46.41136, -23.30149 ], [ -46.41078, -23.30082 ], [ -46.41009, -23.30045 ], [ -46.40844, -23.3002 ], [ -46.40729, -23.30036 ], [ -46.40541, -23.30158 ], [ -46.40463, -23.30177 ], [ -46.40348, -23.30118 ], [ -46.40224, -23.29942 ], [ -46.40232, -23.29874 ], [ -46.40314, -23.29721 ], [ -46.40318, -23.29671 ], [ -46.40303, -23.29636 ], [ -46.40254, -23.29609 ], [ -46.40085, -23.29568 ], [ -46.40032, -23.29505 ], [ -46.40032, -23.29345 ], [ -46.39991, -23.29226 ], [ -46.4003, -23.29108 ], [ -46.40118, -23.2903 ], [ -46.40108, -23.28959 ], [ -46.39999, -23.28842 ], [ -46.39869, -23.28776 ], [ -46.39771, -23.28666 ], [ -46.39631, -23.28583 ], [ -46.39516, -23.28571 ], [ -46.39251, -23.28628 ], [ -46.38929, -23.28757 ], [ -46.3868, -23.28718 ], [ -46.38465, -23.28558 ], [ -46.38365, -23.27976 ], [ -46.38138, -23.27867 ], [ -46.37694, -23.27889 ], [ -46.37192, -23.27593 ], [ -46.3684, -23.27528 ], [ -46.36374, -23.27416 ], [ -46.35921, -23.27292 ], [ -46.35556, -23.27227 ], [ -46.35332, -23.27124 ], [ -46.35212, -23.27131 ], [ -46.34971, -23.27348 ], [ -46.34812, -23.28056 ] ] } }
]
}
