{
"type": "FeatureCollection",
"name": "rail",
"xy_coordinate_resolution": 1e-05,
"features": [
{ "type": "Feature", "properties": { }, "geometry": { "type": "LineString", "coordinates": [ [ -46.47333, -23.54245 ], [ -46.47701, -23.54287 ], [ -46.48183, -23.54183 ], [ -46.48284, -23.54146 ], [ -46.48363, -23.54097 ], [ -46.48532, -23.53937 ], [ -46.486, -23.53837 ], [ -46.48659, -23.53687 ], [ -46.48762, -23.53596 ], [ -46.48867, -23.53563 ], [ -46.49166, -23.5356 ], [ -46.49446, -23.53529 ], [ -46.49545, -23.53501 ], [ -46.49621, -23.53459 ], [ -46.49794, -23.53317 ], [ -46.50589, -23.528 ], [ -46.50811, -23.52728 ], [ -46.50964, -23.52735 ], [ -46.51454, -23.52817 ], [ -46.52091, -23.53105 ], [ -46.52841, -23.53195 ], [ -46.53182, -23.53155 ], [ -46.5334, -23.53157 ], [ -46.54052, -23.53295 ], [ -46.54195, -23.53301 ], [ -46.54403, -23.53342 ], [ -46.54596, -23.53403 ], [ -46.57127, -23.53906 ], [ -46.57558, -23.54013 ] ] } },
{ "type": "Feature", "properties": { }, "geometry": { "type": "LineString", "coordinates": [ [ -46.73998, -23.4606 ], [ -46.73903, -23.45988 ], [ -46.73822, -23.45876 ], [ -46.73794, -23.45783 ], [ -46.73797, -23.45675 ], [ -46.73824, -23.45599 ], [ -46.73883, -23.45509 ], [ -46.73951, -23.45452 ], [ -46.74138, -23.45343 ], [ -46.74233, -23.45202 ], [ -46.74255, -23.45105 ], [ -46.74202, -23.44753 ], [ -46.74238, -23.44488 ], [ -46.74302, -23.44329 ], [ -46.74352, -23.44255 ], [ -46.74426, -23.4419 ], [ -46.74574, -23.44107 ], [ -46.7468, -23.43984 ], [ -46.74725, -23.43847 ], [ -46.74776, -23.43516 ], [ -46.74766, -23.43355 ], [ -46.74615, -23.42975 ], [ -46.74551, -23.42667 ], [ -46.74404, -23.42445 ], [ -46.74366, -23.42319 ], [ -46.74376, -23.422 ], [ -46.74501, -23.41835 ], [ -46.74485, -23.416 ], [ -46.74495, -23.41498 ], [ -46.74563, -23.41349 ], [ -46.7477, -23.41096 ], [ -46.74859, -23.41018 ], [ -46.75067, -23.40893 ], [ -46.7516, -23.408 ], [ -46.75411, -23.4043 ], [ -46.75518, -23.40146 ], [ -46.75764, -23.39871 ], [ -46.7581, -23.39747 ], [ -46.75803, -23.39336 ], [ -46.75769, -23.39192 ], [ -46.75646, -23.38944 ], [ -46.75518, -23.38761 ], [ -46.75486, -23.38634 ], [ -46.75495, -23.38539 ], [ -46.75557, -23.38336 ], [ -46.75536, -23.3771 ], [ -46.75544, -23.37596 ], [ -46.75598, -23.37385 ], [ -46.75605, -23.37295 ], [ -46.75578, -23.37138 ], [ -46.75535, -23.37026 ], [ -46.75416, -23.36853 ], [ -46.75245, -23.36682 ], [ -46.74904, -23.3639 ], [ -46.74713, -23.36105 ], [ -46.74462, -23.35921 ], [ -46.74377, -23.35829 ], [ -46.74096, -23.35177 ], [ -46.73857, -23.34457 ], [ -46.73777, -23.34126 ], [ -46.73446, -23.3358 ], [ -46.73344, -23.33493 ], [ -46.73111, -23.33373 ] ] } },
{ "type": "Feature", "properties": { }, "geometry": { "type": "LineString", "coordinates": [ [ -46.33959, -23.88836 ], [ -46.34467, -23.88128 ] ] } },
{ "type": "Feature", "properties": { }, "geometry": { "type": "LineString", "coordinates": [ [ -46.51147, -23.65863 ], [ -46.5112, -23.6587 ] ] } },
{ "type": "Feature", "properties": { }, "geometry": { "type": "LineString", "coordinates": [ [ -46.57915, -23.6048 ], [ -46.57694, -23.60722 ], [ -46.57541, -23.60811 ], [ -46.552, -23.6163 ], [ -46.54985, -23.6175 ], [ -46.54812, -23.6194 ], [ -46.52958, -23.6501 ], [ -46.5273, -23.653 ], [ -46.52664, -23.65363 ], [ -46.52543, -23.65434 ], [ -46.52026, -23.65644 ], [ -46.51147, -23.65863 ] ] } },
{ "type": "Feature", "properties": { }, "geometry": { "type": "LineString", "coordinates": [ [ -46.36898, -23.71597 ], [ -46.36895, -23.71621 ] ] } },
{ "type": "Feature", "properties": { }, "geometry": { "type": "LineString", "coordinates": [ [ -46.36895, -23.71621 ], [ -46.36892, -23.71723 ], [ -46.36921, -23.71909 ], [ -46.36951, -23.72 ], [ -46.37048, -23.72167 ], [ -46.379, -23.73018 ], [ -46.38005, -23.73198 ], [ -46.38144, -23.7354 ], [ -46.38247, -23.73696 ] ] } },
{ "type": "Feature", "properties": { }, "geometry": { "type": "LineString", "coordinates": [ [ -46.39087, -23.74109 ], [ -46.38763, -23.74048 ], [ -46.38554, -23.73964 ], [ -46.38371, -23.7383 ], [ -46.38247, -23.73696 ] ] } },
{ "type": "Feature", "properties": { }, "geometry": { "type": "LineString", "coordinates": [ [ -46.3183, -23.7929 ], [ -46.31623, -23.79165 ] ] } },
{ "type": "Feature", "properties": { }, "geometry": { "type": "LineString", "coordinates": [ [ -46.31623, -23.79165 ], [ -46.31148, -23.78757 ], [ -46.3088, -23.78407 ], [ -46.30673, -23.78246 ], [ -46.30553, -23.78125 ], [ -46.30384, -23.77989 ] ] } },
{ "type": "Feature", "properties": { }, "geometry": { "type": "LineString", "coordinates": [ [ -46.39598, -23.86174 ], [ -46.39492, -23.86061 ], [ -46.39438, -23.85936 ], [ -46.39434, -23.85822 ], [ -46.39509, -23.85549 ], [ -46.3948, -23.85395 ], [ -46.39446, -23.85319 ], [ -46.39273, -23.85082 ] ] } },
{ "type": "Feature", "properties": { }, "geometry": { "type": "LineString", "coordinates": [ [ -46.36124, -23.82669 ], [ -46.35556, -23.82364 ], [ -46.35398, -23.82263 ], [ -46.35304, -23.8218 ], [ -46.35052, -23.81898 ], [ -46.34684, -23.81653 ], [ -46.33987, -23.81104 ], [ -46.33918, -23.81059 ], [ -46.33616, -23.80946 ], [ -46.33296, -23.80735 ], [ -46.3319, -23.8064 ], [ -46.32902, -23.80319 ], [ -46.32626, -23.80146 ], [ -46.32497, -23.80046 ], [ -46.32273, -23.79776 ] ] } },
{ "type": "Feature", "properties": { }, "geometry": { "type": "LineString", "coordinates": [ [ -46.38312, -23.85567 ], [ -46.38251, -23.85537 ] ] } },
{ "type": "Feature", "properties": { }, "geometry": { "type": "LineString", "coordinates": [ [ -46.38253, -23.85533 ], [ -46.37673, -23.85255 ], [ -46.3731, -23.85055 ], [ -46.372, -23.84925 ], [ -46.37064, -23.84723 ] ] } },
{ "type": "Feature", "properties": { }, "geometry": { "type": "LineString", "coordinates": [ [ -46.39346, -23.86065 ], [ -46.39312, -23.86049 ] ] } },
{ "type": "Feature", "properties": { }, "geometry": { "type": "LineString", "coordinates": [ [ -46.39312, -23.86049 ], [ -46.38312, -23.85567 ] ] } },
{ "type": "Feature", "properties": { }, "geometry": { "type": "LineString", "coordinates": [ [ -46.37116, -23.83648 ], [ -46.37072, -23.83621 ] ] } },
{ "type": "Feature", "properties": { }, "geometry": { "type": "LineString", "coordinates": [ [ -46.37072, -23.83621 ], [ -46.36811, -23.83463 ], [ -46.36563, -23.83248 ] ] } },
{ "type": "Feature", "properties": { }, "geometry": { "type": "LineString", "coordinates": [ [ -46.37627, -23.8523 ], [ -46.37235, -23.85039 ], [ -46.37141, -23.8495 ], [ -46.37083, -23.84856 ] ] } },
{ "type": "Feature", "properties": { }, "geometry": { "type": "LineString", "coordinates": [ [ -46.37023, -23.85112 ], [ -46.37096, -23.8506 ], [ -46.37174, -23.85055 ], [ -46.37435, -23.85179 ] ] } },
{ "type": "Feature", "properties": { }, "geometry": { "type": "LineString", "coordinates": [ [ -46.3707, -23.84822 ], [ -46.37095, -23.84913 ], [ -46.3714, -23.84986 ], [ -46.3726, -23.85092 ] ] } },
{ "type": "Feature", "properties": { }, "geometry": { "type": "LineString", "coordinates": [ [ -46.38148, -23.85487 ], [ -46.37588, -23.85236 ] ] } },
{ "type": "Feature", "properties": { }, "geometry": { "type": "LineString", "coordinates": [ [ -46.35069, -23.8729 ], [ -46.35127, -23.87209 ] ] } },
{ "type": "Feature", "properties": { }, "geometry": { "type": "LineString", "coordinates": [ [ -46.32814, -23.90442 ], [ -46.32733, -23.90554 ] ] } },
{ "type": "Feature", "properties": { }, "geometry": { "type": "LineString", "coordinates": [ [ -46.33959, -23.88836 ], [ -46.32814, -23.90442 ] ] } },
{ "type": "Feature", "properties": { }, "geometry": { "type": "LineString", "coordinates": [ [ -46.32733, -23.90554 ], [ -46.32614, -23.90722 ], [ -46.32207, -23.91501 ], [ -46.32142, -23.91587 ], [ -46.31408, -23.92021 ], [ -46.31327, -23.92096 ], [ -46.31216, -23.92254 ] ] } },
{ "type": "Feature", "properties": { }, "geometry": { "type": "LineString", "coordinates": [ [ -46.30655, -23.93526 ], [ -46.30678, -23.94091 ], [ -46.30593, -23.94726 ], [ -46.30523, -23.94888 ], [ -46.30336, -23.95222 ], [ -46.3023, -23.95321 ], [ -46.30047, -23.95395 ], [ -46.2937, -23.95479 ], [ -46.29149, -23.95554 ], [ -46.29028, -23.95642 ], [ -46.28967, -23.9571 ], [ -46.28554, -23.96221 ] ] } },
{ "type": "Feature", "properties": { }, "geometry": { "type": "LineString", "coordinates": [ [ -46.30967, -23.92614 ], [ -46.30833, -23.92817 ], [ -46.30714, -23.93081 ], [ -46.30662, -23.93328 ], [ -46.30655, -23.93526 ] ] } },
{ "type": "Feature", "properties": { }, "geometry": { "type": "LineString", "coordinates": [ [ -46.34467, -23.88128 ], [ -46.35069, -23.8729 ] ] } },
{ "type": "Feature", "properties": { }, "geometry": { "type": "LineString", "coordinates": [ [ -46.28316, -23.96514 ], [ -46.27713, -23.97254 ] ] } },
{ "type": "Feature", "properties": { }, "geometry": { "type": "LineString", "coordinates": [ [ -46.41103, -23.88205 ], [ -46.41032, -23.88151 ] ] } },
{ "type": "Feature", "properties": { }, "geometry": { "type": "LineString", "coordinates": [ [ -46.41032, -23.88151 ], [ -46.40863, -23.88019 ] ] } },
{ "type": "Feature", "properties": { }, "geometry": { "type": "LineString", "coordinates": [ [ -46.51055, -23.97604 ], [ -46.51145, -23.97668 ], [ -46.5119, -23.97763 ] ] } },
{ "type": "Feature", "properties": { }, "geometry": { "type": "LineString", "coordinates": [ [ -46.41902, -23.8892 ], [ -46.4183, -23.88812 ] ] } },
{ "type": "Feature", "properties": { }, "geometry": { "type": "LineString", "coordinates": [ [ -46.42653, -23.88096 ], [ -46.42458, -23.87653 ] ] } },
{ "type": "Feature", "properties": { }, "geometry": { "type": "LineString", "coordinates": [ [ -46.42458, -23.87653 ], [ -46.42344, -23.87406 ], [ -46.41944, -23.86907 ], [ -46.41887, -23.86856 ], [ -46.41777, -23.86814 ] ] } },
{ "type": "Feature", "properties": { }, "geometry": { "type": "LineString", "coordinates": [ [ -46.41521, -23.86883 ], [ -46.41607, -23.8683 ], [ -46.41736, -23.86808 ] ] } },
{ "type": "Feature", "properties": { }, "geometry": { "type": "LineString", "coordinates": [ [ -46.41813, -23.88797 ], [ -46.41746, -23.88723 ], [ -46.41103, -23.88205 ] ] } },
{ "type": "Feature", "properties": { }, "geometry": { "type": "LineString", "coordinates": [ [ -46.41826, -23.88813 ], [ -46.41813, -23.88797 ] ] } },
{ "type": "Feature", "properties": { }, "geometry": { "type": "LineString", "coordinates": [ [ -46.39597, -23.92489 ], [ -46.39716, -23.92612 ] ] } },
{ "type": "Feature", "properties": { }, "geometry": { "type": "LineString", "coordinates": [ [ -46.39716, -23.92612 ], [ -46.39819, -23.92698 ], [ -46.3997, -23.92745 ], [ -46.40109, -23.92734 ], [ -46.40268, -23.9266 ], [ -46.406, -23.92459 ], [ -46.40871, -23.92171 ], [ -46.40995, -23.92065 ], [ -46.41815, -23.91594 ], [ -46.41952, -23.91446 ], [ -46.42253, -23.90999 ], [ -46.42281, -23.90943 ], [ -46.42305, -23.90831 ], [ -46.42292, -23.90296 ], [ -46.42035, -23.89377 ] ] } },
{ "type": "Feature", "properties": { }, "geometry": { "type": "LineString", "coordinates": [ [ -46.33706, -23.92878 ], [ -46.34412, -23.92762 ], [ -46.34519, -23.92806 ], [ -46.34753, -23.92999 ], [ -46.34862, -23.93042 ], [ -46.35471, -23.92969 ] ] } },
{ "type": "Feature", "properties": { }, "geometry": { "type": "LineString", "coordinates": [ [ -46.34866, -23.93049 ], [ -46.34792, -23.93031 ] ] } },
{ "type": "Feature", "properties": { }, "geometry": { "type": "LineString", "coordinates": [ [ -46.50767, -23.97859 ], [ -46.50879, -23.97966 ], [ -46.51003, -23.98193 ], [ -46.51163, -23.98372 ] ] } },
{ "type": "Feature", "properties": { }, "geometry": { "type": "LineString", "coordinates": [ [ -46.5145, -23.98985 ], [ -46.51433, -23.99073 ], [ -46.51379, -23.99125 ], [ -46.51261, -23.99142 ], [ -46.51182, -23.99112 ] ] } },
{ "type": "Feature", "properties": { }, "geometry": { "type": "LineString", "coordinates": [ [ -46.50867, -23.9749 ], [ -46.50826, -23.97466 ] ] } },
{ "type": "Feature", "properties": { }, "geometry": { "type": "LineString", "coordinates": [ [ -46.51055, -23.97604 ], [ -46.50867, -23.9749 ] ] } },
{ "type": "Feature", "properties": { }, "geometry": { "type": "LineString", "coordinates": [ [ -46.49798, -23.95565 ], [ -46.49716, -23.95523 ], [ -46.49621, -23.95511 ], [ -46.4925, -23.95588 ], [ -46.49163, -23.95585 ], [ -46.49078, -23.95541 ], [ -46.49018, -23.95473 ], [ -46.48915, -23.95177 ], [ -46.48953, -23.95061 ], [ -46.49133, -23.94833 ], [ -46.49149, -23.94774 ], [ -46.4914, -23.94691 ], [ -46.49095, -23.9458 ] ] } },
{ "type": "Feature", "properties": { }, "geometry": { "type": "LineString", "coordinates": [ [ -46.49848, -23.95608 ], [ -46.49798, -23.95565 ] ] } },
{ "type": "Feature", "properties": { }, "geometry": { "type": "LineString", "coordinates": [ [ -46.49482, -23.96269 ], [ -46.49517, -23.96171 ], [ -46.49617, -23.96076 ] ] } },
{ "type": "Feature", "properties": { }, "geometry": { "type": "LineString", "coordinates": [ [ -46.49617, -23.96076 ], [ -46.49837, -23.96037 ], [ -46.49953, -23.95954 ], [ -46.49989, -23.95872 ], [ -46.49989, -23.95786 ], [ -46.49964, -23.95725 ], [ -46.49912, -23.9566 ] ] } },
{ "type": "Feature", "properties": { }, "geometry": { "type": "LineString", "coordinates": [ [ -46.49165, -23.94335 ], [ -46.49305, -23.94167 ], [ -46.49473, -23.94069 ], [ -46.49505, -23.94035 ], [ -46.49682, -23.93793 ], [ -46.497, -23.93731 ], [ -46.49698, -23.93665 ], [ -46.49603, -23.93499 ], [ -46.49515, -23.93404 ], [ -46.49273, -23.9331 ], [ -46.49021, -23.93112 ] ] } },
{ "type": "Feature", "properties": { }, "geometry": { "type": "LineString", "coordinates": [ [ -46.49095, -23.9458 ], [ -46.49089, -23.94565 ] ] } },
{ "type": "Feature", "properties": { }, "geometry": { "type": "LineString", "coordinates": [ [ -46.47882, -23.93052 ], [ -46.47671, -23.93 ], [ -46.47462, -23.93056 ], [ -46.47363, -23.93061 ], [ -46.47185, -23.92998 ], [ -46.47112, -23.92941 ], [ -46.47057, -23.92867 ], [ -46.4703, -23.92755 ], [ -46.47041, -23.9266 ] ] } },
{ "type": "Feature", "properties": { }, "geometry": { "type": "LineString", "coordinates": [ [ -46.48063, -23.93005 ], [ -46.47974, -23.93044 ], [ -46.47882, -23.93052 ] ] } },
{ "type": "Feature", "properties": { }, "geometry": { "type": "LineString", "coordinates": [ [ -46.48441, -23.92867 ], [ -46.48348, -23.92846 ] ] } },
{ "type": "Feature", "properties": { }, "geometry": { "type": "LineString", "coordinates": [ [ -46.48348, -23.92846 ], [ -46.48258, -23.92857 ], [ -46.4821, -23.92881 ], [ -46.48063, -23.93005 ] ] } },
{ "type": "Feature", "properties": { }, "geometry": { "type": "LineString", "coordinates": [ [ -46.47093, -23.92564 ], [ -46.4741, -23.92221 ] ] } },
{ "type": "Feature", "properties": { }, "geometry": { "type": "LineString", "coordinates": [ [ -46.47041, -23.9266 ], [ -46.47093, -23.92564 ] ] } },
{ "type": "Feature", "properties": { }, "geometry": { "type": "LineString", "coordinates": [ [ -46.49041, -23.92395 ], [ -46.49113, -23.92473 ] ] } },
{ "type": "Feature", "properties": { }, "geometry": { "type": "LineString", "coordinates": [ [ -46.49113, -23.92473 ], [ -46.49165, -23.92526 ] ] } },
{ "type": "Feature", "properties": { }, "geometry": { "type": "LineString", "coordinates": [ [ -46.49165, -23.92526 ], [ -46.49274, -23.92615 ] ] } },
{ "type": "Feature", "properties": { }, "geometry": { "type": "LineString", "coordinates": [ [ -46.49274, -23.92615 ], [ -46.49379, -23.92637 ], [ -46.49584, -23.92635 ] ] } },
{ "type": "Feature", "properties": { }, "geometry": { "type": "LineString", "coordinates": [ [ -46.49731, -23.92714 ], [ -46.49783, -23.92807 ] ] } },
{ "type": "Feature", "properties": { }, "geometry": { "type": "LineString", "coordinates": [ [ -46.49584, -23.92635 ], [ -46.49683, -23.9267 ], [ -46.49731, -23.92714 ] ] } },
{ "type": "Feature", "properties": { }, "geometry": { "type": "LineString", "coordinates": [ [ -46.49783, -23.92807 ], [ -46.49866, -23.92942 ] ] } },
{ "type": "Feature", "properties": { }, "geometry": { "type": "LineString", "coordinates": [ [ -46.49866, -23.92942 ], [ -46.49951, -23.93007 ], [ -46.50116, -23.93096 ], [ -46.50369, -23.93175 ], [ -46.5053, -23.93366 ], [ -46.50638, -23.93455 ] ] } },
{ "type": "Feature", "properties": { }, "geometry": { "type": "LineString", "coordinates": [ [ -46.50638, -23.93455 ], [ -46.50833, -23.93586 ] ] } },
{ "type": "Feature", "properties": { }, "geometry": { "type": "LineString", "coordinates": [ [ -46.51008, -23.93677 ], [ -46.51119, -23.93744 ] ] } },
{ "type": "Feature", "properties": { }, "geometry": { "type": "LineString", "coordinates": [ [ -46.51479, -23.94071 ], [ -46.51533, -23.94154 ] ] } },
{ "type": "Feature", "properties": { }, "geometry": { "type": "LineString", "coordinates": [ [ -46.51664, -23.94277 ], [ -46.51729, -23.94313 ] ] } },
{ "type": "Feature", "properties": { }, "geometry": { "type": "LineString", "coordinates": [ [ -46.51729, -23.94313 ], [ -46.51926, -23.94342 ] ] } },
{ "type": "Feature", "properties": { }, "geometry": { "type": "LineString", "coordinates": [ [ -46.51533, -23.94154 ], [ -46.51664, -23.94277 ] ] } },
{ "type": "Feature", "properties": { }, "geometry": { "type": "LineString", "coordinates": [ [ -46.51119, -23.93744 ], [ -46.51164, -23.93792 ], [ -46.51392, -23.93918 ], [ -46.51479, -23.94071 ] ] } },
{ "type": "Feature", "properties": { }, "geometry": { "type": "LineString", "coordinates": [ [ -46.50833, -23.93586 ], [ -46.51008, -23.93677 ] ] } },
{ "type": "Feature", "properties": { }, "geometry": { "type": "LineString", "coordinates": [ [ -46.5087, -23.9889 ], [ -46.51657, -23.99431 ] ] } },
{ "type": "Feature", "properties": { }, "geometry": { "type": "LineString", "coordinates": [ [ -46.57551, -23.96923 ], [ -46.57617, -23.96946 ], [ -46.57702, -23.97017 ] ] } },
{ "type": "Feature", "properties": { }, "geometry": { "type": "LineString", "coordinates": [ [ -46.57452, -23.96887 ], [ -46.57551, -23.96923 ] ] } },
{ "type": "Feature", "properties": { }, "geometry": { "type": "LineString", "coordinates": [ [ -46.57761, -23.97084 ], [ -46.57821, -23.97124 ] ] } },
{ "type": "Feature", "properties": { }, "geometry": { "type": "LineString", "coordinates": [ [ -46.57821, -23.97124 ], [ -46.5784, -23.9713 ] ] } },
{ "type": "Feature", "properties": { }, "geometry": { "type": "LineString", "coordinates": [ [ -46.58976, -23.97248 ], [ -46.59086, -23.97357 ], [ -46.59159, -23.97406 ], [ -46.5923, -23.97427 ], [ -46.59367, -23.97415 ] ] } },
{ "type": "Feature", "properties": { }, "geometry": { "type": "LineString", "coordinates": [ [ -46.58737, -23.97228 ], [ -46.58866, -23.97212 ], [ -46.58976, -23.97248 ] ] } },
{ "type": "Feature", "properties": { }, "geometry": { "type": "LineString", "coordinates": [ [ -46.59367, -23.97415 ], [ -46.59441, -23.97363 ], [ -46.59542, -23.97197 ] ] } },
{ "type": "Feature", "properties": { }, "geometry": { "type": "LineString", "coordinates": [ [ -46.59656, -23.96996 ], [ -46.59704, -23.96936 ], [ -46.59751, -23.96905 ] ] } },
{ "type": "Feature", "properties": { }, "geometry": { "type": "LineString", "coordinates": [ [ -46.59585, -23.9712 ], [ -46.59656, -23.96996 ] ] } },
{ "type": "Feature", "properties": { }, "geometry": { "type": "LineString", "coordinates": [ [ -46.59542, -23.97197 ], [ -46.59585, -23.9712 ] ] } },
{ "type": "Feature", "properties": { }, "geometry": { "type": "LineString", "coordinates": [ [ -46.59876, -23.96874 ], [ -46.5996, -23.96889 ], [ -46.60186, -23.96998 ] ] } },
{ "type": "Feature", "properties": { }, "geometry": { "type": "LineString", "coordinates": [ [ -46.59751, -23.96905 ], [ -46.59876, -23.96874 ] ] } },
{ "type": "Feature", "properties": { }, "geometry": { "type": "LineString", "coordinates": [ [ -46.60399, -23.9701 ], [ -46.6075, -23.97174 ] ] } },
{ "type": "Feature", "properties": { }, "geometry": { "type": "LineString", "coordinates": [ [ -46.60186, -23.96998 ], [ -46.60312, -23.96993 ], [ -46.60399, -23.9701 ] ] } },
{ "type": "Feature", "properties": { }, "geometry": { "type": "LineString", "coordinates": [ [ -46.59661, -23.96981 ], [ -46.5975, -23.96902 ], [ -46.59835, -23.96874 ], [ -46.59921, -23.96876 ], [ -46.60164, -23.9699 ], [ -46.60401, -23.97007 ], [ -46.60681, -23.97127 ], [ -46.60813, -23.97205 ], [ -46.61, -23.97257 ], [ -46.61204, -23.97364 ], [ -46.61293, -23.97372 ], [ -46.61568, -23.97347 ], [ -46.61701, -23.97369 ], [ -46.61798, -23.97433 ], [ -46.62008, -23.97696 ], [ -46.62072, -23.97733 ], [ -46.62138, -23.97746 ] ] } },
{ "type": "Feature", "properties": { }, "geometry": { "type": "LineString", "coordinates": [ [ -46.49021, -23.93112 ], [ -46.48728, -23.93036 ], [ -46.48577, -23.92963 ], [ -46.48438, -23.92871 ] ] } },
{ "type": "Feature", "properties": { }, "geometry": { "type": "LineString", "coordinates": [ [ -46.63518, -23.97523 ], [ -46.63587, -23.97487 ], [ -46.63732, -23.97337 ] ] } },
{ "type": "Feature", "properties": { }, "geometry": { "type": "LineString", "coordinates": [ [ -46.63164, -23.97649 ], [ -46.63232, -23.976 ] ] } },
{ "type": "Feature", "properties": { }, "geometry": { "type": "LineString", "coordinates": [ [ -46.63232, -23.976 ], [ -46.63241, -23.97594 ] ] } },
{ "type": "Feature", "properties": { }, "geometry": { "type": "LineString", "coordinates": [ [ -46.63732, -23.97337 ], [ -46.63797, -23.9729 ] ] } },
{ "type": "Feature", "properties": { }, "geometry": { "type": "LineString", "coordinates": [ [ -46.64628, -23.97385 ], [ -46.64772, -23.97302 ], [ -46.64848, -23.97295 ], [ -46.6504, -23.97319 ], [ -46.65154, -23.97286 ], [ -46.65244, -23.9719 ], [ -46.65263, -23.97132 ], [ -46.65267, -23.97033 ] ] } },
{ "type": "Feature", "properties": { }, "geometry": { "type": "LineString", "coordinates": [ [ -46.64462, -23.97428 ], [ -46.64567, -23.9742 ], [ -46.64628, -23.97385 ] ] } },
{ "type": "Feature", "properties": { }, "geometry": { "type": "LineString", "coordinates": [ [ -46.65218, -23.96732 ], [ -46.64984, -23.9659 ], [ -46.64916, -23.96481 ], [ -46.64927, -23.9636 ], [ -46.65024, -23.96211 ], [ -46.65067, -23.96092 ] ] } },
{ "type": "Feature", "properties": { }, "geometry": { "type": "LineString", "coordinates": [ [ -46.65267, -23.96885 ], [ -46.65256, -23.96799 ], [ -46.65218, -23.96732 ] ] } },
{ "type": "Feature", "properties": { }, "geometry": { "type": "LineString", "coordinates": [ [ -46.65067, -23.96092 ], [ -46.65069, -23.95983 ] ] } },
{ "type": "Feature", "properties": { }, "geometry": { "type": "LineString", "coordinates": [ [ -46.65069, -23.95983 ], [ -46.65067, -23.95706 ], [ -46.6487, -23.95398 ], [ -46.64841, -23.95299 ], [ -46.64856, -23.95205 ], [ -46.64956, -23.94873 ], [ -46.64958, -23.94756 ], [ -46.64912, -23.94673 ], [ -46.6481, -23.94607 ] ] } },
{ "type": "Feature", "properties": { }, "geometry": { "type": "LineString", "coordinates": [ [ -46.6481, -23.94607 ], [ -46.64715, -23.94578 ] ] } },
{ "type": "Feature", "properties": { }, "geometry": { "type": "LineString", "coordinates": [ [ -46.64715, -23.94578 ], [ -46.64582, -23.94506 ], [ -46.64531, -23.94432 ], [ -46.64513, -23.94343 ], [ -46.64562, -23.94175 ], [ -46.64556, -23.9408 ], [ -46.64494, -23.93974 ], [ -46.64331, -23.93837 ], [ -46.64296, -23.93736 ], [ -46.64319, -23.93629 ], [ -46.64381, -23.93521 ], [ -46.64442, -23.93465 ], [ -46.64715, -23.93315 ], [ -46.64771, -23.93244 ], [ -46.64786, -23.93186 ], [ -46.64798, -23.93064 ], [ -46.64784, -23.92918 ], [ -46.64593, -23.92576 ], [ -46.64547, -23.92217 ] ] } },
{ "type": "Feature", "properties": { }, "geometry": { "type": "LineString", "coordinates": [ [ -46.36377, -23.92848 ], [ -46.38805, -23.92488 ], [ -46.39256, -23.92365 ], [ -46.39416, -23.92374 ], [ -46.39541, -23.92437 ], [ -46.39597, -23.92489 ] ] } },
{ "type": "Feature", "properties": { }, "geometry": { "type": "LineString", "coordinates": [ [ -46.71568, -23.90539 ], [ -46.71601, -23.90542 ] ] } },
{ "type": "Feature", "properties": { }, "geometry": { "type": "LineString", "coordinates": [ [ -46.71601, -23.90542 ], [ -46.72586, -23.90648 ], [ -46.72666, -23.90698 ], [ -46.72772, -23.9085 ], [ -46.72841, -23.90915 ], [ -46.72979, -23.90956 ], [ -46.73147, -23.90953 ], [ -46.73274, -23.90917 ], [ -46.73365, -23.90868 ], [ -46.7599, -23.89396 ], [ -46.76049, -23.89376 ], [ -46.76179, -23.89365 ], [ -46.76697, -23.89479 ], [ -46.76809, -23.89483 ], [ -46.77653, -23.89272 ] ] } },
{ "type": "Feature", "properties": { }, "geometry": { "type": "LineString", "coordinates": [ [ -46.77653, -23.89272 ], [ -46.7767, -23.89268 ] ] } },
{ "type": "Feature", "properties": { }, "geometry": { "type": "LineString", "coordinates": [ [ -46.7767, -23.89268 ], [ -46.77788, -23.89227 ], [ -46.77835, -23.89191 ], [ -46.77889, -23.89103 ], [ -46.77891, -23.89007 ], [ -46.778, -23.88809 ], [ -46.778, -23.88689 ], [ -46.78036, -23.88217 ], [ -46.78077, -23.88163 ], [ -46.78421, -23.87957 ], [ -46.78509, -23.87945 ], [ -46.78719, -23.87976 ], [ -46.78818, -23.87973 ] ] } },
{ "type": "Feature", "properties": { }, "geometry": { "type": "LineString", "coordinates": [ [ -46.78844, -23.87969 ], [ -46.79225, -23.87896 ], [ -46.79534, -23.87772 ], [ -46.79919, -23.87726 ] ] } },
{ "type": "Feature", "properties": { }, "geometry": { "type": "LineString", "coordinates": [ [ -46.78818, -23.87973 ], [ -46.78844, -23.87969 ] ] } },
{ "type": "Feature", "properties": { }, "geometry": { "type": "LineString", "coordinates": [ [ -46.80597, -23.83523 ], [ -46.80577, -23.83567 ] ] } },
{ "type": "Feature", "properties": { }, "geometry": { "type": "LineString", "coordinates": [ [ -46.83446, -23.80832 ], [ -46.83223, -23.81026 ], [ -46.8316, -23.81102 ], [ -46.83134, -23.81196 ], [ -46.83145, -23.81336 ], [ -46.83135, -23.81428 ], [ -46.83081, -23.81516 ], [ -46.82507, -23.81924 ], [ -46.82438, -23.82011 ], [ -46.82339, -23.82234 ], [ -46.82251, -23.82303 ], [ -46.8218, -23.82325 ] ] } },
{ "type": "Feature", "properties": { }, "geometry": { "type": "LineString", "coordinates": [ [ -46.86365, -23.78186 ], [ -46.86397, -23.78176 ] ] } },
{ "type": "Feature", "properties": { }, "geometry": { "type": "LineString", "coordinates": [ [ -46.83446, -23.80832 ], [ -46.8347, -23.80811 ] ] } },
{ "type": "Feature", "properties": { }, "geometry": { "type": "LineString", "coordinates": [ [ -46.86397, -23.78176 ], [ -46.86508, -23.78136 ], [ -46.86559, -23.78095 ], [ -46.866, -23.78044 ], [ -46.86662, -23.77913 ], [ -46.86751, -23.77828 ], [ -46.86811, -23.77803 ], [ -46.8693, -23.77803 ], [ -46.87038, -23.77852 ], [ -46.87164, -23.78004 ], [ -46.87228, -23.78052 ], [ -46.8755, -23.78118 ], [ -46.8778, -23.78089 ], [ -46.87905, -23.78107 ], [ -46.87995, -23.78166 ], [ -46.88102, -23.78283 ], [ -46.88195, -23.78341 ], [ -46.8831, -23.78364 ], [ -46.88567, -23.78375 ], [ -46.88664, -23.78421 ], [ -46.88713, -23.7847 ] ] } },
{ "type": "Feature", "properties": { }, "geometry": { "type": "LineString", "coordinates": [ [ -46.62692, -23.53726 ], [ -46.62616, -23.53747 ] ] } },
{ "type": "Feature", "properties": { }, "geometry": { "type": "LineString", "coordinates": [ [ -46.62795, -23.537 ], [ -46.62692, -23.53726 ] ] } },
{ "type": "Feature", "properties": { }, "geometry": { "type": "LineString", "coordinates": [ [ -46.69745, -23.73701 ], [ -46.69589, -23.73511 ] ] } },
{ "type": "Feature", "properties": { }, "geometry": { "type": "LineString", "coordinates": [ [ -46.68658, -23.70052 ], [ -46.68605, -23.69881 ] ] } },
{ "type": "Feature", "properties": { }, "geometry": { "type": "LineString", "coordinates": [ [ -46.68687, -23.69259 ], [ -46.68844, -23.69131 ], [ -46.69189, -23.68996 ], [ -46.69291, -23.68941 ], [ -46.6948, -23.68788 ], [ -46.69546, -23.68699 ], [ -46.69608, -23.68539 ], [ -46.69787, -23.6823 ], [ -46.69876, -23.68113 ], [ -46.70127, -23.67844 ] ] } },
{ "type": "Feature", "properties": { }, "geometry": { "type": "LineString", "coordinates": [ [ -46.33834, -23.65837 ], [ -46.34868, -23.66871 ], [ -46.34983, -23.67022 ], [ -46.35082, -23.67213 ] ] } },
{ "type": "Feature", "properties": { }, "geometry": { "type": "LineString", "coordinates": [ [ -46.33818, -23.65821 ], [ -46.33834, -23.65837 ] ] } },
{ "type": "Feature", "properties": { }, "geometry": { "type": "LineString", "coordinates": [ [ -46.41727, -23.54206 ], [ -46.41975, -23.54129 ], [ -46.42344, -23.53946 ], [ -46.42637, -23.53864 ] ] } },
{ "type": "Feature", "properties": { }, "geometry": { "type": "LineString", "coordinates": [ [ -46.34972, -23.47204 ], [ -46.34921, -23.47173 ] ] } },
{ "type": "Feature", "properties": { }, "geometry": { "type": "LineString", "coordinates": [ [ -46.21824, -23.44193 ], [ -46.21878, -23.44371 ] ] } },
{ "type": "Feature", "properties": { }, "geometry": { "type": "LineString", "coordinates": [ [ -46.21878, -23.44371 ], [ -46.21972, -23.44548 ], [ -46.22086, -23.4466 ], [ -46.22235, -23.44755 ], [ -46.22512, -23.44837 ], [ -46.22743, -23.44821 ], [ -46.22948, -23.4475 ], [ -46.24703, -23.4387 ], [ -46.25709, -23.43424 ], [ -46.25909, -23.43373 ], [ -46.26217, -23.4337 ], [ -46.2638, -23.43394 ], [ -46.26561, -23.43472 ], [ -46.26681, -23.43568 ], [ -46.268, -23.43735 ], [ -46.26997, -23.44374 ], [ -46.27047, -23.44671 ], [ -46.27052, -23.45247 ], [ -46.27026, -23.45342 ], [ -46.26957, -23.45485 ], [ -46.26809, -23.45637 ], [ -46.26605, -23.45734 ], [ -46.26146, -23.45902 ], [ -46.26043, -23.45967 ], [ -46.25884, -23.46145 ], [ -46.25826, -23.46271 ], [ -46.25807, -23.46371 ], [ -46.25812, -23.46508 ], [ -46.2585, -23.46689 ], [ -46.25936, -23.46814 ], [ -46.26052, -23.46924 ], [ -46.26174, -23.47001 ], [ -46.26281, -23.47038 ], [ -46.26408, -23.47059 ], [ -46.26864, -23.47046 ], [ -46.26976, -23.47028 ], [ -46.27095, -23.46995 ], [ -46.27245, -23.4692 ], [ -46.27494, -23.46719 ], [ -46.27961, -23.46271 ], [ -46.28028, -23.46167 ], [ -46.28146, -23.45923 ], [ -46.28169, -23.45822 ], [ -46.28179, -23.45668 ], [ -46.2815, -23.45364 ], [ -46.28169, -23.45182 ], [ -46.28282, -23.44979 ], [ -46.28367, -23.44894 ], [ -46.28482, -23.44818 ], [ -46.28717, -23.44747 ], [ -46.28809, -23.44745 ], [ -46.29237, -23.44812 ], [ -46.29416, -23.44808 ], [ -46.29596, -23.44749 ], [ -46.29695, -23.44686 ], [ -46.29925, -23.44491 ], [ -46.30127, -23.44386 ], [ -46.30365, -23.44341 ], [ -46.30597, -23.44372 ] ] } },
{ "type": "Feature", "properties": { }, "geometry": { "type": "LineString", "coordinates": [ [ -46.21824, -23.44193 ], [ -46.21742, -23.43906 ], [ -46.21662, -23.43701 ], [ -46.21503, -23.43515 ], [ -46.21363, -23.43422 ], [ -46.21192, -23.4336 ], [ -46.21029, -23.43337 ], [ -46.20536, -23.43356 ], [ -46.20303, -23.4333 ], [ -46.20143, -23.43268 ], [ -46.20019, -23.43173 ], [ -46.19906, -23.43016 ], [ -46.19853, -23.42876 ], [ -46.19834, -23.42781 ], [ -46.19826, -23.4245 ], [ -46.19803, -23.42274 ], [ -46.19745, -23.42112 ], [ -46.19664, -23.41976 ], [ -46.19511, -23.41814 ], [ -46.18804, -23.41284 ], [ -46.18588, -23.41085 ], [ -46.18193, -23.40572 ], [ -46.17727, -23.39929 ], [ -46.17629, -23.39838 ], [ -46.17463, -23.39726 ], [ -46.1704, -23.39506 ], [ -46.16744, -23.39217 ], [ -46.16625, -23.39128 ], [ -46.16433, -23.3903 ], [ -46.16111, -23.38906 ], [ -46.15801, -23.3876 ], [ -46.15313, -23.38499 ], [ -46.14433, -23.37995 ] ] } },
{ "type": "Feature", "properties": { }, "geometry": { "type": "LineString", "coordinates": [ [ -46.55064, -23.50952 ], [ -46.55086, -23.50967 ] ] } },
{ "type": "Feature", "properties": { }, "geometry": { "type": "LineString", "coordinates": [ [ -46.33709, -23.51993 ], [ -46.33731, -23.51946 ] ] } },
{ "type": "Feature", "properties": { }, "geometry": { "type": "LineString", "coordinates": [ [ -46.33346, -23.52527 ], [ -46.33455, -23.52457 ], [ -46.33533, -23.52353 ] ] } },
{ "type": "Feature", "properties": { }, "geometry": { "type": "LineString", "coordinates": [ [ -46.55086, -23.50967 ], [ -46.55177, -23.51033 ], [ -46.55218, -23.51084 ], [ -46.55259, -23.51219 ], [ -46.55243, -23.51305 ], [ -46.55112, -23.51526 ], [ -46.55076, -23.51615 ], [ -46.5508, -23.52005 ], [ -46.55113, -23.52117 ], [ -46.55307, -23.5245 ], [ -46.55331, -23.52613 ] ] } },
{ "type": "Feature", "properties": { }, "geometry": { "type": "LineString", "coordinates": [ [ -46.55331, -23.52613 ], [ -46.55331, -23.52664 ] ] } },
{ "type": "Feature", "properties": { }, "geometry": { "type": "LineString", "coordinates": [ [ -46.55334, -23.52962 ], [ -46.55333, -23.53123 ] ] } },
{ "type": "Feature", "properties": { }, "geometry": { "type": "LineString", "coordinates": [ [ -46.55335, -23.53172 ], [ -46.55355, -23.53292 ], [ -46.55457, -23.5349 ], [ -46.55542, -23.5357 ], [ -46.55621, -23.536 ] ] } },
{ "type": "Feature", "properties": { }, "geometry": { "type": "LineString", "coordinates": [ [ -46.55331, -23.52664 ], [ -46.55333, -23.5291 ] ] } },
{ "type": "Feature", "properties": { }, "geometry": { "type": "LineString", "coordinates": [ [ -46.55333, -23.5291 ], [ -46.55334, -23.52962 ] ] } },
{ "type": "Feature", "properties": { }, "geometry": { "type": "LineString", "coordinates": [ [ -46.55333, -23.53123 ], [ -46.55335, -23.53172 ] ] } },
{ "type": "Feature", "properties": { }, "geometry": { "type": "LineString", "coordinates": [ [ -46.24491, -23.54223 ], [ -46.24471, -23.54217 ] ] } },
{ "type": "Feature", "properties": { }, "geometry": { "type": "LineString", "coordinates": [ [ -46.24471, -23.54217 ], [ -46.22885, -23.53736 ] ] } },
{ "type": "Feature", "properties": { }, "geometry": { "type": "LineString", "coordinates": [ [ -46.61663, -23.54435 ], [ -46.61503, -23.54642 ], [ -46.61391, -23.5471 ], [ -46.61297, -23.54718 ], [ -46.58498, -23.54168 ] ] } },
{ "type": "Feature", "properties": { }, "geometry": { "type": "LineString", "coordinates": [ [ -46.57979, -23.54077 ], [ -46.58177, -23.54115 ] ] } },
{ "type": "Feature", "properties": { }, "geometry": { "type": "LineString", "coordinates": [ [ -46.58179, -23.54104 ], [ -46.57982, -23.54066 ] ] } },
{ "type": "Feature", "properties": { }, "geometry": { "type": "LineString", "coordinates": [ [ -46.79206, -23.52596 ], [ -46.79079, -23.52533 ], [ -46.7895, -23.52383 ], [ -46.78899, -23.52345 ], [ -46.78823, -23.52314 ], [ -46.78748, -23.52307 ], [ -46.77984, -23.52536 ], [ -46.77797, -23.52637 ], [ -46.77592, -23.52783 ] ] } },
{ "type": "Feature", "properties": { }, "geometry": { "type": "LineString", "coordinates": [ [ -46.64221, -23.52995 ], [ -46.64355, -23.52876 ], [ -46.64422, -23.52839 ], [ -46.64572, -23.52791 ], [ -46.64719, -23.52779 ], [ -46.65248, -23.52811 ], [ -46.6595, -23.52622 ], [ -46.6629, -23.52581 ] ] } },
{ "type": "Feature", "properties": { }, "geometry": { "type": "LineString", "coordinates": [ [ -46.40482, -23.72175 ], [ -46.40409, -23.72294 ], [ -46.40385, -23.7239 ], [ -46.40367, -23.72761 ], [ -46.40413, -23.73087 ], [ -46.40334, -23.73357 ], [ -46.40293, -23.7365 ], [ -46.40249, -23.73753 ], [ -46.40174, -23.73859 ], [ -46.40046, -23.73965 ], [ -46.39898, -23.74036 ] ] } },
{ "type": "Feature", "properties": { }, "geometry": { "type": "LineString", "coordinates": [ [ -46.3687, -23.54114 ], [ -46.3723, -23.54363 ], [ -46.37512, -23.54466 ], [ -46.3763, -23.54533 ], [ -46.37695, -23.54603 ], [ -46.37821, -23.54812 ], [ -46.37993, -23.54996 ], [ -46.38073, -23.55293 ], [ -46.38101, -23.55338 ], [ -46.38173, -23.55397 ], [ -46.38843, -23.55532 ], [ -46.38987, -23.55535 ], [ -46.39066, -23.55515 ], [ -46.39137, -23.55476 ], [ -46.3931, -23.55268 ] ] } },
{ "type": "Feature", "properties": { }, "geometry": { "type": "LineString", "coordinates": [ [ -46.69745, -23.73701 ], [ -46.70624, -23.74779 ], [ -46.70867, -23.75309 ] ] } },
{ "type": "Feature", "properties": { }, "geometry": { "type": "LineString", "coordinates": [ [ -46.70127, -23.67844 ], [ -46.7026, -23.67685 ], [ -46.70865, -23.66686 ], [ -46.71027, -23.66467 ], [ -46.71157, -23.66211 ], [ -46.71404, -23.65973 ], [ -46.71881, -23.65644 ], [ -46.72461, -23.6498 ], [ -46.72508, -23.64899 ], [ -46.72553, -23.64765 ], [ -46.72593, -23.645 ], [ -46.72554, -23.64332 ], [ -46.72448, -23.64133 ], [ -46.72372, -23.64028 ], [ -46.71674, -23.63258 ], [ -46.71085, -23.62646 ], [ -46.70918, -23.62533 ], [ -46.70439, -23.62367 ], [ -46.70277, -23.62275 ] ] } },
{ "type": "Feature", "properties": { }, "geometry": { "type": "LineString", "coordinates": [ [ -46.68641, -23.69321 ], [ -46.68687, -23.69259 ] ] } },
{ "type": "Feature", "properties": { }, "geometry": { "type": "LineString", "coordinates": [ [ -46.68605, -23.69881 ], [ -46.6856, -23.69707 ], [ -46.68549, -23.69582 ], [ -46.6858, -23.69442 ], [ -46.68641, -23.69321 ] ] } },
{ "type": "Feature", "properties": { }, "geometry": { "type": "LineString", "coordinates": [ [ -46.71473, -23.50643 ], [ -46.71383, -23.50932 ] ] } },
{ "type": "Feature", "properties": { }, "geometry": { "type": "LineString", "coordinates": [ [ -46.80577, -23.83567 ], [ -46.80353, -23.84024 ], [ -46.80237, -23.85063 ], [ -46.80246, -23.85166 ] ] } },
{ "type": "Feature", "properties": { }, "geometry": { "type": "LineString", "coordinates": [ [ -46.93004, -23.75604 ], [ -46.92905, -23.75625 ], [ -46.92856, -23.75662 ], [ -46.92808, -23.7573 ], [ -46.92789, -23.75782 ], [ -46.92787, -23.75915 ], [ -46.92825, -23.76002 ] ] } },
{ "type": "Feature", "properties": { }, "geometry": { "type": "LineString", "coordinates": [ [ -46.98589, -23.72692 ], [ -46.98618, -23.72607 ], [ -46.98668, -23.72531 ], [ -46.9898, -23.72369 ], [ -46.99026, -23.7229 ], [ -46.99034, -23.72243 ], [ -46.99036, -23.72191 ], [ -46.98976, -23.72012 ], [ -46.98999, -23.71889 ], [ -46.99652, -23.71078 ], [ -46.99734, -23.71018 ], [ -46.99877, -23.70963 ], [ -46.99942, -23.70901 ], [ -46.99982, -23.70802 ], [ -46.99976, -23.70637 ], [ -46.99995, -23.70552 ], [ -47.00274, -23.70231 ], [ -47.00348, -23.70178 ], [ -47.00448, -23.70148 ], [ -47.00543, -23.7015 ], [ -47.00772, -23.70201 ], [ -47.00869, -23.70188 ], [ -47.00936, -23.70155 ] ] } },
{ "type": "Feature", "properties": { }, "geometry": { "type": "LineString", "coordinates": [ [ -46.84726, -23.78966 ], [ -46.84912, -23.78739 ], [ -46.85112, -23.78611 ], [ -46.85222, -23.78571 ], [ -46.8541, -23.78548 ], [ -46.85933, -23.78352 ], [ -46.86113, -23.78254 ], [ -46.86365, -23.78186 ] ] } },
{ "type": "Feature", "properties": { }, "geometry": { "type": "LineString", "coordinates": [ [ -46.92825, -23.76002 ], [ -46.92922, -23.76106 ] ] } },
{ "type": "Feature", "properties": { }, "geometry": { "type": "LineString", "coordinates": [ [ -46.93209, -23.75599 ], [ -46.93004, -23.75604 ] ] } },
{ "type": "Feature", "properties": { }, "geometry": { "type": "LineString", "coordinates": [ [ -46.93076, -23.76436 ], [ -46.93131, -23.76583 ] ] } },
{ "type": "Feature", "properties": { }, "geometry": { "type": "LineString", "coordinates": [ [ -46.84589, -23.79162 ], [ -46.84629, -23.79086 ], [ -46.84726, -23.78966 ] ] } },
{ "type": "Feature", "properties": { }, "geometry": { "type": "LineString", "coordinates": [ [ -46.8347, -23.80811 ], [ -46.83768, -23.80541 ], [ -46.83798, -23.80457 ], [ -46.83824, -23.80295 ], [ -46.83901, -23.80195 ], [ -46.83985, -23.80152 ], [ -46.8403, -23.80146 ], [ -46.84323, -23.802 ], [ -46.84438, -23.80188 ], [ -46.84533, -23.80132 ], [ -46.84645, -23.80014 ], [ -46.84692, -23.79924 ], [ -46.8469, -23.79841 ], [ -46.84655, -23.79759 ], [ -46.84551, -23.79626 ], [ -46.84518, -23.79538 ], [ -46.84589, -23.79162 ] ] } },
{ "type": "Feature", "properties": { }, "geometry": { "type": "LineString", "coordinates": [ [ -46.92922, -23.76106 ], [ -46.9302, -23.76196 ], [ -46.93059, -23.76286 ] ] } },
{ "type": "Feature", "properties": { }, "geometry": { "type": "LineString", "coordinates": [ [ -46.93131, -23.76583 ], [ -46.93178, -23.76665 ], [ -46.93188, -23.76758 ], [ -46.93141, -23.76846 ], [ -46.92999, -23.77002 ], [ -46.92959, -23.77125 ] ] } },
{ "type": "Feature", "properties": { }, "geometry": { "type": "LineString", "coordinates": [ [ -46.40568, -23.4942 ], [ -46.42077, -23.49283 ] ] } },
{ "type": "Feature", "properties": { }, "geometry": { "type": "LineString", "coordinates": [ [ -46.33731, -23.51946 ], [ -46.33839, -23.51725 ], [ -46.33866, -23.51604 ], [ -46.33771, -23.50962 ], [ -46.33767, -23.5083 ], [ -46.3379, -23.50659 ], [ -46.33911, -23.50236 ], [ -46.33924, -23.50067 ], [ -46.33845, -23.49524 ], [ -46.33813, -23.49433 ], [ -46.33623, -23.49081 ], [ -46.33606, -23.48992 ], [ -46.33625, -23.48894 ], [ -46.33713, -23.48784 ], [ -46.33846, -23.48728 ], [ -46.33978, -23.48736 ], [ -46.34321, -23.48832 ], [ -46.34433, -23.48828 ], [ -46.3453, -23.48797 ], [ -46.3477, -23.48636 ], [ -46.35014, -23.48444 ], [ -46.3507, -23.48356 ], [ -46.35169, -23.48114 ], [ -46.35299, -23.48022 ], [ -46.36319, -23.47847 ], [ -46.37489, -23.48076 ], [ -46.38029, -23.48233 ], [ -46.38953, -23.48697 ], [ -46.39081, -23.48803 ], [ -46.39522, -23.49268 ], [ -46.39622, -23.49336 ], [ -46.39758, -23.49369 ], [ -46.40541, -23.49419 ] ] } },
{ "type": "Feature", "properties": { }, "geometry": { "type": "LineString", "coordinates": [ [ -46.27082, -23.5408 ], [ -46.27204, -23.54052 ], [ -46.27282, -23.5401 ], [ -46.27894, -23.53517 ], [ -46.27989, -23.53462 ], [ -46.28085, -23.53433 ], [ -46.28255, -23.5343 ], [ -46.30059, -23.53629 ], [ -46.30221, -23.5361 ], [ -46.30707, -23.53451 ] ] } },
{ "type": "Feature", "properties": { }, "geometry": { "type": "LineString", "coordinates": [ [ -46.45417, -23.49203 ], [ -46.45557, -23.49212 ], [ -46.4587, -23.49193 ], [ -46.46036, -23.49146 ], [ -46.46227, -23.49067 ], [ -46.46319, -23.48964 ], [ -46.46418, -23.48689 ], [ -46.46629, -23.48408 ], [ -46.46731, -23.48349 ], [ -46.47082, -23.48252 ], [ -46.47204, -23.48265 ], [ -46.47562, -23.48407 ], [ -46.48432, -23.48548 ], [ -46.48546, -23.48538 ], [ -46.4881, -23.48475 ], [ -46.49143, -23.48281 ], [ -46.49248, -23.4826 ], [ -46.49324, -23.48264 ], [ -46.49502, -23.48329 ], [ -46.49694, -23.48493 ], [ -46.49775, -23.48536 ], [ -46.49871, -23.48554 ], [ -46.50093, -23.48554 ] ] } },
{ "type": "Feature", "properties": { }, "geometry": { "type": "LineString", "coordinates": [ [ -46.43605, -23.49123 ], [ -46.44273, -23.49071 ] ] } },
{ "type": "Feature", "properties": { }, "geometry": { "type": "LineString", "coordinates": [ [ -46.97227, -23.53105 ], [ -46.97145, -23.53163 ], [ -46.96644, -23.53255 ], [ -46.96526, -23.53321 ], [ -46.9648, -23.53394 ], [ -46.96457, -23.53495 ], [ -46.96523, -23.53737 ], [ -46.96512, -23.53869 ], [ -46.96433, -23.5398 ], [ -46.96252, -23.54103 ], [ -46.96179, -23.54128 ], [ -46.95811, -23.54178 ], [ -46.95729, -23.54221 ], [ -46.95578, -23.5435 ], [ -46.95487, -23.54401 ], [ -46.95032, -23.54424 ], [ -46.94347, -23.54603 ], [ -46.9424, -23.54664 ] ] } },
{ "type": "Feature", "properties": { }, "geometry": { "type": "LineString", "coordinates": [ [ -46.55691, -23.53613 ], [ -46.55567, -23.53577 ], [ -46.55472, -23.53503 ], [ -46.55357, -23.53277 ], [ -46.5534, -23.53171 ] ] } },
{ "type": "Feature", "properties": { }, "geometry": { "type": "LineString", "coordinates": [ [ -46.79226, -23.52599 ], [ -46.79206, -23.52596 ] ] } },
{ "type": "Feature", "properties": { }, "geometry": { "type": "LineString", "coordinates": [ [ -46.93381, -23.54405 ], [ -46.9333, -23.54328 ], [ -46.93305, -23.54189 ], [ -46.93348, -23.53705 ], [ -46.93334, -23.53619 ], [ -46.93302, -23.53565 ], [ -46.93221, -23.53502 ], [ -46.93109, -23.53476 ], [ -46.92665, -23.53571 ], [ -46.9256, -23.53565 ], [ -46.9246, -23.53529 ], [ -46.92361, -23.53454 ], [ -46.92308, -23.53373 ], [ -46.92137, -23.53019 ], [ -46.92028, -23.52927 ], [ -46.91936, -23.5291 ], [ -46.91525, -23.52934 ], [ -46.91426, -23.52963 ], [ -46.91282, -23.53036 ], [ -46.91217, -23.53055 ], [ -46.91099, -23.53061 ], [ -46.90969, -23.53028 ], [ -46.90746, -23.5292 ], [ -46.90414, -23.52862 ], [ -46.89988, -23.52637 ], [ -46.89863, -23.52623 ], [ -46.89683, -23.52655 ], [ -46.89587, -23.52631 ], [ -46.8949, -23.52582 ], [ -46.8943, -23.52531 ], [ -46.89391, -23.52469 ], [ -46.89275, -23.52166 ], [ -46.89071, -23.51932 ], [ -46.89007, -23.51827 ], [ -46.8889, -23.51192 ], [ -46.88838, -23.51096 ], [ -46.88735, -23.51032 ], [ -46.88661, -23.51019 ], [ -46.88589, -23.51027 ], [ -46.87904, -23.51286 ], [ -46.87674, -23.51293 ], [ -46.87274, -23.5123 ], [ -46.8717, -23.51172 ], [ -46.86993, -23.51 ], [ -46.86897, -23.50965 ], [ -46.86796, -23.50969 ], [ -46.86735, -23.50992 ], [ -46.86673, -23.5104 ], [ -46.86519, -23.51307 ], [ -46.86394, -23.51413 ], [ -46.85715, -23.51769 ], [ -46.85615, -23.51792 ], [ -46.85538, -23.51781 ] ] } },
{ "type": "Feature", "properties": { }, "geometry": { "type": "LineString", "coordinates": [ [ -46.7509, -23.53077 ], [ -46.74752, -23.53074 ] ] } },
{ "type": "Feature", "properties": { }, "geometry": { "type": "LineString", "coordinates": [ [ -46.7547, -23.5297 ], [ -46.7535, -23.53012 ] ] } },
{ "type": "Feature", "properties": { }, "geometry": { "type": "LineString", "coordinates": [ [ -46.74752, -23.53074 ], [ -46.74628, -23.5304 ], [ -46.7453, -23.52985 ], [ -46.73285, -23.51998 ], [ -46.73197, -23.51954 ], [ -46.73113, -23.51941 ], [ -46.72856, -23.51948 ], [ -46.72563, -23.51897 ], [ -46.71811, -23.51875 ], [ -46.71492, -23.52003 ], [ -46.7124, -23.52035 ], [ -46.71163, -23.52026 ] ] } },
{ "type": "Feature", "properties": { }, "geometry": { "type": "LineString", "coordinates": [ [ -46.7737, -23.52943 ], [ -46.77046, -23.53175 ], [ -46.76532, -23.53345 ], [ -46.76443, -23.53336 ], [ -46.76343, -23.53294 ], [ -46.75996, -23.52973 ], [ -46.75831, -23.52899 ], [ -46.75691, -23.52891 ], [ -46.7547, -23.5297 ] ] } },
{ "type": "Feature", "properties": { }, "geometry": { "type": "LineString", "coordinates": [ [ -46.7509, -23.53072 ], [ -46.75251, -23.53035 ], [ -46.75635, -23.52869 ], [ -46.75767, -23.52857 ], [ -46.76013, -23.52953 ], [ -46.76369, -23.53285 ], [ -46.76451, -23.5332 ], [ -46.76535, -23.53329 ], [ -46.76734, -23.53272 ], [ -46.77051, -23.53152 ], [ -46.77375, -23.52923 ] ] } },
{ "type": "Feature", "properties": { }, "geometry": { "type": "LineString", "coordinates": [ [ -46.7535, -23.53012 ], [ -46.75217, -23.53056 ], [ -46.7509, -23.53077 ] ] } },
{ "type": "Feature", "properties": { }, "geometry": { "type": "LineString", "coordinates": [ [ -46.74753, -23.53069 ], [ -46.7509, -23.53072 ] ] } },
{ "type": "Feature", "properties": { }, "geometry": { "type": "LineString", "coordinates": [ [ -46.79228, -23.52595 ], [ -46.79208, -23.52591 ] ] } },
{ "type": "Feature", "properties": { }, "geometry": { "type": "LineString", "coordinates": [ [ -46.7975, -23.52543 ], [ -46.80025, -23.5252 ], [ -46.80122, -23.52495 ], [ -46.80462, -23.52318 ], [ -46.80629, -23.5227 ], [ -46.80799, -23.5227 ], [ -46.81214, -23.52361 ], [ -46.81744, -23.52329 ] ] } },
{ "type": "Feature", "properties": { }, "geometry": { "type": "LineString", "coordinates": [ [ -46.77587, -23.52776 ], [ -46.77379, -23.52929 ] ] } },
{ "type": "Feature", "properties": { }, "geometry": { "type": "LineString", "coordinates": [ [ -46.79212, -23.52585 ], [ -46.7923, -23.52588 ] ] } },
{ "type": "Feature", "properties": { }, "geometry": { "type": "LineString", "coordinates": [ [ -46.79208, -23.52591 ], [ -46.79094, -23.52539 ], [ -46.7891, -23.52346 ], [ -46.78825, -23.5231 ], [ -46.7873, -23.52305 ], [ -46.7801, -23.52521 ], [ -46.77819, -23.52615 ], [ -46.77696, -23.52696 ] ] } },
{ "type": "Feature", "properties": { }, "geometry": { "type": "LineString", "coordinates": [ [ -46.83537, -23.51854 ], [ -46.83342, -23.51992 ], [ -46.83184, -23.5206 ], [ -46.82815, -23.52101 ], [ -46.82562, -23.52218 ], [ -46.82319, -23.52237 ], [ -46.82081, -23.52326 ], [ -46.81761, -23.52335 ] ] } },
{ "type": "Feature", "properties": { }, "geometry": { "type": "LineString", "coordinates": [ [ -46.81761, -23.52335 ], [ -46.81743, -23.52335 ] ] } },
{ "type": "Feature", "properties": { }, "geometry": { "type": "LineString", "coordinates": [ [ -46.81744, -23.52329 ], [ -46.81761, -23.52328 ] ] } },
{ "type": "Feature", "properties": { }, "geometry": { "type": "LineString", "coordinates": [ [ -46.81761, -23.52342 ], [ -46.81743, -23.52343 ] ] } },
{ "type": "Feature", "properties": { }, "geometry": { "type": "LineString", "coordinates": [ [ -46.81761, -23.52328 ], [ -46.82078, -23.52321 ], [ -46.8229, -23.52238 ], [ -46.82557, -23.52215 ], [ -46.8279, -23.52101 ], [ -46.83135, -23.5206 ], [ -46.8324, -23.52031 ] ] } },
{ "type": "Feature", "properties": { }, "geometry": { "type": "LineString", "coordinates": [ [ -46.81743, -23.52343 ], [ -46.81187, -23.52371 ], [ -46.8081, -23.52285 ], [ -46.80651, -23.52278 ], [ -46.80466, -23.5233 ], [ -46.80191, -23.52477 ], [ -46.80087, -23.52516 ], [ -46.79744, -23.52564 ] ] } },
{ "type": "Feature", "properties": { }, "geometry": { "type": "LineString", "coordinates": [ [ -46.81743, -23.52335 ], [ -46.81214, -23.52368 ], [ -46.80805, -23.52279 ], [ -46.80625, -23.52278 ], [ -46.80478, -23.52319 ], [ -46.80123, -23.525 ], [ -46.80006, -23.52528 ], [ -46.79755, -23.52553 ] ] } },
{ "type": "Feature", "properties": { }, "geometry": { "type": "LineString", "coordinates": [ [ -46.8554, -23.51777 ], [ -46.85615, -23.51788 ], [ -46.85706, -23.51769 ], [ -46.8641, -23.51398 ], [ -46.86545, -23.51267 ], [ -46.86678, -23.51028 ], [ -46.86779, -23.50968 ], [ -46.86882, -23.50958 ], [ -46.86961, -23.50977 ], [ -46.87035, -23.51024 ], [ -46.87183, -23.51163 ], [ -46.87278, -23.5121 ], [ -46.8779, -23.51287 ], [ -46.8793, -23.51271 ], [ -46.88583, -23.51025 ], [ -46.88682, -23.51015 ], [ -46.88734, -23.51026 ], [ -46.88842, -23.5109 ], [ -46.88899, -23.51188 ], [ -46.89011, -23.51818 ], [ -46.89077, -23.51928 ], [ -46.89279, -23.52159 ], [ -46.89408, -23.52479 ], [ -46.89484, -23.5257 ], [ -46.89577, -23.52623 ], [ -46.89656, -23.52647 ], [ -46.89879, -23.52618 ], [ -46.89998, -23.52634 ], [ -46.90418, -23.52856 ], [ -46.90762, -23.5292 ], [ -46.90958, -23.53019 ], [ -46.91064, -23.53051 ], [ -46.91173, -23.53056 ], [ -46.91261, -23.53037 ], [ -46.91459, -23.52943 ], [ -46.91561, -23.52918 ], [ -46.91912, -23.52902 ], [ -46.92046, -23.5293 ], [ -46.921, -23.52964 ], [ -46.92144, -23.53018 ], [ -46.9234, -23.53415 ], [ -46.92408, -23.5349 ], [ -46.92479, -23.53535 ], [ -46.92579, -23.53565 ], [ -46.92669, -23.53565 ], [ -46.93004, -23.53483 ], [ -46.93112, -23.53471 ], [ -46.93221, -23.53497 ], [ -46.93298, -23.53558 ], [ -46.93332, -23.53606 ], [ -46.93351, -23.53703 ], [ -46.93314, -23.54061 ], [ -46.93315, -23.54203 ], [ -46.93336, -23.54306 ], [ -46.93389, -23.54399 ] ] } },
{ "type": "Feature", "properties": { }, "geometry": { "type": "LineString", "coordinates": [ [ -46.85538, -23.51781 ], [ -46.85516, -23.51775 ] ] } },
{ "type": "Feature", "properties": { }, "geometry": { "type": "LineString", "coordinates": [ [ -46.85518, -23.51772 ], [ -46.8554, -23.51777 ] ] } },
{ "type": "Feature", "properties": { }, "geometry": { "type": "LineString", "coordinates": [ [ -46.83545, -23.51861 ], [ -46.83344, -23.52 ], [ -46.83194, -23.52061 ], [ -46.82811, -23.52107 ], [ -46.82569, -23.5222 ], [ -46.82298, -23.52245 ], [ -46.82073, -23.52333 ], [ -46.81761, -23.52342 ] ] } },
{ "type": "Feature", "properties": { }, "geometry": { "type": "LineString", "coordinates": [ [ -46.93651, -23.54696 ], [ -46.93728, -23.54786 ], [ -46.93784, -23.54822 ], [ -46.93854, -23.54839 ], [ -46.93932, -23.54834 ], [ -46.94359, -23.54593 ], [ -46.95046, -23.54417 ], [ -46.95456, -23.54406 ], [ -46.95536, -23.54374 ], [ -46.95722, -23.54221 ], [ -46.958, -23.54178 ], [ -46.96182, -23.54123 ], [ -46.96241, -23.54102 ], [ -46.96441, -23.53968 ], [ -46.96511, -23.53858 ], [ -46.96521, -23.53756 ], [ -46.96461, -23.53556 ], [ -46.96453, -23.53476 ], [ -46.96473, -23.53395 ], [ -46.96522, -23.53318 ], [ -46.9662, -23.53256 ], [ -46.97133, -23.53163 ], [ -46.97223, -23.53103 ] ] } },
{ "type": "Feature", "properties": { }, "geometry": { "type": "LineString", "coordinates": [ [ -46.83806, -23.51695 ], [ -46.83635, -23.51771 ], [ -46.83322, -23.51989 ], [ -46.8324, -23.52031 ] ] } },
{ "type": "Feature", "properties": { }, "geometry": { "type": "LineString", "coordinates": [ [ -46.98747, -23.53156 ], [ -46.98666, -23.53147 ], [ -46.98237, -23.53007 ] ] } },
{ "type": "Feature", "properties": { }, "geometry": { "type": "LineString", "coordinates": [ [ -46.74751, -23.53119 ], [ -46.75087, -23.53084 ] ] } },
{ "type": "Feature", "properties": { }, "geometry": { "type": "LineString", "coordinates": [ [ -46.75087, -23.53088 ], [ -46.74751, -23.53123 ] ] } },
{ "type": "Feature", "properties": { }, "geometry": { "type": "LineString", "coordinates": [ [ -46.75087, -23.53084 ], [ -46.75292, -23.53045 ], [ -46.75641, -23.52879 ], [ -46.75775, -23.52868 ], [ -46.76006, -23.52963 ], [ -46.76366, -23.53293 ], [ -46.76439, -23.53326 ], [ -46.76524, -23.53336 ], [ -46.76592, -23.53325 ], [ -46.77041, -23.53164 ], [ -46.77111, -23.53128 ], [ -46.77372, -23.52933 ] ] } },
{ "type": "Feature", "properties": { }, "geometry": { "type": "LineString", "coordinates": [ [ -46.77372, -23.52934 ], [ -46.77063, -23.5316 ], [ -46.76547, -23.53339 ], [ -46.76459, -23.53335 ], [ -46.7637, -23.53303 ], [ -46.7599, -23.52956 ], [ -46.75772, -23.52873 ], [ -46.75656, -23.52879 ], [ -46.75287, -23.53051 ], [ -46.75087, -23.53088 ] ] } },
{ "type": "Feature", "properties": { }, "geometry": { "type": "LineString", "coordinates": [ [ -46.74751, -23.53123 ], [ -46.74642, -23.53155 ], [ -46.74561, -23.53227 ], [ -46.74417, -23.53578 ], [ -46.74351, -23.53667 ], [ -46.73012, -23.54858 ], [ -46.71462, -23.55624 ], [ -46.71077, -23.55829 ], [ -46.70827, -23.55933 ], [ -46.70715, -23.56002 ], [ -46.70592, -23.56106 ], [ -46.70493, -23.56224 ], [ -46.70431, -23.56331 ], [ -46.70189, -23.56974 ], [ -46.70093, -23.57187 ], [ -46.70017, -23.57264 ], [ -46.69887, -23.57348 ], [ -46.69759, -23.57459 ], [ -46.69616, -23.57618 ], [ -46.69201, -23.58338 ], [ -46.69124, -23.58524 ] ] } },
{ "type": "Feature", "properties": { }, "geometry": { "type": "LineString", "coordinates": [ [ -46.68691, -23.69262 ], [ -46.68645, -23.69323 ] ] } },
{ "type": "Feature", "properties": { }, "geometry": { "type": "LineString", "coordinates": [ [ -46.70067, -23.67914 ], [ -46.69872, -23.68124 ], [ -46.69791, -23.68233 ], [ -46.6961, -23.68542 ], [ -46.6954, -23.68719 ], [ -46.69455, -23.6882 ], [ -46.69265, -23.68963 ], [ -46.68821, -23.6915 ], [ -46.68691, -23.69262 ] ] } },
{ "type": "Feature", "properties": { }, "geometry": { "type": "LineString", "coordinates": [ [ -46.68645, -23.69323 ], [ -46.68586, -23.6944 ], [ -46.68556, -23.69578 ], [ -46.68565, -23.69704 ], [ -46.68613, -23.69879 ] ] } },
{ "type": "Feature", "properties": { }, "geometry": { "type": "LineString", "coordinates": [ [ -46.68666, -23.70048 ], [ -46.68801, -23.70504 ], [ -46.6888, -23.70704 ] ] } },
{ "type": "Feature", "properties": { }, "geometry": { "type": "LineString", "coordinates": [ [ -46.68613, -23.69879 ], [ -46.68666, -23.70048 ] ] } },
{ "type": "Feature", "properties": { }, "geometry": { "type": "LineString", "coordinates": [ [ -46.74523, -23.53291 ], [ -46.74563, -23.53161 ], [ -46.74563, -23.53103 ], [ -46.74544, -23.53034 ], [ -46.74485, -23.52949 ] ] } },
{ "type": "Feature", "properties": { }, "geometry": { "type": "LineString", "coordinates": [ [ -46.68867, -23.70705 ], [ -46.68788, -23.70502 ], [ -46.68658, -23.70052 ] ] } },
{ "type": "Feature", "properties": { }, "geometry": { "type": "LineString", "coordinates": [ [ -46.68875, -23.70726 ], [ -46.68867, -23.70705 ] ] } },
{ "type": "Feature", "properties": { }, "geometry": { "type": "LineString", "coordinates": [ [ -46.6888, -23.70704 ], [ -46.68888, -23.70723 ] ] } },
{ "type": "Feature", "properties": { }, "geometry": { "type": "LineString", "coordinates": [ [ -46.68888, -23.70723 ], [ -46.69192, -23.71767 ], [ -46.69205, -23.71886 ], [ -46.69191, -23.72197 ] ] } },
{ "type": "Feature", "properties": { }, "geometry": { "type": "LineString", "coordinates": [ [ -46.6918, -23.72195 ], [ -46.69199, -23.71886 ], [ -46.69179, -23.71734 ], [ -46.68875, -23.70726 ] ] } },
{ "type": "Feature", "properties": { }, "geometry": { "type": "LineString", "coordinates": [ [ -46.69175, -23.72222 ], [ -46.6918, -23.72195 ] ] } },
{ "type": "Feature", "properties": { }, "geometry": { "type": "LineString", "coordinates": [ [ -46.69191, -23.72197 ], [ -46.69189, -23.72225 ] ] } },
{ "type": "Feature", "properties": { }, "geometry": { "type": "LineString", "coordinates": [ [ -46.69189, -23.72225 ], [ -46.69149, -23.72664 ], [ -46.6917, -23.72888 ], [ -46.69268, -23.731 ], [ -46.69473, -23.73362 ] ] } },
{ "type": "Feature", "properties": { }, "geometry": { "type": "LineString", "coordinates": [ [ -46.69589, -23.73511 ], [ -46.69569, -23.73486 ] ] } },
{ "type": "Feature", "properties": { }, "geometry": { "type": "LineString", "coordinates": [ [ -46.69572, -23.73483 ], [ -46.69592, -23.73508 ] ] } },
{ "type": "Feature", "properties": { }, "geometry": { "type": "LineString", "coordinates": [ [ -46.69432, -23.73319 ], [ -46.69231, -23.73053 ], [ -46.69154, -23.72843 ], [ -46.69144, -23.72583 ], [ -46.69175, -23.72222 ] ] } },
{ "type": "Feature", "properties": { }, "geometry": { "type": "LineString", "coordinates": [ [ -46.69592, -23.73508 ], [ -46.69754, -23.73695 ] ] } },
{ "type": "Feature", "properties": { }, "geometry": { "type": "LineString", "coordinates": [ [ -46.98748, -23.53152 ], [ -46.98443, -23.53076 ] ] } },
{ "type": "Feature", "properties": { }, "geometry": { "type": "LineString", "coordinates": [ [ -46.41937, -23.70886 ], [ -46.41068, -23.71783 ], [ -46.40571, -23.72096 ], [ -46.40501, -23.72155 ] ] } },
{ "type": "Feature", "properties": { }, "geometry": { "type": "LineString", "coordinates": [ [ -46.93209, -23.75599 ], [ -46.93407, -23.75587 ], [ -46.93742, -23.75511 ], [ -46.94073, -23.75515 ] ] } },
{ "type": "Feature", "properties": { }, "geometry": { "type": "LineString", "coordinates": [ [ -47.00937, -23.70162 ], [ -47.00871, -23.70193 ], [ -47.00772, -23.70207 ], [ -47.00541, -23.70156 ], [ -47.00449, -23.70154 ], [ -47.00351, -23.70184 ], [ -47.00278, -23.70235 ], [ -47.0, -23.70555 ], [ -46.99982, -23.70637 ], [ -46.99988, -23.70803 ], [ -46.99947, -23.70905 ], [ -46.9988, -23.70968 ], [ -46.99737, -23.71023 ], [ -46.99656, -23.71083 ], [ -46.99005, -23.71892 ], [ -46.98981, -23.72011 ], [ -46.99042, -23.7219 ], [ -46.99031, -23.72292 ], [ -46.99011, -23.72335 ], [ -46.98939, -23.72406 ], [ -46.98672, -23.72535 ], [ -46.98615, -23.72628 ], [ -46.98595, -23.72693 ] ] } },
{ "type": "Feature", "properties": { }, "geometry": { "type": "LineString", "coordinates": [ [ -46.61651, -23.54542 ], [ -46.61712, -23.54452 ] ] } },
{ "type": "Feature", "properties": { }, "geometry": { "type": "LineString", "coordinates": [ [ -46.51149, -23.65868 ], [ -46.51957, -23.65672 ], [ -46.52562, -23.65433 ], [ -46.52715, -23.65334 ], [ -46.52891, -23.65122 ], [ -46.52991, -23.64974 ], [ -46.54801, -23.61975 ], [ -46.5489, -23.61853 ], [ -46.54986, -23.61761 ], [ -46.55093, -23.61689 ], [ -46.55208, -23.61636 ], [ -46.57532, -23.60826 ], [ -46.5771, -23.60722 ], [ -46.57919, -23.60492 ] ] } },
{ "type": "Feature", "properties": { }, "geometry": { "type": "LineString", "coordinates": [ [ -46.51121, -23.65874 ], [ -46.51149, -23.65868 ] ] } },
{ "type": "Feature", "properties": { }, "geometry": { "type": "LineString", "coordinates": [ [ -46.39095, -23.74452 ], [ -46.39136, -23.74393 ] ] } },
{ "type": "Feature", "properties": { }, "geometry": { "type": "LineString", "coordinates": [ [ -46.40485, -23.72179 ], [ -46.40504, -23.72158 ] ] } },
{ "type": "Feature", "properties": { }, "geometry": { "type": "LineString", "coordinates": [ [ -46.39095, -23.74452 ], [ -46.38983, -23.74787 ], [ -46.38955, -23.75157 ], [ -46.3893, -23.75249 ], [ -46.38879, -23.7535 ], [ -46.3868, -23.75646 ], [ -46.38606, -23.75732 ], [ -46.38493, -23.75827 ], [ -46.37969, -23.76119 ], [ -46.37682, -23.76321 ], [ -46.36967, -23.7651 ], [ -46.36771, -23.76543 ], [ -46.36118, -23.76573 ], [ -46.35992, -23.76548 ], [ -46.3577, -23.76473 ], [ -46.35615, -23.76479 ], [ -46.34505, -23.76758 ], [ -46.34091, -23.76834 ], [ -46.33812, -23.76991 ], [ -46.33542, -23.77079 ] ] } },
{ "type": "Feature", "properties": { }, "geometry": { "type": "LineString", "coordinates": [ [ -46.30291, -23.77751 ], [ -46.30281, -23.77859 ] ] } },
{ "type": "Feature", "properties": { }, "geometry": { "type": "LineString", "coordinates": [ [ -46.61648, -23.5454 ], [ -46.61571, -23.54653 ] ] } },
{ "type": "Feature", "properties": { }, "geometry": { "type": "LineString", "coordinates": [ [ -46.5795, -23.60456 ], [ -46.5889, -23.59342 ] ] } },
{ "type": "Feature", "properties": { }, "geometry": { "type": "LineString", "coordinates": [ [ -46.59353, -23.58794 ], [ -46.5937, -23.58773 ] ] } },
{ "type": "Feature", "properties": { }, "geometry": { "type": "LineString", "coordinates": [ [ -46.59361, -23.58766 ], [ -46.5934, -23.58791 ] ] } },
{ "type": "Feature", "properties": { }, "geometry": { "type": "LineString", "coordinates": [ [ -46.62619, -23.53755 ], [ -46.62381, -23.53827 ], [ -46.6221, -23.53913 ], [ -46.62011, -23.54063 ], [ -46.6187, -23.54226 ] ] } },
{ "type": "Feature", "properties": { }, "geometry": { "type": "LineString", "coordinates": [ [ -46.62812, -23.53696 ], [ -46.62795, -23.537 ] ] } },
{ "type": "Feature", "properties": { }, "geometry": { "type": "LineString", "coordinates": [ [ -46.62697, -23.53735 ], [ -46.62619, -23.53755 ] ] } },
{ "type": "Feature", "properties": { }, "geometry": { "type": "LineString", "coordinates": [ [ -46.62699, -23.53741 ], [ -46.62801, -23.53716 ] ] } },
{ "type": "Feature", "properties": { }, "geometry": { "type": "LineString", "coordinates": [ [ -46.62621, -23.53761 ], [ -46.62699, -23.53741 ] ] } },
{ "type": "Feature", "properties": { }, "geometry": { "type": "LineString", "coordinates": [ [ -46.62816, -23.53705 ], [ -46.62799, -23.53709 ] ] } },
{ "type": "Feature", "properties": { }, "geometry": { "type": "LineString", "coordinates": [ [ -46.62801, -23.53716 ], [ -46.6282, -23.53711 ] ] } },
{ "type": "Feature", "properties": { }, "geometry": { "type": "LineString", "coordinates": [ [ -46.62799, -23.53709 ], [ -46.62697, -23.53735 ] ] } },
{ "type": "Feature", "properties": { }, "geometry": { "type": "LineString", "coordinates": [ [ -46.62815, -23.53702 ], [ -46.63463, -23.53526 ] ] } },
{ "type": "Feature", "properties": { }, "geometry": { "type": "LineString", "coordinates": [ [ -46.62797, -23.53706 ], [ -46.62815, -23.53702 ] ] } },
{ "type": "Feature", "properties": { }, "geometry": { "type": "LineString", "coordinates": [ [ -46.62695, -23.53732 ], [ -46.62797, -23.53706 ] ] } },
{ "type": "Feature", "properties": { }, "geometry": { "type": "LineString", "coordinates": [ [ -46.64221, -23.52995 ], [ -46.64209, -23.53011 ] ] } },
{ "type": "Feature", "properties": { }, "geometry": { "type": "LineString", "coordinates": [ [ -46.64206, -23.53009 ], [ -46.64218, -23.52993 ] ] } },
{ "type": "Feature", "properties": { }, "geometry": { "type": "LineString", "coordinates": [ [ -46.6349, -23.53533 ], [ -46.63604, -23.53504 ] ] } },
{ "type": "Feature", "properties": { }, "geometry": { "type": "LineString", "coordinates": [ [ -46.63596, -23.5351 ], [ -46.63605, -23.53507 ] ] } },
{ "type": "Feature", "properties": { }, "geometry": { "type": "LineString", "coordinates": [ [ -46.71383, -23.50932 ], [ -46.71314, -23.51113 ], [ -46.71181, -23.51311 ], [ -46.71044, -23.51443 ], [ -46.7087, -23.51551 ], [ -46.69573, -23.52102 ], [ -46.69351, -23.52137 ], [ -46.68846, -23.52131 ] ] } },
{ "type": "Feature", "properties": { }, "geometry": { "type": "LineString", "coordinates": [ [ -46.672, -23.52499 ], [ -46.67123, -23.525 ] ] } },
{ "type": "Feature", "properties": { }, "geometry": { "type": "LineString", "coordinates": [ [ -46.6658, -23.52569 ], [ -46.66895, -23.52545 ] ] } },
{ "type": "Feature", "properties": { }, "geometry": { "type": "LineString", "coordinates": [ [ -46.68846, -23.52139 ], [ -46.69339, -23.52145 ], [ -46.69549, -23.5212 ], [ -46.70852, -23.51564 ], [ -46.71025, -23.51463 ], [ -46.71183, -23.51313 ], [ -46.71297, -23.51152 ], [ -46.71387, -23.50932 ] ] } },
{ "type": "Feature", "properties": { }, "geometry": { "type": "LineString", "coordinates": [ [ -46.71387, -23.50932 ], [ -46.71477, -23.50644 ] ] } },
{ "type": "Feature", "properties": { }, "geometry": { "type": "LineString", "coordinates": [ [ -46.72729, -23.48774 ], [ -46.73219, -23.48308 ], [ -46.73354, -23.48011 ], [ -46.73574, -23.47605 ], [ -46.73683, -23.4746 ], [ -46.74139, -23.47125 ], [ -46.74449, -23.46977 ], [ -46.74546, -23.46867 ], [ -46.74571, -23.46816 ], [ -46.74586, -23.46665 ], [ -46.74559, -23.4655 ], [ -46.74521, -23.46488 ], [ -46.74019, -23.46074 ] ] } },
{ "type": "Feature", "properties": { }, "geometry": { "type": "LineString", "coordinates": [ [ -46.72329, -23.491 ], [ -46.72362, -23.49051 ] ] } },
{ "type": "Feature", "properties": { }, "geometry": { "type": "LineString", "coordinates": [ [ -46.33272, -23.52556 ], [ -46.33828, -23.52364 ], [ -46.33937, -23.52346 ], [ -46.34006, -23.52355 ], [ -46.34065, -23.52376 ], [ -46.34985, -23.52904 ] ] } },
{ "type": "Feature", "properties": { }, "geometry": { "type": "LineString", "coordinates": [ [ -46.34985, -23.52904 ], [ -46.34992, -23.52907 ] ] } },
{ "type": "Feature", "properties": { }, "geometry": { "type": "LineString", "coordinates": [ [ -46.45403, -23.492 ], [ -46.45417, -23.49203 ] ] } },
{ "type": "Feature", "properties": { }, "geometry": { "type": "LineString", "coordinates": [ [ -46.45323, -23.49185 ], [ -46.45361, -23.49193 ] ] } },
{ "type": "Feature", "properties": { }, "geometry": { "type": "LineString", "coordinates": [ [ -46.45361, -23.49193 ], [ -46.45403, -23.492 ] ] } },
{ "type": "Feature", "properties": { }, "geometry": { "type": "LineString", "coordinates": [ [ -46.57944, -23.60444 ], [ -46.57915, -23.6048 ] ] } },
{ "type": "Feature", "properties": { }, "geometry": { "type": "LineString", "coordinates": [ [ -46.57919, -23.60492 ], [ -46.5795, -23.60456 ] ] } },
{ "type": "Feature", "properties": { }, "geometry": { "type": "LineString", "coordinates": [ [ -46.58877, -23.59333 ], [ -46.57944, -23.60444 ] ] } },
{ "type": "Feature", "properties": { }, "geometry": { "type": "LineString", "coordinates": [ [ -46.73108, -23.33378 ], [ -46.73341, -23.33497 ], [ -46.73442, -23.33583 ], [ -46.73772, -23.34128 ], [ -46.73852, -23.34459 ], [ -46.74091, -23.35179 ], [ -46.74373, -23.35831 ], [ -46.74459, -23.35925 ], [ -46.74709, -23.36108 ], [ -46.749, -23.36393 ], [ -46.75368, -23.36811 ], [ -46.75453, -23.36903 ], [ -46.75531, -23.37028 ], [ -46.75573, -23.37139 ], [ -46.756, -23.37295 ], [ -46.75593, -23.37384 ], [ -46.75539, -23.37596 ], [ -46.75531, -23.3771 ], [ -46.75552, -23.38335 ], [ -46.75491, -23.38538 ], [ -46.75481, -23.38634 ], [ -46.75513, -23.38763 ], [ -46.75642, -23.38946 ], [ -46.75764, -23.39194 ], [ -46.75798, -23.39337 ], [ -46.75809, -23.39667 ], [ -46.75805, -23.39746 ], [ -46.75776, -23.39841 ], [ -46.75707, -23.39939 ], [ -46.75565, -23.40074 ], [ -46.75514, -23.40144 ], [ -46.75407, -23.40428 ], [ -46.75156, -23.40798 ], [ -46.75064, -23.4089 ], [ -46.74856, -23.41015 ], [ -46.74766, -23.41093 ], [ -46.74559, -23.41346 ], [ -46.7449, -23.41497 ], [ -46.7448, -23.416 ], [ -46.74496, -23.41835 ], [ -46.74479, -23.41916 ], [ -46.74371, -23.42199 ], [ -46.74361, -23.42319 ], [ -46.74399, -23.42447 ], [ -46.74546, -23.42669 ], [ -46.7461, -23.42976 ], [ -46.74749, -23.43317 ], [ -46.74768, -23.43399 ], [ -46.7477, -23.43517 ], [ -46.74702, -23.439 ], [ -46.74672, -23.43984 ], [ -46.74571, -23.44104 ], [ -46.74423, -23.44186 ], [ -46.74348, -23.44252 ], [ -46.74298, -23.44327 ], [ -46.74234, -23.44487 ], [ -46.74202, -23.44643 ], [ -46.74197, -23.44753 ], [ -46.7425, -23.45104 ], [ -46.74214, -23.45233 ], [ -46.74135, -23.4534 ], [ -46.73949, -23.45449 ], [ -46.7388, -23.45507 ], [ -46.7382, -23.45597 ], [ -46.73793, -23.45674 ], [ -46.7379, -23.45784 ], [ -46.73818, -23.45877 ], [ -46.739, -23.4599 ], [ -46.73995, -23.46064 ] ] } },
{ "type": "Feature", "properties": { }, "geometry": { "type": "LineString", "coordinates": [ [ -46.74017, -23.46077 ], [ -46.74518, -23.4649 ], [ -46.74556, -23.46551 ], [ -46.74582, -23.46665 ], [ -46.74561, -23.46824 ], [ -46.7451, -23.46909 ], [ -46.74424, -23.4699 ], [ -46.74164, -23.47106 ], [ -46.7368, -23.47458 ], [ -46.73571, -23.47603 ], [ -46.73193, -23.48336 ], [ -46.72731, -23.48768 ], [ -46.7261, -23.48853 ] ] } },
{ "type": "Feature", "properties": { }, "geometry": { "type": "LineString", "coordinates": [ [ -46.74019, -23.46074 ], [ -46.73998, -23.4606 ] ] } },
{ "type": "Feature", "properties": { }, "geometry": { "type": "LineString", "coordinates": [ [ -46.73995, -23.46064 ], [ -46.74017, -23.46077 ] ] } },
{ "type": "Feature", "properties": { }, "geometry": { "type": "LineString", "coordinates": [ [ -46.73075, -23.33362 ], [ -46.73108, -23.33378 ] ] } },
{ "type": "Feature", "properties": { }, "geometry": { "type": "LineString", "coordinates": [ [ -46.73111, -23.33373 ], [ -46.73077, -23.33358 ] ] } },
{ "type": "Feature", "properties": { }, "geometry": { "type": "LineString", "coordinates": [ [ -46.74235, -23.28267 ], [ -46.7423, -23.28402 ], [ -46.74203, -23.28514 ], [ -46.73738, -23.29416 ], [ -46.73675, -23.29604 ], [ -46.73604, -23.29734 ], [ -46.73526, -23.29815 ], [ -46.73282, -23.29991 ], [ -46.73024, -23.30372 ], [ -46.72775, -23.30571 ], [ -46.7258, -23.30828 ], [ -46.72068, -23.31196 ], [ -46.71994, -23.31295 ], [ -46.71967, -23.31377 ], [ -46.71968, -23.3151 ], [ -46.71999, -23.31592 ], [ -46.72052, -23.31665 ], [ -46.72203, -23.31808 ], [ -46.72257, -23.31899 ], [ -46.72417, -23.32509 ], [ -46.72584, -23.32888 ], [ -46.72688, -23.33084 ], [ -46.72762, -23.33182 ], [ -46.72844, -23.33253 ], [ -46.73075, -23.33362 ] ] } },
{ "type": "Feature", "properties": { }, "geometry": { "type": "LineString", "coordinates": [ [ -46.73077, -23.33358 ], [ -46.72843, -23.33247 ], [ -46.72768, -23.3318 ], [ -46.72715, -23.33106 ], [ -46.72531, -23.32755 ], [ -46.72422, -23.32508 ], [ -46.72278, -23.31934 ], [ -46.72207, -23.31805 ], [ -46.72056, -23.31662 ], [ -46.72004, -23.31589 ], [ -46.71974, -23.31509 ], [ -46.71972, -23.31377 ], [ -46.71999, -23.31297 ], [ -46.72071, -23.312 ], [ -46.72584, -23.30831 ], [ -46.72755, -23.30599 ], [ -46.73028, -23.30375 ], [ -46.73286, -23.29995 ], [ -46.73529, -23.29819 ], [ -46.73608, -23.29737 ], [ -46.7368, -23.29605 ], [ -46.73743, -23.29417 ], [ -46.7419, -23.28552 ], [ -46.74235, -23.2842 ], [ -46.74245, -23.28306 ] ] } },
{ "type": "Feature", "properties": { }, "geometry": { "type": "LineString", "coordinates": [ [ -46.6349, -23.53533 ], [ -46.63467, -23.53538 ] ] } },
{ "type": "Feature", "properties": { }, "geometry": { "type": "LineString", "coordinates": [ [ -46.63604, -23.53504 ], [ -46.63811, -23.53445 ], [ -46.63977, -23.53345 ], [ -46.64075, -23.53232 ], [ -46.64183, -23.53043 ] ] } },
{ "type": "Feature", "properties": { }, "geometry": { "type": "LineString", "coordinates": [ [ -46.98595, -23.72693 ], [ -46.98449, -23.73161 ], [ -46.98381, -23.73232 ], [ -46.98032, -23.73442 ], [ -46.97633, -23.73907 ], [ -46.97583, -23.74001 ], [ -46.97575, -23.74163 ], [ -46.97548, -23.74258 ], [ -46.97164, -23.74665 ], [ -46.97104, -23.74896 ], [ -46.97073, -23.74962 ], [ -46.96966, -23.7505 ], [ -46.96785, -23.75113 ], [ -46.96629, -23.75246 ] ] } },
{ "type": "Feature", "properties": { }, "geometry": { "type": "LineString", "coordinates": [ [ -46.3876, -23.74425 ], [ -46.38772, -23.74442 ] ] } },
{ "type": "Feature", "properties": { }, "geometry": { "type": "LineString", "coordinates": [ [ -46.38772, -23.74442 ], [ -46.38877, -23.74601 ], [ -46.38915, -23.74686 ], [ -46.3895, -23.74817 ], [ -46.38962, -23.74953 ] ] } },
{ "type": "Feature", "properties": { }, "geometry": { "type": "LineString", "coordinates": [ [ -46.50698, -23.49232 ], [ -46.50487, -23.48703 ], [ -46.50403, -23.48603 ], [ -46.50277, -23.48548 ], [ -46.49788, -23.48531 ], [ -46.49698, -23.48488 ], [ -46.49541, -23.4835 ], [ -46.49448, -23.48293 ], [ -46.49335, -23.48259 ], [ -46.4925, -23.48254 ], [ -46.49113, -23.48289 ], [ -46.48807, -23.4847 ], [ -46.48494, -23.48541 ], [ -46.47554, -23.484 ], [ -46.47183, -23.48254 ], [ -46.47044, -23.48255 ], [ -46.46725, -23.48348 ], [ -46.46616, -23.48414 ], [ -46.46415, -23.48685 ], [ -46.46308, -23.48976 ], [ -46.46216, -23.49069 ], [ -46.45886, -23.49186 ], [ -46.45591, -23.49208 ], [ -46.45418, -23.492 ] ] } },
{ "type": "Feature", "properties": { }, "geometry": { "type": "LineString", "coordinates": [ [ -46.55089, -23.50963 ], [ -46.55067, -23.50949 ] ] } },
{ "type": "Feature", "properties": { }, "geometry": { "type": "LineString", "coordinates": [ [ -46.64237, -23.5303 ], [ -46.64151, -23.53166 ] ] } },
{ "type": "Feature", "properties": { }, "geometry": { "type": "LineString", "coordinates": [ [ -46.64233, -23.53027 ], [ -46.64245, -23.53011 ] ] } },
{ "type": "Feature", "properties": { }, "geometry": { "type": "LineString", "coordinates": [ [ -46.64249, -23.53013 ], [ -46.64237, -23.5303 ] ] } },
{ "type": "Feature", "properties": { }, "geometry": { "type": "LineString", "coordinates": [ [ -46.67036, -23.52529 ], [ -46.67824, -23.52481 ], [ -46.67971, -23.52437 ], [ -46.68248, -23.5229 ], [ -46.68391, -23.52251 ], [ -46.69451, -23.5219 ], [ -46.69584, -23.52145 ], [ -46.70508, -23.51732 ], [ -46.7058, -23.51715 ], [ -46.7069, -23.51735 ], [ -46.71154, -23.5202 ] ] } },
{ "type": "Feature", "properties": { }, "geometry": { "type": "LineString", "coordinates": [ [ -46.55335, -23.52666 ], [ -46.55335, -23.52616 ] ] } },
{ "type": "Feature", "properties": { }, "geometry": { "type": "LineString", "coordinates": [ [ -46.55339, -23.52962 ], [ -46.55338, -23.52919 ] ] } },
{ "type": "Feature", "properties": { }, "geometry": { "type": "LineString", "coordinates": [ [ -46.55338, -23.52919 ], [ -46.55335, -23.52666 ] ] } },
{ "type": "Feature", "properties": { }, "geometry": { "type": "LineString", "coordinates": [ [ -46.55335, -23.52616 ], [ -46.55317, -23.52462 ], [ -46.55117, -23.52116 ], [ -46.55086, -23.52018 ], [ -46.55079, -23.51623 ], [ -46.55106, -23.51544 ], [ -46.55246, -23.51309 ], [ -46.55264, -23.51223 ], [ -46.55218, -23.51077 ], [ -46.5518, -23.51029 ], [ -46.55089, -23.50963 ] ] } },
{ "type": "Feature", "properties": { }, "geometry": { "type": "LineString", "coordinates": [ [ -46.6738, -23.90857 ], [ -46.67712, -23.90901 ], [ -46.67888, -23.9086 ], [ -46.67974, -23.9086 ], [ -46.68352, -23.90945 ], [ -46.68482, -23.90939 ], [ -46.68551, -23.90905 ], [ -46.68607, -23.90841 ], [ -46.68631, -23.90793 ], [ -46.68649, -23.90621 ], [ -46.68698, -23.90527 ], [ -46.68987, -23.90321 ], [ -46.69217, -23.90233 ], [ -46.69372, -23.90231 ] ] } },
{ "type": "Feature", "properties": { }, "geometry": { "type": "LineString", "coordinates": [ [ -46.71601, -23.90537 ], [ -46.71569, -23.90533 ] ] } },
{ "type": "Feature", "properties": { }, "geometry": { "type": "LineString", "coordinates": [ [ -46.62135, -23.9775 ], [ -46.62053, -23.97729 ], [ -46.61986, -23.97682 ], [ -46.61793, -23.97435 ], [ -46.61734, -23.97387 ], [ -46.6157, -23.9735 ], [ -46.61331, -23.97373 ] ] } },
{ "type": "Feature", "properties": { }, "geometry": { "type": "LineString", "coordinates": [ [ -46.65267, -23.97033 ], [ -46.65267, -23.96885 ] ] } },
{ "type": "Feature", "properties": { }, "geometry": { "type": "LineString", "coordinates": [ [ -46.62361, -23.97674 ], [ -46.62447, -23.9763 ], [ -46.62497, -23.97622 ], [ -46.62713, -23.97665 ] ] } },
{ "type": "Feature", "properties": { }, "geometry": { "type": "LineString", "coordinates": [ [ -46.62268, -23.9773 ], [ -46.62361, -23.97674 ] ] } },
{ "type": "Feature", "properties": { }, "geometry": { "type": "LineString", "coordinates": [ [ -46.63241, -23.97594 ], [ -46.63321, -23.97551 ] ] } },
{ "type": "Feature", "properties": { }, "geometry": { "type": "LineString", "coordinates": [ [ -46.62138, -23.97746 ], [ -46.62221, -23.97744 ], [ -46.62267, -23.97727 ] ] } },
{ "type": "Feature", "properties": { }, "geometry": { "type": "LineString", "coordinates": [ [ -46.63321, -23.97551 ], [ -46.63518, -23.97523 ] ] } },
{ "type": "Feature", "properties": { }, "geometry": { "type": "LineString", "coordinates": [ [ -46.36377, -23.92848 ], [ -46.34874, -23.9306 ], [ -46.34754, -23.93032 ], [ -46.34485, -23.92831 ], [ -46.34365, -23.92794 ] ] } },
{ "type": "Feature", "properties": { }, "geometry": { "type": "LineString", "coordinates": [ [ -46.34359, -23.92775 ], [ -46.3442, -23.92775 ], [ -46.34484, -23.92799 ], [ -46.34792, -23.93031 ] ] } },
{ "type": "Feature", "properties": { }, "geometry": { "type": "LineString", "coordinates": [ [ -46.34866, -23.93049 ], [ -46.35471, -23.92969 ] ] } },
{ "type": "Feature", "properties": { }, "geometry": { "type": "LineString", "coordinates": [ [ -46.34728, -23.92692 ], [ -46.33702, -23.92871 ], [ -46.33539, -23.92937 ] ] } },
{ "type": "Feature", "properties": { }, "geometry": { "type": "LineString", "coordinates": [ [ -46.34728, -23.92692 ], [ -46.3372, -23.92856 ], [ -46.33511, -23.92944 ] ] } },
{ "type": "Feature", "properties": { }, "geometry": { "type": "LineString", "coordinates": [ [ -46.35471, -23.92969 ], [ -46.3621, -23.92858 ], [ -46.36377, -23.92848 ] ] } },
{ "type": "Feature", "properties": { }, "geometry": { "type": "LineString", "coordinates": [ [ -46.57982, -23.54066 ], [ -46.57752, -23.54019 ] ] } },
{ "type": "Feature", "properties": { }, "geometry": { "type": "LineString", "coordinates": [ [ -46.58178, -23.54112 ], [ -46.5798, -23.54073 ] ] } },
{ "type": "Feature", "properties": { }, "geometry": { "type": "LineString", "coordinates": [ [ -46.57981, -23.54069 ], [ -46.58179, -23.54108 ] ] } },
{ "type": "Feature", "properties": { }, "geometry": { "type": "LineString", "coordinates": [ [ -46.58613, -23.54195 ], [ -46.612, -23.54709 ], [ -46.6136, -23.54722 ], [ -46.615, -23.54651 ] ] } },
{ "type": "Feature", "properties": { }, "geometry": { "type": "LineString", "coordinates": [ [ -46.55621, -23.536 ], [ -46.57209, -23.53914 ], [ -46.57563, -23.53997 ] ] } },
{ "type": "Feature", "properties": { }, "geometry": { "type": "LineString", "coordinates": [ [ -46.62616, -23.53747 ], [ -46.62333, -23.53838 ], [ -46.62089, -23.53985 ], [ -46.61939, -23.54129 ], [ -46.61719, -23.54404 ] ] } },
{ "type": "Feature", "properties": { }, "geometry": { "type": "LineString", "coordinates": [ [ -46.45361, -23.49189 ], [ -46.45323, -23.49181 ] ] } },
{ "type": "Feature", "properties": { }, "geometry": { "type": "LineString", "coordinates": [ [ -46.5534, -23.53171 ], [ -46.55338, -23.53122 ] ] } },
{ "type": "Feature", "properties": { }, "geometry": { "type": "LineString", "coordinates": [ [ -46.45418, -23.492 ], [ -46.45402, -23.49197 ] ] } },
{ "type": "Feature", "properties": { }, "geometry": { "type": "LineString", "coordinates": [ [ -46.45402, -23.49197 ], [ -46.45361, -23.49189 ] ] } },
{ "type": "Feature", "properties": { }, "geometry": { "type": "LineString", "coordinates": [ [ -46.45323, -23.49181 ], [ -46.44686, -23.49039 ], [ -46.4446, -23.49041 ] ] } },
{ "type": "Feature", "properties": { }, "geometry": { "type": "LineString", "coordinates": [ [ -46.55338, -23.53122 ], [ -46.55339, -23.52962 ] ] } },
{ "type": "Feature", "properties": { }, "geometry": { "type": "LineString", "coordinates": [ [ -46.37779, -23.48152 ], [ -46.37491, -23.48068 ], [ -46.3704, -23.47965 ], [ -46.36004, -23.47756 ], [ -46.35853, -23.47708 ], [ -46.35572, -23.47557 ] ] } },
{ "type": "Feature", "properties": { }, "geometry": { "type": "LineString", "coordinates": [ [ -46.40566, -23.49414 ], [ -46.40539, -23.49412 ] ] } },
{ "type": "Feature", "properties": { }, "geometry": { "type": "LineString", "coordinates": [ [ -46.43607, -23.49118 ], [ -46.4357, -23.49122 ] ] } },
{ "type": "Feature", "properties": { }, "geometry": { "type": "LineString", "coordinates": [ [ -46.43568, -23.49127 ], [ -46.43605, -23.49123 ] ] } },
{ "type": "Feature", "properties": { }, "geometry": { "type": "LineString", "coordinates": [ [ -46.40541, -23.49419 ], [ -46.40568, -23.4942 ] ] } },
{ "type": "Feature", "properties": { }, "geometry": { "type": "LineString", "coordinates": [ [ -46.42077, -23.49272 ], [ -46.40566, -23.49414 ] ] } },
{ "type": "Feature", "properties": { }, "geometry": { "type": "LineString", "coordinates": [ [ -46.35446, -23.47985 ], [ -46.35298, -23.48018 ], [ -46.35188, -23.48088 ], [ -46.35147, -23.48139 ], [ -46.35064, -23.48356 ], [ -46.3501, -23.48433 ], [ -46.34539, -23.48786 ], [ -46.34442, -23.48823 ], [ -46.34345, -23.48832 ], [ -46.33981, -23.48734 ], [ -46.33847, -23.48724 ], [ -46.33715, -23.48779 ], [ -46.33628, -23.48878 ], [ -46.33603, -23.4896 ], [ -46.33615, -23.49072 ], [ -46.33806, -23.49428 ], [ -46.33845, -23.49537 ], [ -46.33914, -23.50102 ], [ -46.33909, -23.50222 ], [ -46.33788, -23.50651 ], [ -46.33762, -23.50847 ], [ -46.33777, -23.51042 ], [ -46.3386, -23.51552 ], [ -46.33857, -23.51647 ], [ -46.33826, -23.51749 ], [ -46.33727, -23.51945 ] ] } },
{ "type": "Feature", "properties": { }, "geometry": { "type": "LineString", "coordinates": [ [ -46.36691, -23.53969 ], [ -46.3602, -23.53493 ], [ -46.34995, -23.52904 ] ] } },
{ "type": "Feature", "properties": { }, "geometry": { "type": "LineString", "coordinates": [ [ -46.3304, -23.52632 ], [ -46.33258, -23.52543 ] ] } },
{ "type": "Feature", "properties": { }, "geometry": { "type": "LineString", "coordinates": [ [ -46.34986, -23.52899 ], [ -46.34086, -23.52382 ], [ -46.33991, -23.52346 ], [ -46.33903, -23.52343 ], [ -46.33815, -23.52362 ], [ -46.33346, -23.52527 ] ] } },
{ "type": "Feature", "properties": { }, "geometry": { "type": "LineString", "coordinates": [ [ -46.33346, -23.52527 ], [ -46.33268, -23.52553 ] ] } },
{ "type": "Feature", "properties": { }, "geometry": { "type": "LineString", "coordinates": [ [ -46.36701, -23.53977 ], [ -46.36691, -23.53969 ] ] } },
{ "type": "Feature", "properties": { }, "geometry": { "type": "LineString", "coordinates": [ [ -46.33727, -23.51945 ], [ -46.33704, -23.51991 ] ] } },
{ "type": "Feature", "properties": { }, "geometry": { "type": "LineString", "coordinates": [ [ -46.36687, -23.53973 ], [ -46.36697, -23.5398 ] ] } },
{ "type": "Feature", "properties": { }, "geometry": { "type": "LineString", "coordinates": [ [ -46.34995, -23.52904 ], [ -46.34986, -23.52899 ] ] } },
{ "type": "Feature", "properties": { }, "geometry": { "type": "LineString", "coordinates": [ [ -46.33268, -23.52553 ], [ -46.32997, -23.52647 ] ] } },
{ "type": "Feature", "properties": { }, "geometry": { "type": "LineString", "coordinates": [ [ -46.34992, -23.52907 ], [ -46.36024, -23.53502 ], [ -46.36687, -23.53973 ] ] } },
{ "type": "Feature", "properties": { }, "geometry": { "type": "LineString", "coordinates": [ [ -46.41508, -23.54231 ], [ -46.40106, -23.54637 ], [ -46.39814, -23.54822 ], [ -46.39559, -23.55103 ], [ -46.39319, -23.55255 ] ] } },
{ "type": "Feature", "properties": { }, "geometry": { "type": "LineString", "coordinates": [ [ -46.5798, -23.54073 ], [ -46.57749, -23.54036 ] ] } },
{ "type": "Feature", "properties": { }, "geometry": { "type": "LineString", "coordinates": [ [ -46.41613, -23.54231 ], [ -46.41727, -23.54206 ] ] } },
{ "type": "Feature", "properties": { }, "geometry": { "type": "LineString", "coordinates": [ [ -46.62616, -23.53753 ], [ -46.62695, -23.53732 ] ] } },
{ "type": "Feature", "properties": { }, "geometry": { "type": "LineString", "coordinates": [ [ -46.41724, -23.54187 ], [ -46.41608, -23.5421 ] ] } },
{ "type": "Feature", "properties": { }, "geometry": { "type": "LineString", "coordinates": [ [ -46.58177, -23.54115 ], [ -46.61286, -23.54732 ], [ -46.61347, -23.54736 ], [ -46.61416, -23.54717 ], [ -46.61541, -23.54641 ], [ -46.616, -23.54581 ] ] } },
{ "type": "Feature", "properties": { }, "geometry": { "type": "LineString", "coordinates": [ [ -46.2706, -23.54078 ], [ -46.25181, -23.54359 ], [ -46.24909, -23.54338 ], [ -46.24491, -23.54223 ] ] } },
{ "type": "Feature", "properties": { }, "geometry": { "type": "LineString", "coordinates": [ [ -46.24489, -23.54229 ], [ -46.24909, -23.54342 ], [ -46.25208, -23.54363 ], [ -46.2706, -23.54083 ] ] } },
{ "type": "Feature", "properties": { }, "geometry": { "type": "LineString", "coordinates": [ [ -46.27081, -23.54075 ], [ -46.2706, -23.54078 ] ] } },
{ "type": "Feature", "properties": { }, "geometry": { "type": "LineString", "coordinates": [ [ -46.2706, -23.54083 ], [ -46.27082, -23.5408 ] ] } },
{ "type": "Feature", "properties": { }, "geometry": { "type": "LineString", "coordinates": [ [ -46.22866, -23.5373 ], [ -46.21995, -23.53464 ], [ -46.218, -23.53385 ], [ -46.21664, -23.53307 ], [ -46.20281, -23.52377 ], [ -46.18523, -23.51576 ] ] } },
{ "type": "Feature", "properties": { }, "geometry": { "type": "LineString", "coordinates": [ [ -46.22865, -23.53735 ], [ -46.22883, -23.5374 ] ] } },
{ "type": "Feature", "properties": { }, "geometry": { "type": "LineString", "coordinates": [ [ -46.24469, -23.54222 ], [ -46.24489, -23.54229 ] ] } },
{ "type": "Feature", "properties": { }, "geometry": { "type": "LineString", "coordinates": [ [ -46.22885, -23.53736 ], [ -46.22866, -23.5373 ] ] } },
{ "type": "Feature", "properties": { }, "geometry": { "type": "LineString", "coordinates": [ [ -46.18518, -23.51583 ], [ -46.20279, -23.5238 ], [ -46.21796, -23.53388 ], [ -46.21995, -23.53468 ], [ -46.22865, -23.53735 ] ] } },
{ "type": "Feature", "properties": { }, "geometry": { "type": "LineString", "coordinates": [ [ -46.22883, -23.5374 ], [ -46.24469, -23.54222 ] ] } },
{ "type": "Feature", "properties": { }, "geometry": { "type": "LineString", "coordinates": [ [ -46.33514, -23.52384 ], [ -46.33441, -23.52465 ], [ -46.33349, -23.52513 ] ] } },
{ "type": "Feature", "properties": { }, "geometry": { "type": "LineString", "coordinates": [ [ -46.98447, -23.53065 ], [ -46.98553, -23.53104 ] ] } },
{ "type": "Feature", "properties": { }, "geometry": { "type": "LineString", "coordinates": [ [ -46.40504, -23.72158 ], [ -46.4058, -23.72094 ], [ -46.41085, -23.71773 ], [ -46.4194, -23.70889 ] ] } },
{ "type": "Feature", "properties": { }, "geometry": { "type": "LineString", "coordinates": [ [ -46.41951, -23.70871 ], [ -46.41937, -23.70886 ] ] } },
{ "type": "Feature", "properties": { }, "geometry": { "type": "LineString", "coordinates": [ [ -46.4194, -23.70889 ], [ -46.41954, -23.70873 ] ] } },
{ "type": "Feature", "properties": { }, "geometry": { "type": "LineString", "coordinates": [ [ -46.5112, -23.6587 ], [ -46.50253, -23.66075 ], [ -46.50048, -23.66096 ], [ -46.49846, -23.6607 ], [ -46.48667, -23.65736 ], [ -46.48521, -23.65713 ], [ -46.48366, -23.65712 ], [ -46.48213, -23.65735 ], [ -46.48097, -23.65772 ], [ -46.47071, -23.66215 ], [ -46.45999, -23.66922 ], [ -46.45861, -23.67044 ], [ -46.4549, -23.67432 ], [ -46.45398, -23.6762 ], [ -46.4532, -23.6809 ], [ -46.45231, -23.68335 ], [ -46.45187, -23.68555 ], [ -46.45149, -23.68667 ], [ -46.44966, -23.69056 ], [ -46.44709, -23.69448 ], [ -46.44625, -23.69513 ], [ -46.44505, -23.69564 ], [ -46.44426, -23.69577 ], [ -46.44106, -23.69571 ], [ -46.4402, -23.69592 ], [ -46.43913, -23.69643 ], [ -46.43842, -23.69697 ], [ -46.4362, -23.69936 ], [ -46.43488, -23.7019 ], [ -46.4342, -23.70276 ], [ -46.43266, -23.70388 ], [ -46.43045, -23.70454 ] ] } },
{ "type": "Feature", "properties": { }, "geometry": { "type": "LineString", "coordinates": [ [ -46.40501, -23.72155 ], [ -46.40482, -23.72175 ] ] } },
{ "type": "Feature", "properties": { }, "geometry": { "type": "LineString", "coordinates": [ [ -46.5937, -23.58773 ], [ -46.5948, -23.58624 ], [ -46.59575, -23.58441 ], [ -46.60916, -23.55631 ], [ -46.61559, -23.54678 ] ] } },
{ "type": "Feature", "properties": { }, "geometry": { "type": "LineString", "coordinates": [ [ -46.41954, -23.70873 ], [ -46.42086, -23.70744 ], [ -46.42232, -23.70657 ], [ -46.42962, -23.70477 ] ] } },
{ "type": "Feature", "properties": { }, "geometry": { "type": "LineString", "coordinates": [ [ -46.4264, -23.53859 ], [ -46.42317, -23.53952 ], [ -46.42115, -23.54062 ], [ -46.41883, -23.54161 ], [ -46.41724, -23.54187 ] ] } },
{ "type": "Feature", "properties": { }, "geometry": { "type": "LineString", "coordinates": [ [ -46.33466, -23.77094 ], [ -46.33704, -23.77029 ], [ -46.33807, -23.76985 ], [ -46.34088, -23.76827 ], [ -46.34502, -23.76751 ], [ -46.35611, -23.76472 ], [ -46.35813, -23.76472 ], [ -46.35997, -23.76539 ], [ -46.36121, -23.76564 ], [ -46.36755, -23.7654 ], [ -46.36917, -23.76518 ], [ -46.37601, -23.76347 ], [ -46.37694, -23.7631 ], [ -46.37951, -23.76125 ], [ -46.38518, -23.75806 ], [ -46.38677, -23.75644 ], [ -46.38871, -23.75356 ], [ -46.38939, -23.75211 ], [ -46.38974, -23.74811 ], [ -46.39053, -23.74534 ], [ -46.39092, -23.74451 ] ] } },
{ "type": "Feature", "properties": { }, "geometry": { "type": "LineString", "coordinates": [ [ -46.71152, -23.52023 ], [ -46.70687, -23.51738 ], [ -46.7056, -23.51722 ], [ -46.69466, -23.52191 ], [ -46.68393, -23.52256 ], [ -46.68249, -23.52295 ], [ -46.68, -23.52428 ], [ -46.67851, -23.52481 ], [ -46.67051, -23.52532 ], [ -46.66868, -23.52574 ] ] } },
{ "type": "Feature", "properties": { }, "geometry": { "type": "LineString", "coordinates": [ [ -46.71163, -23.52026 ], [ -46.71152, -23.52023 ] ] } },
{ "type": "Feature", "properties": { }, "geometry": { "type": "LineString", "coordinates": [ [ -46.71154, -23.5202 ], [ -46.71164, -23.52023 ] ] } },
{ "type": "Feature", "properties": { }, "geometry": { "type": "LineString", "coordinates": [ [ -46.71164, -23.52023 ], [ -46.71249, -23.52029 ], [ -46.71503, -23.51996 ], [ -46.71725, -23.51894 ], [ -46.71837, -23.51869 ], [ -46.72548, -23.51891 ], [ -46.72859, -23.51943 ], [ -46.73186, -23.51947 ], [ -46.73293, -23.51999 ], [ -46.74534, -23.52981 ], [ -46.7463, -23.53036 ], [ -46.74753, -23.53069 ] ] } },
{ "type": "Feature", "properties": { }, "geometry": { "type": "LineString", "coordinates": [ [ -46.32508, -23.64228 ], [ -46.32517, -23.64246 ] ] } },
{ "type": "Feature", "properties": { }, "geometry": { "type": "LineString", "coordinates": [ [ -46.32517, -23.64246 ], [ -46.3271, -23.64645 ], [ -46.32821, -23.64816 ], [ -46.33818, -23.65821 ] ] } },
{ "type": "Feature", "properties": { }, "geometry": { "type": "LineString", "coordinates": [ [ -46.35082, -23.67213 ], [ -46.3509, -23.67228 ] ] } },
{ "type": "Feature", "properties": { }, "geometry": { "type": "LineString", "coordinates": [ [ -46.3509, -23.67228 ], [ -46.35176, -23.67374 ], [ -46.35272, -23.67492 ], [ -46.35396, -23.67606 ] ] } },
{ "type": "Feature", "properties": { }, "geometry": { "type": "LineString", "coordinates": [ [ -46.36807, -23.69524 ], [ -46.36844, -23.69762 ], [ -46.36839, -23.69896 ], [ -46.36779, -23.70243 ], [ -46.36782, -23.70427 ], [ -46.36919, -23.70835 ], [ -46.36964, -23.71044 ], [ -46.36953, -23.71238 ], [ -46.36898, -23.71597 ] ] } },
{ "type": "Feature", "properties": { }, "geometry": { "type": "LineString", "coordinates": [ [ -46.36801, -23.69507 ], [ -46.36807, -23.69524 ] ] } },
{ "type": "Feature", "properties": { }, "geometry": { "type": "LineString", "coordinates": [ [ -46.399, -23.74038 ], [ -46.40038, -23.73974 ], [ -46.40138, -23.739 ], [ -46.40233, -23.73789 ], [ -46.40301, -23.73638 ], [ -46.40332, -23.73387 ], [ -46.40417, -23.7309 ], [ -46.40415, -23.73 ], [ -46.40372, -23.72779 ], [ -46.40387, -23.72398 ], [ -46.40419, -23.7228 ], [ -46.40485, -23.72179 ] ] } },
{ "type": "Feature", "properties": { }, "geometry": { "type": "LineString", "coordinates": [ [ -46.39173, -23.74343 ], [ -46.39092, -23.74451 ] ] } },
{ "type": "Feature", "properties": { }, "geometry": { "type": "LineString", "coordinates": [ [ -46.50093, -23.48554 ], [ -46.50165, -23.48553 ] ] } },
{ "type": "Feature", "properties": { }, "geometry": { "type": "LineString", "coordinates": [ [ -46.50165, -23.48553 ], [ -46.50246, -23.48553 ], [ -46.50343, -23.48577 ], [ -46.50455, -23.48663 ], [ -46.50694, -23.49235 ], [ -46.5076, -23.49319 ], [ -46.5096, -23.49509 ], [ -46.51041, -23.49562 ], [ -46.51152, -23.496 ], [ -46.51461, -23.49629 ], [ -46.5169, -23.49706 ] ] } },
{ "type": "Feature", "properties": { }, "geometry": { "type": "LineString", "coordinates": [ [ -46.45655, -23.54116 ], [ -46.46111, -23.54025 ], [ -46.46246, -23.54016 ], [ -46.46343, -23.54035 ], [ -46.4652, -23.54104 ], [ -46.46998, -23.54188 ] ] } },
{ "type": "Feature", "properties": { }, "geometry": { "type": "LineString", "coordinates": [ [ -46.47336, -23.54231 ], [ -46.47, -23.54174 ] ] } },
{ "type": "Feature", "properties": { }, "geometry": { "type": "LineString", "coordinates": [ [ -46.43007, -23.53873 ], [ -46.4325, -23.53938 ] ] } },
{ "type": "Feature", "properties": { }, "geometry": { "type": "LineString", "coordinates": [ [ -46.43251, -23.53934 ], [ -46.4301, -23.53869 ] ] } },
{ "type": "Feature", "properties": { }, "geometry": { "type": "LineString", "coordinates": [ [ -46.45655, -23.54112 ], [ -46.45404, -23.54148 ], [ -46.45054, -23.54171 ] ] } },
{ "type": "Feature", "properties": { }, "geometry": { "type": "LineString", "coordinates": [ [ -46.44506, -23.54182 ], [ -46.44749, -23.54181 ] ] } },
{ "type": "Feature", "properties": { }, "geometry": { "type": "LineString", "coordinates": [ [ -46.45055, -23.54175 ], [ -46.45413, -23.54152 ], [ -46.45655, -23.54116 ] ] } },
{ "type": "Feature", "properties": { }, "geometry": { "type": "LineString", "coordinates": [ [ -46.44507, -23.54178 ], [ -46.44096, -23.54127 ], [ -46.43251, -23.53934 ] ] } },
{ "type": "Feature", "properties": { }, "geometry": { "type": "LineString", "coordinates": [ [ -46.4325, -23.53938 ], [ -46.44094, -23.54133 ], [ -46.44506, -23.54182 ] ] } },
{ "type": "Feature", "properties": { }, "geometry": { "type": "LineString", "coordinates": [ [ -46.4301, -23.53869 ], [ -46.42839, -23.53848 ], [ -46.4264, -23.53859 ] ] } },
{ "type": "Feature", "properties": { }, "geometry": { "type": "LineString", "coordinates": [ [ -46.44749, -23.54178 ], [ -46.44507, -23.54178 ] ] } },
{ "type": "Feature", "properties": { }, "geometry": { "type": "LineString", "coordinates": [ [ -46.42637, -23.53864 ], [ -46.42786, -23.5385 ], [ -46.43007, -23.53873 ] ] } },
{ "type": "Feature", "properties": { }, "geometry": { "type": "LineString", "coordinates": [ [ -46.63797, -23.9729 ], [ -46.63896, -23.97265 ], [ -46.64187, -23.97295 ], [ -46.64368, -23.97404 ], [ -46.64462, -23.97428 ] ] } },
{ "type": "Feature", "properties": { }, "geometry": { "type": "LineString", "coordinates": [ [ -46.62209, -23.97748 ], [ -46.62268, -23.9773 ] ] } },
{ "type": "Feature", "properties": { }, "geometry": { "type": "LineString", "coordinates": [ [ -46.4296, -23.70474 ], [ -46.42252, -23.70646 ], [ -46.42082, -23.70744 ], [ -46.41951, -23.70871 ] ] } },
{ "type": "Feature", "properties": { }, "geometry": { "type": "LineString", "coordinates": [ [ -46.43045, -23.70454 ], [ -46.4296, -23.70474 ] ] } },
{ "type": "Feature", "properties": { }, "geometry": { "type": "LineString", "coordinates": [ [ -46.43047, -23.70458 ], [ -46.43237, -23.70405 ], [ -46.43383, -23.70315 ], [ -46.43483, -23.70203 ], [ -46.43635, -23.69922 ], [ -46.43832, -23.69713 ], [ -46.43922, -23.69642 ], [ -46.44034, -23.69592 ], [ -46.44125, -23.69572 ], [ -46.44494, -23.6957 ], [ -46.44608, -23.69528 ], [ -46.44716, -23.69445 ], [ -46.44956, -23.69081 ], [ -46.4517, -23.68625 ], [ -46.45235, -23.68335 ], [ -46.45325, -23.68082 ], [ -46.45397, -23.67638 ], [ -46.45441, -23.6752 ], [ -46.45493, -23.67436 ], [ -46.45817, -23.67094 ], [ -46.46, -23.66927 ], [ -46.47088, -23.66209 ], [ -46.48115, -23.65769 ], [ -46.48351, -23.65717 ], [ -46.48478, -23.65713 ], [ -46.48631, -23.65731 ], [ -46.49846, -23.66075 ], [ -46.50015, -23.66098 ], [ -46.50254, -23.66079 ], [ -46.51121, -23.65874 ] ] } },
{ "type": "Feature", "properties": { }, "geometry": { "type": "LineString", "coordinates": [ [ -46.42962, -23.70477 ], [ -46.43047, -23.70458 ] ] } },
{ "type": "Feature", "properties": { }, "geometry": { "type": "LineString", "coordinates": [ [ -46.43992, -23.49078 ], [ -46.43607, -23.49118 ] ] } },
{ "type": "Feature", "properties": { }, "geometry": { "type": "LineString", "coordinates": [ [ -46.36339, -23.9285 ], [ -46.38796, -23.92485 ], [ -46.39312, -23.92354 ], [ -46.39469, -23.92382 ], [ -46.39608, -23.92483 ] ] } },
{ "type": "Feature", "properties": { }, "geometry": { "type": "LineString", "coordinates": [ [ -46.29281, -23.98453 ], [ -46.29194, -23.97966 ], [ -46.29294, -23.97633 ], [ -46.29325, -23.97585 ], [ -46.29403, -23.97535 ] ] } },
{ "type": "Feature", "properties": { }, "geometry": { "type": "LineString", "coordinates": [ [ -46.31622, -23.93436 ], [ -46.31547, -23.93478 ], [ -46.31515, -23.93545 ], [ -46.31545, -23.93827 ] ] } },
{ "type": "Feature", "properties": { }, "geometry": { "type": "LineString", "coordinates": [ [ -46.40863, -23.88019 ], [ -46.40496, -23.87733 ], [ -46.40342, -23.87552 ], [ -46.39904, -23.8648 ], [ -46.39846, -23.86368 ], [ -46.39747, -23.86268 ], [ -46.39687, -23.86231 ], [ -46.39346, -23.86065 ] ] } },
{ "type": "Feature", "properties": { }, "geometry": { "type": "LineString", "coordinates": [ [ -46.50751, -23.97846 ], [ -46.50634, -23.97769 ], [ -46.50456, -23.97562 ] ] } },
{ "type": "Feature", "properties": { }, "geometry": { "type": "LineString", "coordinates": [ [ -46.35287, -23.92994 ], [ -46.35324, -23.92982 ] ] } },
{ "type": "Feature", "properties": { }, "geometry": { "type": "LineString", "coordinates": [ [ -46.31541, -23.93829 ], [ -46.3151, -23.93544 ], [ -46.31524, -23.93497 ], [ -46.31563, -23.93457 ], [ -46.32069, -23.93276 ], [ -46.32233, -23.93242 ], [ -46.32496, -23.93214 ] ] } },
{ "type": "Feature", "properties": { }, "geometry": { "type": "LineString", "coordinates": [ [ -46.31733, -23.94404 ], [ -46.31722, -23.94643 ], [ -46.31749, -23.94908 ], [ -46.31725, -23.94971 ], [ -46.31665, -23.9501 ], [ -46.31494, -23.95025 ], [ -46.31344, -23.95129 ], [ -46.31225, -23.95169 ], [ -46.3115, -23.95223 ], [ -46.31007, -23.95431 ], [ -46.30863, -23.95734 ], [ -46.30583, -23.9607 ] ] } },
{ "type": "Feature", "properties": { }, "geometry": { "type": "LineString", "coordinates": [ [ -46.96601, -23.75264 ], [ -46.96799, -23.75089 ], [ -46.96997, -23.75014 ], [ -46.97064, -23.74955 ], [ -46.97092, -23.74901 ], [ -46.97145, -23.74693 ], [ -46.97184, -23.74624 ], [ -46.97542, -23.74256 ], [ -46.97569, -23.74163 ], [ -46.97577, -23.74 ], [ -46.97628, -23.73903 ], [ -46.98028, -23.73438 ], [ -46.98377, -23.73227 ], [ -46.98443, -23.73158 ], [ -46.98589, -23.72692 ] ] } },
{ "type": "Feature", "properties": { }, "geometry": { "type": "LineString", "coordinates": [ [ -46.40853, -23.87774 ], [ -46.40734, -23.87819 ], [ -46.40684, -23.87819 ], [ -46.40614, -23.87807 ], [ -46.40549, -23.87767 ] ] } },
{ "type": "Feature", "properties": { }, "geometry": { "type": "LineString", "coordinates": [ [ -46.34792, -23.93031 ], [ -46.34646, -23.92947 ], [ -46.34456, -23.92804 ], [ -46.34403, -23.92793 ] ] } },
{ "type": "Feature", "properties": { }, "geometry": { "type": "LineString", "coordinates": [ [ -46.31733, -23.94404 ], [ -46.31673, -23.94045 ], [ -46.31541, -23.93829 ] ] } },
{ "type": "Feature", "properties": { }, "geometry": { "type": "LineString", "coordinates": [ [ -46.30752, -23.77451 ], [ -46.30652, -23.77451 ], [ -46.30539, -23.77484 ], [ -46.30471, -23.77523 ], [ -46.30377, -23.77613 ], [ -46.30335, -23.77674 ], [ -46.30312, -23.77752 ], [ -46.30332, -23.77898 ] ] } },
{ "type": "Feature", "properties": { }, "geometry": { "type": "LineString", "coordinates": [ [ -46.30384, -23.77989 ], [ -46.30337, -23.77913 ], [ -46.30304, -23.778 ], [ -46.30306, -23.77719 ], [ -46.30344, -23.77634 ], [ -46.30503, -23.77489 ], [ -46.30651, -23.77447 ], [ -46.30753, -23.77448 ] ] } },
{ "type": "Feature", "properties": { }, "geometry": { "type": "LineString", "coordinates": [ [ -46.39898, -23.74036 ], [ -46.39868, -23.74047 ] ] } },
{ "type": "Feature", "properties": { }, "geometry": { "type": "LineString", "coordinates": [ [ -46.3987, -23.74049 ], [ -46.399, -23.74038 ] ] } },
{ "type": "Feature", "properties": { }, "geometry": { "type": "LineString", "coordinates": [ [ -46.39787, -23.74076 ], [ -46.39377, -23.74205 ], [ -46.39262, -23.74266 ], [ -46.39173, -23.74343 ] ] } },
{ "type": "Feature", "properties": { }, "geometry": { "type": "LineString", "coordinates": [ [ -46.39136, -23.74393 ], [ -46.39231, -23.74293 ], [ -46.39338, -23.74226 ], [ -46.39829, -23.74064 ] ] } },
{ "type": "Feature", "properties": { }, "geometry": { "type": "LineString", "coordinates": [ [ -46.39116, -23.74114 ], [ -46.39087, -23.74109 ] ] } },
{ "type": "Feature", "properties": { }, "geometry": { "type": "LineString", "coordinates": [ [ -46.39613, -23.74131 ], [ -46.39402, -23.74152 ], [ -46.39116, -23.74114 ] ] } },
{ "type": "Feature", "properties": { }, "geometry": { "type": "LineString", "coordinates": [ [ -46.69473, -23.73362 ], [ -46.69572, -23.73483 ] ] } },
{ "type": "Feature", "properties": { }, "geometry": { "type": "LineString", "coordinates": [ [ -46.69569, -23.73486 ], [ -46.69432, -23.73319 ] ] } },
{ "type": "Feature", "properties": { }, "geometry": { "type": "LineString", "coordinates": [ [ -46.49433, -23.43671 ], [ -46.4951, -23.44202 ], [ -46.49502, -23.44376 ], [ -46.49468, -23.44496 ], [ -46.48937, -23.45769 ], [ -46.48907, -23.45908 ], [ -46.48913, -23.46072 ], [ -46.48954, -23.46289 ], [ -46.49095, -23.4691 ], [ -46.49144, -23.47051 ] ] } },
{ "type": "Feature", "properties": { }, "geometry": { "type": "LineString", "coordinates": [ [ -46.69764, -23.73707 ], [ -46.7061, -23.74749 ], [ -46.70877, -23.75306 ] ] } },
{ "type": "Feature", "properties": { }, "geometry": { "type": "LineString", "coordinates": [ [ -46.6282, -23.53711 ], [ -46.63468, -23.53542 ] ] } },
{ "type": "Feature", "properties": { }, "geometry": { "type": "LineString", "coordinates": [ [ -46.61496, -23.54659 ], [ -46.61565, -23.54605 ] ] } },
{ "type": "Feature", "properties": { }, "geometry": { "type": "LineString", "coordinates": [ [ -46.615, -23.54651 ], [ -46.61666, -23.54437 ] ] } },
{ "type": "Feature", "properties": { }, "geometry": { "type": "LineString", "coordinates": [ [ -46.30597, -23.44372 ], [ -46.31581, -23.44587 ], [ -46.31755, -23.44652 ], [ -46.32294, -23.4491 ] ] } },
{ "type": "Feature", "properties": { }, "geometry": { "type": "LineString", "coordinates": [ [ -46.32294, -23.4491 ], [ -46.32463, -23.45005 ], [ -46.32686, -23.45188 ], [ -46.34493, -23.4688 ], [ -46.34675, -23.47022 ], [ -46.34921, -23.47173 ] ] } },
{ "type": "Feature", "properties": { }, "geometry": { "type": "LineString", "coordinates": [ [ -46.30597, -23.44372 ], [ -46.31594, -23.44587 ], [ -46.31758, -23.44649 ], [ -46.32294, -23.4491 ] ] } },
{ "type": "Feature", "properties": { }, "geometry": { "type": "LineString", "coordinates": [ [ -46.51657, -23.99431 ], [ -46.51545, -23.99324 ], [ -46.51493, -23.99231 ], [ -46.51495, -23.98876 ] ] } },
{ "type": "Feature", "properties": { }, "geometry": { "type": "LineString", "coordinates": [ [ -46.364, -23.9284 ], [ -46.36495, -23.92809 ], [ -46.36655, -23.92786 ] ] } },
{ "type": "Feature", "properties": { }, "geometry": { "type": "LineString", "coordinates": [ [ -46.35901, -23.92902 ], [ -46.36375, -23.92844 ] ] } },
{ "type": "Feature", "properties": { }, "geometry": { "type": "LineString", "coordinates": [ [ -46.38961, -23.75056 ], [ -46.38959, -23.75015 ] ] } },
{ "type": "Feature", "properties": { }, "geometry": { "type": "LineString", "coordinates": [ [ -46.63485, -23.53517 ], [ -46.63373, -23.53546 ] ] } },
{ "type": "Feature", "properties": { }, "geometry": { "type": "LineString", "coordinates": [ [ -46.71844, -23.49565 ], [ -46.719, -23.4951 ] ] } },
{ "type": "Feature", "properties": { }, "geometry": { "type": "LineString", "coordinates": [ [ -46.64218, -23.52993 ], [ -46.64358, -23.52872 ], [ -46.64556, -23.52791 ], [ -46.64721, -23.52776 ], [ -46.65236, -23.52809 ], [ -46.65343, -23.52791 ], [ -46.65948, -23.52619 ], [ -46.66222, -23.52581 ] ] } },
{ "type": "Feature", "properties": { }, "geometry": { "type": "LineString", "coordinates": [ [ -46.36566, -23.47876 ], [ -46.36097, -23.47783 ], [ -46.3585, -23.47711 ], [ -46.35061, -23.47258 ] ] } },
{ "type": "Feature", "properties": { }, "geometry": { "type": "LineString", "coordinates": [ [ -46.37706, -23.48127 ], [ -46.37395, -23.48024 ], [ -46.36421, -23.47828 ], [ -46.36244, -23.4781 ] ] } },
{ "type": "Feature", "properties": { }, "geometry": { "type": "LineString", "coordinates": [ [ -46.33704, -23.51991 ], [ -46.33514, -23.52384 ] ] } },
{ "type": "Feature", "properties": { }, "geometry": { "type": "LineString", "coordinates": [ [ -46.33533, -23.52353 ], [ -46.33709, -23.51993 ] ] } },
{ "type": "Feature", "properties": { }, "geometry": { "type": "LineString", "coordinates": [ [ -46.33533, -23.52353 ], [ -46.33514, -23.52384 ] ] } },
{ "type": "Feature", "properties": { }, "geometry": { "type": "LineString", "coordinates": [ [ -46.33349, -23.52513 ], [ -46.33258, -23.52543 ] ] } },
{ "type": "Feature", "properties": { }, "geometry": { "type": "LineString", "coordinates": [ [ -46.33418, -23.52487 ], [ -46.33171, -23.52577 ] ] } },
{ "type": "Feature", "properties": { }, "geometry": { "type": "LineString", "coordinates": [ [ -46.40539, -23.49412 ], [ -46.39763, -23.49365 ], [ -46.3964, -23.49337 ], [ -46.39497, -23.49236 ], [ -46.39111, -23.48824 ], [ -46.38978, -23.48707 ], [ -46.3815, -23.48282 ], [ -46.37848, -23.48169 ], [ -46.37333, -23.48035 ], [ -46.36661, -23.47894 ], [ -46.36346, -23.47844 ], [ -46.36225, -23.47852 ], [ -46.35446, -23.47985 ] ] } },
{ "type": "Feature", "properties": { }, "geometry": { "type": "LineString", "coordinates": [ [ -46.66868, -23.52574 ], [ -46.66605, -23.52595 ] ] } },
{ "type": "Feature", "properties": { }, "geometry": { "type": "LineString", "coordinates": [ [ -46.66605, -23.52595 ], [ -46.65968, -23.52636 ], [ -46.65037, -23.52888 ], [ -46.64513, -23.52862 ], [ -46.64384, -23.52904 ], [ -46.64249, -23.53013 ] ] } },
{ "type": "Feature", "properties": { }, "geometry": { "type": "LineString", "coordinates": [ [ -46.669, -23.52556 ], [ -46.67036, -23.52529 ] ] } },
{ "type": "Feature", "properties": { }, "geometry": { "type": "LineString", "coordinates": [ [ -46.64245, -23.53011 ], [ -46.64383, -23.52899 ], [ -46.64515, -23.52856 ], [ -46.64963, -23.52887 ], [ -46.65067, -23.5288 ], [ -46.65916, -23.52641 ], [ -46.66456, -23.52587 ] ] } },
{ "type": "Feature", "properties": { }, "geometry": { "type": "LineString", "coordinates": [ [ -46.93661, -23.54718 ], [ -46.93637, -23.54688 ] ] } },
{ "type": "Feature", "properties": { }, "geometry": { "type": "LineString", "coordinates": [ [ -46.94169, -23.54709 ], [ -46.94119, -23.54735 ] ] } },
{ "type": "Feature", "properties": { }, "geometry": { "type": "LineString", "coordinates": [ [ -46.93402, -23.54415 ], [ -46.93464, -23.54485 ] ] } },
{ "type": "Feature", "properties": { }, "geometry": { "type": "LineString", "coordinates": [ [ -46.9424, -23.54664 ], [ -46.94015, -23.54803 ], [ -46.93915, -23.54846 ], [ -46.93793, -23.54833 ], [ -46.93725, -23.5479 ], [ -46.93661, -23.54718 ] ] } },
{ "type": "Feature", "properties": { }, "geometry": { "type": "LineString", "coordinates": [ [ -46.97223, -23.53103 ], [ -46.97233, -23.53092 ] ] } },
{ "type": "Feature", "properties": { }, "geometry": { "type": "LineString", "coordinates": [ [ -46.97236, -23.53094 ], [ -46.97227, -23.53105 ] ] } },
{ "type": "Feature", "properties": { }, "geometry": { "type": "LineString", "coordinates": [ [ -46.97233, -23.53092 ], [ -46.9732, -23.52941 ], [ -46.97369, -23.52892 ], [ -46.97742, -23.52757 ], [ -46.97829, -23.5274 ], [ -46.97901, -23.52747 ], [ -46.97991, -23.52788 ], [ -46.98091, -23.52913 ], [ -46.98159, -23.52973 ], [ -46.98447, -23.53065 ] ] } },
{ "type": "Feature", "properties": { }, "geometry": { "type": "LineString", "coordinates": [ [ -46.98237, -23.53007 ], [ -46.98134, -23.52962 ], [ -46.98023, -23.52822 ], [ -46.97974, -23.52783 ], [ -46.97916, -23.52756 ], [ -46.97825, -23.52743 ], [ -46.97387, -23.52888 ], [ -46.97324, -23.52944 ], [ -46.97236, -23.53094 ] ] } },
{ "type": "Feature", "properties": { }, "geometry": { "type": "LineString", "coordinates": [ [ -46.79495, -23.52569 ], [ -46.7975, -23.52543 ] ] } },
{ "type": "Feature", "properties": { }, "geometry": { "type": "LineString", "coordinates": [ [ -46.79755, -23.52553 ], [ -46.79495, -23.52578 ] ] } },
{ "type": "Feature", "properties": { }, "geometry": { "type": "LineString", "coordinates": [ [ -46.79744, -23.52564 ], [ -46.79498, -23.52586 ] ] } },
{ "type": "Feature", "properties": { }, "geometry": { "type": "LineString", "coordinates": [ [ -46.79498, -23.52586 ], [ -46.79226, -23.52599 ] ] } },
{ "type": "Feature", "properties": { }, "geometry": { "type": "LineString", "coordinates": [ [ -46.7923, -23.52588 ], [ -46.79495, -23.52569 ] ] } },
{ "type": "Feature", "properties": { }, "geometry": { "type": "LineString", "coordinates": [ [ -46.79495, -23.52578 ], [ -46.79228, -23.52595 ] ] } },
{ "type": "Feature", "properties": { }, "geometry": { "type": "LineString", "coordinates": [ [ -46.98443, -23.53076 ], [ -46.98237, -23.53007 ] ] } },
{ "type": "Feature", "properties": { }, "geometry": { "type": "LineString", "coordinates": [ [ -46.71192, -23.77167 ], [ -46.71197, -23.77587 ], [ -46.7116, -23.77714 ] ] } },
{ "type": "Feature", "properties": { }, "geometry": { "type": "LineString", "coordinates": [ [ -46.82942, -23.52086 ], [ -46.8314, -23.52064 ], [ -46.83258, -23.5203 ], [ -46.83535, -23.51851 ] ] } },
{ "type": "Feature", "properties": { }, "geometry": { "type": "LineString", "coordinates": [ [ -46.83806, -23.51695 ], [ -46.84036, -23.51645 ], [ -46.84384, -23.51621 ], [ -46.85243, -23.51689 ], [ -46.85518, -23.51772 ] ] } },
{ "type": "Feature", "properties": { }, "geometry": { "type": "LineString", "coordinates": [ [ -46.37235, -23.48014 ], [ -46.36974, -23.47966 ] ] } },
{ "type": "Feature", "properties": { }, "geometry": { "type": "LineString", "coordinates": [ [ -46.36974, -23.47966 ], [ -46.36526, -23.47881 ] ] } },
{ "type": "Feature", "properties": { }, "geometry": { "type": "LineString", "coordinates": [ [ -46.44272, -23.49061 ], [ -46.43992, -23.49078 ] ] } },
{ "type": "Feature", "properties": { }, "geometry": { "type": "LineString", "coordinates": [ [ -46.24761, -23.43844 ], [ -46.25352, -23.43579 ] ] } },
{ "type": "Feature", "properties": { }, "geometry": { "type": "LineString", "coordinates": [ [ -46.41736, -23.86812 ], [ -46.4161, -23.86832 ], [ -46.41521, -23.86886 ], [ -46.41051, -23.87522 ], [ -46.40975, -23.87685 ], [ -46.40853, -23.87774 ] ] } },
{ "type": "Feature", "properties": { }, "geometry": { "type": "LineString", "coordinates": [ [ -46.41777, -23.86814 ], [ -46.41736, -23.86812 ] ] } },
{ "type": "Feature", "properties": { }, "geometry": { "type": "LineString", "coordinates": [ [ -46.29403, -23.97535 ], [ -46.29454, -23.97493 ], [ -46.30137, -23.96658 ], [ -46.30583, -23.9607 ] ] } },
{ "type": "Feature", "properties": { }, "geometry": { "type": "LineString", "coordinates": [ [ -46.39829, -23.74064 ], [ -46.3987, -23.74049 ] ] } },
{ "type": "Feature", "properties": { }, "geometry": { "type": "LineString", "coordinates": [ [ -46.39868, -23.74047 ], [ -46.39787, -23.74076 ] ] } },
{ "type": "Feature", "properties": { }, "geometry": { "type": "LineString", "coordinates": [ [ -46.30882, -23.5339 ], [ -46.32952, -23.52666 ] ] } },
{ "type": "Feature", "properties": { }, "geometry": { "type": "LineString", "coordinates": [ [ -46.29562, -23.53583 ], [ -46.29289, -23.53682 ] ] } },
{ "type": "Feature", "properties": { }, "geometry": { "type": "LineString", "coordinates": [ [ -46.29653, -23.53577 ], [ -46.29562, -23.53583 ] ] } },
{ "type": "Feature", "properties": { }, "geometry": { "type": "LineString", "coordinates": [ [ -46.30405, -23.53537 ], [ -46.30203, -23.53604 ], [ -46.30107, -23.53618 ], [ -46.29653, -23.53577 ] ] } },
{ "type": "Feature", "properties": { }, "geometry": { "type": "LineString", "coordinates": [ [ -46.52316, -23.49935 ], [ -46.52035, -23.49843 ], [ -46.5169, -23.49706 ] ] } },
{ "type": "Feature", "properties": { }, "geometry": { "type": "LineString", "coordinates": [ [ -46.55067, -23.50949 ], [ -46.54991, -23.50912 ], [ -46.54899, -23.50896 ], [ -46.54562, -23.50919 ], [ -46.54455, -23.50902 ], [ -46.54347, -23.50837 ], [ -46.5419, -23.50653 ], [ -46.54086, -23.50567 ], [ -46.53138, -23.50013 ], [ -46.53064, -23.49978 ], [ -46.52972, -23.49959 ], [ -46.52707, -23.4997 ] ] } },
{ "type": "Feature", "properties": { }, "geometry": { "type": "LineString", "coordinates": [ [ -46.52316, -23.49935 ], [ -46.52506, -23.49982 ], [ -46.52942, -23.49962 ], [ -46.53079, -23.49988 ], [ -46.54105, -23.50587 ], [ -46.54172, -23.5064 ], [ -46.54342, -23.5084 ], [ -46.54419, -23.50892 ], [ -46.54543, -23.50924 ], [ -46.54886, -23.50899 ], [ -46.54996, -23.50918 ], [ -46.55064, -23.50952 ] ] } },
{ "type": "Feature", "properties": { }, "geometry": { "type": "LineString", "coordinates": [ [ -46.78671, -23.40502 ], [ -46.79077, -23.40362 ], [ -46.79177, -23.40306 ], [ -46.79235, -23.40218 ], [ -46.79303, -23.40172 ], [ -46.79353, -23.40168 ], [ -46.79471, -23.40194 ], [ -46.79653, -23.40303 ], [ -46.79784, -23.40325 ], [ -46.79913, -23.40311 ], [ -46.80118, -23.40247 ], [ -46.80167, -23.4017 ], [ -46.80155, -23.40103 ], [ -46.80086, -23.40051 ], [ -46.79945, -23.4002 ], [ -46.79904, -23.39947 ], [ -46.7994, -23.39862 ], [ -46.79991, -23.39806 ], [ -46.80151, -23.39706 ], [ -46.80215, -23.39686 ], [ -46.8027, -23.39695 ], [ -46.80417, -23.39777 ], [ -46.80515, -23.3978 ], [ -46.80622, -23.39825 ], [ -46.80677, -23.3986 ], [ -46.80746, -23.39957 ], [ -46.80782, -23.39975 ], [ -46.80994, -23.39994 ], [ -46.81157, -23.39948 ], [ -46.81372, -23.40038 ], [ -46.81552, -23.40033 ], [ -46.81707, -23.40052 ], [ -46.82042, -23.40219 ], [ -46.82165, -23.40254 ], [ -46.82402, -23.40244 ], [ -46.82655, -23.4014 ], [ -46.82716, -23.40135 ], [ -46.82897, -23.40182 ], [ -46.83026, -23.40128 ], [ -46.83174, -23.40159 ], [ -46.83365, -23.40094 ], [ -46.83436, -23.40098 ], [ -46.835, -23.40124 ], [ -46.83547, -23.40168 ], [ -46.83597, -23.40443 ], [ -46.83631, -23.40487 ], [ -46.83695, -23.40524 ], [ -46.84205, -23.40522 ], [ -46.84347, -23.40499 ], [ -46.84678, -23.40567 ], [ -46.84721, -23.40564 ], [ -46.84785, -23.40539 ], [ -46.84822, -23.4048 ], [ -46.84827, -23.40443 ], [ -46.84795, -23.40343 ], [ -46.84795, -23.40289 ], [ -46.84857, -23.40192 ], [ -46.84881, -23.40056 ], [ -46.8496, -23.40016 ], [ -46.85255, -23.40023 ], [ -46.85327, -23.40005 ], [ -46.85444, -23.39944 ], [ -46.85559, -23.39816 ], [ -46.85598, -23.39737 ], [ -46.85818, -23.3962 ], [ -46.85937, -23.39329 ], [ -46.8597, -23.39299 ], [ -46.86028, -23.39281 ], [ -46.86089, -23.39296 ], [ -46.86298, -23.39376 ], [ -46.86481, -23.39473 ], [ -46.86573, -23.39471 ], [ -46.86626, -23.39443 ] ] } },
{ "type": "Feature", "properties": { }, "geometry": { "type": "LineString", "coordinates": [ [ -46.64809, -23.9461 ], [ -46.64713, -23.94581 ] ] } },
{ "type": "Feature", "properties": { }, "geometry": { "type": "LineString", "coordinates": [ [ -46.64713, -23.94581 ], [ -46.64621, -23.94542 ], [ -46.64569, -23.94499 ] ] } },
{ "type": "Feature", "properties": { }, "geometry": { "type": "LineString", "coordinates": [ [ -46.6506, -23.96092 ], [ -46.65062, -23.96023 ] ] } },
{ "type": "Feature", "properties": { }, "geometry": { "type": "LineString", "coordinates": [ [ -46.65063, -23.95983 ], [ -46.65062, -23.95708 ], [ -46.64857, -23.95382 ], [ -46.64836, -23.95302 ], [ -46.64859, -23.9518 ], [ -46.64954, -23.94872 ], [ -46.64955, -23.94755 ], [ -46.64888, -23.94654 ], [ -46.64809, -23.9461 ] ] } },
{ "type": "Feature", "properties": { }, "geometry": { "type": "LineString", "coordinates": [ [ -46.65261, -23.96884 ], [ -46.65251, -23.96801 ], [ -46.65224, -23.96742 ], [ -46.64979, -23.96591 ], [ -46.64911, -23.96481 ], [ -46.64921, -23.9636 ], [ -46.65027, -23.96193 ], [ -46.6506, -23.96092 ] ] } },
{ "type": "Feature", "properties": { }, "geometry": { "type": "LineString", "coordinates": [ [ -46.65263, -23.97032 ], [ -46.65261, -23.96884 ] ] } },
{ "type": "Feature", "properties": { }, "geometry": { "type": "LineString", "coordinates": [ [ -46.63728, -23.97334 ], [ -46.63809, -23.9728 ], [ -46.63888, -23.97261 ], [ -46.64133, -23.97283 ], [ -46.64221, -23.97304 ], [ -46.64399, -23.97414 ], [ -46.64527, -23.97427 ], [ -46.64595, -23.97402 ], [ -46.64724, -23.97315 ], [ -46.64786, -23.97296 ], [ -46.65041, -23.97316 ], [ -46.65123, -23.97298 ], [ -46.65174, -23.97269 ], [ -46.65241, -23.97189 ], [ -46.6526, -23.97131 ], [ -46.65263, -23.97032 ] ] } },
{ "type": "Feature", "properties": { }, "geometry": { "type": "LineString", "coordinates": [ [ -46.63516, -23.97519 ], [ -46.63585, -23.97484 ], [ -46.63728, -23.97334 ] ] } },
{ "type": "Feature", "properties": { }, "geometry": { "type": "LineString", "coordinates": [ [ -46.63319, -23.97548 ], [ -46.63516, -23.97519 ] ] } },
{ "type": "Feature", "properties": { }, "geometry": { "type": "LineString", "coordinates": [ [ -46.6323, -23.97597 ], [ -46.63319, -23.97548 ] ] } },
{ "type": "Feature", "properties": { }, "geometry": { "type": "LineString", "coordinates": [ [ -46.63162, -23.97647 ], [ -46.6323, -23.97597 ] ] } },
{ "type": "Feature", "properties": { }, "geometry": { "type": "LineString", "coordinates": [ [ -46.62267, -23.97727 ], [ -46.62359, -23.97672 ] ] } },
{ "type": "Feature", "properties": { }, "geometry": { "type": "LineString", "coordinates": [ [ -46.62359, -23.97672 ], [ -46.62439, -23.97629 ], [ -46.62494, -23.97618 ], [ -46.62717, -23.97663 ], [ -46.62875, -23.97664 ], [ -46.63025, -23.97694 ], [ -46.63102, -23.97681 ], [ -46.63162, -23.97647 ] ] } },
{ "type": "Feature", "properties": { }, "geometry": { "type": "LineString", "coordinates": [ [ -46.62135, -23.9775 ], [ -46.62209, -23.97748 ] ] } },
{ "type": "Feature", "properties": { }, "geometry": { "type": "LineString", "coordinates": [ [ -46.61331, -23.97373 ], [ -46.61249, -23.97375 ] ] } },
{ "type": "Feature", "properties": { }, "geometry": { "type": "LineString", "coordinates": [ [ -46.61249, -23.97375 ], [ -46.61151, -23.97349 ], [ -46.61019, -23.9727 ], [ -46.60895, -23.97232 ] ] } },
{ "type": "Feature", "properties": { }, "geometry": { "type": "LineString", "coordinates": [ [ -46.60895, -23.97232 ], [ -46.6075, -23.97174 ] ] } },
{ "type": "Feature", "properties": { }, "geometry": { "type": "LineString", "coordinates": [ [ -46.59582, -23.97119 ], [ -46.59653, -23.96995 ] ] } },
{ "type": "Feature", "properties": { }, "geometry": { "type": "LineString", "coordinates": [ [ -46.59653, -23.96995 ], [ -46.59661, -23.96981 ] ] } },
{ "type": "Feature", "properties": { }, "geometry": { "type": "LineString", "coordinates": [ [ -46.59539, -23.97195 ], [ -46.59582, -23.97119 ] ] } },
{ "type": "Feature", "properties": { }, "geometry": { "type": "LineString", "coordinates": [ [ -46.59367, -23.97412 ], [ -46.59439, -23.9736 ], [ -46.59539, -23.97195 ] ] } },
{ "type": "Feature", "properties": { }, "geometry": { "type": "LineString", "coordinates": [ [ -46.58978, -23.97244 ], [ -46.59092, -23.97357 ], [ -46.59163, -23.97404 ], [ -46.59234, -23.97424 ], [ -46.59367, -23.97412 ] ] } },
{ "type": "Feature", "properties": { }, "geometry": { "type": "LineString", "coordinates": [ [ -46.58736, -23.97224 ], [ -46.58857, -23.97207 ], [ -46.58978, -23.97244 ] ] } },
{ "type": "Feature", "properties": { }, "geometry": { "type": "LineString", "coordinates": [ [ -46.57855, -23.97135 ], [ -46.57915, -23.97153 ], [ -46.5811, -23.97147 ], [ -46.58286, -23.97171 ], [ -46.58469, -23.97265 ], [ -46.58552, -23.97283 ], [ -46.58622, -23.97275 ], [ -46.58737, -23.97228 ] ] } },
{ "type": "Feature", "properties": { }, "geometry": { "type": "LineString", "coordinates": [ [ -46.5784, -23.9713 ], [ -46.57855, -23.97135 ] ] } },
{ "type": "Feature", "properties": { }, "geometry": { "type": "LineString", "coordinates": [ [ -46.57857, -23.97132 ], [ -46.57918, -23.97148 ], [ -46.58098, -23.97141 ], [ -46.5828, -23.97166 ], [ -46.58344, -23.97186 ], [ -46.58471, -23.97261 ], [ -46.58553, -23.97278 ], [ -46.5862, -23.97271 ], [ -46.58736, -23.97224 ] ] } },
{ "type": "Feature", "properties": { }, "geometry": { "type": "LineString", "coordinates": [ [ -46.57842, -23.97127 ], [ -46.57857, -23.97132 ] ] } },
{ "type": "Feature", "properties": { }, "geometry": { "type": "LineString", "coordinates": [ [ -46.57743, -23.97063 ], [ -46.57761, -23.97084 ] ] } },
{ "type": "Feature", "properties": { }, "geometry": { "type": "LineString", "coordinates": [ [ -46.57702, -23.97017 ], [ -46.57743, -23.97063 ] ] } },
{ "type": "Feature", "properties": { }, "geometry": { "type": "LineString", "coordinates": [ [ -46.57764, -23.97081 ], [ -46.57824, -23.97119 ] ] } },
{ "type": "Feature", "properties": { }, "geometry": { "type": "LineString", "coordinates": [ [ -46.57824, -23.97119 ], [ -46.57842, -23.97127 ] ] } },
{ "type": "Feature", "properties": { }, "geometry": { "type": "LineString", "coordinates": [ [ -46.57746, -23.97062 ], [ -46.57764, -23.97081 ] ] } },
{ "type": "Feature", "properties": { }, "geometry": { "type": "LineString", "coordinates": [ [ -46.57704, -23.97015 ], [ -46.57746, -23.97062 ] ] } },
{ "type": "Feature", "properties": { }, "geometry": { "type": "LineString", "coordinates": [ [ -46.57554, -23.96919 ], [ -46.5762, -23.96944 ], [ -46.57704, -23.97015 ] ] } },
{ "type": "Feature", "properties": { }, "geometry": { "type": "LineString", "coordinates": [ [ -46.57453, -23.96885 ], [ -46.57554, -23.96919 ] ] } },
{ "type": "Feature", "properties": { }, "geometry": { "type": "LineString", "coordinates": [ [ -46.55904, -23.96158 ], [ -46.56079, -23.96184 ], [ -46.56331, -23.963 ], [ -46.56519, -23.9633 ], [ -46.56711, -23.9644 ], [ -46.56897, -23.96478 ], [ -46.56994, -23.96543 ], [ -46.57066, -23.96664 ], [ -46.57144, -23.96745 ], [ -46.57359, -23.96854 ], [ -46.57453, -23.96885 ] ] } },
{ "type": "Feature", "properties": { }, "geometry": { "type": "LineString", "coordinates": [ [ -46.55903, -23.96164 ], [ -46.56078, -23.96194 ], [ -46.56335, -23.96309 ], [ -46.56512, -23.96335 ], [ -46.56724, -23.96454 ], [ -46.56913, -23.96493 ], [ -46.56982, -23.96539 ], [ -46.57067, -23.96674 ], [ -46.5714, -23.96748 ], [ -46.57364, -23.9686 ], [ -46.57452, -23.96887 ] ] } },
{ "type": "Feature", "properties": { }, "geometry": { "type": "LineString", "coordinates": [ [ -46.55821, -23.96135 ], [ -46.55903, -23.96164 ] ] } },
{ "type": "Feature", "properties": { }, "geometry": { "type": "LineString", "coordinates": [ [ -46.55824, -23.96132 ], [ -46.55904, -23.96158 ] ] } },
{ "type": "Feature", "properties": { }, "geometry": { "type": "LineString", "coordinates": [ [ -46.51926, -23.94342 ], [ -46.52027, -23.94373 ], [ -46.52141, -23.94471 ], [ -46.5221, -23.94506 ], [ -46.52424, -23.94561 ], [ -46.52615, -23.94569 ], [ -46.52893, -23.94692 ], [ -46.53156, -23.94732 ], [ -46.53307, -23.9484 ], [ -46.53448, -23.94914 ], [ -46.53549, -23.94995 ], [ -46.53737, -23.95068 ], [ -46.53889, -23.95148 ], [ -46.53945, -23.95194 ], [ -46.54034, -23.95313 ], [ -46.54086, -23.95352 ], [ -46.54176, -23.95387 ], [ -46.54331, -23.95418 ], [ -46.54568, -23.95567 ], [ -46.5489, -23.95699 ], [ -46.55069, -23.95741 ], [ -46.55239, -23.95833 ], [ -46.55428, -23.95845 ], [ -46.55523, -23.95869 ], [ -46.5574, -23.96081 ], [ -46.55821, -23.96135 ] ] } },
{ "type": "Feature", "properties": { }, "geometry": { "type": "LineString", "coordinates": [ [ -46.51734, -23.94308 ], [ -46.52008, -23.94356 ], [ -46.52143, -23.94468 ], [ -46.52206, -23.94501 ], [ -46.52422, -23.94555 ], [ -46.52611, -23.94563 ], [ -46.52894, -23.94687 ], [ -46.53101, -23.94709 ], [ -46.53167, -23.94733 ], [ -46.53302, -23.94834 ], [ -46.53446, -23.94908 ], [ -46.5356, -23.94998 ], [ -46.53736, -23.95062 ], [ -46.53882, -23.95138 ], [ -46.53946, -23.9519 ], [ -46.54039, -23.95313 ], [ -46.54079, -23.95344 ], [ -46.5418, -23.95385 ], [ -46.54317, -23.95408 ], [ -46.54542, -23.95552 ], [ -46.54889, -23.95693 ], [ -46.55076, -23.95741 ], [ -46.5524, -23.9583 ], [ -46.55427, -23.9584 ], [ -46.55527, -23.95866 ], [ -46.55749, -23.96084 ], [ -46.55824, -23.96132 ] ] } },
{ "type": "Feature", "properties": { }, "geometry": { "type": "LineString", "coordinates": [ [ -46.51667, -23.94271 ], [ -46.51734, -23.94308 ] ] } },
{ "type": "Feature", "properties": { }, "geometry": { "type": "LineString", "coordinates": [ [ -46.51538, -23.94148 ], [ -46.51667, -23.94271 ] ] } },
{ "type": "Feature", "properties": { }, "geometry": { "type": "LineString", "coordinates": [ [ -46.51487, -23.94068 ], [ -46.51538, -23.94148 ] ] } },
{ "type": "Feature", "properties": { }, "geometry": { "type": "LineString", "coordinates": [ [ -46.51008, -23.93672 ], [ -46.51072, -23.93696 ], [ -46.51127, -23.9374 ] ] } },
{ "type": "Feature", "properties": { }, "geometry": { "type": "LineString", "coordinates": [ [ -46.51127, -23.9374 ], [ -46.51171, -23.93791 ], [ -46.51387, -23.93904 ], [ -46.51487, -23.94068 ] ] } },
{ "type": "Feature", "properties": { }, "geometry": { "type": "LineString", "coordinates": [ [ -46.50837, -23.93583 ], [ -46.51008, -23.93672 ] ] } },
{ "type": "Feature", "properties": { }, "geometry": { "type": "LineString", "coordinates": [ [ -46.50644, -23.93454 ], [ -46.50837, -23.93583 ] ] } },
{ "type": "Feature", "properties": { }, "geometry": { "type": "LineString", "coordinates": [ [ -46.49872, -23.92939 ], [ -46.49901, -23.92972 ], [ -46.50113, -23.93089 ], [ -46.50329, -23.93147 ], [ -46.50376, -23.93175 ], [ -46.50526, -23.93354 ], [ -46.50644, -23.93454 ] ] } },
{ "type": "Feature", "properties": { }, "geometry": { "type": "LineString", "coordinates": [ [ -46.49789, -23.92805 ], [ -46.49872, -23.92939 ] ] } },
{ "type": "Feature", "properties": { }, "geometry": { "type": "LineString", "coordinates": [ [ -46.49738, -23.92709 ], [ -46.49789, -23.92805 ] ] } },
{ "type": "Feature", "properties": { }, "geometry": { "type": "LineString", "coordinates": [ [ -46.49585, -23.9263 ], [ -46.49697, -23.9267 ], [ -46.49738, -23.92709 ] ] } },
{ "type": "Feature", "properties": { }, "geometry": { "type": "LineString", "coordinates": [ [ -46.49276, -23.92612 ], [ -46.49382, -23.92634 ], [ -46.49585, -23.9263 ] ] } },
{ "type": "Feature", "properties": { }, "geometry": { "type": "LineString", "coordinates": [ [ -46.49117, -23.9247 ], [ -46.49169, -23.92523 ] ] } },
{ "type": "Feature", "properties": { }, "geometry": { "type": "LineString", "coordinates": [ [ -46.49169, -23.92523 ], [ -46.49276, -23.92612 ] ] } },
{ "type": "Feature", "properties": { }, "geometry": { "type": "LineString", "coordinates": [ [ -46.49047, -23.92392 ], [ -46.49117, -23.9247 ] ] } },
{ "type": "Feature", "properties": { }, "geometry": { "type": "LineString", "coordinates": [ [ -46.47662, -23.92005 ], [ -46.47743, -23.91872 ], [ -46.47841, -23.91809 ], [ -46.47928, -23.91797 ], [ -46.48202, -23.91828 ], [ -46.48454, -23.91923 ], [ -46.4862, -23.9205 ], [ -46.48772, -23.92236 ], [ -46.48979, -23.92345 ], [ -46.49041, -23.92395 ] ] } },
{ "type": "Feature", "properties": { }, "geometry": { "type": "LineString", "coordinates": [ [ -46.4741, -23.92221 ], [ -46.47449, -23.92178 ] ] } },
{ "type": "Feature", "properties": { }, "geometry": { "type": "LineString", "coordinates": [ [ -46.4766, -23.92002 ], [ -46.47741, -23.91869 ], [ -46.47838, -23.91804 ], [ -46.47929, -23.91792 ], [ -46.48165, -23.91813 ], [ -46.48445, -23.91908 ], [ -46.48606, -23.92025 ], [ -46.48811, -23.92258 ], [ -46.48987, -23.92344 ], [ -46.49047, -23.92392 ] ] } },
{ "type": "Feature", "properties": { }, "geometry": { "type": "LineString", "coordinates": [ [ -46.47409, -23.92219 ], [ -46.47447, -23.92176 ] ] } },
{ "type": "Feature", "properties": { }, "geometry": { "type": "LineString", "coordinates": [ [ -46.47036, -23.9266 ], [ -46.4709, -23.92561 ] ] } },
{ "type": "Feature", "properties": { }, "geometry": { "type": "LineString", "coordinates": [ [ -46.4709, -23.92561 ], [ -46.47409, -23.92219 ] ] } },
{ "type": "Feature", "properties": { }, "geometry": { "type": "LineString", "coordinates": [ [ -46.48065, -23.93008 ], [ -46.47972, -23.9305 ], [ -46.47879, -23.93055 ] ] } },
{ "type": "Feature", "properties": { }, "geometry": { "type": "LineString", "coordinates": [ [ -46.47879, -23.93055 ], [ -46.47669, -23.93002 ], [ -46.47461, -23.93059 ], [ -46.47361, -23.93063 ], [ -46.47181, -23.93002 ], [ -46.47108, -23.92944 ], [ -46.47056, -23.92871 ], [ -46.47025, -23.92753 ], [ -46.47036, -23.9266 ] ] } },
{ "type": "Feature", "properties": { }, "geometry": { "type": "LineString", "coordinates": [ [ -46.48438, -23.92871 ], [ -46.48347, -23.92849 ] ] } },
{ "type": "Feature", "properties": { }, "geometry": { "type": "LineString", "coordinates": [ [ -46.48347, -23.92849 ], [ -46.48303, -23.92849 ], [ -46.48213, -23.92883 ], [ -46.48065, -23.93008 ] ] } },
{ "type": "Feature", "properties": { }, "geometry": { "type": "LineString", "coordinates": [ [ -46.49912, -23.9566 ], [ -46.4985, -23.95605 ] ] } },
{ "type": "Feature", "properties": { }, "geometry": { "type": "LineString", "coordinates": [ [ -46.49172, -23.94336 ], [ -46.49312, -23.94171 ], [ -46.49505, -23.94045 ], [ -46.49668, -23.93832 ], [ -46.49703, -23.93748 ], [ -46.49692, -23.93632 ], [ -46.49618, -23.93508 ], [ -46.49517, -23.93397 ], [ -46.49316, -23.93326 ], [ -46.49024, -23.93109 ], [ -46.48736, -23.93035 ], [ -46.48582, -23.92961 ], [ -46.48441, -23.92867 ] ] } },
{ "type": "Feature", "properties": { }, "geometry": { "type": "LineString", "coordinates": [ [ -46.49097, -23.94566 ], [ -46.49087, -23.94469 ], [ -46.49172, -23.94336 ] ] } },
{ "type": "Feature", "properties": { }, "geometry": { "type": "LineString", "coordinates": [ [ -46.49089, -23.94565 ], [ -46.49079, -23.94476 ], [ -46.49092, -23.94436 ], [ -46.49165, -23.94335 ] ] } },
{ "type": "Feature", "properties": { }, "geometry": { "type": "LineString", "coordinates": [ [ -46.4985, -23.95605 ], [ -46.49801, -23.95562 ] ] } },
{ "type": "Feature", "properties": { }, "geometry": { "type": "LineString", "coordinates": [ [ -46.49801, -23.95562 ], [ -46.49717, -23.95517 ], [ -46.49621, -23.95507 ], [ -46.49253, -23.9558 ], [ -46.49163, -23.95579 ], [ -46.49082, -23.95537 ], [ -46.49021, -23.95469 ], [ -46.48926, -23.95216 ], [ -46.48925, -23.95138 ], [ -46.48967, -23.95053 ], [ -46.49139, -23.94836 ], [ -46.49156, -23.94744 ], [ -46.49146, -23.94682 ], [ -46.49097, -23.94566 ] ] } },
{ "type": "Feature", "properties": { }, "geometry": { "type": "LineString", "coordinates": [ [ -46.49493, -23.96353 ], [ -46.49477, -23.96268 ] ] } },
{ "type": "Feature", "properties": { }, "geometry": { "type": "LineString", "coordinates": [ [ -46.49477, -23.96268 ], [ -46.49512, -23.96167 ], [ -46.49614, -23.96072 ] ] } },
{ "type": "Feature", "properties": { }, "geometry": { "type": "LineString", "coordinates": [ [ -46.49614, -23.96072 ], [ -46.49837, -23.96031 ], [ -46.49914, -23.95987 ], [ -46.49969, -23.9592 ], [ -46.49985, -23.95864 ], [ -46.49977, -23.95757 ], [ -46.49942, -23.957 ], [ -46.49848, -23.95608 ] ] } },
{ "type": "Feature", "properties": { }, "geometry": { "type": "LineString", "coordinates": [ [ -46.49633, -23.96483 ], [ -46.49528, -23.96399 ], [ -46.49499, -23.96353 ], [ -46.49482, -23.96269 ] ] } },
{ "type": "Feature", "properties": { }, "geometry": { "type": "LineString", "coordinates": [ [ -46.50002, -23.96979 ], [ -46.49948, -23.96951 ], [ -46.49877, -23.9687 ], [ -46.49706, -23.96548 ], [ -46.49553, -23.96436 ], [ -46.49493, -23.96353 ] ] } },
{ "type": "Feature", "properties": { }, "geometry": { "type": "LineString", "coordinates": [ [ -46.50227, -23.97079 ], [ -46.50183, -23.9704 ], [ -46.50002, -23.96974 ], [ -46.49917, -23.96916 ], [ -46.49745, -23.96591 ], [ -46.49633, -23.96483 ] ] } },
{ "type": "Feature", "properties": { }, "geometry": { "type": "LineString", "coordinates": [ [ -46.50396, -23.97247 ], [ -46.5031, -23.97185 ], [ -46.50188, -23.9705 ], [ -46.50002, -23.96979 ] ] } },
{ "type": "Feature", "properties": { }, "geometry": { "type": "LineString", "coordinates": [ [ -46.50826, -23.97466 ], [ -46.50723, -23.97421 ], [ -46.50586, -23.97402 ], [ -46.5052, -23.9737 ], [ -46.50227, -23.97079 ] ] } },
{ "type": "Feature", "properties": { }, "geometry": { "type": "LineString", "coordinates": [ [ -46.51106, -23.97642 ], [ -46.51051, -23.97609 ] ] } },
{ "type": "Feature", "properties": { }, "geometry": { "type": "LineString", "coordinates": [ [ -46.51051, -23.97609 ], [ -46.50864, -23.97495 ] ] } },
{ "type": "Feature", "properties": { }, "geometry": { "type": "LineString", "coordinates": [ [ -46.50864, -23.97495 ], [ -46.50719, -23.97425 ], [ -46.50535, -23.97385 ], [ -46.50396, -23.97247 ] ] } },
{ "type": "Feature", "properties": { }, "geometry": { "type": "LineString", "coordinates": [ [ -46.51106, -23.97642 ], [ -46.51156, -23.9769 ], [ -46.51182, -23.97744 ], [ -46.51187, -23.97997 ], [ -46.51248, -23.98088 ] ] } },
{ "type": "Feature", "properties": { }, "geometry": { "type": "LineString", "coordinates": [ [ -46.5119, -23.97763 ], [ -46.51187, -23.97941 ], [ -46.51215, -23.9804 ], [ -46.51299, -23.98121 ], [ -46.51543, -23.98203 ], [ -46.51609, -23.98269 ], [ -46.5163, -23.98322 ] ] } },
{ "type": "Feature", "properties": { }, "geometry": { "type": "LineString", "coordinates": [ [ -46.51248, -23.98088 ], [ -46.51346, -23.98145 ], [ -46.51539, -23.98205 ], [ -46.51604, -23.98272 ], [ -46.51627, -23.98326 ], [ -46.51643, -23.98542 ], [ -46.51711, -23.98681 ], [ -46.51765, -23.98866 ], [ -46.51847, -23.99 ], [ -46.51995, -23.99115 ] ] } },
{ "type": "Feature", "properties": { }, "geometry": { "type": "LineString", "coordinates": [ [ -46.5163, -23.98322 ], [ -46.51638, -23.98503 ], [ -46.51716, -23.98679 ], [ -46.51779, -23.98888 ], [ -46.5185, -23.98994 ], [ -46.51996, -23.99109 ], [ -46.52044, -23.99178 ], [ -46.5205, -23.99294 ], [ -46.51996, -23.99398 ] ] } },
{ "type": "Feature", "properties": { }, "geometry": { "type": "LineString", "coordinates": [ [ -46.50833, -23.97899 ], [ -46.509, -23.97974 ], [ -46.5103, -23.98209 ], [ -46.51172, -23.98364 ] ] } },
{ "type": "Feature", "properties": { }, "geometry": { "type": "LineString", "coordinates": [ [ -46.51495, -23.98876 ], [ -46.51496, -23.98746 ], [ -46.51467, -23.98662 ], [ -46.51387, -23.98561 ], [ -46.51187, -23.9837 ] ] } },
{ "type": "Feature", "properties": { }, "geometry": { "type": "LineString", "coordinates": [ [ -46.51545, -23.99324 ], [ -46.51493, -23.9926 ], [ -46.51475, -23.99211 ], [ -46.5147, -23.98859 ] ] } },
{ "type": "Feature", "properties": { }, "geometry": { "type": "LineString", "coordinates": [ [ -46.51517, -23.99297 ], [ -46.51552, -23.99347 ] ] } },
{ "type": "Feature", "properties": { }, "geometry": { "type": "LineString", "coordinates": [ [ -46.51467, -23.99155 ], [ -46.51481, -23.98732 ], [ -46.51442, -23.98637 ], [ -46.51306, -23.98487 ] ] } },
{ "type": "Feature", "properties": { }, "geometry": { "type": "LineString", "coordinates": [ [ -46.50784, -23.97872 ], [ -46.50891, -23.97968 ], [ -46.51008, -23.98188 ], [ -46.51169, -23.98367 ] ] } },
{ "type": "Feature", "properties": { }, "geometry": { "type": "LineString", "coordinates": [ [ -46.51474, -23.99084 ], [ -46.51477, -23.98742 ], [ -46.51441, -23.98642 ], [ -46.51359, -23.98545 ] ] } },
{ "type": "Feature", "properties": { }, "geometry": { "type": "LineString", "coordinates": [ [ -46.50907, -23.97993 ], [ -46.50999, -23.98179 ], [ -46.51167, -23.9837 ] ] } },
{ "type": "Feature", "properties": { }, "geometry": { "type": "LineString", "coordinates": [ [ -46.51327, -23.98547 ], [ -46.51414, -23.98636 ], [ -46.51454, -23.9873 ], [ -46.51462, -23.99202 ] ] } },
{ "type": "Feature", "properties": { }, "geometry": { "type": "LineString", "coordinates": [ [ -46.51461, -23.9918 ], [ -46.51463, -23.98766 ], [ -46.51434, -23.98662 ] ] } },
{ "type": "Feature", "properties": { }, "geometry": { "type": "LineString", "coordinates": [ [ -46.51995, -23.99115 ], [ -46.5204, -23.99183 ], [ -46.52049, -23.99258 ], [ -46.52034, -23.9933 ], [ -46.51965, -23.99419 ], [ -46.51871, -23.99466 ], [ -46.51779, -23.99473 ], [ -46.5168, -23.99443 ], [ -46.51597, -23.99384 ] ] } },
{ "type": "Feature", "properties": { }, "geometry": { "type": "LineString", "coordinates": [ [ -46.51996, -23.99398 ], [ -46.51921, -23.99452 ], [ -46.51841, -23.99478 ], [ -46.51754, -23.99474 ], [ -46.51657, -23.99431 ] ] } },
{ "type": "Feature", "properties": { }, "geometry": { "type": "LineString", "coordinates": [ [ -46.5151, -23.9927 ], [ -46.51491, -23.99157 ], [ -46.51502, -23.98741 ], [ -46.51459, -23.98634 ], [ -46.51387, -23.98561 ] ] } },
{ "type": "Feature", "properties": { }, "geometry": { "type": "LineString", "coordinates": [ [ -46.51163, -23.98372 ], [ -46.51172, -23.98381 ] ] } },
{ "type": "Feature", "properties": { }, "geometry": { "type": "LineString", "coordinates": [ [ -46.51172, -23.98381 ], [ -46.51381, -23.98609 ], [ -46.51437, -23.98697 ], [ -46.51454, -23.98783 ], [ -46.5145, -23.98985 ] ] } },
{ "type": "Feature", "properties": { }, "geometry": { "type": "LineString", "coordinates": [ [ -46.51175, -23.98378 ], [ -46.51434, -23.98662 ] ] } },
{ "type": "Feature", "properties": { }, "geometry": { "type": "LineString", "coordinates": [ [ -46.51167, -23.9837 ], [ -46.51175, -23.98378 ] ] } },
{ "type": "Feature", "properties": { }, "geometry": { "type": "LineString", "coordinates": [ [ -46.51169, -23.98367 ], [ -46.51177, -23.98376 ] ] } },
{ "type": "Feature", "properties": { }, "geometry": { "type": "LineString", "coordinates": [ [ -46.51172, -23.98364 ], [ -46.51181, -23.98374 ] ] } },
{ "type": "Feature", "properties": { }, "geometry": { "type": "LineString", "coordinates": [ [ -46.51177, -23.9836 ], [ -46.51016, -23.98179 ], [ -46.50891, -23.97952 ], [ -46.50751, -23.97846 ] ] } },
{ "type": "Feature", "properties": { }, "geometry": { "type": "LineString", "coordinates": [ [ -46.51187, -23.9837 ], [ -46.51177, -23.9836 ] ] } },
{ "type": "Feature", "properties": { }, "geometry": { "type": "LineString", "coordinates": [ [ -46.51181, -23.98374 ], [ -46.51426, -23.98632 ], [ -46.51468, -23.98734 ], [ -46.5147, -23.98859 ] ] } },
{ "type": "Feature", "properties": { }, "geometry": { "type": "LineString", "coordinates": [ [ -46.51177, -23.98376 ], [ -46.51413, -23.98622 ], [ -46.51447, -23.98677 ], [ -46.51466, -23.98756 ], [ -46.51466, -23.99071 ] ] } },
{ "type": "Feature", "properties": { }, "geometry": { "type": "LineString", "coordinates": [ [ -46.50767, -23.97859 ], [ -46.50611, -23.97754 ] ] } },
{ "type": "Feature", "properties": { }, "geometry": { "type": "LineString", "coordinates": [ [ -46.50611, -23.97754 ], [ -46.50337, -23.97446 ], [ -46.50215, -23.97379 ], [ -46.49854, -23.97258 ], [ -46.49748, -23.97174 ], [ -46.49686, -23.97078 ], [ -46.49566, -23.96693 ], [ -46.49475, -23.96582 ], [ -46.49426, -23.96543 ], [ -46.49084, -23.96416 ], [ -46.49006, -23.96367 ], [ -46.48641, -23.96 ], [ -46.48369, -23.95538 ], [ -46.48262, -23.95292 ], [ -46.4825, -23.95211 ], [ -46.48315, -23.94836 ], [ -46.48309, -23.94752 ], [ -46.48246, -23.94642 ], [ -46.48143, -23.94547 ], [ -46.48074, -23.94458 ], [ -46.47919, -23.94182 ], [ -46.47892, -23.94113 ], [ -46.47868, -23.93902 ] ] } },
{ "type": "Feature", "properties": { }, "geometry": { "type": "LineString", "coordinates": [ [ -46.50456, -23.97562 ], [ -46.50389, -23.97482 ], [ -46.50303, -23.97417 ], [ -46.50193, -23.97367 ], [ -46.49916, -23.97282 ], [ -46.49765, -23.97185 ], [ -46.49693, -23.97084 ], [ -46.49595, -23.96745 ], [ -46.49522, -23.96621 ], [ -46.4943, -23.96539 ], [ -46.49115, -23.96425 ], [ -46.4901, -23.96364 ], [ -46.48653, -23.96005 ], [ -46.48415, -23.95614 ], [ -46.48267, -23.95287 ], [ -46.48257, -23.9517 ], [ -46.48321, -23.94838 ], [ -46.48312, -23.94745 ], [ -46.48267, -23.94662 ], [ -46.48108, -23.945 ], [ -46.47932, -23.94199 ], [ -46.47896, -23.94115 ], [ -46.47874, -23.93902 ] ] } },
{ "type": "Feature", "properties": { }, "geometry": { "type": "LineString", "coordinates": [ [ -46.47868, -23.93888 ], [ -46.47805, -23.93796 ], [ -46.47676, -23.93728 ], [ -46.47534, -23.93717 ], [ -46.47343, -23.93734 ], [ -46.46761, -23.93595 ], [ -46.46632, -23.9351 ], [ -46.46489, -23.93342 ], [ -46.4617, -23.93126 ], [ -46.46094, -23.93047 ], [ -46.46029, -23.92932 ], [ -46.45994, -23.92807 ], [ -46.4593, -23.92095 ], [ -46.45776, -23.91572 ], [ -46.45794, -23.91452 ], [ -46.45851, -23.9135 ], [ -46.46121, -23.91076 ], [ -46.46197, -23.90971 ], [ -46.46232, -23.90821 ], [ -46.46203, -23.90629 ], [ -46.46143, -23.90497 ], [ -46.46036, -23.904 ], [ -46.456, -23.90236 ], [ -46.45215, -23.90003 ] ] } },
{ "type": "Feature", "properties": { }, "geometry": { "type": "LineString", "coordinates": [ [ -46.47862, -23.93888 ], [ -46.47795, -23.93792 ] ] } },
{ "type": "Feature", "properties": { }, "geometry": { "type": "LineString", "coordinates": [ [ -46.47874, -23.93902 ], [ -46.47868, -23.93888 ] ] } },
{ "type": "Feature", "properties": { }, "geometry": { "type": "LineString", "coordinates": [ [ -46.47868, -23.93902 ], [ -46.47862, -23.93888 ] ] } },
{ "type": "Feature", "properties": { }, "geometry": { "type": "LineString", "coordinates": [ [ -46.47795, -23.93792 ], [ -46.47728, -23.93753 ], [ -46.47602, -23.93725 ], [ -46.47316, -23.93738 ], [ -46.46759, -23.93603 ], [ -46.46628, -23.93516 ], [ -46.46465, -23.93329 ], [ -46.46164, -23.93127 ], [ -46.4605, -23.92993 ], [ -46.45988, -23.92804 ], [ -46.45923, -23.92092 ], [ -46.45792, -23.91682 ], [ -46.45772, -23.91572 ], [ -46.45791, -23.91449 ], [ -46.45844, -23.9135 ], [ -46.46164, -23.91019 ], [ -46.46212, -23.90925 ], [ -46.46226, -23.90776 ], [ -46.462, -23.90635 ], [ -46.4618, -23.90567 ], [ -46.46106, -23.90457 ], [ -46.4596, -23.9037 ], [ -46.45585, -23.90234 ], [ -46.4504, -23.89905 ], [ -46.44885, -23.89846 ], [ -46.44219, -23.89772 ], [ -46.44114, -23.8978 ], [ -46.43736, -23.89858 ], [ -46.43547, -23.89835 ], [ -46.43453, -23.89788 ], [ -46.43363, -23.8971 ], [ -46.43312, -23.89622 ], [ -46.43271, -23.89498 ] ] } },
{ "type": "Feature", "properties": { }, "geometry": { "type": "LineString", "coordinates": [ [ -46.45215, -23.90003 ], [ -46.45058, -23.8991 ], [ -46.44885, -23.89842 ], [ -46.44335, -23.89774 ], [ -46.44139, -23.89772 ], [ -46.43733, -23.89854 ], [ -46.43661, -23.89855 ], [ -46.4352, -23.8982 ], [ -46.43379, -23.89722 ], [ -46.43341, -23.89664 ], [ -46.43149, -23.89156 ], [ -46.43002, -23.88854 ] ] } },
{ "type": "Feature", "properties": { }, "geometry": { "type": "LineString", "coordinates": [ [ -46.42412, -23.87569 ], [ -46.42328, -23.87397 ], [ -46.4198, -23.86961 ] ] } },
{ "type": "Feature", "properties": { }, "geometry": { "type": "LineString", "coordinates": [ [ -46.42386, -23.87512 ], [ -46.42334, -23.8742 ], [ -46.41951, -23.86928 ] ] } },
{ "type": "Feature", "properties": { }, "geometry": { "type": "LineString", "coordinates": [ [ -46.41736, -23.86808 ], [ -46.41777, -23.86811 ] ] } },
{ "type": "Feature", "properties": { }, "geometry": { "type": "LineString", "coordinates": [ [ -46.41777, -23.86811 ], [ -46.41868, -23.86839 ], [ -46.41933, -23.86891 ], [ -46.42003, -23.87042 ], [ -46.42291, -23.87389 ], [ -46.42458, -23.87653 ] ] } },
{ "type": "Feature", "properties": { }, "geometry": { "type": "LineString", "coordinates": [ [ -46.41521, -23.86883 ], [ -46.41047, -23.87518 ], [ -46.40972, -23.87681 ], [ -46.40853, -23.87774 ] ] } },
{ "type": "Feature", "properties": { }, "geometry": { "type": "LineString", "coordinates": [ [ -46.41109, -23.88203 ], [ -46.41039, -23.88147 ] ] } },
{ "type": "Feature", "properties": { }, "geometry": { "type": "LineString", "coordinates": [ [ -46.41039, -23.88147 ], [ -46.40817, -23.87957 ], [ -46.408, -23.87855 ], [ -46.40853, -23.87774 ] ] } },
{ "type": "Feature", "properties": { }, "geometry": { "type": "LineString", "coordinates": [ [ -46.41817, -23.88795 ], [ -46.41666, -23.8865 ], [ -46.41109, -23.88203 ] ] } },
{ "type": "Feature", "properties": { }, "geometry": { "type": "LineString", "coordinates": [ [ -46.4183, -23.88812 ], [ -46.41817, -23.88795 ] ] } },
{ "type": "Feature", "properties": { }, "geometry": { "type": "LineString", "coordinates": [ [ -46.42035, -23.89377 ], [ -46.41929, -23.88994 ], [ -46.41882, -23.8889 ], [ -46.41826, -23.88813 ] ] } },
{ "type": "Feature", "properties": { }, "geometry": { "type": "LineString", "coordinates": [ [ -46.38162, -23.92582 ], [ -46.38856, -23.92481 ], [ -46.39288, -23.92365 ], [ -46.39461, -23.92395 ], [ -46.39594, -23.92491 ] ] } },
{ "type": "Feature", "properties": { }, "geometry": { "type": "LineString", "coordinates": [ [ -46.39714, -23.92615 ], [ -46.39851, -23.92716 ], [ -46.39936, -23.92743 ], [ -46.40032, -23.9275 ], [ -46.40109, -23.92736 ], [ -46.40203, -23.92694 ], [ -46.40522, -23.92521 ], [ -46.40643, -23.92425 ], [ -46.40917, -23.92132 ], [ -46.4098, -23.92083 ], [ -46.41804, -23.91606 ], [ -46.41887, -23.91541 ], [ -46.4228, -23.90963 ], [ -46.42312, -23.90833 ], [ -46.42303, -23.90349 ], [ -46.42288, -23.90256 ], [ -46.41985, -23.89144 ], [ -46.41902, -23.8892 ] ] } },
{ "type": "Feature", "properties": { }, "geometry": { "type": "LineString", "coordinates": [ [ -46.39594, -23.92491 ], [ -46.39714, -23.92615 ] ] } },
{ "type": "Feature", "properties": { }, "geometry": { "type": "LineString", "coordinates": [ [ -46.36289, -23.92854 ], [ -46.34907, -23.93053 ], [ -46.3479, -23.93038 ], [ -46.34757, -23.93013 ] ] } },
{ "type": "Feature", "properties": { }, "geometry": { "type": "LineString", "coordinates": [ [ -46.33516, -23.92946 ], [ -46.32927, -23.93164 ], [ -46.32726, -23.93205 ], [ -46.32497, -23.93218 ] ] } },
{ "type": "Feature", "properties": { }, "geometry": { "type": "LineString", "coordinates": [ [ -46.50677, -23.49167 ], [ -46.50702, -23.4923 ], [ -46.50767, -23.49313 ], [ -46.51025, -23.49545 ], [ -46.51154, -23.49591 ], [ -46.51493, -23.49627 ], [ -46.52042, -23.49827 ] ] } },
{ "type": "Feature", "properties": { }, "geometry": { "type": "LineString", "coordinates": [ [ -46.51917, -23.49768 ], [ -46.51464, -23.49616 ], [ -46.51155, -23.49586 ], [ -46.51028, -23.49541 ], [ -46.50771, -23.4931 ], [ -46.50707, -23.49228 ], [ -46.50681, -23.49166 ] ] } },
{ "type": "Feature", "properties": { }, "geometry": { "type": "LineString", "coordinates": [ [ -46.52147, -23.49869 ], [ -46.51528, -23.49642 ], [ -46.51424, -23.49617 ], [ -46.51153, -23.49595 ], [ -46.51067, -23.49569 ], [ -46.50963, -23.49506 ], [ -46.50895, -23.49444 ], [ -46.50698, -23.49232 ] ] } },
{ "type": "Feature", "properties": { }, "geometry": { "type": "LineString", "coordinates": [ [ -46.52265, -23.49908 ], [ -46.52459, -23.49968 ], [ -46.52652, -23.49969 ] ] } },
{ "type": "Feature", "properties": { }, "geometry": { "type": "LineString", "coordinates": [ [ -46.52652, -23.49969 ], [ -46.52435, -23.4996 ], [ -46.52243, -23.49891 ] ] } },
{ "type": "Feature", "properties": { }, "geometry": { "type": "LineString", "coordinates": [ [ -46.49283, -23.42627 ], [ -46.49376, -23.43267 ] ] } },
{ "type": "Feature", "properties": { }, "geometry": { "type": "LineString", "coordinates": [ [ -46.49149, -23.4705 ], [ -46.49097, -23.46906 ], [ -46.48956, -23.46285 ], [ -46.48918, -23.46072 ], [ -46.48913, -23.45909 ], [ -46.48962, -23.45721 ], [ -46.49499, -23.44435 ], [ -46.49515, -23.44202 ], [ -46.49431, -23.43634 ] ] } },
{ "type": "Feature", "properties": { }, "geometry": { "type": "LineString", "coordinates": [ [ -46.49277, -23.42628 ], [ -46.49371, -23.43268 ] ] } },
{ "type": "Feature", "properties": { }, "geometry": { "type": "LineString", "coordinates": [ [ -46.62504, -23.52489 ], [ -46.62493, -23.52489 ] ] } },
{ "type": "Feature", "properties": { }, "geometry": { "type": "LineString", "coordinates": [ [ -46.77652, -23.89267 ], [ -46.76808, -23.89478 ], [ -46.76698, -23.89474 ], [ -46.7618, -23.8936 ], [ -46.76048, -23.89371 ], [ -46.75988, -23.89391 ], [ -46.73362, -23.90864 ], [ -46.73271, -23.90912 ], [ -46.73146, -23.90948 ], [ -46.72979, -23.90951 ], [ -46.72844, -23.90911 ], [ -46.72776, -23.90847 ], [ -46.7267, -23.90695 ], [ -46.72588, -23.90644 ], [ -46.71601, -23.90537 ] ] } },
{ "type": "Feature", "properties": { }, "geometry": { "type": "LineString", "coordinates": [ [ -46.78843, -23.87965 ], [ -46.78818, -23.87969 ] ] } },
{ "type": "Feature", "properties": { }, "geometry": { "type": "LineString", "coordinates": [ [ -46.77669, -23.89263 ], [ -46.77652, -23.89267 ] ] } },
{ "type": "Feature", "properties": { }, "geometry": { "type": "LineString", "coordinates": [ [ -46.78818, -23.87969 ], [ -46.78719, -23.87971 ], [ -46.78509, -23.8794 ], [ -46.7842, -23.87952 ], [ -46.78072, -23.8816 ], [ -46.77813, -23.88642 ], [ -46.77786, -23.8873 ], [ -46.77794, -23.8881 ], [ -46.77885, -23.89008 ], [ -46.77883, -23.89102 ], [ -46.77831, -23.89187 ], [ -46.77785, -23.89223 ], [ -46.77669, -23.89263 ] ] } },
{ "type": "Feature", "properties": { }, "geometry": { "type": "LineString", "coordinates": [ [ -46.79918, -23.8772 ], [ -46.79533, -23.87767 ], [ -46.79223, -23.87891 ], [ -46.78843, -23.87965 ] ] } },
{ "type": "Feature", "properties": { }, "geometry": { "type": "LineString", "coordinates": [ [ -46.35061, -23.47258 ], [ -46.34972, -23.47204 ] ] } },
{ "type": "Feature", "properties": { }, "geometry": { "type": "LineString", "coordinates": [ [ -46.29289, -23.53682 ], [ -46.29129, -23.53763 ], [ -46.28985, -23.5387 ], [ -46.28889, -23.54007 ], [ -46.28837, -23.54159 ], [ -46.2883, -23.54229 ], [ -46.28916, -23.56022 ], [ -46.28994, -23.56579 ], [ -46.2915, -23.57187 ], [ -46.29173, -23.57374 ], [ -46.28957, -23.58542 ], [ -46.28952, -23.58687 ], [ -46.28969, -23.58775 ], [ -46.29221, -23.59513 ], [ -46.29496, -23.6006 ], [ -46.29654, -23.60563 ], [ -46.29741, -23.60716 ], [ -46.30324, -23.6153 ], [ -46.30707, -23.62458 ], [ -46.3078, -23.62571 ], [ -46.30833, -23.62622 ] ] } },
{ "type": "Feature", "properties": { }, "geometry": { "type": "LineString", "coordinates": [ [ -46.38247, -23.73696 ], [ -46.38516, -23.74079 ] ] } },
{ "type": "Feature", "properties": { }, "geometry": { "type": "LineString", "coordinates": [ [ -46.57566, -23.53983 ], [ -46.55691, -23.53613 ] ] } },
{ "type": "Feature", "properties": { }, "geometry": { "type": "LineString", "coordinates": [ [ -46.57563, -23.53997 ], [ -46.57749, -23.54034 ] ] } },
{ "type": "Feature", "properties": { }, "geometry": { "type": "LineString", "coordinates": [ [ -46.57561, -23.53999 ], [ -46.54773, -23.53434 ], [ -46.54404, -23.53338 ], [ -46.54196, -23.53297 ], [ -46.54054, -23.5329 ], [ -46.53395, -23.5316 ], [ -46.53222, -23.53148 ], [ -46.52841, -23.5319 ], [ -46.52091, -23.53101 ], [ -46.52023, -23.53081 ], [ -46.51457, -23.52812 ], [ -46.50914, -23.52725 ], [ -46.50813, -23.52723 ], [ -46.50687, -23.52751 ], [ -46.50587, -23.52797 ], [ -46.49766, -23.53332 ], [ -46.49634, -23.53444 ], [ -46.4954, -23.53497 ], [ -46.49425, -23.53526 ], [ -46.49117, -23.53561 ], [ -46.48873, -23.53555 ], [ -46.48768, -23.53586 ], [ -46.48654, -23.53682 ], [ -46.48599, -23.53828 ], [ -46.48548, -23.53911 ], [ -46.48376, -23.54081 ], [ -46.48249, -23.54158 ], [ -46.47693, -23.54281 ], [ -46.47599, -23.54279 ], [ -46.47336, -23.54231 ] ] } },
{ "type": "Feature", "properties": { }, "geometry": { "type": "LineString", "coordinates": [ [ -46.57558, -23.54013 ], [ -46.57746, -23.54051 ] ] } },
{ "type": "Feature", "properties": { }, "geometry": { "type": "LineString", "coordinates": [ [ -46.57746, -23.54051 ], [ -46.57979, -23.54077 ] ] } },
{ "type": "Feature", "properties": { }, "geometry": { "type": "LineString", "coordinates": [ [ -46.57749, -23.54036 ], [ -46.57561, -23.53999 ] ] } },
{ "type": "Feature", "properties": { }, "geometry": { "type": "LineString", "coordinates": [ [ -46.57749, -23.54034 ], [ -46.57981, -23.54069 ] ] } },
{ "type": "Feature", "properties": { }, "geometry": { "type": "LineString", "coordinates": [ [ -46.57752, -23.54019 ], [ -46.57566, -23.53983 ] ] } },
{ "type": "Feature", "properties": { }, "geometry": { "type": "LineString", "coordinates": [ [ -46.93391, -23.54416 ], [ -46.93381, -23.54405 ] ] } },
{ "type": "Feature", "properties": { }, "geometry": { "type": "LineString", "coordinates": [ [ -46.9424, -23.54664 ], [ -46.94002, -23.54821 ], [ -46.93872, -23.54853 ], [ -46.93794, -23.54838 ], [ -46.93724, -23.54803 ], [ -46.93601, -23.54666 ] ] } },
{ "type": "Feature", "properties": { }, "geometry": { "type": "LineString", "coordinates": [ [ -46.93389, -23.54399 ], [ -46.93402, -23.54415 ] ] } },
{ "type": "Feature", "properties": { }, "geometry": { "type": "LineString", "coordinates": [ [ -46.7261, -23.48853 ], [ -46.72601, -23.48859 ] ] } },
{ "type": "Feature", "properties": { }, "geometry": { "type": "LineString", "coordinates": [ [ -46.72601, -23.48859 ], [ -46.72441, -23.48971 ], [ -46.72241, -23.49204 ], [ -46.71949, -23.49456 ], [ -46.71627, -23.49842 ], [ -46.71525, -23.50032 ], [ -46.71495, -23.50128 ], [ -46.71499, -23.50506 ], [ -46.71473, -23.50643 ] ] } },
{ "type": "Feature", "properties": { }, "geometry": { "type": "LineString", "coordinates": [ [ -46.64125, -23.53203 ], [ -46.64233, -23.53027 ] ] } },
{ "type": "Feature", "properties": { }, "geometry": { "type": "LineString", "coordinates": [ [ -46.64027, -23.53354 ], [ -46.64132, -23.53208 ] ] } },
{ "type": "Feature", "properties": { }, "geometry": { "type": "LineString", "coordinates": [ [ -46.86637, -23.39431 ], [ -46.86673, -23.39364 ], [ -46.86623, -23.3919 ], [ -46.8666, -23.39038 ], [ -46.86636, -23.38971 ], [ -46.86542, -23.38884 ], [ -46.865, -23.38815 ], [ -46.8647, -23.38377 ], [ -46.8643, -23.38321 ], [ -46.86084, -23.38085 ], [ -46.86025, -23.38026 ], [ -46.85734, -23.37627 ], [ -46.8572, -23.37549 ], [ -46.85765, -23.37427 ] ] } },
{ "type": "Feature", "properties": { }, "geometry": { "type": "LineString", "coordinates": [ [ -46.72584, -23.32898 ], [ -46.72429, -23.32541 ] ] } },
{ "type": "Feature", "properties": { }, "geometry": { "type": "LineString", "coordinates": [ [ -46.86909, -23.37072 ], [ -46.86924, -23.37028 ], [ -46.8692, -23.36883 ], [ -46.87068, -23.36679 ] ] } },
{ "type": "Feature", "properties": { }, "geometry": { "type": "LineString", "coordinates": [ [ -46.8058, -23.83567 ], [ -46.80601, -23.83524 ] ] } },
{ "type": "Feature", "properties": { }, "geometry": { "type": "LineString", "coordinates": [ [ -46.80601, -23.83524 ], [ -46.80755, -23.83241 ], [ -46.80837, -23.83184 ], [ -46.81101, -23.83077 ], [ -46.81177, -23.83021 ], [ -46.81507, -23.82539 ], [ -46.81556, -23.82497 ], [ -46.81616, -23.82468 ], [ -46.82165, -23.82332 ] ] } },
{ "type": "Feature", "properties": { }, "geometry": { "type": "LineString", "coordinates": [ [ -46.80259, -23.85192 ], [ -46.80251, -23.85165 ] ] } },
{ "type": "Feature", "properties": { }, "geometry": { "type": "LineString", "coordinates": [ [ -46.80251, -23.85165 ], [ -46.80243, -23.85065 ], [ -46.80357, -23.84029 ], [ -46.8058, -23.83567 ] ] } },
{ "type": "Feature", "properties": { }, "geometry": { "type": "LineString", "coordinates": [ [ -46.80276, -23.85232 ], [ -46.80259, -23.85192 ] ] } },
{ "type": "Feature", "properties": { }, "geometry": { "type": "LineString", "coordinates": [ [ -46.80276, -23.85232 ], [ -46.80398, -23.85516 ] ] } },
{ "type": "Feature", "properties": { }, "geometry": { "type": "LineString", "coordinates": [ [ -46.80246, -23.85166 ], [ -46.80255, -23.85193 ] ] } },
{ "type": "Feature", "properties": { }, "geometry": { "type": "LineString", "coordinates": [ [ -46.80399, -23.8553 ], [ -46.80255, -23.85193 ] ] } },
{ "type": "Feature", "properties": { }, "geometry": { "type": "LineString", "coordinates": [ [ -46.80399, -23.8553 ], [ -46.80423, -23.85715 ], [ -46.80436, -23.86681 ], [ -46.80424, -23.87118 ], [ -46.804, -23.87245 ] ] } },
{ "type": "Feature", "properties": { }, "geometry": { "type": "LineString", "coordinates": [ [ -46.80404, -23.87246 ], [ -46.80438, -23.86964 ], [ -46.80441, -23.8663 ], [ -46.80426, -23.85653 ], [ -46.80398, -23.85516 ] ] } },
{ "type": "Feature", "properties": { }, "geometry": { "type": "LineString", "coordinates": [ [ -46.80397, -23.87264 ], [ -46.80404, -23.87246 ] ] } },
{ "type": "Feature", "properties": { }, "geometry": { "type": "LineString", "coordinates": [ [ -46.804, -23.87245 ], [ -46.80394, -23.87263 ] ] } },
{ "type": "Feature", "properties": { }, "geometry": { "type": "LineString", "coordinates": [ [ -46.80394, -23.87263 ], [ -46.80315, -23.87414 ], [ -46.80188, -23.87598 ], [ -46.80046, -23.87694 ], [ -46.79918, -23.8772 ] ] } },
{ "type": "Feature", "properties": { }, "geometry": { "type": "LineString", "coordinates": [ [ -46.79919, -23.87726 ], [ -46.80085, -23.87683 ], [ -46.8017, -23.87621 ], [ -46.80324, -23.87404 ], [ -46.80397, -23.87264 ] ] } },
{ "type": "Feature", "properties": { }, "geometry": { "type": "LineString", "coordinates": [ [ -46.83474, -23.80813 ], [ -46.83771, -23.80545 ], [ -46.83804, -23.80461 ], [ -46.83826, -23.80308 ], [ -46.83848, -23.8026 ], [ -46.83899, -23.80206 ], [ -46.83973, -23.80164 ], [ -46.84049, -23.80156 ], [ -46.84296, -23.80204 ], [ -46.84405, -23.80203 ], [ -46.84517, -23.80156 ], [ -46.84646, -23.80019 ], [ -46.84695, -23.79924 ], [ -46.84691, -23.79827 ], [ -46.8467, -23.79774 ], [ -46.84547, -23.79611 ], [ -46.84522, -23.7954 ], [ -46.84594, -23.79165 ] ] } },
{ "type": "Feature", "properties": { }, "geometry": { "type": "LineString", "coordinates": [ [ -46.83447, -23.80839 ], [ -46.83474, -23.80813 ] ] } },
{ "type": "Feature", "properties": { }, "geometry": { "type": "LineString", "coordinates": [ [ -46.8473, -23.78971 ], [ -46.84914, -23.78749 ], [ -46.85116, -23.78615 ], [ -46.85175, -23.78589 ], [ -46.85459, -23.78535 ], [ -46.85913, -23.78365 ], [ -46.86113, -23.78258 ], [ -46.86365, -23.7819 ] ] } },
{ "type": "Feature", "properties": { }, "geometry": { "type": "LineString", "coordinates": [ [ -46.84594, -23.79165 ], [ -46.84637, -23.79084 ], [ -46.8473, -23.78971 ] ] } },
{ "type": "Feature", "properties": { }, "geometry": { "type": "LineString", "coordinates": [ [ -46.86399, -23.78181 ], [ -46.86522, -23.78133 ], [ -46.8656, -23.781 ], [ -46.86725, -23.77852 ], [ -46.86823, -23.77806 ], [ -46.86933, -23.77809 ], [ -46.87034, -23.77853 ], [ -46.87154, -23.78002 ], [ -46.87241, -23.78062 ], [ -46.87559, -23.78121 ], [ -46.87776, -23.78095 ], [ -46.87914, -23.78115 ], [ -46.87991, -23.78167 ], [ -46.88102, -23.78289 ], [ -46.88209, -23.78352 ], [ -46.88271, -23.78374 ], [ -46.88505, -23.78371 ], [ -46.88595, -23.78389 ], [ -46.88686, -23.78443 ], [ -46.88721, -23.78491 ] ] } },
{ "type": "Feature", "properties": { }, "geometry": { "type": "LineString", "coordinates": [ [ -46.86365, -23.7819 ], [ -46.86399, -23.78181 ] ] } },
{ "type": "Feature", "properties": { }, "geometry": { "type": "LineString", "coordinates": [ [ -46.88713, -23.7847 ], [ -46.8879, -23.78623 ], [ -46.88876, -23.78715 ], [ -46.88967, -23.78781 ], [ -46.89077, -23.78803 ], [ -46.89234, -23.78781 ] ] } },
{ "type": "Feature", "properties": { }, "geometry": { "type": "LineString", "coordinates": [ [ -46.88721, -23.78491 ], [ -46.88768, -23.78594 ] ] } },
{ "type": "Feature", "properties": { }, "geometry": { "type": "LineString", "coordinates": [ [ -46.89289, -23.78793 ], [ -46.89003, -23.78801 ], [ -46.88942, -23.78775 ], [ -46.88852, -23.787 ], [ -46.88768, -23.78594 ] ] } },
{ "type": "Feature", "properties": { }, "geometry": { "type": "LineString", "coordinates": [ [ -46.89289, -23.78793 ], [ -46.89518, -23.78839 ], [ -46.89659, -23.78978 ], [ -46.8972, -23.79014 ], [ -46.89881, -23.79036 ], [ -46.89991, -23.79019 ], [ -46.90073, -23.78966 ], [ -46.9018, -23.78834 ], [ -46.90382, -23.78741 ], [ -46.90545, -23.78625 ], [ -46.90611, -23.78611 ], [ -46.90811, -23.78623 ], [ -46.90963, -23.78577 ], [ -46.91142, -23.78372 ], [ -46.91225, -23.78321 ], [ -46.91835, -23.78243 ], [ -46.92791, -23.77938 ], [ -46.93057, -23.77934 ], [ -46.9315, -23.77885 ], [ -46.9319, -23.77839 ], [ -46.93229, -23.77719 ] ] } },
{ "type": "Feature", "properties": { }, "geometry": { "type": "LineString", "coordinates": [ [ -46.93212, -23.77654 ], [ -46.92971, -23.77209 ], [ -46.92959, -23.77125 ] ] } },
{ "type": "Feature", "properties": { }, "geometry": { "type": "LineString", "coordinates": [ [ -46.93212, -23.77654 ], [ -46.93224, -23.77731 ], [ -46.93184, -23.77839 ], [ -46.93155, -23.77874 ], [ -46.93048, -23.7793 ], [ -46.92798, -23.77932 ], [ -46.9186, -23.78232 ], [ -46.91232, -23.78312 ], [ -46.91151, -23.78356 ], [ -46.90956, -23.78575 ], [ -46.90856, -23.78613 ], [ -46.9063, -23.78602 ], [ -46.90511, -23.78633 ], [ -46.90381, -23.7873 ], [ -46.90187, -23.78815 ], [ -46.90056, -23.78968 ], [ -46.89956, -23.79023 ], [ -46.89826, -23.7903 ], [ -46.89752, -23.79016 ], [ -46.89692, -23.7899 ], [ -46.89531, -23.78841 ], [ -46.8948, -23.78816 ], [ -46.89234, -23.78781 ] ] } },
{ "type": "Feature", "properties": { }, "geometry": { "type": "LineString", "coordinates": [ [ -46.92974, -23.77071 ], [ -46.92967, -23.77152 ], [ -46.92985, -23.77217 ], [ -46.93206, -23.7763 ], [ -46.93229, -23.77719 ] ] } },
{ "type": "Feature", "properties": { }, "geometry": { "type": "LineString", "coordinates": [ [ -46.92974, -23.77071 ], [ -46.9301, -23.76997 ], [ -46.93128, -23.76873 ], [ -46.93185, -23.76787 ], [ -46.93186, -23.76673 ], [ -46.93136, -23.76582 ] ] } },
{ "type": "Feature", "properties": { }, "geometry": { "type": "LineString", "coordinates": [ [ -46.93082, -23.76437 ], [ -46.93059, -23.76286 ] ] } },
{ "type": "Feature", "properties": { }, "geometry": { "type": "LineString", "coordinates": [ [ -46.93136, -23.76582 ], [ -46.93082, -23.76437 ] ] } },
{ "type": "Feature", "properties": { }, "geometry": { "type": "LineString", "coordinates": [ [ -46.9304, -23.76257 ], [ -46.92917, -23.7611 ] ] } },
{ "type": "Feature", "properties": { }, "geometry": { "type": "LineString", "coordinates": [ [ -46.9304, -23.76257 ], [ -46.93076, -23.76436 ] ] } },
{ "type": "Feature", "properties": { }, "geometry": { "type": "LineString", "coordinates": [ [ -46.92818, -23.76003 ], [ -46.92788, -23.75945 ], [ -46.92779, -23.75872 ], [ -46.92785, -23.75776 ], [ -46.92829, -23.75687 ], [ -46.92934, -23.7561 ], [ -46.93101, -23.75593 ] ] } },
{ "type": "Feature", "properties": { }, "geometry": { "type": "LineString", "coordinates": [ [ -46.92917, -23.7611 ], [ -46.92818, -23.76003 ] ] } },
{ "type": "Feature", "properties": { }, "geometry": { "type": "LineString", "coordinates": [ [ -46.93208, -23.75592 ], [ -46.93395, -23.75582 ], [ -46.93717, -23.75508 ], [ -46.9419, -23.75511 ] ] } },
{ "type": "Feature", "properties": { }, "geometry": { "type": "LineString", "coordinates": [ [ -46.93101, -23.75593 ], [ -46.93208, -23.75592 ] ] } },
{ "type": "Feature", "properties": { }, "geometry": { "type": "LineString", "coordinates": [ [ -46.94073, -23.75515 ], [ -46.94434, -23.75526 ], [ -46.94707, -23.75589 ], [ -46.95349, -23.75467 ], [ -46.95432, -23.75488 ], [ -46.9562, -23.75601 ], [ -46.95684, -23.75622 ], [ -46.95752, -23.75623 ], [ -46.96412, -23.75442 ], [ -46.96629, -23.75246 ] ] } },
{ "type": "Feature", "properties": { }, "geometry": { "type": "LineString", "coordinates": [ [ -46.9419, -23.75511 ], [ -46.94449, -23.75519 ], [ -46.94698, -23.75579 ], [ -46.95361, -23.75462 ], [ -46.95465, -23.75496 ], [ -46.95673, -23.75612 ], [ -46.95784, -23.75614 ], [ -46.96351, -23.75455 ], [ -46.96436, -23.75407 ], [ -46.96601, -23.75264 ] ] } },
{ "type": "Feature", "properties": { }, "geometry": { "type": "LineString", "coordinates": [ [ -46.64041, -23.53362 ], [ -46.64144, -23.53216 ] ] } },
{ "type": "Feature", "properties": { }, "geometry": { "type": "LineString", "coordinates": [ [ -46.47, -23.54174 ], [ -46.4653, -23.54101 ], [ -46.46336, -23.54028 ], [ -46.46236, -23.54009 ], [ -46.46104, -23.5402 ], [ -46.45655, -23.54112 ] ] } },
{ "type": "Feature", "properties": { }, "geometry": { "type": "LineString", "coordinates": [ [ -46.46998, -23.54188 ], [ -46.47333, -23.54245 ] ] } },
{ "type": "Feature", "properties": { }, "geometry": { "type": "LineString", "coordinates": [ [ -46.93428, -23.54443 ], [ -46.93464, -23.54479 ] ] } },
{ "type": "Feature", "properties": { }, "geometry": { "type": "LineString", "coordinates": [ [ -46.63468, -23.53542 ], [ -46.63596, -23.5351 ] ] } },
{ "type": "Feature", "properties": { }, "geometry": { "type": "LineString", "coordinates": [ [ -46.63463, -23.53526 ], [ -46.63589, -23.53494 ] ] } },
{ "type": "Feature", "properties": { }, "geometry": { "type": "LineString", "coordinates": [ [ -46.9345, -23.54489 ], [ -46.93391, -23.54416 ] ] } },
{ "type": "Feature", "properties": { }, "geometry": { "type": "LineString", "coordinates": [ [ -46.93464, -23.54485 ], [ -46.93611, -23.54658 ] ] } },
{ "type": "Feature", "properties": { }, "geometry": { "type": "LineString", "coordinates": [ [ -46.93464, -23.54479 ], [ -46.93542, -23.5457 ] ] } },
{ "type": "Feature", "properties": { }, "geometry": { "type": "LineString", "coordinates": [ [ -46.93601, -23.54666 ], [ -46.9345, -23.54489 ] ] } },
{ "type": "Feature", "properties": { }, "geometry": { "type": "LineString", "coordinates": [ [ -46.93611, -23.54658 ], [ -46.93637, -23.54688 ] ] } },
{ "type": "Feature", "properties": { }, "geometry": { "type": "LineString", "coordinates": [ [ -46.93615, -23.54654 ], [ -46.93651, -23.54696 ] ] } },
{ "type": "Feature", "properties": { }, "geometry": { "type": "LineString", "coordinates": [ [ -46.7024, -23.62233 ], [ -46.70282, -23.6227 ] ] } },
{ "type": "Feature", "properties": { }, "geometry": { "type": "LineString", "coordinates": [ [ -46.69111, -23.58521 ], [ -46.69141, -23.58433 ], [ -46.69636, -23.57583 ], [ -46.69842, -23.57369 ], [ -46.70015, -23.57256 ], [ -46.70084, -23.57185 ], [ -46.70413, -23.5634 ], [ -46.70502, -23.56195 ], [ -46.70616, -23.56069 ], [ -46.70712, -23.55991 ], [ -46.70829, -23.55924 ], [ -46.71035, -23.55838 ], [ -46.73014, -23.54852 ], [ -46.73193, -23.54673 ], [ -46.74335, -23.53671 ], [ -46.74413, -23.53576 ], [ -46.74559, -23.53223 ], [ -46.74641, -23.53151 ], [ -46.74751, -23.53119 ] ] } },
{ "type": "Feature", "properties": { }, "geometry": { "type": "LineString", "coordinates": [ [ -46.70282, -23.6227 ], [ -46.7044, -23.62364 ], [ -46.7092, -23.6253 ], [ -46.71036, -23.626 ], [ -46.71148, -23.62692 ], [ -46.72356, -23.63988 ], [ -46.7247, -23.6415 ], [ -46.72558, -23.64331 ], [ -46.72591, -23.6442 ], [ -46.72599, -23.6452 ], [ -46.72552, -23.64797 ], [ -46.72474, -23.64969 ], [ -46.71902, -23.65646 ], [ -46.71411, -23.65975 ], [ -46.71181, -23.66199 ], [ -46.71031, -23.6647 ], [ -46.70868, -23.66689 ], [ -46.70264, -23.67688 ], [ -46.70067, -23.67914 ] ] } },
{ "type": "Feature", "properties": { }, "geometry": { "type": "LineString", "coordinates": [ [ -46.70277, -23.62275 ], [ -46.70232, -23.62241 ] ] } },
{ "type": "Feature", "properties": { }, "geometry": { "type": "LineString", "coordinates": [ [ -46.61533, -23.54708 ], [ -46.60908, -23.55627 ], [ -46.59545, -23.58485 ], [ -46.59458, -23.58642 ], [ -46.59361, -23.58766 ] ] } },
{ "type": "Feature", "properties": { }, "geometry": { "type": "LineString", "coordinates": [ [ -46.61559, -23.54678 ], [ -46.61573, -23.54657 ] ] } },
{ "type": "Feature", "properties": { }, "geometry": { "type": "LineString", "coordinates": [ [ -46.61905, -23.54186 ], [ -46.62031, -23.54048 ], [ -46.62189, -23.53931 ], [ -46.62382, -23.5383 ], [ -46.62621, -23.53761 ] ] } },
{ "type": "Feature", "properties": { }, "geometry": { "type": "LineString", "coordinates": [ [ -46.6187, -23.54226 ], [ -46.61709, -23.5445 ] ] } },
{ "type": "Feature", "properties": { }, "geometry": { "type": "LineString", "coordinates": [ [ -46.63467, -23.53538 ], [ -46.62816, -23.53705 ] ] } },
{ "type": "Feature", "properties": { }, "geometry": { "type": "LineString", "coordinates": [ [ -46.61573, -23.54657 ], [ -46.61651, -23.54542 ] ] } },
{ "type": "Feature", "properties": { }, "geometry": { "type": "LineString", "coordinates": [ [ -46.61571, -23.54653 ], [ -46.61533, -23.54708 ] ] } },
{ "type": "Feature", "properties": { }, "geometry": { "type": "LineString", "coordinates": [ [ -46.61635, -23.54532 ], [ -46.61697, -23.54443 ] ] } },
{ "type": "Feature", "properties": { }, "geometry": { "type": "LineString", "coordinates": [ [ -46.61596, -23.54578 ], [ -46.61523, -23.54649 ], [ -46.61409, -23.54711 ], [ -46.61346, -23.54728 ], [ -46.61269, -23.54724 ], [ -46.58647, -23.54205 ] ] } },
{ "type": "Feature", "properties": { }, "geometry": { "type": "LineString", "coordinates": [ [ -46.61747, -23.54376 ], [ -46.61955, -23.54117 ], [ -46.62115, -23.53971 ], [ -46.62336, -23.53841 ], [ -46.62616, -23.53753 ] ] } },
{ "type": "Feature", "properties": { }, "geometry": { "type": "LineString", "coordinates": [ [ -46.61692, -23.54441 ], [ -46.61631, -23.5453 ] ] } },
{ "type": "Feature", "properties": { }, "geometry": { "type": "LineString", "coordinates": [ [ -46.61709, -23.5445 ], [ -46.61648, -23.5454 ] ] } },
{ "type": "Feature", "properties": { }, "geometry": { "type": "LineString", "coordinates": [ [ -46.61712, -23.54452 ], [ -46.61905, -23.54186 ] ] } },
{ "type": "Feature", "properties": { }, "geometry": { "type": "LineString", "coordinates": [ [ -46.63605, -23.53507 ], [ -46.63814, -23.53446 ], [ -46.63976, -23.53349 ], [ -46.64078, -23.53234 ], [ -46.64209, -23.53011 ] ] } },
{ "type": "Feature", "properties": { }, "geometry": { "type": "LineString", "coordinates": [ [ -46.70877, -23.75306 ], [ -46.70896, -23.75346 ] ] } },
{ "type": "Feature", "properties": { }, "geometry": { "type": "LineString", "coordinates": [ [ -46.70896, -23.75346 ], [ -46.70974, -23.7552 ] ] } },
{ "type": "Feature", "properties": { }, "geometry": { "type": "LineString", "coordinates": [ [ -46.51462, -23.99202 ], [ -46.51515, -23.99311 ], [ -46.51613, -23.99401 ] ] } },
{ "type": "Feature", "properties": { }, "geometry": { "type": "LineString", "coordinates": [ [ -46.71192, -23.76165 ], [ -46.7119, -23.76842 ] ] } },
{ "type": "Feature", "properties": { }, "geometry": { "type": "LineString", "coordinates": [ [ -46.70962, -23.75524 ], [ -46.70983, -23.7557 ] ] } },
{ "type": "Feature", "properties": { }, "geometry": { "type": "LineString", "coordinates": [ [ -46.70974, -23.7552 ], [ -46.70995, -23.75566 ] ] } },
{ "type": "Feature", "properties": { }, "geometry": { "type": "LineString", "coordinates": [ [ -46.32197, -23.79686 ], [ -46.32031, -23.79442 ], [ -46.3183, -23.7929 ] ] } },
{ "type": "Feature", "properties": { }, "geometry": { "type": "LineString", "coordinates": [ [ -46.32273, -23.79776 ], [ -46.32197, -23.79686 ] ] } },
{ "type": "Feature", "properties": { }, "geometry": { "type": "LineString", "coordinates": [ [ -46.30718, -23.53434 ], [ -46.30219, -23.53605 ], [ -46.30059, -23.53623 ], [ -46.28252, -23.53425 ], [ -46.28098, -23.53424 ], [ -46.2801, -23.53448 ], [ -46.27901, -23.53507 ], [ -46.27275, -23.54008 ], [ -46.27197, -23.54049 ], [ -46.27081, -23.54075 ] ] } },
{ "type": "Feature", "properties": { }, "geometry": { "type": "LineString", "coordinates": [ [ -46.32997, -23.52647 ], [ -46.32951, -23.52663 ] ] } },
{ "type": "Feature", "properties": { }, "geometry": { "type": "LineString", "coordinates": [ [ -46.32998, -23.5265 ], [ -46.33272, -23.52556 ] ] } },
{ "type": "Feature", "properties": { }, "geometry": { "type": "LineString", "coordinates": [ [ -46.32952, -23.52666 ], [ -46.32998, -23.5265 ] ] } },
{ "type": "Feature", "properties": { }, "geometry": { "type": "LineString", "coordinates": [ [ -46.35404, -23.67613 ], [ -46.35512, -23.67703 ] ] } },
{ "type": "Feature", "properties": { }, "geometry": { "type": "LineString", "coordinates": [ [ -46.35396, -23.67606 ], [ -46.35404, -23.67613 ] ] } },
{ "type": "Feature", "properties": { }, "geometry": { "type": "LineString", "coordinates": [ [ -46.3555, -23.67734 ], [ -46.35933, -23.68055 ], [ -46.36066, -23.68209 ], [ -46.36171, -23.6839 ], [ -46.36339, -23.68817 ], [ -46.36422, -23.68955 ], [ -46.36705, -23.69314 ], [ -46.36801, -23.69507 ] ] } },
{ "type": "Feature", "properties": { }, "geometry": { "type": "LineString", "coordinates": [ [ -46.35512, -23.67703 ], [ -46.3555, -23.67734 ] ] } },
{ "type": "Feature", "properties": { }, "geometry": { "type": "LineString", "coordinates": [ [ -46.30855, -23.6264 ], [ -46.31267, -23.62965 ], [ -46.32279, -23.63888 ], [ -46.32405, -23.64038 ], [ -46.32508, -23.64228 ] ] } },
{ "type": "Feature", "properties": { }, "geometry": { "type": "LineString", "coordinates": [ [ -46.30833, -23.62622 ], [ -46.30855, -23.6264 ] ] } },
{ "type": "Feature", "properties": { }, "geometry": { "type": "LineString", "coordinates": [ [ -46.30991, -23.92579 ], [ -46.30967, -23.92614 ] ] } },
{ "type": "Feature", "properties": { }, "geometry": { "type": "LineString", "coordinates": [ [ -46.31216, -23.92254 ], [ -46.30991, -23.92579 ] ] } },
{ "type": "Feature", "properties": { }, "geometry": { "type": "LineString", "coordinates": [ [ -46.28554, -23.96221 ], [ -46.27912, -23.97039 ], [ -46.27583, -23.97409 ] ] } },
{ "type": "Feature", "properties": { }, "geometry": { "type": "LineString", "coordinates": [ [ -46.35127, -23.87209 ], [ -46.35995, -23.86021 ], [ -46.3618, -23.85905 ], [ -46.36757, -23.8576 ], [ -46.36885, -23.85703 ], [ -46.3693, -23.85665 ], [ -46.36964, -23.85615 ], [ -46.37001, -23.85509 ], [ -46.37005, -23.85394 ], [ -46.36987, -23.85249 ], [ -46.37013, -23.85144 ], [ -46.3705, -23.85096 ], [ -46.37127, -23.85064 ], [ -46.37189, -23.8507 ], [ -46.3743, -23.85187 ], [ -46.37656, -23.85268 ] ] } },
{ "type": "Feature", "properties": { }, "geometry": { "type": "LineString", "coordinates": [ [ -46.38251, -23.85537 ], [ -46.37787, -23.85313 ] ] } },
{ "type": "Feature", "properties": { }, "geometry": { "type": "LineString", "coordinates": [ [ -46.64569, -23.94499 ], [ -46.64528, -23.94439 ], [ -46.64509, -23.94366 ], [ -46.64558, -23.94156 ], [ -46.64549, -23.9407 ], [ -46.64483, -23.93966 ], [ -46.64321, -23.93829 ], [ -46.64291, -23.9374 ], [ -46.64301, -23.93656 ], [ -46.64384, -23.9351 ], [ -46.64439, -23.93463 ], [ -46.64712, -23.93312 ], [ -46.64758, -23.93258 ], [ -46.64782, -23.93184 ], [ -46.64793, -23.93063 ], [ -46.64784, -23.92935 ], [ -46.64769, -23.92886 ], [ -46.64595, -23.92593 ], [ -46.64544, -23.92218 ] ] } },
{ "type": "Feature", "properties": { }, "geometry": { "type": "LineString", "coordinates": [ [ -46.62713, -23.97665 ], [ -46.62869, -23.97667 ], [ -46.63035, -23.97698 ], [ -46.63094, -23.97687 ], [ -46.63164, -23.97649 ] ] } },
{ "type": "Feature", "properties": { }, "geometry": { "type": "LineString", "coordinates": [ [ -46.6277, -23.54491 ], [ -46.62747, -23.54489 ] ] } },
{ "type": "Feature", "properties": { }, "geometry": { "type": "LineString", "coordinates": [ [ -46.37047, -23.84582 ], [ -46.37086, -23.84284 ], [ -46.37076, -23.84199 ], [ -46.37019, -23.84045 ], [ -46.36931, -23.83927 ], [ -46.36768, -23.83808 ], [ -46.36686, -23.83718 ], [ -46.36652, -23.83644 ], [ -46.36645, -23.83428 ], [ -46.36625, -23.83343 ], [ -46.3645, -23.83123 ], [ -46.3639, -23.83009 ], [ -46.36356, -23.82882 ], [ -46.36282, -23.82777 ] ] } },
{ "type": "Feature", "properties": { }, "geometry": { "type": "LineString", "coordinates": [ [ -46.39273, -23.85082 ], [ -46.39263, -23.85068 ] ] } },
{ "type": "Feature", "properties": { }, "geometry": { "type": "LineString", "coordinates": [ [ -46.39263, -23.85068 ], [ -46.39099, -23.8487 ], [ -46.38908, -23.84714 ], [ -46.37116, -23.83648 ] ] } },
{ "type": "Feature", "properties": { }, "geometry": { "type": "LineString", "coordinates": [ [ -46.38314, -23.85564 ], [ -46.38253, -23.85533 ] ] } },
{ "type": "Feature", "properties": { }, "geometry": { "type": "LineString", "coordinates": [ [ -46.39314, -23.86045 ], [ -46.38314, -23.85564 ] ] } },
{ "type": "Feature", "properties": { }, "geometry": { "type": "LineString", "coordinates": [ [ -46.40412, -23.87639 ], [ -46.40314, -23.87478 ], [ -46.39914, -23.86477 ], [ -46.39856, -23.86363 ], [ -46.39754, -23.8626 ], [ -46.39531, -23.86147 ] ] } },
{ "type": "Feature", "properties": { }, "geometry": { "type": "LineString", "coordinates": [ [ -46.40863, -23.88019 ], [ -46.40843, -23.87992 ] ] } },
{ "type": "Feature", "properties": { }, "geometry": { "type": "LineString", "coordinates": [ [ -46.39348, -23.86061 ], [ -46.39314, -23.86045 ] ] } },
{ "type": "Feature", "properties": { }, "geometry": { "type": "LineString", "coordinates": [ [ -46.40549, -23.87767 ], [ -46.40389, -23.87612 ], [ -46.40309, -23.87479 ], [ -46.39909, -23.86478 ], [ -46.39851, -23.86365 ], [ -46.39751, -23.86264 ], [ -46.3969, -23.86227 ], [ -46.39348, -23.86061 ] ] } },
{ "type": "Feature", "properties": { }, "geometry": { "type": "LineString", "coordinates": [ [ -46.82181, -23.82329 ], [ -46.82259, -23.82304 ], [ -46.82346, -23.82236 ], [ -46.82401, -23.82142 ], [ -46.8246, -23.81986 ], [ -46.82491, -23.81947 ], [ -46.83087, -23.81518 ], [ -46.83124, -23.81471 ], [ -46.83148, -23.81403 ], [ -46.8314, -23.81192 ], [ -46.83158, -23.8112 ], [ -46.83211, -23.81047 ], [ -46.83447, -23.80839 ] ] } },
{ "type": "Feature", "properties": { }, "geometry": { "type": "LineString", "coordinates": [ [ -46.82165, -23.82332 ], [ -46.82181, -23.82329 ] ] } },
{ "type": "Feature", "properties": { }, "geometry": { "type": "LineString", "coordinates": [ [ -46.8218, -23.82325 ], [ -46.82164, -23.82329 ] ] } },
{ "type": "Feature", "properties": { }, "geometry": { "type": "LineString", "coordinates": [ [ -46.82164, -23.82329 ], [ -46.81688, -23.82443 ], [ -46.81556, -23.8249 ], [ -46.81484, -23.82561 ], [ -46.81182, -23.83009 ], [ -46.8109, -23.83074 ], [ -46.80819, -23.83187 ], [ -46.80731, -23.83253 ], [ -46.80597, -23.83523 ] ] } },
{ "type": "Feature", "properties": { }, "geometry": { "type": "LineString", "coordinates": [ [ -46.7112, -23.75833 ], [ -46.7118, -23.76006 ], [ -46.71197, -23.76166 ] ] } },
{ "type": "Feature", "properties": { }, "geometry": { "type": "LineString", "coordinates": [ [ -46.71105, -23.75838 ], [ -46.71173, -23.76011 ], [ -46.71192, -23.76165 ] ] } },
{ "type": "Feature", "properties": { }, "geometry": { "type": "LineString", "coordinates": [ [ -46.38352, -23.55436 ], [ -46.3821, -23.55406 ], [ -46.38106, -23.55336 ], [ -46.38072, -23.55274 ], [ -46.37999, -23.54998 ], [ -46.37808, -23.54785 ], [ -46.37705, -23.54609 ], [ -46.37639, -23.54535 ], [ -46.37539, -23.54472 ], [ -46.37223, -23.54353 ], [ -46.3688, -23.54103 ] ] } },
{ "type": "Feature", "properties": { }, "geometry": { "type": "LineString", "coordinates": [ [ -46.39319, -23.55255 ], [ -46.39307, -23.55265 ] ] } },
{ "type": "Feature", "properties": { }, "geometry": { "type": "LineString", "coordinates": [ [ -46.39321, -23.55259 ], [ -46.39564, -23.55107 ], [ -46.3982, -23.54824 ], [ -46.40118, -23.54638 ], [ -46.40877, -23.54415 ], [ -46.41513, -23.54253 ] ] } },
{ "type": "Feature", "properties": { }, "geometry": { "type": "LineString", "coordinates": [ [ -46.3931, -23.55268 ], [ -46.39321, -23.55259 ] ] } },
{ "type": "Feature", "properties": { }, "geometry": { "type": "LineString", "coordinates": [ [ -46.71188, -23.7702 ], [ -46.71191, -23.77136 ] ] } },
{ "type": "Feature", "properties": { }, "geometry": { "type": "LineString", "coordinates": [ [ -46.71198, -23.76867 ], [ -46.71202, -23.77019 ] ] } },
{ "type": "Feature", "properties": { }, "geometry": { "type": "LineString", "coordinates": [ [ -46.71199, -23.76842 ], [ -46.71198, -23.76867 ] ] } },
{ "type": "Feature", "properties": { }, "geometry": { "type": "LineString", "coordinates": [ [ -46.7119, -23.76842 ], [ -46.71189, -23.76867 ] ] } },
{ "type": "Feature", "properties": { }, "geometry": { "type": "LineString", "coordinates": [ [ -46.44273, -23.49071 ], [ -46.44448, -23.49054 ] ] } },
{ "type": "Feature", "properties": { }, "geometry": { "type": "LineString", "coordinates": [ [ -46.44461, -23.49052 ], [ -46.44726, -23.49049 ], [ -46.45323, -23.49185 ] ] } },
{ "type": "Feature", "properties": { }, "geometry": { "type": "LineString", "coordinates": [ [ -46.44448, -23.49054 ], [ -46.44461, -23.49052 ] ] } },
{ "type": "Feature", "properties": { }, "geometry": { "type": "LineString", "coordinates": [ [ -46.44399, -23.49048 ], [ -46.44272, -23.49061 ] ] } },
{ "type": "Feature", "properties": { }, "geometry": { "type": "LineString", "coordinates": [ [ -46.4446, -23.49041 ], [ -46.44399, -23.49048 ] ] } },
{ "type": "Feature", "properties": { }, "geometry": { "type": "LineString", "coordinates": [ [ -46.4213, -23.49277 ], [ -46.43568, -23.49127 ] ] } },
{ "type": "Feature", "properties": { }, "geometry": { "type": "LineString", "coordinates": [ [ -46.42077, -23.49283 ], [ -46.4213, -23.49277 ] ] } },
{ "type": "Feature", "properties": { }, "geometry": { "type": "LineString", "coordinates": [ [ -46.42129, -23.49267 ], [ -46.42077, -23.49272 ] ] } },
{ "type": "Feature", "properties": { }, "geometry": { "type": "LineString", "coordinates": [ [ -46.4357, -23.49122 ], [ -46.42129, -23.49267 ] ] } },
{ "type": "Feature", "properties": { }, "geometry": { "type": "LineString", "coordinates": [ [ -46.47634, -23.92036 ], [ -46.4766, -23.92002 ] ] } },
{ "type": "Feature", "properties": { }, "geometry": { "type": "LineString", "coordinates": [ [ -46.47447, -23.92176 ], [ -46.47634, -23.92036 ] ] } },
{ "type": "Feature", "properties": { }, "geometry": { "type": "LineString", "coordinates": [ [ -46.47636, -23.92038 ], [ -46.47662, -23.92005 ] ] } },
{ "type": "Feature", "properties": { }, "geometry": { "type": "LineString", "coordinates": [ [ -46.47449, -23.92178 ], [ -46.47636, -23.92038 ] ] } },
{ "type": "Feature", "properties": { }, "geometry": { "type": "LineString", "coordinates": [ [ -46.64544, -23.92218 ], [ -46.64474, -23.92028 ] ] } },
{ "type": "Feature", "properties": { }, "geometry": { "type": "LineString", "coordinates": [ [ -46.69754, -23.73695 ], [ -46.69764, -23.73707 ] ] } },
{ "type": "Feature", "properties": { }, "geometry": { "type": "LineString", "coordinates": [ [ -46.36783, -23.54034 ], [ -46.36701, -23.53977 ] ] } },
{ "type": "Feature", "properties": { }, "geometry": { "type": "LineString", "coordinates": [ [ -46.3688, -23.54103 ], [ -46.36783, -23.54034 ] ] } },
{ "type": "Feature", "properties": { }, "geometry": { "type": "LineString", "coordinates": [ [ -46.36772, -23.54046 ], [ -46.3687, -23.54114 ] ] } },
{ "type": "Feature", "properties": { }, "geometry": { "type": "LineString", "coordinates": [ [ -46.36697, -23.5398 ], [ -46.36772, -23.54046 ] ] } },
{ "type": "Feature", "properties": { }, "geometry": { "type": "LineString", "coordinates": [ [ -46.70962, -23.75524 ], [ -46.70886, -23.7535 ] ] } },
{ "type": "Feature", "properties": { }, "geometry": { "type": "LineString", "coordinates": [ [ -46.70886, -23.7535 ], [ -46.70867, -23.75309 ] ] } },
{ "type": "Feature", "properties": { }, "geometry": { "type": "LineString", "coordinates": [ [ -46.32951, -23.52663 ], [ -46.30718, -23.53434 ] ] } },
{ "type": "Feature", "properties": { }, "geometry": { "type": "LineString", "coordinates": [ [ -46.30707, -23.53451 ], [ -46.30882, -23.5339 ] ] } },
{ "type": "Feature", "properties": { }, "geometry": { "type": "LineString", "coordinates": [ [ -46.69104, -23.58545 ], [ -46.69111, -23.58521 ] ] } },
{ "type": "Feature", "properties": { }, "geometry": { "type": "LineString", "coordinates": [ [ -46.70146, -23.62152 ], [ -46.70058, -23.61998 ], [ -46.70037, -23.61834 ], [ -46.69962, -23.61633 ], [ -46.69738, -23.60654 ], [ -46.69529, -23.60056 ], [ -46.69348, -23.59782 ], [ -46.69291, -23.59649 ], [ -46.69261, -23.59311 ], [ -46.69096, -23.58795 ], [ -46.69104, -23.58545 ] ] } },
{ "type": "Feature", "properties": { }, "geometry": { "type": "LineString", "coordinates": [ [ -46.69118, -23.58548 ], [ -46.691, -23.58688 ], [ -46.69106, -23.58796 ], [ -46.69274, -23.59313 ], [ -46.69278, -23.59535 ], [ -46.69297, -23.59653 ], [ -46.69352, -23.59777 ], [ -46.69514, -23.60009 ], [ -46.69699, -23.60511 ], [ -46.69765, -23.60723 ], [ -46.69957, -23.616 ], [ -46.70044, -23.61844 ], [ -46.70064, -23.61994 ], [ -46.70155, -23.62145 ] ] } },
{ "type": "Feature", "properties": { }, "geometry": { "type": "LineString", "coordinates": [ [ -46.69124, -23.58524 ], [ -46.69118, -23.58548 ] ] } },
{ "type": "Feature", "properties": { }, "geometry": { "type": "LineString", "coordinates": [ [ -46.38379, -23.55442 ], [ -46.38352, -23.55436 ] ] } },
{ "type": "Feature", "properties": { }, "geometry": { "type": "LineString", "coordinates": [ [ -46.39307, -23.55265 ], [ -46.3912, -23.5548 ], [ -46.38992, -23.55528 ], [ -46.38844, -23.55525 ], [ -46.38379, -23.55442 ] ] } },
{ "type": "Feature", "properties": { }, "geometry": { "type": "LineString", "coordinates": [ [ -46.83545, -23.51844 ], [ -46.83675, -23.51754 ] ] } },
{ "type": "Feature", "properties": { }, "geometry": { "type": "LineString", "coordinates": [ [ -46.83535, -23.51851 ], [ -46.83545, -23.51844 ] ] } },
{ "type": "Feature", "properties": { }, "geometry": { "type": "LineString", "coordinates": [ [ -46.83548, -23.51847 ], [ -46.83537, -23.51854 ] ] } },
{ "type": "Feature", "properties": { }, "geometry": { "type": "LineString", "coordinates": [ [ -46.83885, -23.51702 ], [ -46.83717, -23.51743 ], [ -46.83548, -23.51847 ] ] } },
{ "type": "Feature", "properties": { }, "geometry": { "type": "LineString", "coordinates": [ [ -46.83555, -23.51855 ], [ -46.83545, -23.51861 ] ] } },
{ "type": "Feature", "properties": { }, "geometry": { "type": "LineString", "coordinates": [ [ -46.85516, -23.51775 ], [ -46.85217, -23.51689 ], [ -46.84396, -23.51637 ], [ -46.83937, -23.51688 ], [ -46.83714, -23.51755 ], [ -46.83555, -23.51855 ] ] } },
{ "type": "Feature", "properties": { }, "geometry": { "type": "LineString", "coordinates": [ [ -46.44895, -23.54177 ], [ -46.45055, -23.54175 ] ] } },
{ "type": "Feature", "properties": { }, "geometry": { "type": "LineString", "coordinates": [ [ -46.44749, -23.54181 ], [ -46.44895, -23.54177 ] ] } },
{ "type": "Feature", "properties": { }, "geometry": { "type": "LineString", "coordinates": [ [ -46.44895, -23.54174 ], [ -46.44749, -23.54178 ] ] } },
{ "type": "Feature", "properties": { }, "geometry": { "type": "LineString", "coordinates": [ [ -46.45054, -23.54171 ], [ -46.44895, -23.54174 ] ] } },
{ "type": "Feature", "properties": { }, "geometry": { "type": "LineString", "coordinates": [ [ -46.6884, -23.52139 ], [ -46.68846, -23.52139 ] ] } },
{ "type": "Feature", "properties": { }, "geometry": { "type": "LineString", "coordinates": [ [ -46.68846, -23.52131 ], [ -46.68841, -23.52131 ] ] } },
{ "type": "Feature", "properties": { }, "geometry": { "type": "LineString", "coordinates": [ [ -46.41549, -23.54223 ], [ -46.41508, -23.54231 ] ] } },
{ "type": "Feature", "properties": { }, "geometry": { "type": "LineString", "coordinates": [ [ -46.41608, -23.5421 ], [ -46.41549, -23.54223 ] ] } },
{ "type": "Feature", "properties": { }, "geometry": { "type": "LineString", "coordinates": [ [ -46.41552, -23.54244 ], [ -46.41613, -23.54231 ] ] } },
{ "type": "Feature", "properties": { }, "geometry": { "type": "LineString", "coordinates": [ [ -46.41513, -23.54253 ], [ -46.41552, -23.54244 ] ] } },
{ "type": "Feature", "properties": { }, "geometry": { "type": "LineString", "coordinates": [ [ -46.77601, -23.52753 ], [ -46.77803, -23.52618 ], [ -46.78023, -23.5251 ], [ -46.78738, -23.523 ], [ -46.78848, -23.52313 ], [ -46.78917, -23.52346 ], [ -46.79081, -23.52521 ], [ -46.79212, -23.52585 ] ] } },
{ "type": "Feature", "properties": { }, "geometry": { "type": "LineString", "coordinates": [ [ -46.77579, -23.5277 ], [ -46.77601, -23.52753 ] ] } },
{ "type": "Feature", "properties": { }, "geometry": { "type": "LineString", "coordinates": [ [ -46.64141, -23.53214 ], [ -46.64035, -23.53359 ] ] } },
{ "type": "Feature", "properties": { }, "geometry": { "type": "LineString", "coordinates": [ [ -46.64144, -23.53216 ], [ -46.64143, -23.53196 ] ] } },
{ "type": "Feature", "properties": { }, "geometry": { "type": "LineString", "coordinates": [ [ -46.64132, -23.53208 ], [ -46.64151, -23.53166 ] ] } },
{ "type": "Feature", "properties": { }, "geometry": { "type": "LineString", "coordinates": [ [ -46.64019, -23.5335 ], [ -46.64125, -23.53203 ] ] } },
{ "type": "Feature", "properties": { }, "geometry": { "type": "LineString", "coordinates": [ [ -46.38529, -23.74096 ], [ -46.3876, -23.74425 ] ] } },
{ "type": "Feature", "properties": { }, "geometry": { "type": "LineString", "coordinates": [ [ -46.38516, -23.74079 ], [ -46.38529, -23.74096 ] ] } },
{ "type": "Feature", "properties": { }, "geometry": { "type": "LineString", "coordinates": [ [ -46.71165, -23.90501 ], [ -46.71087, -23.90516 ], [ -46.70832, -23.90626 ], [ -46.70398, -23.90629 ] ] } },
{ "type": "Feature", "properties": { }, "geometry": { "type": "LineString", "coordinates": [ [ -46.68212, -23.90911 ], [ -46.68196, -23.90908 ] ] } },
{ "type": "Feature", "properties": { }, "geometry": { "type": "LineString", "coordinates": [ [ -46.68653, -23.90638 ], [ -46.68636, -23.90794 ], [ -46.68585, -23.9088 ], [ -46.68519, -23.90932 ], [ -46.68396, -23.90955 ], [ -46.68212, -23.90911 ] ] } },
{ "type": "Feature", "properties": { }, "geometry": { "type": "LineString", "coordinates": [ [ -46.68657, -23.90625 ], [ -46.68653, -23.90638 ] ] } },
{ "type": "Feature", "properties": { }, "geometry": { "type": "LineString", "coordinates": [ [ -46.68734, -23.90506 ], [ -46.68677, -23.90563 ], [ -46.68657, -23.90625 ] ] } },
{ "type": "Feature", "properties": { }, "geometry": { "type": "LineString", "coordinates": [ [ -46.68746, -23.90497 ], [ -46.68734, -23.90506 ] ] } },
{ "type": "Feature", "properties": { }, "geometry": { "type": "LineString", "coordinates": [ [ -46.6904, -23.90305 ], [ -46.68954, -23.90345 ], [ -46.68746, -23.90497 ] ] } },
{ "type": "Feature", "properties": { }, "geometry": { "type": "LineString", "coordinates": [ [ -46.69048, -23.90301 ], [ -46.6904, -23.90305 ] ] } },
{ "type": "Feature", "properties": { }, "geometry": { "type": "LineString", "coordinates": [ [ -46.64474, -23.92028 ], [ -46.64451, -23.91933 ], [ -46.64483, -23.91832 ], [ -46.64773, -23.91581 ], [ -46.64805, -23.91526 ], [ -46.64864, -23.91298 ], [ -46.64901, -23.91249 ], [ -46.64972, -23.91204 ], [ -46.65142, -23.91171 ], [ -46.65209, -23.91173 ], [ -46.65411, -23.91256 ], [ -46.655, -23.91263 ], [ -46.65579, -23.91241 ], [ -46.65772, -23.91112 ], [ -46.65844, -23.9109 ], [ -46.65947, -23.91094 ], [ -46.66138, -23.91148 ], [ -46.66247, -23.91134 ], [ -46.66325, -23.91087 ], [ -46.66521, -23.90922 ], [ -46.66774, -23.9084 ], [ -46.6705, -23.9085 ], [ -46.67227, -23.90836 ], [ -46.67371, -23.90855 ] ] } },
{ "type": "Feature", "properties": { }, "geometry": { "type": "LineString", "coordinates": [ [ -46.67371, -23.90855 ], [ -46.6738, -23.90857 ] ] } },
{ "type": "Feature", "properties": { }, "geometry": { "type": "LineString", "coordinates": [ [ -46.70148, -23.90585 ], [ -46.70192, -23.90608 ], [ -46.70288, -23.90624 ], [ -46.70782, -23.90623 ], [ -46.7087, -23.90612 ], [ -46.71085, -23.9051 ], [ -46.71155, -23.90495 ], [ -46.71569, -23.90533 ] ] } },
{ "type": "Feature", "properties": { }, "geometry": { "type": "LineString", "coordinates": [ [ -46.69372, -23.90231 ], [ -46.69381, -23.90232 ] ] } },
{ "type": "Feature", "properties": { }, "geometry": { "type": "LineString", "coordinates": [ [ -46.69449, -23.90258 ], [ -46.69338, -23.90231 ], [ -46.6926, -23.90231 ], [ -46.69048, -23.90301 ] ] } },
{ "type": "Feature", "properties": { }, "geometry": { "type": "LineString", "coordinates": [ [ -46.6949, -23.90271 ], [ -46.69449, -23.90258 ] ] } },
{ "type": "Feature", "properties": { }, "geometry": { "type": "LineString", "coordinates": [ [ -46.7039, -23.90629 ], [ -46.7019, -23.90613 ], [ -46.69899, -23.90405 ], [ -46.6949, -23.90271 ] ] } },
{ "type": "Feature", "properties": { }, "geometry": { "type": "LineString", "coordinates": [ [ -46.70398, -23.90629 ], [ -46.7039, -23.90629 ] ] } },
{ "type": "Feature", "properties": { }, "geometry": { "type": "LineString", "coordinates": [ [ -46.69381, -23.90232 ], [ -46.69902, -23.904 ], [ -46.7014, -23.9058 ] ] } },
{ "type": "Feature", "properties": { }, "geometry": { "type": "LineString", "coordinates": [ [ -46.7014, -23.9058 ], [ -46.70148, -23.90585 ] ] } },
{ "type": "Feature", "properties": { }, "geometry": { "type": "LineString", "coordinates": [ [ -46.71568, -23.90539 ], [ -46.71174, -23.90501 ] ] } },
{ "type": "Feature", "properties": { }, "geometry": { "type": "LineString", "coordinates": [ [ -46.71174, -23.90501 ], [ -46.71165, -23.90501 ] ] } },
{ "type": "Feature", "properties": { }, "geometry": { "type": "LineString", "coordinates": [ [ -46.68196, -23.90908 ], [ -46.67974, -23.90865 ], [ -46.67889, -23.90866 ], [ -46.67713, -23.90907 ], [ -46.67271, -23.90845 ], [ -46.67004, -23.90856 ], [ -46.66817, -23.9084 ], [ -46.66524, -23.90928 ], [ -46.66288, -23.9112 ], [ -46.6621, -23.9115 ], [ -46.66102, -23.91148 ], [ -46.65946, -23.91099 ], [ -46.65845, -23.91096 ], [ -46.65774, -23.91117 ], [ -46.65581, -23.91247 ], [ -46.65501, -23.91269 ], [ -46.65409, -23.91262 ], [ -46.65208, -23.91179 ], [ -46.65142, -23.91176 ], [ -46.64974, -23.91209 ], [ -46.64906, -23.91253 ], [ -46.64852, -23.91332 ], [ -46.64808, -23.91527 ], [ -46.64776, -23.91583 ], [ -46.64529, -23.91785 ], [ -46.64475, -23.91853 ], [ -46.64456, -23.91976 ], [ -46.64547, -23.92217 ] ] } },
{ "type": "Feature", "properties": { }, "geometry": { "type": "LineString", "coordinates": [ [ -46.37835, -23.85343 ], [ -46.3765, -23.85259 ], [ -46.37429, -23.85184 ], [ -46.37186, -23.85066 ], [ -46.37088, -23.85071 ], [ -46.37024, -23.85117 ] ] } },
{ "type": "Feature", "properties": { }, "geometry": { "type": "LineString", "coordinates": [ [ -46.37079, -23.84859 ], [ -46.37128, -23.84963 ], [ -46.37264, -23.85087 ], [ -46.37492, -23.85199 ], [ -46.37649, -23.85247 ], [ -46.37787, -23.85313 ] ] } },
{ "type": "Feature", "properties": { }, "geometry": { "type": "LineString", "coordinates": [ [ -46.36364, -23.82911 ], [ -46.36391, -23.83003 ], [ -46.36455, -23.83123 ], [ -46.36563, -23.83248 ] ] } },
{ "type": "Feature", "properties": { }, "geometry": { "type": "LineString", "coordinates": [ [ -46.37595, -23.85212 ], [ -46.3721, -23.85015 ], [ -46.37112, -23.84898 ], [ -46.37057, -23.84778 ] ] } },
{ "type": "Feature", "properties": { }, "geometry": { "type": "LineString", "coordinates": [ [ -46.37649, -23.85247 ], [ -46.37673, -23.85255 ] ] } },
{ "type": "Feature", "properties": { }, "geometry": { "type": "LineString", "coordinates": [ [ -46.36001, -23.86016 ], [ -46.36091, -23.85944 ], [ -46.36203, -23.85891 ], [ -46.36746, -23.85757 ], [ -46.36861, -23.85711 ], [ -46.3692, -23.85668 ], [ -46.36962, -23.85612 ], [ -46.36995, -23.85516 ], [ -46.36986, -23.85216 ], [ -46.37024, -23.85117 ] ] } },
{ "type": "Feature", "properties": { }, "geometry": { "type": "LineString", "coordinates": [ [ -46.37023, -23.85112 ], [ -46.37007, -23.85144 ] ] } },
{ "type": "Feature", "properties": { }, "geometry": { "type": "LineString", "coordinates": [ [ -46.63373, -23.53546 ], [ -46.62812, -23.53696 ] ] } },
{ "type": "Feature", "properties": { }, "geometry": { "type": "LineString", "coordinates": [ [ -46.58541, -23.54181 ], [ -46.58613, -23.54195 ] ] } },
{ "type": "Feature", "properties": { }, "geometry": { "type": "LineString", "coordinates": [ [ -46.58179, -23.54108 ], [ -46.58541, -23.54181 ] ] } },
{ "type": "Feature", "properties": { }, "geometry": { "type": "LineString", "coordinates": [ [ -46.58498, -23.54168 ], [ -46.58179, -23.54104 ] ] } },
{ "type": "Feature", "properties": { }, "geometry": { "type": "LineString", "coordinates": [ [ -46.58647, -23.54205 ], [ -46.58178, -23.54112 ] ] } },
{ "type": "Feature", "properties": { }, "geometry": { "type": "LineString", "coordinates": [ [ -46.52707, -23.4997 ], [ -46.52456, -23.49972 ], [ -46.52147, -23.49869 ] ] } },
{ "type": "Feature", "properties": { }, "geometry": { "type": "LineString", "coordinates": [ [ -46.4941, -23.43512 ], [ -46.49433, -23.43671 ] ] } },
{ "type": "Feature", "properties": { }, "geometry": { "type": "LineString", "coordinates": [ [ -46.49431, -23.43634 ], [ -46.49421, -23.43563 ] ] } },
{ "type": "Feature", "properties": { }, "geometry": { "type": "LineString", "coordinates": [ [ -46.49421, -23.43563 ], [ -46.49376, -23.43267 ] ] } },
{ "type": "Feature", "properties": { }, "geometry": { "type": "LineString", "coordinates": [ [ -46.49371, -23.43268 ], [ -46.4941, -23.43512 ] ] } },
{ "type": "Feature", "properties": { }, "geometry": { "type": "LineString", "coordinates": [ [ -46.61719, -23.54404 ], [ -46.61692, -23.54441 ] ] } },
{ "type": "Feature", "properties": { }, "geometry": { "type": "LineString", "coordinates": [ [ -46.61697, -23.54443 ], [ -46.61747, -23.54376 ] ] } },
{ "type": "Feature", "properties": { }, "geometry": { "type": "LineString", "coordinates": [ [ -46.52243, -23.49891 ], [ -46.51917, -23.49768 ] ] } },
{ "type": "Feature", "properties": { }, "geometry": { "type": "LineString", "coordinates": [ [ -46.52042, -23.49827 ], [ -46.52265, -23.49908 ] ] } },
{ "type": "Feature", "properties": { }, "geometry": { "type": "LineString", "coordinates": [ [ -46.4945, -23.47346 ], [ -46.49276, -23.47219 ], [ -46.49219, -23.47161 ], [ -46.49149, -23.4705 ] ] } },
{ "type": "Feature", "properties": { }, "geometry": { "type": "LineString", "coordinates": [ [ -46.49144, -23.47051 ], [ -46.49271, -23.47221 ], [ -46.49447, -23.47351 ] ] } },
{ "type": "Feature", "properties": { }, "geometry": { "type": "LineString", "coordinates": [ [ -46.50681, -23.49166 ], [ -46.50542, -23.4864 ], [ -46.5049, -23.48505 ], [ -46.50386, -23.48321 ], [ -46.49878, -23.47646 ], [ -46.49671, -23.4747 ], [ -46.4945, -23.47346 ] ] } },
{ "type": "Feature", "properties": { }, "geometry": { "type": "LineString", "coordinates": [ [ -46.49447, -23.47351 ], [ -46.49668, -23.47474 ], [ -46.49874, -23.47649 ], [ -46.50382, -23.48324 ], [ -46.50514, -23.48577 ], [ -46.50677, -23.49167 ] ] } },
{ "type": "Feature", "properties": { }, "geometry": { "type": "LineString", "coordinates": [ [ -46.75428, -23.40396 ], [ -46.75494, -23.40248 ], [ -46.75647, -23.40158 ], [ -46.75958, -23.40115 ], [ -46.76169, -23.40175 ], [ -46.7633, -23.40141 ], [ -46.76459, -23.40146 ], [ -46.76597, -23.40125 ], [ -46.76636, -23.40109 ], [ -46.76689, -23.40041 ], [ -46.76685, -23.39888 ], [ -46.76704, -23.39842 ], [ -46.76746, -23.39812 ], [ -46.76899, -23.3978 ], [ -46.77107, -23.39778 ], [ -46.77252, -23.39759 ], [ -46.77449, -23.39799 ], [ -46.77689, -23.39924 ], [ -46.78081, -23.3987 ], [ -46.78211, -23.39918 ], [ -46.78312, -23.39934 ], [ -46.78352, -23.39975 ], [ -46.78363, -23.40041 ], [ -46.7828, -23.40174 ], [ -46.78262, -23.40245 ] ] } },
{ "type": "Feature", "properties": { }, "geometry": { "type": "LineString", "coordinates": [ [ -46.5889, -23.59342 ], [ -46.58998, -23.59215 ] ] } },
{ "type": "Feature", "properties": { }, "geometry": { "type": "LineString", "coordinates": [ [ -46.58984, -23.59205 ], [ -46.58877, -23.59333 ] ] } },
{ "type": "Feature", "properties": { }, "geometry": { "type": "LineString", "coordinates": [ [ -46.5934, -23.58791 ], [ -46.58984, -23.59205 ] ] } },
{ "type": "Feature", "properties": { }, "geometry": { "type": "LineString", "coordinates": [ [ -46.58998, -23.59215 ], [ -46.59353, -23.58794 ] ] } },
{ "type": "Feature", "properties": { }, "geometry": { "type": "LineString", "coordinates": [ [ -46.61081, -23.55356 ], [ -46.61478, -23.54781 ] ] } },
{ "type": "Feature", "properties": { }, "geometry": { "type": "LineString", "coordinates": [ [ -46.61478, -23.54781 ], [ -46.61481, -23.54777 ] ] } },
{ "type": "Feature", "properties": { }, "geometry": { "type": "LineString", "coordinates": [ [ -46.64151, -23.53166 ], [ -46.64143, -23.53196 ] ] } },
{ "type": "Feature", "properties": { }, "geometry": { "type": "LineString", "coordinates": [ [ -46.64143, -23.53196 ], [ -46.64141, -23.53214 ] ] } },
{ "type": "Feature", "properties": { }, "geometry": { "type": "LineString", "coordinates": [ [ -46.59725, -23.58093 ], [ -46.59794, -23.57909 ], [ -46.59903, -23.57722 ] ] } },
{ "type": "Feature", "properties": { }, "geometry": { "type": "LineString", "coordinates": [ [ -46.59766, -23.57996 ], [ -46.5988, -23.57755 ] ] } },
{ "type": "Feature", "properties": { }, "geometry": { "type": "LineString", "coordinates": [ [ -46.37023, -23.85112 ], [ -46.37055, -23.85049 ], [ -46.37079, -23.84937 ], [ -46.37038, -23.84653 ], [ -46.37081, -23.84287 ], [ -46.37065, -23.84172 ], [ -46.37014, -23.84046 ], [ -46.36954, -23.83958 ], [ -46.36763, -23.8381 ], [ -46.36681, -23.83719 ], [ -46.36645, -23.83623 ], [ -46.36641, -23.83426 ], [ -46.36618, -23.8334 ], [ -46.36472, -23.83167 ], [ -46.36401, -23.83057 ], [ -46.36341, -23.82873 ], [ -46.36295, -23.82794 ], [ -46.3624, -23.82737 ], [ -46.36124, -23.82669 ] ] } },
{ "type": "Feature", "properties": { }, "geometry": { "type": "LineString", "coordinates": [ [ -46.33616, -23.92935 ], [ -46.33718, -23.92889 ], [ -46.34359, -23.92775 ] ] } },
{ "type": "Feature", "properties": { }, "geometry": { "type": "LineString", "coordinates": [ [ -46.71191, -23.77136 ], [ -46.71192, -23.77167 ] ] } },
{ "type": "Feature", "properties": { }, "geometry": { "type": "LineString", "coordinates": [ [ -46.32497, -23.93218 ], [ -46.32337, -23.9323 ], [ -46.32069, -23.93279 ], [ -46.31622, -23.93436 ] ] } },
{ "type": "Feature", "properties": { }, "geometry": { "type": "LineString", "coordinates": [ [ -46.32496, -23.93214 ], [ -46.32727, -23.93201 ], [ -46.32942, -23.93157 ], [ -46.33446, -23.92963 ], [ -46.33616, -23.92935 ] ] } },
{ "type": "Feature", "properties": { }, "geometry": { "type": "LineString", "coordinates": [ [ -46.71204, -23.77156 ], [ -46.712, -23.77587 ], [ -46.71163, -23.77717 ] ] } },
{ "type": "Feature", "properties": { }, "geometry": { "type": "LineString", "coordinates": [ [ -46.71204, -23.77131 ], [ -46.71204, -23.77156 ] ] } },
{ "type": "Feature", "properties": { }, "geometry": { "type": "LineString", "coordinates": [ [ -46.616, -23.54581 ], [ -46.61635, -23.54532 ] ] } },
{ "type": "Feature", "properties": { }, "geometry": { "type": "LineString", "coordinates": [ [ -46.61631, -23.5453 ], [ -46.61596, -23.54578 ] ] } },
{ "type": "Feature", "properties": { }, "geometry": { "type": "LineString", "coordinates": [ [ -46.59722, -23.5704 ], [ -46.59717, -23.57037 ] ] } },
{ "type": "Feature", "properties": { }, "geometry": { "type": "LineString", "coordinates": [ [ -46.71202, -23.77019 ], [ -46.71204, -23.77131 ] ] } },
{ "type": "Feature", "properties": { }, "geometry": { "type": "LineString", "coordinates": [ [ -46.71189, -23.76867 ], [ -46.71188, -23.7702 ] ] } },
{ "type": "Feature", "properties": { }, "geometry": { "type": "LineString", "coordinates": [ [ -46.77696, -23.52696 ], [ -46.77587, -23.52776 ] ] } },
{ "type": "Feature", "properties": { }, "geometry": { "type": "LineString", "coordinates": [ [ -46.52652, -23.49969 ], [ -46.52707, -23.4997 ] ] } },
{ "type": "Feature", "properties": { }, "geometry": { "type": "LineString", "coordinates": [ [ -46.70171, -23.62163 ], [ -46.7024, -23.62233 ] ] } },
{ "type": "Feature", "properties": { }, "geometry": { "type": "LineString", "coordinates": [ [ -46.70155, -23.62145 ], [ -46.70171, -23.62163 ] ] } },
{ "type": "Feature", "properties": { }, "geometry": { "type": "LineString", "coordinates": [ [ -46.70232, -23.62241 ], [ -46.70162, -23.62171 ] ] } },
{ "type": "Feature", "properties": { }, "geometry": { "type": "LineString", "coordinates": [ [ -46.70162, -23.62171 ], [ -46.70146, -23.62152 ] ] } },
{ "type": "Feature", "properties": { }, "geometry": { "type": "LineString", "coordinates": [ [ -46.77384, -23.52916 ], [ -46.77579, -23.5277 ] ] } },
{ "type": "Feature", "properties": { }, "geometry": { "type": "LineString", "coordinates": [ [ -46.77375, -23.52923 ], [ -46.77384, -23.52916 ] ] } },
{ "type": "Feature", "properties": { }, "geometry": { "type": "LineString", "coordinates": [ [ -46.77379, -23.5293 ], [ -46.77379, -23.52929 ] ] } },
{ "type": "Feature", "properties": { }, "geometry": { "type": "LineString", "coordinates": [ [ -46.77372, -23.52933 ], [ -46.77379, -23.5293 ] ] } },
{ "type": "Feature", "properties": { }, "geometry": { "type": "LineString", "coordinates": [ [ -46.77592, -23.52783 ], [ -46.77379, -23.52937 ] ] } },
{ "type": "Feature", "properties": { }, "geometry": { "type": "LineString", "coordinates": [ [ -46.77379, -23.52937 ], [ -46.7737, -23.52943 ] ] } },
{ "type": "Feature", "properties": { }, "geometry": { "type": "LineString", "coordinates": [ [ -46.77379, -23.5293 ], [ -46.77372, -23.52934 ] ] } },
{ "type": "Feature", "properties": { }, "geometry": { "type": "LineString", "coordinates": [ [ -46.77379, -23.52929 ], [ -46.77379, -23.5293 ] ] } },
{ "type": "Feature", "properties": { }, "geometry": { "type": "LineString", "coordinates": [ [ -46.70983, -23.7557 ], [ -46.71105, -23.75838 ] ] } },
{ "type": "Feature", "properties": { }, "geometry": { "type": "LineString", "coordinates": [ [ -46.70995, -23.75566 ], [ -46.7112, -23.75833 ] ] } },
{ "type": "Feature", "properties": { }, "geometry": { "type": "LineString", "coordinates": [ [ -46.71197, -23.76166 ], [ -46.71199, -23.76842 ] ] } },
{ "type": "Feature", "properties": { }, "geometry": { "type": "LineString", "coordinates": [ [ -46.83675, -23.51754 ], [ -46.83806, -23.51695 ] ] } },
{ "type": "Feature", "properties": { }, "geometry": { "type": "LineString", "coordinates": [ [ -46.85769, -23.3742 ], [ -46.85848, -23.37348 ], [ -46.85941, -23.37322 ], [ -46.86262, -23.37335 ], [ -46.86576, -23.37384 ], [ -46.86774, -23.37166 ], [ -46.86909, -23.37072 ] ] } },
{ "type": "Feature", "properties": { }, "geometry": { "type": "LineString", "coordinates": [ [ -46.87071, -23.36676 ], [ -46.87192, -23.36581 ], [ -46.87269, -23.36554 ], [ -46.87361, -23.36547 ] ] } },
{ "type": "Feature", "properties": { }, "geometry": { "type": "LineString", "coordinates": [ [ -46.7826, -23.40254 ], [ -46.78242, -23.40329 ], [ -46.78249, -23.40407 ], [ -46.78286, -23.40455 ], [ -46.78403, -23.40543 ], [ -46.78484, -23.4056 ], [ -46.78662, -23.40505 ] ] } },
{ "type": "Feature", "properties": { }, "geometry": { "type": "LineString", "coordinates": [ [ -46.78662, -23.40505 ], [ -46.78671, -23.40502 ] ] } },
{ "type": "Feature", "properties": { }, "geometry": { "type": "LineString", "coordinates": [ [ -46.66222, -23.52581 ], [ -46.66588, -23.52552 ] ] } },
{ "type": "Feature", "properties": { }, "geometry": { "type": "LineString", "coordinates": [ [ -46.6629, -23.52581 ], [ -46.6658, -23.52565 ] ] } },
{ "type": "Feature", "properties": { }, "geometry": { "type": "LineString", "coordinates": [ [ -46.6674, -23.52553 ], [ -46.66898, -23.5254 ] ] } },
{ "type": "Feature", "properties": { }, "geometry": { "type": "LineString", "coordinates": [ [ -46.6719, -23.52504 ], [ -46.67321, -23.5249 ] ] } },
{ "type": "Feature", "properties": { }, "geometry": { "type": "LineString", "coordinates": [ [ -46.66898, -23.5254 ], [ -46.67278, -23.52503 ] ] } },
{ "type": "Feature", "properties": { }, "geometry": { "type": "LineString", "coordinates": [ [ -46.6689, -23.52528 ], [ -46.6719, -23.52504 ] ] } },
{ "type": "Feature", "properties": { }, "geometry": { "type": "LineString", "coordinates": [ [ -46.6674, -23.5254 ], [ -46.6689, -23.52528 ] ] } },
{ "type": "Feature", "properties": { }, "geometry": { "type": "LineString", "coordinates": [ [ -46.66588, -23.52552 ], [ -46.6674, -23.5254 ] ] } },
{ "type": "Feature", "properties": { }, "geometry": { "type": "LineString", "coordinates": [ [ -46.67321, -23.5249 ], [ -46.67794, -23.52446 ], [ -46.67946, -23.52396 ], [ -46.68437, -23.52168 ], [ -46.68588, -23.52135 ], [ -46.68841, -23.52131 ] ] } },
{ "type": "Feature", "properties": { }, "geometry": { "type": "LineString", "coordinates": [ [ -46.66895, -23.52545 ], [ -46.67036, -23.52529 ] ] } },
{ "type": "Feature", "properties": { }, "geometry": { "type": "LineString", "coordinates": [ [ -46.6658, -23.52565 ], [ -46.6674, -23.52553 ] ] } },
{ "type": "Feature", "properties": { }, "geometry": { "type": "LineString", "coordinates": [ [ -46.67278, -23.52503 ], [ -46.67808, -23.52453 ], [ -46.6792, -23.52417 ], [ -46.68478, -23.52166 ], [ -46.68631, -23.52142 ], [ -46.6884, -23.52139 ] ] } },
{ "type": "Feature", "properties": { }, "geometry": { "type": "LineString", "coordinates": [ [ -46.66456, -23.52587 ], [ -46.6658, -23.52569 ] ] } },
{ "type": "Feature", "properties": { }, "geometry": { "type": "LineString", "coordinates": [ [ -46.66578, -23.52582 ], [ -46.669, -23.52556 ] ] } },
{ "type": "Feature", "properties": { }, "geometry": { "type": "LineString", "coordinates": [ [ -46.66456, -23.52587 ], [ -46.66578, -23.52582 ] ] } },
{ "type": "Feature", "properties": { }, "geometry": { "type": "LineString", "coordinates": [ [ -46.58082, -23.33629 ], [ -46.58025, -23.33505 ], [ -46.57981, -23.33455 ] ] } },
{ "type": "Feature", "properties": { }, "geometry": { "type": "LineString", "coordinates": [ [ -46.58005, -23.33482 ], [ -46.57976, -23.33458 ] ] } },
{ "type": "Feature", "properties": { }, "geometry": { "type": "LineString", "coordinates": [ [ -46.83232, -23.51186 ], [ -46.8333, -23.51252 ] ] } },
{ "type": "Feature", "properties": { }, "geometry": { "type": "LineString", "coordinates": [ [ -46.33542, -23.77079 ], [ -46.33163, -23.77169 ], [ -46.32823, -23.77193 ], [ -46.32594, -23.77308 ], [ -46.32391, -23.77359 ], [ -46.32209, -23.7736 ], [ -46.31931, -23.77284 ], [ -46.31486, -23.77277 ], [ -46.31335, -23.77309 ], [ -46.31136, -23.77422 ], [ -46.31027, -23.77462 ], [ -46.30933, -23.77472 ], [ -46.30752, -23.77451 ] ] } },
{ "type": "Feature", "properties": { }, "geometry": { "type": "LineString", "coordinates": [ [ -46.30834, -23.77459 ], [ -46.30933, -23.77468 ], [ -46.31048, -23.77453 ], [ -46.31334, -23.77306 ], [ -46.31485, -23.77274 ], [ -46.31909, -23.77279 ], [ -46.32018, -23.77296 ], [ -46.3221, -23.77356 ], [ -46.3239, -23.77355 ], [ -46.32571, -23.77313 ], [ -46.32767, -23.77209 ], [ -46.32841, -23.77185 ], [ -46.33124, -23.77171 ], [ -46.33466, -23.77094 ] ] } },
{ "type": "Feature", "properties": { }, "geometry": { "type": "LineString", "coordinates": [ [ -46.30753, -23.77448 ], [ -46.30834, -23.77459 ] ] } },
{ "type": "Feature", "properties": { }, "geometry": { "type": "LineString", "coordinates": [ [ -46.64183, -23.53043 ], [ -46.64206, -23.53009 ] ] } },
{ "type": "Feature", "properties": { }, "geometry": { "type": "LineString", "coordinates": [ [ -46.93542, -23.5457 ], [ -46.93615, -23.54654 ] ] } },
{ "type": "Feature", "properties": { }, "geometry": { "type": "LineString", "coordinates": [ [ -46.37435, -23.85179 ], [ -46.37588, -23.85236 ] ] } },
{ "type": "Feature", "properties": { }, "geometry": { "type": "LineString", "coordinates": [ [ -46.71477, -23.50644 ], [ -46.71503, -23.50506 ], [ -46.71495, -23.50187 ], [ -46.71513, -23.50078 ], [ -46.71593, -23.49912 ], [ -46.71675, -23.49785 ], [ -46.71827, -23.496 ] ] } },
{ "type": "Feature", "properties": { }, "geometry": { "type": "LineString", "coordinates": [ [ -46.71827, -23.496 ], [ -46.71831, -23.49595 ] ] } },
{ "type": "Feature", "properties": { }, "geometry": { "type": "LineString", "coordinates": [ [ -46.71831, -23.49595 ], [ -46.71993, -23.49418 ], [ -46.72268, -23.49182 ], [ -46.72411, -23.49006 ], [ -46.72605, -23.48861 ] ] } },
{ "type": "Feature", "properties": { }, "geometry": { "type": "LineString", "coordinates": [ [ -46.72713, -23.48788 ], [ -46.72721, -23.4878 ] ] } },
{ "type": "Feature", "properties": { }, "geometry": { "type": "LineString", "coordinates": [ [ -46.72722, -23.48779 ], [ -46.72729, -23.48774 ] ] } },
{ "type": "Feature", "properties": { }, "geometry": { "type": "LineString", "coordinates": [ [ -46.72721, -23.4878 ], [ -46.72722, -23.48779 ] ] } },
{ "type": "Feature", "properties": { }, "geometry": { "type": "LineString", "coordinates": [ [ -46.7261, -23.48858 ], [ -46.72713, -23.48788 ] ] } },
{ "type": "Feature", "properties": { }, "geometry": { "type": "LineString", "coordinates": [ [ -46.72605, -23.48861 ], [ -46.7261, -23.48858 ] ] } },
{ "type": "Feature", "properties": { }, "geometry": { "type": "LineString", "coordinates": [ [ -46.43002, -23.88854 ], [ -46.42653, -23.88096 ] ] } },
{ "type": "Feature", "properties": { }, "geometry": { "type": "LineString", "coordinates": [ [ -46.65062, -23.96023 ], [ -46.65063, -23.95983 ] ] } },
{ "type": "Feature", "properties": { }, "geometry": { "type": "LineString", "coordinates": [ [ -46.33705, -23.92907 ], [ -46.34419, -23.92787 ], [ -46.34507, -23.9283 ], [ -46.34733, -23.93001 ] ] } },
{ "type": "Feature", "properties": { }, "geometry": { "type": "LineString", "coordinates": [ [ -46.34699, -23.92975 ], [ -46.34481, -23.92805 ], [ -46.344, -23.92776 ], [ -46.33675, -23.92906 ] ] } },
{ "type": "Feature", "properties": { }, "geometry": { "type": "LineString", "coordinates": [ [ -46.33548, -23.92943 ], [ -46.3373, -23.92881 ], [ -46.34418, -23.92765 ], [ -46.34482, -23.92789 ], [ -46.34703, -23.92964 ] ] } },
{ "type": "Feature", "properties": { }, "geometry": { "type": "LineString", "coordinates": [ [ -46.34334, -23.9276 ], [ -46.34483, -23.92758 ], [ -46.34626, -23.92809 ], [ -46.34786, -23.92986 ], [ -46.34841, -23.93018 ], [ -46.34896, -23.93028 ], [ -46.36481, -23.92813 ] ] } },
{ "type": "Feature", "properties": { }, "geometry": { "type": "LineString", "coordinates": [ [ -46.31193, -23.95182 ], [ -46.31325, -23.95134 ], [ -46.31408, -23.95059 ] ] } },
{ "type": "Feature", "properties": { }, "geometry": { "type": "LineString", "coordinates": [ [ -46.55799, -23.61416 ], [ -46.55387, -23.61556 ] ] } }
]
}
