{
"type": "FeatureCollection",
"name": "water",
"xy_coordinate_resolution": 1e-05,
"features": [
{ "type": "Feature", "properties": { "km2": 0.267 }, "geometry": { "type": "Polygon", "coordinates": [ [ [ -46.95351, -23.36599 ], [ -46.95324, -23.36604 ], [ -46.95264, -23.36583 ], [ -46.95186, -23.36525 ], [ -46.95114, -23.36519 ], [ -46.95219, -23.3643 ], [ -46.95211, -23.36382 ], [ -46.95277, -23.36384 ], [ -46.95313, -23.36359 ], [ -46.95314, -23.36342 ], [ -46.95222, -23.36251 ], [ -46.95212, -23.36216 ], [ -46.95156, -23.36204 ], [ -46.95051, -23.3633 ], [ -46.95024, -23.3633 ], [ -46.94993, -23.36311 ], [ -46.951, -23.36205 ], [ -46.9511, -23.36067 ], [ -46.95136, -23.36026 ], [ -46.95138, -23.35999 ], [ -46.95111, -23.35982 ], [ -46.95094, -23.3599 ], [ -46.95095, -23.36007 ], [ -46.95017, -23.36004 ], [ -46.9495, -23.35973 ], [ -46.94948, -23.35919 ], [ -46.94998, -23.35826 ], [ -46.94999, -23.35782 ], [ -46.94973, -23.3575 ], [ -46.94893, -23.35702 ], [ -46.94914, -23.35673 ], [ -46.94908, -23.35587 ], [ -46.94869, -23.35492 ], [ -46.94861, -23.35438 ], [ -46.94834, -23.35421 ], [ -46.94827, -23.35388 ], [ -46.94896, -23.35426 ], [ -46.94958, -23.35402 ], [ -46.94973, -23.35298 ], [ -46.94919, -23.35274 ], [ -46.94865, -23.35177 ], [ -46.9493, -23.3511 ], [ -46.9497, -23.34967 ], [ -46.94993, -23.34962 ], [ -46.95036, -23.35016 ], [ -46.95074, -23.35089 ], [ -46.95078, -23.35138 ], [ -46.95048, -23.35238 ], [ -46.94967, -23.35254 ], [ -46.95001, -23.35278 ], [ -46.95023, -23.35276 ], [ -46.94984, -23.35365 ], [ -46.9498, -23.35417 ], [ -46.94933, -23.35453 ], [ -46.9493, -23.35485 ], [ -46.94946, -23.35498 ], [ -46.9498, -23.35493 ], [ -46.95012, -23.35523 ], [ -46.95109, -23.35506 ], [ -46.95073, -23.35528 ], [ -46.94994, -23.35612 ], [ -46.94962, -23.3568 ], [ -46.94997, -23.35744 ], [ -46.95044, -23.3577 ], [ -46.95033, -23.35833 ], [ -46.95044, -23.35876 ], [ -46.95075, -23.35933 ], [ -46.95118, -23.35935 ], [ -46.95223, -23.35894 ], [ -46.95313, -23.35837 ], [ -46.9538, -23.35818 ], [ -46.95248, -23.35947 ], [ -46.95204, -23.36006 ], [ -46.95229, -23.36078 ], [ -46.95212, -23.36121 ], [ -46.95234, -23.36145 ], [ -46.95248, -23.3619 ], [ -46.95278, -23.36205 ], [ -46.95344, -23.36211 ], [ -46.95389, -23.36255 ], [ -46.95411, -23.36232 ], [ -46.95426, -23.36172 ], [ -46.95533, -23.36167 ], [ -46.95576, -23.36128 ], [ -46.9562, -23.3612 ], [ -46.95648, -23.36062 ], [ -46.95738, -23.36024 ], [ -46.95857, -23.36019 ], [ -46.95897, -23.36058 ], [ -46.95927, -23.36067 ], [ -46.95783, -23.36037 ], [ -46.95747, -23.3604 ], [ -46.95664, -23.3609 ], [ -46.95633, -23.36162 ], [ -46.95585, -23.36162 ], [ -46.95536, -23.36194 ], [ -46.95513, -23.3626 ], [ -46.95512, -23.36315 ], [ -46.95485, -23.36339 ], [ -46.95419, -23.36365 ], [ -46.95341, -23.36464 ], [ -46.95337, -23.36488 ], [ -46.95372, -23.36577 ], [ -46.95351, -23.36599 ] ] ] } },
{ "type": "Feature", "properties": { "km2": 0.301 }, "geometry": { "type": "Polygon", "coordinates": [ [ [ -47.00984, -23.40925 ], [ -47.00927, -23.40864 ], [ -47.00937, -23.40705 ], [ -47.01022, -23.40606 ], [ -47.01151, -23.40579 ], [ -47.01111, -23.40491 ], [ -47.01033, -23.40471 ], [ -47.01023, -23.40456 ], [ -47.00981, -23.40443 ], [ -47.0089, -23.40437 ], [ -47.00805, -23.40403 ], [ -47.00687, -23.40433 ], [ -47.00576, -23.40401 ], [ -47.00479, -23.40301 ], [ -47.00462, -23.40253 ], [ -47.0045, -23.40038 ], [ -47.00426, -23.39944 ], [ -47.00395, -23.39907 ], [ -47.00349, -23.39769 ], [ -47.00432, -23.39596 ], [ -47.00452, -23.39481 ], [ -47.00482, -23.39414 ], [ -47.00481, -23.39352 ], [ -47.00509, -23.39264 ], [ -47.00547, -23.39211 ], [ -47.00518, -23.39138 ], [ -47.00426, -23.3904 ], [ -47.00338, -23.39036 ], [ -47.00162, -23.39138 ], [ -47.00076, -23.39146 ], [ -46.99966, -23.39117 ], [ -46.99899, -23.39118 ], [ -46.99814, -23.39156 ], [ -46.99785, -23.39157 ], [ -46.99679, -23.39288 ], [ -46.99651, -23.39262 ], [ -46.9963, -23.39268 ], [ -46.996, -23.39222 ], [ -46.99504, -23.39174 ], [ -46.99537, -23.39132 ], [ -46.99582, -23.39177 ], [ -46.99612, -23.3916 ], [ -46.99636, -23.39186 ], [ -46.99729, -23.39145 ], [ -46.99813, -23.39059 ], [ -46.99889, -23.39038 ], [ -47.0005, -23.39081 ], [ -47.00151, -23.39067 ], [ -47.00268, -23.39005 ], [ -47.00287, -23.38955 ], [ -47.00338, -23.38932 ], [ -47.00463, -23.38954 ], [ -47.00527, -23.39002 ], [ -47.00599, -23.39199 ], [ -47.00562, -23.39311 ], [ -47.00535, -23.39477 ], [ -47.00505, -23.39574 ], [ -47.00469, -23.39676 ], [ -47.00409, -23.39763 ], [ -47.0045, -23.39874 ], [ -47.00523, -23.40004 ], [ -47.00529, -23.40207 ], [ -47.00552, -23.40299 ], [ -47.00603, -23.40348 ], [ -47.00675, -23.40365 ], [ -47.00711, -23.40366 ], [ -47.00809, -23.40327 ], [ -47.00885, -23.40327 ], [ -47.00956, -23.40345 ], [ -47.01051, -23.40393 ], [ -47.01098, -23.40401 ], [ -47.01182, -23.40464 ], [ -47.0123, -23.40525 ], [ -47.01236, -23.40557 ], [ -47.0122, -23.40617 ], [ -47.01181, -23.40651 ], [ -47.01133, -23.40649 ], [ -47.01077, -23.4067 ], [ -47.01042, -23.4071 ], [ -47.00991, -23.40806 ], [ -47.00993, -23.40821 ], [ -47.01029, -23.40843 ], [ -47.00984, -23.40925 ] ] ] } },
{ "type": "Feature", "properties": { "km2": 0.032 }, "geometry": { "type": "Polygon", "coordinates": [ [ [ -46.98104, -23.45003 ], [ -46.98112, -23.4506 ], [ -46.98164, -23.45133 ], [ -46.98126, -23.45163 ], [ -46.98112, -23.45097 ], [ -46.9808, -23.45043 ], [ -46.98051, -23.4503 ], [ -46.98107, -23.44955 ], [ -46.98125, -23.44901 ], [ -46.98102, -23.4483 ], [ -46.98063, -23.44802 ], [ -46.97975, -23.44815 ], [ -46.97958, -23.44802 ], [ -46.98013, -23.44749 ], [ -46.98058, -23.44734 ], [ -46.98133, -23.44761 ], [ -46.9822, -23.44823 ], [ -46.98285, -23.44852 ], [ -46.98198, -23.44858 ], [ -46.9817, -23.44886 ], [ -46.98104, -23.45003 ] ] ] } },
{ "type": "Feature", "properties": { "km2": 0.021 }, "geometry": { "type": "Polygon", "coordinates": [ [ [ -46.97359, -23.47381 ], [ -46.97386, -23.47391 ], [ -46.97388, -23.47407 ], [ -46.9733, -23.47518 ], [ -46.97243, -23.47522 ], [ -46.97195, -23.47435 ], [ -46.97242, -23.47404 ], [ -46.97359, -23.47381 ] ] ] } },
{ "type": "Feature", "properties": { "km2": 0.026 }, "geometry": { "type": "Polygon", "coordinates": [ [ [ -46.95342, -23.49038 ], [ -46.95318, -23.49096 ], [ -46.95283, -23.49112 ], [ -46.95166, -23.49046 ], [ -46.95145, -23.48994 ], [ -46.9516, -23.48973 ], [ -46.95224, -23.48943 ], [ -46.95313, -23.48957 ], [ -46.95342, -23.49038 ] ] ] } },
{ "type": "Feature", "properties": { "km2": 0.023 }, "geometry": { "type": "Polygon", "coordinates": [ [ [ -46.95272, -23.49134 ], [ -46.95225, -23.49163 ], [ -46.95233, -23.49179 ], [ -46.95219, -23.492 ], [ -46.95115, -23.49278 ], [ -46.95078, -23.49288 ], [ -46.95055, -23.49277 ], [ -46.95051, -23.49259 ], [ -46.9512, -23.49139 ], [ -46.95201, -23.49093 ], [ -46.95272, -23.49134 ] ] ] } },
{ "type": "Feature", "properties": { "km2": 0.092 }, "geometry": { "type": "Polygon", "coordinates": [ [ [ -46.94893, -23.49582 ], [ -46.94883, -23.49618 ], [ -46.94841, -23.49614 ], [ -46.94825, -23.49628 ], [ -46.94827, -23.49645 ], [ -46.94861, -23.49656 ], [ -46.94836, -23.49706 ], [ -46.94799, -23.49753 ], [ -46.94734, -23.49796 ], [ -46.94729, -23.49818 ], [ -46.94749, -23.49895 ], [ -46.94726, -23.49979 ], [ -46.94677, -23.4999 ], [ -46.94624, -23.49978 ], [ -46.94608, -23.49869 ], [ -46.94564, -23.49837 ], [ -46.94569, -23.49826 ], [ -46.94626, -23.49815 ], [ -46.94655, -23.49703 ], [ -46.94637, -23.49616 ], [ -46.94621, -23.49596 ], [ -46.94744, -23.49556 ], [ -46.94826, -23.49479 ], [ -46.94835, -23.49443 ], [ -46.94867, -23.49423 ], [ -46.94906, -23.49442 ], [ -46.94896, -23.49519 ], [ -46.94882, -23.4954 ], [ -46.94893, -23.49582 ] ] ] } },
{ "type": "Feature", "properties": { "km2": 0.037 }, "geometry": { "type": "Polygon", "coordinates": [ [ [ -46.94576, -23.48985 ], [ -46.94515, -23.48811 ], [ -46.94537, -23.48737 ], [ -46.94569, -23.48752 ], [ -46.94637, -23.48825 ], [ -46.94708, -23.48864 ], [ -46.94733, -23.48916 ], [ -46.94756, -23.48923 ], [ -46.94739, -23.48937 ], [ -46.94749, -23.48944 ], [ -46.94719, -23.48962 ], [ -46.94576, -23.48985 ] ] ] } },
{ "type": "Feature", "properties": { "km2": 0.024 }, "geometry": { "type": "Polygon", "coordinates": [ [ [ -46.91288, -23.48247 ], [ -46.91342, -23.4828 ], [ -46.91327, -23.48285 ], [ -46.91335, -23.4832 ], [ -46.91421, -23.48338 ], [ -46.91451, -23.4832 ], [ -46.91472, -23.48342 ], [ -46.91474, -23.48372 ], [ -46.91373, -23.48357 ], [ -46.91304, -23.484 ], [ -46.91257, -23.48406 ], [ -46.91225, -23.48387 ], [ -46.91186, -23.48347 ], [ -46.91265, -23.48251 ], [ -46.91288, -23.48247 ] ] ] } },
{ "type": "Feature", "properties": { "km2": 0.023 }, "geometry": { "type": "Polygon", "coordinates": [ [ [ -46.90764, -23.4778 ], [ -46.90786, -23.47797 ], [ -46.90796, -23.47881 ], [ -46.90826, -23.47939 ], [ -46.9079, -23.4795 ], [ -46.90735, -23.47925 ], [ -46.90635, -23.47818 ], [ -46.90633, -23.47777 ], [ -46.90764, -23.4778 ] ] ] } },
{ "type": "Feature", "properties": { "km2": 0.021 }, "geometry": { "type": "Polygon", "coordinates": [ [ [ -46.92623, -23.46426 ], [ -46.9259, -23.46439 ], [ -46.92531, -23.46439 ], [ -46.92486, -23.46469 ], [ -46.92483, -23.4651 ], [ -46.92519, -23.46533 ], [ -46.92506, -23.46567 ], [ -46.92451, -23.46539 ], [ -46.92442, -23.46512 ], [ -46.92458, -23.46469 ], [ -46.92443, -23.46429 ], [ -46.92367, -23.46409 ], [ -46.92363, -23.46385 ], [ -46.92549, -23.46371 ], [ -46.92615, -23.46404 ], [ -46.92623, -23.46426 ] ] ] } },
{ "type": "Feature", "properties": { "km2": 0.049 }, "geometry": { "type": "Polygon", "coordinates": [ [ [ -46.907, -23.39717 ], [ -46.90729, -23.39723 ], [ -46.90732, -23.39753 ], [ -46.90764, -23.39781 ], [ -46.90758, -23.39798 ], [ -46.90737, -23.39808 ], [ -46.90658, -23.39944 ], [ -46.90615, -23.39941 ], [ -46.90642, -23.39966 ], [ -46.90637, -23.39992 ], [ -46.90691, -23.40071 ], [ -46.90719, -23.40151 ], [ -46.90745, -23.40165 ], [ -46.90716, -23.40169 ], [ -46.90692, -23.40129 ], [ -46.90632, -23.40077 ], [ -46.90616, -23.40097 ], [ -46.90569, -23.40117 ], [ -46.90566, -23.40149 ], [ -46.90542, -23.4017 ], [ -46.90495, -23.40196 ], [ -46.90501, -23.40149 ], [ -46.90438, -23.40133 ], [ -46.90449, -23.40088 ], [ -46.90463, -23.40066 ], [ -46.90548, -23.40035 ], [ -46.90578, -23.4001 ], [ -46.90601, -23.39917 ], [ -46.90645, -23.39863 ], [ -46.90642, -23.39813 ], [ -46.90664, -23.39808 ], [ -46.907, -23.39717 ] ] ] } },
{ "type": "Feature", "properties": { "km2": 1.397 }, "geometry": { "type": "Polygon", "coordinates": [ [ [ -46.91755, -23.43083 ], [ -46.91796, -23.43086 ], [ -46.92, -23.43052 ], [ -46.9208, -23.43078 ], [ -46.92199, -23.4309 ], [ -46.92323, -23.43095 ], [ -46.92526, -23.43081 ], [ -46.92701, -23.43093 ], [ -46.92865, -23.43125 ], [ -46.93156, -23.43142 ], [ -46.93349, -23.43131 ], [ -46.93485, -23.43101 ], [ -46.93659, -23.43018 ], [ -46.93858, -23.42874 ], [ -46.941, -23.42635 ], [ -46.94212, -23.4249 ], [ -46.94262, -23.42386 ], [ -46.9428, -23.42271 ], [ -46.9426, -23.42213 ], [ -46.94242, -23.42199 ], [ -46.94213, -23.42183 ], [ -46.94168, -23.42185 ], [ -46.93963, -23.42256 ], [ -46.93821, -23.42325 ], [ -46.93687, -23.42347 ], [ -46.93586, -23.42325 ], [ -46.93528, -23.42278 ], [ -46.93508, -23.42244 ], [ -46.93505, -23.42193 ], [ -46.93528, -23.42149 ], [ -46.93558, -23.42141 ], [ -46.93723, -23.42163 ], [ -46.93752, -23.42146 ], [ -46.93762, -23.42122 ], [ -46.93752, -23.42027 ], [ -46.93587, -23.42024 ], [ -46.93547, -23.42001 ], [ -46.93515, -23.41963 ], [ -46.93508, -23.4192 ], [ -46.93556, -23.418 ], [ -46.9359, -23.41667 ], [ -46.93568, -23.41475 ], [ -46.93573, -23.41156 ], [ -46.9361, -23.41007 ], [ -46.93633, -23.40961 ], [ -46.93631, -23.40847 ], [ -46.93649, -23.40795 ], [ -46.93718, -23.40758 ], [ -46.93731, -23.40695 ], [ -46.93758, -23.40663 ], [ -46.93812, -23.40616 ], [ -46.93868, -23.40592 ], [ -46.93927, -23.40585 ], [ -46.94062, -23.40619 ], [ -46.94472, -23.40635 ], [ -46.94814, -23.40615 ], [ -46.95024, -23.40555 ], [ -46.95068, -23.40516 ], [ -46.95103, -23.4046 ], [ -46.95108, -23.40417 ], [ -46.95088, -23.40382 ], [ -46.95046, -23.40351 ], [ -46.94985, -23.40343 ], [ -46.9463, -23.4036 ], [ -46.94425, -23.40332 ], [ -46.94326, -23.40265 ], [ -46.9431, -23.40267 ], [ -46.94269, -23.40215 ], [ -46.94297, -23.40091 ], [ -46.94337, -23.40036 ], [ -46.94356, -23.40024 ], [ -46.94438, -23.40036 ], [ -46.94493, -23.40103 ], [ -46.9451, -23.40174 ], [ -46.94537, -23.40221 ], [ -46.94569, -23.40246 ], [ -46.94627, -23.40262 ], [ -46.94694, -23.4026 ], [ -46.94741, -23.40244 ], [ -46.94828, -23.4025 ], [ -46.94942, -23.4029 ], [ -46.95095, -23.40293 ], [ -46.9515, -23.40311 ], [ -46.95178, -23.40336 ], [ -46.95209, -23.40394 ], [ -46.95207, -23.40449 ], [ -46.95185, -23.40547 ], [ -46.95134, -23.40632 ], [ -46.9508, -23.40663 ], [ -46.95094, -23.40691 ], [ -46.95147, -23.40734 ], [ -46.95203, -23.4073 ], [ -46.95299, -23.40628 ], [ -46.95394, -23.40572 ], [ -46.95567, -23.40439 ], [ -46.95607, -23.40438 ], [ -46.95656, -23.40522 ], [ -46.95719, -23.40572 ], [ -46.95713, -23.40588 ], [ -46.9561, -23.40668 ], [ -46.95545, -23.40703 ], [ -46.9543, -23.40732 ], [ -46.9524, -23.40741 ], [ -46.95211, -23.4076 ], [ -46.95197, -23.40775 ], [ -46.9517, -23.40876 ], [ -46.95143, -23.40909 ], [ -46.95159, -23.4094 ], [ -46.9514, -23.40973 ], [ -46.95126, -23.40975 ], [ -46.95062, -23.40966 ], [ -46.95023, -23.40925 ], [ -46.95029, -23.40909 ], [ -46.95107, -23.40884 ], [ -46.95099, -23.40818 ], [ -46.95119, -23.40789 ], [ -46.95091, -23.40744 ], [ -46.95013, -23.40713 ], [ -46.95008, -23.40692 ], [ -46.94958, -23.40719 ], [ -46.94884, -23.40718 ], [ -46.94796, -23.4074 ], [ -46.94727, -23.40731 ], [ -46.94625, -23.40756 ], [ -46.94521, -23.40761 ], [ -46.94193, -23.40721 ], [ -46.94026, -23.40666 ], [ -46.93945, -23.40665 ], [ -46.93857, -23.40682 ], [ -46.93796, -23.40735 ], [ -46.93772, -23.40738 ], [ -46.93747, -23.40772 ], [ -46.93709, -23.4087 ], [ -46.93718, -23.40911 ], [ -46.93687, -23.41014 ], [ -46.93689, -23.41093 ], [ -46.93713, -23.41157 ], [ -46.93686, -23.41213 ], [ -46.9368, -23.41424 ], [ -46.93715, -23.416 ], [ -46.93681, -23.41701 ], [ -46.93617, -23.41813 ], [ -46.93577, -23.41936 ], [ -46.93614, -23.41961 ], [ -46.93773, -23.41971 ], [ -46.93865, -23.42024 ], [ -46.93871, -23.42107 ], [ -46.93788, -23.42213 ], [ -46.93804, -23.42226 ], [ -46.93845, -23.4223 ], [ -46.93941, -23.42163 ], [ -46.94127, -23.4215 ], [ -46.94154, -23.42119 ], [ -46.94186, -23.42114 ], [ -46.94207, -23.42125 ], [ -46.94257, -23.42121 ], [ -46.94329, -23.42187 ], [ -46.94366, -23.42275 ], [ -46.94373, -23.42346 ], [ -46.94307, -23.42515 ], [ -46.94189, -23.42715 ], [ -46.94238, -23.42779 ], [ -46.94232, -23.42802 ], [ -46.94196, -23.4279 ], [ -46.94201, -23.42759 ], [ -46.9416, -23.42725 ], [ -46.93969, -23.42879 ], [ -46.93609, -23.43139 ], [ -46.93554, -23.43169 ], [ -46.93377, -23.43201 ], [ -46.93276, -23.43236 ], [ -46.93258, -23.43222 ], [ -46.93202, -23.43216 ], [ -46.92919, -23.432 ], [ -46.92702, -23.43226 ], [ -46.92557, -23.43224 ], [ -46.92304, -23.43196 ], [ -46.92015, -23.43133 ], [ -46.91871, -23.43149 ], [ -46.91709, -23.4321 ], [ -46.91609, -23.43277 ], [ -46.91486, -23.43415 ], [ -46.91389, -23.43455 ], [ -46.91257, -23.4345 ], [ -46.91069, -23.43395 ], [ -46.91008, -23.43419 ], [ -46.90981, -23.43446 ], [ -46.90944, -23.43529 ], [ -46.90925, -23.43648 ], [ -46.90936, -23.43832 ], [ -46.9097, -23.43872 ], [ -46.90982, -23.43921 ], [ -46.90959, -23.43949 ], [ -46.90956, -23.44151 ], [ -46.90967, -23.44223 ], [ -46.91012, -23.44305 ], [ -46.91054, -23.44332 ], [ -46.91048, -23.44344 ], [ -46.9114, -23.44474 ], [ -46.91192, -23.44629 ], [ -46.91205, -23.44828 ], [ -46.91176, -23.45049 ], [ -46.91102, -23.4537 ], [ -46.91087, -23.45416 ], [ -46.91049, -23.4547 ], [ -46.91027, -23.45455 ], [ -46.91043, -23.45433 ], [ -46.91031, -23.45424 ], [ -46.91008, -23.4544 ], [ -46.9096, -23.45405 ], [ -46.91054, -23.45292 ], [ -46.91062, -23.45115 ], [ -46.91051, -23.4512 ], [ -46.91036, -23.45236 ], [ -46.90984, -23.45356 ], [ -46.90955, -23.45378 ], [ -46.90935, -23.45363 ], [ -46.91014, -23.45243 ], [ -46.9103, -23.45173 ], [ -46.91029, -23.45136 ], [ -46.90975, -23.45091 ], [ -46.90964, -23.45053 ], [ -46.91026, -23.44947 ], [ -46.91045, -23.4463 ], [ -46.9102, -23.44506 ], [ -46.90893, -23.44288 ], [ -46.90882, -23.44249 ], [ -46.90889, -23.44209 ], [ -46.9085, -23.44123 ], [ -46.90853, -23.44038 ], [ -46.90875, -23.43991 ], [ -46.90909, -23.43979 ], [ -46.90908, -23.43953 ], [ -46.9089, -23.43929 ], [ -46.90887, -23.43874 ], [ -46.90842, -23.43759 ], [ -46.90826, -23.43664 ], [ -46.90859, -23.4357 ], [ -46.90853, -23.43519 ], [ -46.90882, -23.43427 ], [ -46.90928, -23.43361 ], [ -46.90956, -23.43343 ], [ -46.91072, -23.43307 ], [ -46.91211, -23.43372 ], [ -46.91307, -23.43364 ], [ -46.91379, -23.43343 ], [ -46.91528, -23.4326 ], [ -46.91688, -23.43122 ], [ -46.91755, -23.43083 ] ], [ [ -46.93637, -23.42283 ], [ -46.93649, -23.42167 ], [ -46.93589, -23.42157 ], [ -46.93551, -23.42168 ], [ -46.93546, -23.42244 ], [ -46.93569, -23.42273 ], [ -46.93637, -23.42283 ] ], [ [ -46.94495, -23.40224 ], [ -46.94459, -23.40111 ], [ -46.94402, -23.40094 ], [ -46.94379, -23.40144 ], [ -46.94418, -23.40207 ], [ -46.94495, -23.40224 ] ], [ [ -46.91107, -23.44861 ], [ -46.91118, -23.44845 ], [ -46.91108, -23.44798 ], [ -46.911, -23.44854 ], [ -46.91107, -23.44861 ] ] ] } },
{ "type": "Feature", "properties": { "km2": 3.969 }, "geometry": { "type": "Polygon", "coordinates": [ [ [ -46.95587, -23.39601 ], [ -46.95608, -23.39592 ], [ -46.95628, -23.39531 ], [ -46.95546, -23.39404 ], [ -46.95784, -23.39385 ], [ -46.95816, -23.39375 ], [ -46.95828, -23.39344 ], [ -46.9576, -23.39121 ], [ -46.95705, -23.39058 ], [ -46.95669, -23.39064 ], [ -46.95606, -23.39049 ], [ -46.95532, -23.39005 ], [ -46.95498, -23.38961 ], [ -46.95482, -23.38913 ], [ -46.95508, -23.38879 ], [ -46.95517, -23.38806 ], [ -46.95576, -23.38709 ], [ -46.95551, -23.38712 ], [ -46.95539, -23.38683 ], [ -46.95496, -23.38666 ], [ -46.95621, -23.38649 ], [ -46.95657, -23.38604 ], [ -46.95662, -23.38468 ], [ -46.95649, -23.38445 ], [ -46.95613, -23.38435 ], [ -46.95593, -23.38411 ], [ -46.95605, -23.38383 ], [ -46.95666, -23.38358 ], [ -46.9583, -23.38377 ], [ -46.95953, -23.38299 ], [ -46.95954, -23.38273 ], [ -46.95771, -23.38127 ], [ -46.95734, -23.38035 ], [ -46.95735, -23.37993 ], [ -46.95761, -23.37952 ], [ -46.95742, -23.37935 ], [ -46.95798, -23.37898 ], [ -46.95809, -23.37869 ], [ -46.95845, -23.37844 ], [ -46.95908, -23.37749 ], [ -46.9588, -23.37703 ], [ -46.95851, -23.37686 ], [ -46.95845, -23.37664 ], [ -46.95893, -23.37627 ], [ -46.95903, -23.37581 ], [ -46.95913, -23.37493 ], [ -46.95897, -23.3742 ], [ -46.95866, -23.37386 ], [ -46.95813, -23.37372 ], [ -46.95875, -23.37224 ], [ -46.9588, -23.37166 ], [ -46.95752, -23.37233 ], [ -46.95627, -23.37242 ], [ -46.95566, -23.3731 ], [ -46.9553, -23.37329 ], [ -46.95515, -23.37328 ], [ -46.95516, -23.37305 ], [ -46.95389, -23.37294 ], [ -46.95374, -23.37275 ], [ -46.95385, -23.37252 ], [ -46.9542, -23.37229 ], [ -46.95422, -23.372 ], [ -46.95445, -23.37176 ], [ -46.95586, -23.37138 ], [ -46.95637, -23.37157 ], [ -46.95669, -23.37113 ], [ -46.95782, -23.37075 ], [ -46.95768, -23.36927 ], [ -46.95748, -23.36879 ], [ -46.9569, -23.36816 ], [ -46.9568, -23.36742 ], [ -46.95654, -23.36743 ], [ -46.95519, -23.36806 ], [ -46.9547, -23.36786 ], [ -46.95356, -23.36813 ], [ -46.95292, -23.36904 ], [ -46.95277, -23.36898 ], [ -46.95277, -23.36763 ], [ -46.9523, -23.36727 ], [ -46.95215, -23.36699 ], [ -46.95179, -23.36695 ], [ -46.95143, -23.36709 ], [ -46.95134, -23.36697 ], [ -46.95158, -23.36584 ], [ -46.95178, -23.36558 ], [ -46.95274, -23.36625 ], [ -46.95364, -23.36637 ], [ -46.95365, -23.36721 ], [ -46.95381, -23.36733 ], [ -46.95418, -23.36725 ], [ -46.95505, -23.36687 ], [ -46.95532, -23.36616 ], [ -46.95574, -23.36594 ], [ -46.95563, -23.36546 ], [ -46.95645, -23.36534 ], [ -46.95726, -23.36462 ], [ -46.95812, -23.36437 ], [ -46.95969, -23.36437 ], [ -46.96114, -23.3646 ], [ -46.96113, -23.3648 ], [ -46.9604, -23.36495 ], [ -46.9591, -23.36498 ], [ -46.95878, -23.36512 ], [ -46.95782, -23.36606 ], [ -46.95806, -23.36791 ], [ -46.95849, -23.36924 ], [ -46.95888, -23.3694 ], [ -46.95904, -23.36924 ], [ -46.95871, -23.37011 ], [ -46.95878, -23.37033 ], [ -46.9592, -23.37063 ], [ -46.96157, -23.37082 ], [ -46.96215, -23.37182 ], [ -46.96373, -23.37224 ], [ -46.96426, -23.37268 ], [ -46.96567, -23.37338 ], [ -46.96599, -23.37337 ], [ -46.96621, -23.37282 ], [ -46.96654, -23.37273 ], [ -46.96667, -23.3729 ], [ -46.96677, -23.37369 ], [ -46.9672, -23.37432 ], [ -46.96796, -23.37454 ], [ -46.96819, -23.37492 ], [ -46.96883, -23.37481 ], [ -46.96886, -23.37512 ], [ -46.96855, -23.3756 ], [ -46.96855, -23.37581 ], [ -46.96871, -23.37597 ], [ -46.9687, -23.37642 ], [ -46.96916, -23.37699 ], [ -46.97008, -23.37705 ], [ -46.96965, -23.37757 ], [ -46.96999, -23.37823 ], [ -46.97132, -23.37927 ], [ -46.97244, -23.37958 ], [ -46.97243, -23.37981 ], [ -46.97173, -23.38028 ], [ -46.97177, -23.38064 ], [ -46.9722, -23.3814 ], [ -46.9725, -23.38157 ], [ -46.97339, -23.38155 ], [ -46.97435, -23.38177 ], [ -46.9749, -23.38165 ], [ -46.97491, -23.38187 ], [ -46.97258, -23.38302 ], [ -46.97267, -23.38344 ], [ -46.97293, -23.38373 ], [ -46.97278, -23.38474 ], [ -46.97285, -23.38516 ], [ -46.97424, -23.38671 ], [ -46.97474, -23.38711 ], [ -46.97574, -23.38751 ], [ -46.97624, -23.38736 ], [ -46.97606, -23.38568 ], [ -46.97627, -23.38524 ], [ -46.97711, -23.38479 ], [ -46.97733, -23.38489 ], [ -46.97691, -23.3868 ], [ -46.97772, -23.38744 ], [ -46.97823, -23.38738 ], [ -46.97876, -23.38681 ], [ -46.97805, -23.38573 ], [ -46.97785, -23.38437 ], [ -46.97895, -23.38492 ], [ -46.97926, -23.38473 ], [ -46.97942, -23.3844 ], [ -46.97984, -23.384 ], [ -46.97993, -23.38405 ], [ -46.97965, -23.38433 ], [ -46.97953, -23.38475 ], [ -46.97962, -23.38525 ], [ -46.9802, -23.3862 ], [ -46.98251, -23.38628 ], [ -46.98299, -23.38647 ], [ -46.98386, -23.38717 ], [ -46.98423, -23.38726 ], [ -46.9856, -23.38699 ], [ -46.98659, -23.38717 ], [ -46.9879, -23.3872 ], [ -46.98927, -23.38687 ], [ -46.99039, -23.38691 ], [ -46.99145, -23.38665 ], [ -46.99206, -23.3871 ], [ -46.99225, -23.38748 ], [ -46.99265, -23.38778 ], [ -46.9935, -23.38963 ], [ -46.99518, -23.39109 ], [ -46.9944, -23.392 ], [ -46.99403, -23.39192 ], [ -46.99427, -23.39212 ], [ -46.99434, -23.39243 ], [ -46.99406, -23.39277 ], [ -46.99382, -23.39265 ], [ -46.99337, -23.39188 ], [ -46.99328, -23.39143 ], [ -46.99202, -23.3902 ], [ -46.9917, -23.3896 ], [ -46.99149, -23.38952 ], [ -46.99142, -23.38921 ], [ -46.99047, -23.38897 ], [ -46.98961, -23.38845 ], [ -46.98947, -23.38853 ], [ -46.98902, -23.38818 ], [ -46.9889, -23.38792 ], [ -46.98742, -23.38816 ], [ -46.9866, -23.38851 ], [ -46.98584, -23.38867 ], [ -46.98557, -23.38891 ], [ -46.98522, -23.38875 ], [ -46.98512, -23.38898 ], [ -46.98495, -23.38877 ], [ -46.9846, -23.38876 ], [ -46.98426, -23.3891 ], [ -46.9841, -23.38986 ], [ -46.98369, -23.38897 ], [ -46.98315, -23.38849 ], [ -46.98254, -23.38833 ], [ -46.98218, -23.38868 ], [ -46.9819, -23.38872 ], [ -46.98212, -23.38955 ], [ -46.98184, -23.39024 ], [ -46.98185, -23.39057 ], [ -46.98199, -23.39103 ], [ -46.98263, -23.39211 ], [ -46.98284, -23.39329 ], [ -46.98259, -23.3934 ], [ -46.98233, -23.3932 ], [ -46.98148, -23.39169 ], [ -46.98068, -23.39119 ], [ -46.97998, -23.39141 ], [ -46.979, -23.39145 ], [ -46.97864, -23.3918 ], [ -46.9783, -23.39246 ], [ -46.97836, -23.39304 ], [ -46.97867, -23.39349 ], [ -46.98004, -23.39412 ], [ -46.98036, -23.39404 ], [ -46.98084, -23.39432 ], [ -46.98145, -23.39512 ], [ -46.98174, -23.39507 ], [ -46.98204, -23.3952 ], [ -46.98203, -23.39559 ], [ -46.98253, -23.39548 ], [ -46.98289, -23.39577 ], [ -46.98336, -23.39572 ], [ -46.98359, -23.39596 ], [ -46.98342, -23.39632 ], [ -46.98289, -23.39686 ], [ -46.98318, -23.39713 ], [ -46.9838, -23.39827 ], [ -46.98344, -23.39835 ], [ -46.9831, -23.39803 ], [ -46.98285, -23.39797 ], [ -46.98199, -23.39806 ], [ -46.98186, -23.39822 ], [ -46.9819, -23.39909 ], [ -46.98129, -23.40008 ], [ -46.9815, -23.40074 ], [ -46.98143, -23.4013 ], [ -46.98088, -23.40081 ], [ -46.98069, -23.40034 ], [ -46.98012, -23.39982 ], [ -46.98002, -23.39955 ], [ -46.97998, -23.39844 ], [ -46.98023, -23.39785 ], [ -46.98039, -23.39656 ], [ -46.97997, -23.39646 ], [ -46.9788, -23.39714 ], [ -46.97817, -23.39685 ], [ -46.97766, -23.39691 ], [ -46.97629, -23.39677 ], [ -46.97605, -23.3968 ], [ -46.97558, -23.39717 ], [ -46.9753, -23.39713 ], [ -46.97518, -23.39695 ], [ -46.97531, -23.39642 ], [ -46.97567, -23.39609 ], [ -46.97569, -23.39573 ], [ -46.97551, -23.39547 ], [ -46.97484, -23.39521 ], [ -46.97259, -23.39542 ], [ -46.97336, -23.395 ], [ -46.97406, -23.39485 ], [ -46.97485, -23.39426 ], [ -46.97503, -23.39344 ], [ -46.97495, -23.3932 ], [ -46.97516, -23.39256 ], [ -46.97462, -23.39167 ], [ -46.97405, -23.39149 ], [ -46.97365, -23.39162 ], [ -46.97367, -23.39112 ], [ -46.97341, -23.39049 ], [ -46.97259, -23.38998 ], [ -46.9723, -23.39005 ], [ -46.97158, -23.39086 ], [ -46.97122, -23.39104 ], [ -46.97145, -23.39053 ], [ -46.97148, -23.38981 ], [ -46.97164, -23.38962 ], [ -46.9704, -23.38909 ], [ -46.97012, -23.38885 ], [ -46.96967, -23.38874 ], [ -46.96852, -23.38926 ], [ -46.96801, -23.38983 ], [ -46.96803, -23.38937 ], [ -46.96785, -23.38919 ], [ -46.9687, -23.38862 ], [ -46.96883, -23.38834 ], [ -46.96882, -23.3875 ], [ -46.96866, -23.38721 ], [ -46.96839, -23.38699 ], [ -46.96726, -23.38726 ], [ -46.96702, -23.38743 ], [ -46.96702, -23.38724 ], [ -46.96733, -23.38679 ], [ -46.96677, -23.38639 ], [ -46.96595, -23.38613 ], [ -46.96532, -23.38643 ], [ -46.96562, -23.3858 ], [ -46.96556, -23.38553 ], [ -46.96535, -23.38539 ], [ -46.96495, -23.38537 ], [ -46.96462, -23.38472 ], [ -46.96456, -23.38431 ], [ -46.96508, -23.38468 ], [ -46.96572, -23.38488 ], [ -46.9661, -23.38486 ], [ -46.9663, -23.38425 ], [ -46.96693, -23.38497 ], [ -46.96752, -23.38541 ], [ -46.96779, -23.38552 ], [ -46.96802, -23.38542 ], [ -46.96775, -23.38432 ], [ -46.96735, -23.38419 ], [ -46.96725, -23.384 ], [ -46.96756, -23.38328 ], [ -46.96728, -23.38218 ], [ -46.96731, -23.3804 ], [ -46.96717, -23.37962 ], [ -46.96681, -23.37946 ], [ -46.96662, -23.37979 ], [ -46.96635, -23.37992 ], [ -46.96514, -23.3802 ], [ -46.96478, -23.38012 ], [ -46.96471, -23.37991 ], [ -46.96511, -23.37942 ], [ -46.96571, -23.37902 ], [ -46.96601, -23.37888 ], [ -46.9668, -23.37887 ], [ -46.96692, -23.37847 ], [ -46.96666, -23.3778 ], [ -46.96635, -23.3776 ], [ -46.96576, -23.37786 ], [ -46.96565, -23.37817 ], [ -46.96519, -23.37834 ], [ -46.96428, -23.37835 ], [ -46.96461, -23.378 ], [ -46.96533, -23.37761 ], [ -46.9657, -23.37759 ], [ -46.96597, -23.37732 ], [ -46.96598, -23.37701 ], [ -46.96518, -23.37614 ], [ -46.96417, -23.37607 ], [ -46.9634, -23.37632 ], [ -46.9631, -23.3762 ], [ -46.96187, -23.37618 ], [ -46.96082, -23.37659 ], [ -46.96073, -23.37705 ], [ -46.96102, -23.3776 ], [ -46.96081, -23.37827 ], [ -46.95932, -23.37881 ], [ -46.95902, -23.37904 ], [ -46.95885, -23.37929 ], [ -46.95896, -23.37975 ], [ -46.95863, -23.3806 ], [ -46.95883, -23.38101 ], [ -46.9607, -23.38214 ], [ -46.96105, -23.38278 ], [ -46.96102, -23.38315 ], [ -46.96071, -23.38353 ], [ -46.96023, -23.38381 ], [ -46.95984, -23.38452 ], [ -46.95918, -23.38507 ], [ -46.95909, -23.38529 ], [ -46.95923, -23.38559 ], [ -46.95985, -23.38573 ], [ -46.96003, -23.3859 ], [ -46.96016, -23.38688 ], [ -46.96057, -23.38673 ], [ -46.96124, -23.38684 ], [ -46.96141, -23.387 ], [ -46.96126, -23.3873 ], [ -46.9602, -23.38744 ], [ -46.9594, -23.3877 ], [ -46.95899, -23.38794 ], [ -46.95865, -23.38837 ], [ -46.95764, -23.38895 ], [ -46.9581, -23.38936 ], [ -46.95855, -23.39006 ], [ -46.95891, -23.39029 ], [ -46.95952, -23.39022 ], [ -46.9597, -23.3904 ], [ -46.95975, -23.39065 ], [ -46.95952, -23.39095 ], [ -46.95877, -23.39112 ], [ -46.95887, -23.39288 ], [ -46.95948, -23.39341 ], [ -46.96038, -23.39319 ], [ -46.96035, -23.39376 ], [ -46.96057, -23.39409 ], [ -46.96129, -23.39459 ], [ -46.96206, -23.39466 ], [ -46.9625, -23.39453 ], [ -46.96262, -23.39509 ], [ -46.96364, -23.39635 ], [ -46.96341, -23.39658 ], [ -46.96289, -23.39644 ], [ -46.96235, -23.3961 ], [ -46.96212, -23.39555 ], [ -46.96182, -23.39553 ], [ -46.96159, -23.3958 ], [ -46.96163, -23.39623 ], [ -46.96115, -23.39674 ], [ -46.96106, -23.39617 ], [ -46.96071, -23.39601 ], [ -46.96044, -23.3949 ], [ -46.96001, -23.39489 ], [ -46.95928, -23.39512 ], [ -46.95829, -23.39492 ], [ -46.95737, -23.39584 ], [ -46.9572, -23.39756 ], [ -46.95686, -23.39779 ], [ -46.95667, -23.39843 ], [ -46.9563, -23.39882 ], [ -46.95538, -23.39927 ], [ -46.95379, -23.39963 ], [ -46.95283, -23.39969 ], [ -46.95024, -23.39963 ], [ -46.94964, -23.39926 ], [ -46.94898, -23.39923 ], [ -46.94721, -23.39979 ], [ -46.94493, -23.40103 ], [ -46.94438, -23.40036 ], [ -46.94735, -23.39866 ], [ -46.94828, -23.39841 ], [ -46.94923, -23.39842 ], [ -46.95033, -23.3989 ], [ -46.95177, -23.39886 ], [ -46.95423, -23.39817 ], [ -46.9549, -23.39777 ], [ -46.95519, -23.39716 ], [ -46.95457, -23.39689 ], [ -46.95322, -23.39709 ], [ -46.95214, -23.39696 ], [ -46.95185, -23.39673 ], [ -46.95153, -23.39615 ], [ -46.95116, -23.39596 ], [ -46.95095, -23.39568 ], [ -46.95093, -23.3954 ], [ -46.95073, -23.39523 ], [ -46.95026, -23.3952 ], [ -46.95005, -23.395 ], [ -46.95032, -23.39469 ], [ -46.95041, -23.39436 ], [ -46.9496, -23.3934 ], [ -46.94948, -23.39279 ], [ -46.94851, -23.39214 ], [ -46.94766, -23.39243 ], [ -46.94735, -23.39267 ], [ -46.94717, -23.39302 ], [ -46.94705, -23.39252 ], [ -46.94728, -23.39187 ], [ -46.94723, -23.39173 ], [ -46.94694, -23.39161 ], [ -46.94675, -23.3916 ], [ -46.94633, -23.39211 ], [ -46.94627, -23.39184 ], [ -46.94593, -23.39142 ], [ -46.94511, -23.39158 ], [ -46.94491, -23.39172 ], [ -46.94489, -23.3919 ], [ -46.94433, -23.39222 ], [ -46.94397, -23.39266 ], [ -46.94367, -23.39191 ], [ -46.94274, -23.39157 ], [ -46.94227, -23.39108 ], [ -46.94176, -23.39194 ], [ -46.94096, -23.39221 ], [ -46.94007, -23.39228 ], [ -46.94014, -23.39246 ], [ -46.93993, -23.39276 ], [ -46.93965, -23.39283 ], [ -46.9395, -23.39223 ], [ -46.93961, -23.39106 ], [ -46.93944, -23.3907 ], [ -46.93992, -23.39039 ], [ -46.93999, -23.39011 ], [ -46.93948, -23.38919 ], [ -46.93911, -23.38897 ], [ -46.93675, -23.38962 ], [ -46.93616, -23.39091 ], [ -46.9359, -23.39122 ], [ -46.93596, -23.39064 ], [ -46.93612, -23.39033 ], [ -46.93616, -23.38954 ], [ -46.93633, -23.3892 ], [ -46.93568, -23.38878 ], [ -46.93533, -23.38841 ], [ -46.93526, -23.38807 ], [ -46.93567, -23.38716 ], [ -46.93561, -23.38683 ], [ -46.93597, -23.38577 ], [ -46.93307, -23.38523 ], [ -46.93306, -23.38488 ], [ -46.93463, -23.38474 ], [ -46.93579, -23.38437 ], [ -46.9364, -23.38434 ], [ -46.93657, -23.38419 ], [ -46.93652, -23.3839 ], [ -46.93623, -23.3837 ], [ -46.93576, -23.38357 ], [ -46.9352, -23.38371 ], [ -46.93499, -23.38343 ], [ -46.9356, -23.38334 ], [ -46.9356, -23.38312 ], [ -46.9353, -23.38287 ], [ -46.93516, -23.38236 ], [ -46.93546, -23.38206 ], [ -46.93585, -23.38234 ], [ -46.9362, -23.38212 ], [ -46.93677, -23.38222 ], [ -46.93643, -23.38248 ], [ -46.93612, -23.38297 ], [ -46.9362, -23.3833 ], [ -46.93704, -23.38397 ], [ -46.9374, -23.38405 ], [ -46.93741, -23.38462 ], [ -46.93735, -23.38517 ], [ -46.93686, -23.38552 ], [ -46.93692, -23.38613 ], [ -46.93663, -23.38646 ], [ -46.9364, -23.38719 ], [ -46.93643, -23.38765 ], [ -46.93612, -23.38784 ], [ -46.93617, -23.388 ], [ -46.93722, -23.38855 ], [ -46.93769, -23.38858 ], [ -46.93799, -23.38818 ], [ -46.93869, -23.38831 ], [ -46.93885, -23.38802 ], [ -46.93918, -23.38779 ], [ -46.93941, -23.38792 ], [ -46.93938, -23.38831 ], [ -46.93967, -23.3886 ], [ -46.94006, -23.38874 ], [ -46.94067, -23.38933 ], [ -46.94091, -23.3898 ], [ -46.94091, -23.39058 ], [ -46.9406, -23.39144 ], [ -46.94077, -23.39147 ], [ -46.9415, -23.39114 ], [ -46.94234, -23.39008 ], [ -46.94311, -23.39013 ], [ -46.94301, -23.38936 ], [ -46.94317, -23.3889 ], [ -46.94343, -23.38978 ], [ -46.94414, -23.39071 ], [ -46.9445, -23.39088 ], [ -46.94524, -23.39065 ], [ -46.94586, -23.3908 ], [ -46.94672, -23.39072 ], [ -46.94765, -23.3899 ], [ -46.94796, -23.38989 ], [ -46.94812, -23.38972 ], [ -46.94843, -23.38894 ], [ -46.94852, -23.3882 ], [ -46.9488, -23.38828 ], [ -46.94895, -23.38906 ], [ -46.94861, -23.38949 ], [ -46.94833, -23.39057 ], [ -46.94797, -23.39072 ], [ -46.94783, -23.39112 ], [ -46.94795, -23.39134 ], [ -46.94815, -23.39154 ], [ -46.94893, -23.39167 ], [ -46.94934, -23.39132 ], [ -46.95036, -23.39188 ], [ -46.95054, -23.39225 ], [ -46.95033, -23.39263 ], [ -46.95033, -23.39313 ], [ -46.95054, -23.3934 ], [ -46.95095, -23.39353 ], [ -46.95122, -23.39452 ], [ -46.95184, -23.39529 ], [ -46.95214, -23.3953 ], [ -46.95269, -23.39477 ], [ -46.95259, -23.3953 ], [ -46.95288, -23.39581 ], [ -46.95289, -23.39622 ], [ -46.9537, -23.39642 ], [ -46.95518, -23.39587 ], [ -46.95587, -23.39601 ] ] ] } },
{ "type": "Feature", "properties": { "km2": 0.203 }, "geometry": { "type": "Polygon", "coordinates": [ [ [ -46.93306, -23.38488 ], [ -46.93307, -23.38523 ], [ -46.93263, -23.38554 ], [ -46.93189, -23.38691 ], [ -46.93137, -23.38745 ], [ -46.93059, -23.38775 ], [ -46.93, -23.38768 ], [ -46.92935, -23.38784 ], [ -46.92837, -23.38827 ], [ -46.9288, -23.38927 ], [ -46.92904, -23.38948 ], [ -46.92903, -23.38981 ], [ -46.92861, -23.38977 ], [ -46.92801, -23.38992 ], [ -46.92752, -23.38986 ], [ -46.9264, -23.38934 ], [ -46.92507, -23.38948 ], [ -46.92375, -23.38927 ], [ -46.92313, -23.3894 ], [ -46.92235, -23.39012 ], [ -46.92203, -23.39022 ], [ -46.92027, -23.39018 ], [ -46.9189, -23.39037 ], [ -46.91846, -23.39029 ], [ -46.91771, -23.38981 ], [ -46.91683, -23.38966 ], [ -46.91589, -23.38899 ], [ -46.91516, -23.38876 ], [ -46.91451, -23.3881 ], [ -46.91397, -23.387 ], [ -46.91373, -23.38693 ], [ -46.91347, -23.387 ], [ -46.91341, -23.38733 ], [ -46.91352, -23.38921 ], [ -46.91299, -23.38976 ], [ -46.91322, -23.39016 ], [ -46.91369, -23.39035 ], [ -46.91465, -23.39047 ], [ -46.91512, -23.39033 ], [ -46.91543, -23.39061 ], [ -46.91584, -23.39155 ], [ -46.91575, -23.39189 ], [ -46.91465, -23.39267 ], [ -46.91343, -23.39278 ], [ -46.91343, -23.39261 ], [ -46.91465, -23.39229 ], [ -46.91481, -23.39102 ], [ -46.91468, -23.39079 ], [ -46.91283, -23.39036 ], [ -46.91251, -23.38995 ], [ -46.91323, -23.389 ], [ -46.91323, -23.38715 ], [ -46.91331, -23.38674 ], [ -46.91356, -23.38651 ], [ -46.91405, -23.38663 ], [ -46.91429, -23.38682 ], [ -46.91492, -23.38787 ], [ -46.91698, -23.38942 ], [ -46.91761, -23.38947 ], [ -46.91762, -23.38936 ], [ -46.91683, -23.38897 ], [ -46.91662, -23.3887 ], [ -46.9168, -23.3884 ], [ -46.91737, -23.38848 ], [ -46.91769, -23.38882 ], [ -46.91813, -23.38895 ], [ -46.91842, -23.38916 ], [ -46.9182, -23.38971 ], [ -46.91842, -23.38995 ], [ -46.9188, -23.38998 ], [ -46.91916, -23.38984 ], [ -46.91945, -23.38951 ], [ -46.91977, -23.38943 ], [ -46.92001, -23.38959 ], [ -46.92091, -23.38976 ], [ -46.92148, -23.38972 ], [ -46.92186, -23.38958 ], [ -46.92199, -23.38939 ], [ -46.92195, -23.38913 ], [ -46.92181, -23.38903 ], [ -46.92191, -23.38872 ], [ -46.92282, -23.38851 ], [ -46.92488, -23.38906 ], [ -46.92563, -23.38905 ], [ -46.92594, -23.38885 ], [ -46.92612, -23.38835 ], [ -46.92633, -23.38835 ], [ -46.92655, -23.38922 ], [ -46.92736, -23.38961 ], [ -46.92782, -23.38961 ], [ -46.92798, -23.3895 ], [ -46.92768, -23.38887 ], [ -46.92768, -23.38843 ], [ -46.92839, -23.38752 ], [ -46.9284, -23.38715 ], [ -46.92882, -23.38655 ], [ -46.92896, -23.38612 ], [ -46.92893, -23.38683 ], [ -46.92873, -23.38727 ], [ -46.92924, -23.3874 ], [ -46.92971, -23.38739 ], [ -46.93007, -23.38719 ], [ -46.93043, -23.38724 ], [ -46.93094, -23.38693 ], [ -46.9311, -23.38652 ], [ -46.93244, -23.38524 ], [ -46.93306, -23.38488 ] ] ] } },
{ "type": "Feature", "properties": { "km2": 0.047 }, "geometry": { "type": "Polygon", "coordinates": [ [ [ -46.89185, -23.36538 ], [ -46.89395, -23.3661 ], [ -46.89395, -23.36647 ], [ -46.89384, -23.36659 ], [ -46.89282, -23.36653 ], [ -46.89171, -23.36621 ], [ -46.89016, -23.36634 ], [ -46.88908, -23.36692 ], [ -46.88872, -23.36683 ], [ -46.88871, -23.36617 ], [ -46.88949, -23.36576 ], [ -46.89042, -23.36562 ], [ -46.89073, -23.36542 ], [ -46.89185, -23.36538 ] ] ] } },
{ "type": "Feature", "properties": { "km2": 0.03 }, "geometry": { "type": "Polygon", "coordinates": [ [ [ -46.8986, -23.38043 ], [ -46.89889, -23.38168 ], [ -46.89915, -23.38193 ], [ -46.89911, -23.38219 ], [ -46.89877, -23.38259 ], [ -46.89807, -23.38244 ], [ -46.89722, -23.38274 ], [ -46.89692, -23.38261 ], [ -46.89674, -23.38226 ], [ -46.89714, -23.38177 ], [ -46.898, -23.38143 ], [ -46.89823, -23.38111 ], [ -46.89837, -23.38038 ], [ -46.8986, -23.38043 ] ] ] } },
{ "type": "Feature", "properties": { "km2": 0.047 }, "geometry": { "type": "Polygon", "coordinates": [ [ [ -46.86366, -23.3656 ], [ -46.86428, -23.3658 ], [ -46.86507, -23.3658 ], [ -46.86582, -23.36609 ], [ -46.86543, -23.36639 ], [ -46.86552, -23.36663 ], [ -46.86589, -23.36686 ], [ -46.86655, -23.36702 ], [ -46.86539, -23.36737 ], [ -46.86441, -23.36737 ], [ -46.86351, -23.36711 ], [ -46.86326, -23.36688 ], [ -46.86294, -23.36689 ], [ -46.8626, -23.3665 ], [ -46.86366, -23.3656 ] ] ] } },
{ "type": "Feature", "properties": { "km2": 0.023 }, "geometry": { "type": "Polygon", "coordinates": [ [ [ -46.8904, -23.39935 ], [ -46.89065, -23.39968 ], [ -46.89085, -23.39971 ], [ -46.89073, -23.40037 ], [ -46.89054, -23.40041 ], [ -46.89047, -23.40011 ], [ -46.88978, -23.40019 ], [ -46.88898, -23.39997 ], [ -46.88878, -23.40044 ], [ -46.88854, -23.4005 ], [ -46.88841, -23.40046 ], [ -46.88862, -23.40012 ], [ -46.88799, -23.4001 ], [ -46.88757, -23.39983 ], [ -46.88822, -23.39979 ], [ -46.88913, -23.39951 ], [ -46.88963, -23.39918 ], [ -46.88995, -23.39936 ], [ -46.8904, -23.39935 ] ] ] } },
{ "type": "Feature", "properties": { "km2": 0.023 }, "geometry": { "type": "Polygon", "coordinates": [ [ [ -46.86861, -23.43738 ], [ -46.86844, -23.43866 ], [ -46.86853, -23.43902 ], [ -46.86846, -23.43982 ], [ -46.86815, -23.43965 ], [ -46.86815, -23.43917 ], [ -46.86762, -23.43852 ], [ -46.86626, -23.43941 ], [ -46.86613, -23.43925 ], [ -46.86694, -23.43876 ], [ -46.86699, -23.43842 ], [ -46.86807, -23.4377 ], [ -46.86811, -23.43733 ], [ -46.86861, -23.43738 ] ] ] } },
{ "type": "Feature", "properties": { "km2": 0.025 }, "geometry": { "type": "Polygon", "coordinates": [ [ [ -46.87519, -23.47031 ], [ -46.87576, -23.46977 ], [ -46.87648, -23.46973 ], [ -46.87689, -23.46952 ], [ -46.87792, -23.46971 ], [ -46.87856, -23.46968 ], [ -46.87898, -23.46947 ], [ -46.87922, -23.46954 ], [ -46.87879, -23.47014 ], [ -46.87774, -23.47022 ], [ -46.87737, -23.47044 ], [ -46.87671, -23.47021 ], [ -46.87596, -23.47047 ], [ -46.87519, -23.47031 ] ] ] } },
{ "type": "Feature", "properties": { "km2": 0.044 }, "geometry": { "type": "Polygon", "coordinates": [ [ [ -46.88905, -23.45579 ], [ -46.88916, -23.4555 ], [ -46.88948, -23.4555 ], [ -46.89015, -23.45519 ], [ -46.89109, -23.45381 ], [ -46.89179, -23.45376 ], [ -46.89224, -23.45387 ], [ -46.89228, -23.454 ], [ -46.89195, -23.4541 ], [ -46.8913, -23.45465 ], [ -46.89056, -23.4558 ], [ -46.89053, -23.45591 ], [ -46.89084, -23.45625 ], [ -46.89078, -23.45676 ], [ -46.8906, -23.457 ], [ -46.89011, -23.45726 ], [ -46.88973, -23.4572 ], [ -46.88905, -23.45579 ] ] ] } },
{ "type": "Feature", "properties": { "km2": 0.81 }, "geometry": { "type": "Polygon", "coordinates": [ [ [ -46.90904, -23.45393 ], [ -46.91035, -23.45486 ], [ -46.9103, -23.45495 ], [ -46.91058, -23.45515 ], [ -46.91058, -23.4553 ], [ -46.90699, -23.45856 ], [ -46.9062, -23.45913 ], [ -46.90499, -23.46054 ], [ -46.90442, -23.4619 ], [ -46.905, -23.46251 ], [ -46.90472, -23.46289 ], [ -46.90443, -23.46301 ], [ -46.90434, -23.46424 ], [ -46.90359, -23.46529 ], [ -46.90315, -23.46554 ], [ -46.90273, -23.46614 ], [ -46.90251, -23.46655 ], [ -46.90257, -23.4668 ], [ -46.90183, -23.46666 ], [ -46.90111, -23.4667 ], [ -46.89907, -23.46719 ], [ -46.89893, -23.46701 ], [ -46.89807, -23.46666 ], [ -46.89723, -23.46661 ], [ -46.89552, -23.46616 ], [ -46.89492, -23.4663 ], [ -46.89302, -23.46638 ], [ -46.89267, -23.46662 ], [ -46.88998, -23.46747 ], [ -46.88966, -23.46743 ], [ -46.88746, -23.46804 ], [ -46.88462, -23.46844 ], [ -46.88294, -23.46907 ], [ -46.88241, -23.46911 ], [ -46.88208, -23.46929 ], [ -46.88155, -23.47004 ], [ -46.88051, -23.47012 ], [ -46.87946, -23.47106 ], [ -46.8789, -23.47255 ], [ -46.87884, -23.47313 ], [ -46.87907, -23.4745 ], [ -46.87968, -23.47643 ], [ -46.87943, -23.47804 ], [ -46.87884, -23.47937 ], [ -46.87839, -23.47999 ], [ -46.87715, -23.48119 ], [ -46.87672, -23.48181 ], [ -46.8746, -23.48549 ], [ -46.87336, -23.48706 ], [ -46.87191, -23.48822 ], [ -46.8714, -23.48759 ], [ -46.87277, -23.48648 ], [ -46.87385, -23.48524 ], [ -46.87476, -23.4839 ], [ -46.87574, -23.48194 ], [ -46.87641, -23.48093 ], [ -46.8783, -23.47874 ], [ -46.87876, -23.47732 ], [ -46.87883, -23.47629 ], [ -46.87826, -23.47458 ], [ -46.87808, -23.47365 ], [ -46.87812, -23.47254 ], [ -46.87837, -23.47168 ], [ -46.87879, -23.47084 ], [ -46.87993, -23.46947 ], [ -46.88155, -23.46848 ], [ -46.88399, -23.46766 ], [ -46.8826, -23.4677 ], [ -46.88394, -23.46745 ], [ -46.88454, -23.46747 ], [ -46.88802, -23.46678 ], [ -46.88916, -23.46644 ], [ -46.88916, -23.46624 ], [ -46.88929, -23.46636 ], [ -46.89, -23.46608 ], [ -46.89101, -23.46601 ], [ -46.89376, -23.46531 ], [ -46.89406, -23.46506 ], [ -46.89462, -23.46529 ], [ -46.89773, -23.46529 ], [ -46.90293, -23.4643 ], [ -46.90311, -23.4638 ], [ -46.90282, -23.4634 ], [ -46.90189, -23.46291 ], [ -46.90224, -23.46221 ], [ -46.90205, -23.46154 ], [ -46.90217, -23.46118 ], [ -46.90287, -23.46101 ], [ -46.90387, -23.46028 ], [ -46.90461, -23.45864 ], [ -46.90582, -23.45755 ], [ -46.90611, -23.45679 ], [ -46.90577, -23.45633 ], [ -46.90577, -23.45607 ], [ -46.90607, -23.45552 ], [ -46.90681, -23.4552 ], [ -46.90709, -23.45527 ], [ -46.90721, -23.45544 ], [ -46.90797, -23.45457 ], [ -46.90904, -23.45393 ] ] ] } },
{ "type": "Feature", "properties": { "km2": 0.157 }, "geometry": { "type": "Polygon", "coordinates": [ [ [ -46.87303, -23.4839 ], [ -46.87234, -23.48416 ], [ -46.8717, -23.48393 ], [ -46.87146, -23.48336 ], [ -46.87116, -23.48185 ], [ -46.87096, -23.48175 ], [ -46.87042, -23.48182 ], [ -46.86982, -23.48083 ], [ -46.86988, -23.48046 ], [ -46.87017, -23.48017 ], [ -46.87006, -23.47998 ], [ -46.87034, -23.47895 ], [ -46.87121, -23.47913 ], [ -46.87161, -23.479 ], [ -46.87158, -23.47869 ], [ -46.87043, -23.47845 ], [ -46.87016, -23.47829 ], [ -46.87027, -23.47805 ], [ -46.87007, -23.47793 ], [ -46.86969, -23.47808 ], [ -46.8694, -23.47804 ], [ -46.86918, -23.47738 ], [ -46.86965, -23.47715 ], [ -46.87002, -23.47713 ], [ -46.87079, -23.47733 ], [ -46.87151, -23.47804 ], [ -46.87195, -23.47811 ], [ -46.87259, -23.47806 ], [ -46.87283, -23.47786 ], [ -46.87374, -23.47821 ], [ -46.87466, -23.47903 ], [ -46.87534, -23.47936 ], [ -46.87697, -23.47952 ], [ -46.87693, -23.4798 ], [ -46.8766, -23.48022 ], [ -46.87275, -23.47892 ], [ -46.87252, -23.47893 ], [ -46.87163, -23.47945 ], [ -46.87146, -23.47985 ], [ -46.87144, -23.48067 ], [ -46.87233, -23.48185 ], [ -46.87295, -23.48326 ], [ -46.87327, -23.48351 ], [ -46.87303, -23.4839 ] ] ] } },
{ "type": "Feature", "properties": { "km2": 0.021 }, "geometry": { "type": "Polygon", "coordinates": [ [ [ -46.85275, -23.48196 ], [ -46.8529, -23.48222 ], [ -46.85292, -23.48275 ], [ -46.85228, -23.48364 ], [ -46.8518, -23.4832 ], [ -46.85101, -23.48274 ], [ -46.85183, -23.48204 ], [ -46.85247, -23.48215 ], [ -46.85275, -23.48196 ] ] ] } },
{ "type": "Feature", "properties": { "km2": 0.542 }, "geometry": { "type": "Polygon", "coordinates": [ [ [ -46.86032, -23.50534 ], [ -46.86018, -23.50535 ], [ -46.85986, -23.50595 ], [ -46.85927, -23.50659 ], [ -46.85655, -23.50909 ], [ -46.85573, -23.50969 ], [ -46.85457, -23.51025 ], [ -46.85332, -23.51063 ], [ -46.85226, -23.51079 ], [ -46.84264, -23.51092 ], [ -46.83583, -23.5112 ], [ -46.8335, -23.51218 ], [ -46.83287, -23.51262 ], [ -46.83233, -23.51322 ], [ -46.83202, -23.51322 ], [ -46.82944, -23.5142 ], [ -46.82793, -23.51431 ], [ -46.81865, -23.51439 ], [ -46.81667, -23.51422 ], [ -46.81615, -23.5143 ], [ -46.81618, -23.51368 ], [ -46.82873, -23.51358 ], [ -46.83104, -23.51294 ], [ -46.83226, -23.5123 ], [ -46.83306, -23.51163 ], [ -46.83414, -23.51106 ], [ -46.83531, -23.51062 ], [ -46.83641, -23.5104 ], [ -46.85195, -23.51011 ], [ -46.85288, -23.51003 ], [ -46.85444, -23.50955 ], [ -46.85578, -23.50885 ], [ -46.85843, -23.50636 ], [ -46.85937, -23.50532 ], [ -46.85963, -23.50495 ], [ -46.85978, -23.50434 ], [ -46.86004, -23.50196 ], [ -46.86106, -23.50031 ], [ -46.86208, -23.49947 ], [ -46.8641, -23.49839 ], [ -46.865, -23.49766 ], [ -46.86556, -23.49697 ], [ -46.86594, -23.49559 ], [ -46.86584, -23.49389 ], [ -46.86603, -23.49211 ], [ -46.86652, -23.49118 ], [ -46.86771, -23.48978 ], [ -46.8689, -23.48883 ], [ -46.8714, -23.48759 ], [ -46.87191, -23.48822 ], [ -46.86868, -23.4897 ], [ -46.86771, -23.49056 ], [ -46.86706, -23.49146 ], [ -46.86668, -23.49239 ], [ -46.86652, -23.49323 ], [ -46.86646, -23.49625 ], [ -46.86594, -23.49749 ], [ -46.86523, -23.49847 ], [ -46.8644, -23.49905 ], [ -46.86216, -23.50026 ], [ -46.86146, -23.50095 ], [ -46.86073, -23.50217 ], [ -46.86041, -23.50523 ], [ -46.86087, -23.50555 ], [ -46.86081, -23.50567 ], [ -46.86049, -23.50556 ], [ -46.86032, -23.50534 ] ] ] } },
{ "type": "Feature", "properties": { "km2": 0.084 }, "geometry": { "type": "Polygon", "coordinates": [ [ [ -46.81055, -23.44475 ], [ -46.81009, -23.44524 ], [ -46.80964, -23.44636 ], [ -46.80973, -23.44703 ], [ -46.80958, -23.44712 ], [ -46.80968, -23.44769 ], [ -46.80958, -23.4481 ], [ -46.80902, -23.44901 ], [ -46.80915, -23.44987 ], [ -46.80944, -23.45053 ], [ -46.80896, -23.45143 ], [ -46.80887, -23.45183 ], [ -46.80901, -23.45198 ], [ -46.80888, -23.4525 ], [ -46.80877, -23.45267 ], [ -46.8087, -23.45262 ], [ -46.80855, -23.45215 ], [ -46.80837, -23.45262 ], [ -46.8081, -23.45285 ], [ -46.80821, -23.45232 ], [ -46.80862, -23.4516 ], [ -46.80856, -23.45019 ], [ -46.80885, -23.44985 ], [ -46.80887, -23.4493 ], [ -46.80863, -23.44913 ], [ -46.80815, -23.44936 ], [ -46.80901, -23.4487 ], [ -46.80913, -23.44796 ], [ -46.80822, -23.44653 ], [ -46.80713, -23.44646 ], [ -46.80809, -23.44567 ], [ -46.80851, -23.44557 ], [ -46.80956, -23.44419 ], [ -46.81009, -23.44419 ], [ -46.81043, -23.44442 ], [ -46.81055, -23.44475 ] ] ] } },
{ "type": "Feature", "properties": { "km2": 0.041 }, "geometry": { "type": "Polygon", "coordinates": [ [ [ -46.78729, -23.48432 ], [ -46.78679, -23.4844 ], [ -46.78611, -23.48429 ], [ -46.78595, -23.48394 ], [ -46.78641, -23.4821 ], [ -46.78673, -23.48156 ], [ -46.78695, -23.48146 ], [ -46.78738, -23.4815 ], [ -46.78764, -23.48177 ], [ -46.78729, -23.48432 ] ] ] } },
{ "type": "Feature", "properties": { "km2": 0.02 }, "geometry": { "type": "Polygon", "coordinates": [ [ [ -46.75561, -23.49614 ], [ -46.75566, -23.49649 ], [ -46.75614, -23.49671 ], [ -46.75726, -23.49779 ], [ -46.75744, -23.49823 ], [ -46.75744, -23.49911 ], [ -46.75731, -23.49954 ], [ -46.75742, -23.49971 ], [ -46.75768, -23.49983 ], [ -46.75906, -23.49975 ], [ -46.7598, -23.49989 ], [ -46.76033, -23.50095 ], [ -46.76168, -23.50174 ], [ -46.76269, -23.50387 ], [ -46.76392, -23.50565 ], [ -46.76405, -23.50644 ], [ -46.76322, -23.50758 ], [ -46.76278, -23.50849 ], [ -46.76279, -23.50876 ], [ -46.763, -23.50904 ], [ -46.76272, -23.50883 ], [ -46.76268, -23.50847 ], [ -46.7633, -23.50727 ], [ -46.76393, -23.50641 ], [ -46.76382, -23.5057 ], [ -46.76214, -23.50311 ], [ -46.76156, -23.5018 ], [ -46.76034, -23.50102 ], [ -46.75982, -23.50007 ], [ -46.75923, -23.49983 ], [ -46.75795, -23.49996 ], [ -46.75731, -23.49973 ], [ -46.7572, -23.49945 ], [ -46.75729, -23.49808 ], [ -46.7561, -23.49675 ], [ -46.75553, -23.49648 ], [ -46.7555, -23.49609 ], [ -46.75561, -23.49614 ] ] ] } },
{ "type": "Feature", "properties": { "km2": 0.08 }, "geometry": { "type": "Polygon", "coordinates": [ [ [ -46.76844, -23.36375 ], [ -46.76799, -23.3639 ], [ -46.76625, -23.3652 ], [ -46.76509, -23.36522 ], [ -46.76443, -23.36601 ], [ -46.76368, -23.36625 ], [ -46.76279, -23.36636 ], [ -46.76287, -23.36551 ], [ -46.76206, -23.36515 ], [ -46.76242, -23.365 ], [ -46.76308, -23.36499 ], [ -46.76384, -23.36519 ], [ -46.76395, -23.36509 ], [ -46.76393, -23.3644 ], [ -46.76342, -23.36413 ], [ -46.76356, -23.3638 ], [ -46.7648, -23.36424 ], [ -46.7655, -23.36411 ], [ -46.76616, -23.36431 ], [ -46.76649, -23.36417 ], [ -46.76669, -23.3637 ], [ -46.76725, -23.36337 ], [ -46.76754, -23.36261 ], [ -46.76798, -23.36274 ], [ -46.76777, -23.36331 ], [ -46.76838, -23.36334 ], [ -46.76844, -23.36375 ] ] ] } },
{ "type": "Feature", "properties": { "km2": 0.027 }, "geometry": { "type": "Polygon", "coordinates": [ [ [ -46.75054, -23.3638 ], [ -46.75042, -23.36411 ], [ -46.75008, -23.36441 ], [ -46.74942, -23.36409 ], [ -46.74885, -23.36345 ], [ -46.74832, -23.36257 ], [ -46.74849, -23.36216 ], [ -46.74875, -23.36197 ], [ -46.75009, -23.36349 ], [ -46.75054, -23.3638 ] ] ] } },
{ "type": "Feature", "properties": { "km2": 0.085 }, "geometry": { "type": "Polygon", "coordinates": [ [ [ -46.86843, -23.36352 ], [ -46.86836, -23.36383 ], [ -46.86847, -23.3645 ], [ -46.86805, -23.36453 ], [ -46.86796, -23.3646 ], [ -46.86812, -23.36466 ], [ -46.86778, -23.36479 ], [ -46.86759, -23.36481 ], [ -46.86759, -23.36457 ], [ -46.86666, -23.3647 ], [ -46.86577, -23.36429 ], [ -46.86554, -23.36406 ], [ -46.8652, -23.36399 ], [ -46.86512, -23.36382 ], [ -46.86458, -23.36352 ], [ -46.86408, -23.36368 ], [ -46.86315, -23.36322 ], [ -46.8632, -23.36288 ], [ -46.86243, -23.36257 ], [ -46.86256, -23.36239 ], [ -46.86231, -23.36195 ], [ -46.86259, -23.3617 ], [ -46.8637, -23.36157 ], [ -46.86388, -23.3625 ], [ -46.86565, -23.36273 ], [ -46.86712, -23.36353 ], [ -46.86843, -23.36352 ] ] ] } },
{ "type": "Feature", "properties": { "km2": 0.157 }, "geometry": { "type": "Polygon", "coordinates": [ [ [ -46.394, -23.30572 ], [ -46.39414, -23.30587 ], [ -46.39387, -23.30646 ], [ -46.39398, -23.30685 ], [ -46.39426, -23.307 ], [ -46.39363, -23.30745 ], [ -46.39339, -23.3075 ], [ -46.39316, -23.30735 ], [ -46.39267, -23.30742 ], [ -46.39263, -23.30781 ], [ -46.39216, -23.30795 ], [ -46.39196, -23.30827 ], [ -46.39143, -23.30811 ], [ -46.39093, -23.30851 ], [ -46.38985, -23.30751 ], [ -46.38782, -23.30694 ], [ -46.38771, -23.30651 ], [ -46.38778, -23.30581 ], [ -46.38796, -23.30573 ], [ -46.38864, -23.30593 ], [ -46.38879, -23.30578 ], [ -46.38892, -23.30492 ], [ -46.38919, -23.30451 ], [ -46.38982, -23.30424 ], [ -46.38984, -23.30405 ], [ -46.38997, -23.30425 ], [ -46.38987, -23.30443 ], [ -46.38996, -23.30473 ], [ -46.39023, -23.3052 ], [ -46.3905, -23.30536 ], [ -46.39131, -23.30526 ], [ -46.39144, -23.30558 ], [ -46.39267, -23.30586 ], [ -46.3933, -23.30591 ], [ -46.394, -23.30572 ] ] ] } },
{ "type": "Feature", "properties": { "km2": 0.021 }, "geometry": { "type": "Polygon", "coordinates": [ [ [ -46.39594, -23.32429 ], [ -46.39565, -23.32469 ], [ -46.39523, -23.32464 ], [ -46.39504, -23.32406 ], [ -46.39505, -23.32355 ], [ -46.39522, -23.32335 ], [ -46.39485, -23.32301 ], [ -46.39438, -23.32304 ], [ -46.39437, -23.32248 ], [ -46.39465, -23.3226 ], [ -46.3946, -23.32287 ], [ -46.3952, -23.32296 ], [ -46.39565, -23.32276 ], [ -46.39588, -23.32286 ], [ -46.39592, -23.32305 ], [ -46.39573, -23.32321 ], [ -46.39603, -23.32329 ], [ -46.39618, -23.3239 ], [ -46.39606, -23.32387 ], [ -46.39594, -23.32429 ] ] ] } },
{ "type": "Feature", "properties": { "km2": 0.024 }, "geometry": { "type": "Polygon", "coordinates": [ [ [ -46.40577, -23.35998 ], [ -46.4058, -23.36172 ], [ -46.40517, -23.36238 ], [ -46.40469, -23.36247 ], [ -46.40447, -23.36214 ], [ -46.40477, -23.36171 ], [ -46.40538, -23.36002 ], [ -46.40595, -23.35918 ], [ -46.40614, -23.35916 ], [ -46.40612, -23.35943 ], [ -46.40577, -23.35998 ] ] ] } },
{ "type": "Feature", "properties": { "km2": 0.099 }, "geometry": { "type": "Polygon", "coordinates": [ [ [ -46.22115, -23.33332 ], [ -46.22124, -23.33419 ], [ -46.22074, -23.33436 ], [ -46.22103, -23.334 ], [ -46.22093, -23.3338 ], [ -46.22059, -23.33365 ], [ -46.22009, -23.33397 ], [ -46.21942, -23.33398 ], [ -46.21918, -23.3344 ], [ -46.21917, -23.33536 ], [ -46.21876, -23.33525 ], [ -46.2185, -23.33457 ], [ -46.21898, -23.3336 ], [ -46.21895, -23.33326 ], [ -46.21927, -23.33226 ], [ -46.21962, -23.33194 ], [ -46.22036, -23.33084 ], [ -46.22079, -23.33054 ], [ -46.221, -23.32993 ], [ -46.22232, -23.33066 ], [ -46.22214, -23.33141 ], [ -46.22115, -23.33332 ] ] ] } },
{ "type": "Feature", "properties": { "km2": 0.028 }, "geometry": { "type": "Polygon", "coordinates": [ [ [ -46.2373, -23.37364 ], [ -46.23736, -23.37399 ], [ -46.23608, -23.37487 ], [ -46.23534, -23.37451 ], [ -46.23531, -23.37391 ], [ -46.23489, -23.3737 ], [ -46.2348, -23.37346 ], [ -46.23497, -23.37295 ], [ -46.23531, -23.37289 ], [ -46.23576, -23.3732 ], [ -46.23573, -23.37367 ], [ -46.23587, -23.37377 ], [ -46.23708, -23.37348 ], [ -46.2373, -23.37364 ] ] ] } },
{ "type": "Feature", "properties": { "km2": 0.043 }, "geometry": { "type": "Polygon", "coordinates": [ [ [ -46.21659, -23.42016 ], [ -46.21767, -23.42081 ], [ -46.21782, -23.42102 ], [ -46.21749, -23.42257 ], [ -46.21723, -23.42303 ], [ -46.21686, -23.4229 ], [ -46.2162, -23.42162 ], [ -46.21551, -23.42116 ], [ -46.21561, -23.42067 ], [ -46.21579, -23.42045 ], [ -46.21659, -23.42016 ] ] ] } },
{ "type": "Feature", "properties": { "km2": 0.024 }, "geometry": { "type": "Polygon", "coordinates": [ [ [ -46.22644, -23.40181 ], [ -46.22556, -23.40396 ], [ -46.22543, -23.40399 ], [ -46.2254, -23.40363 ], [ -46.22513, -23.4035 ], [ -46.22515, -23.40271 ], [ -46.22499, -23.40198 ], [ -46.22537, -23.40159 ], [ -46.22578, -23.40152 ], [ -46.22637, -23.40157 ], [ -46.22644, -23.40181 ] ] ] } },
{ "type": "Feature", "properties": { "km2": 0.029 }, "geometry": { "type": "Polygon", "coordinates": [ [ [ -46.20528, -23.39959 ], [ -46.20545, -23.40006 ], [ -46.2054, -23.40079 ], [ -46.20472, -23.40141 ], [ -46.20413, -23.40134 ], [ -46.20377, -23.40105 ], [ -46.20383, -23.4009 ], [ -46.2036, -23.40063 ], [ -46.20359, -23.40042 ], [ -46.2039, -23.39989 ], [ -46.20491, -23.39958 ], [ -46.20528, -23.39959 ] ] ] } },
{ "type": "Feature", "properties": { "km2": 0.027 }, "geometry": { "type": "Polygon", "coordinates": [ [ [ -46.20407, -23.40747 ], [ -46.20403, -23.40804 ], [ -46.20343, -23.40836 ], [ -46.20243, -23.40853 ], [ -46.20272, -23.40829 ], [ -46.20212, -23.40845 ], [ -46.20219, -23.40725 ], [ -46.20271, -23.40693 ], [ -46.20293, -23.40689 ], [ -46.20407, -23.40747 ] ] ] } },
{ "type": "Feature", "properties": { "km2": 0.029 }, "geometry": { "type": "Polygon", "coordinates": [ [ [ -46.20822, -23.41187 ], [ -46.20843, -23.41227 ], [ -46.20818, -23.41271 ], [ -46.20886, -23.41337 ], [ -46.20885, -23.41356 ], [ -46.20846, -23.41374 ], [ -46.20836, -23.41415 ], [ -46.20798, -23.41402 ], [ -46.20724, -23.41328 ], [ -46.20696, -23.41266 ], [ -46.2072, -23.41192 ], [ -46.20748, -23.41178 ], [ -46.20787, -23.41199 ], [ -46.20822, -23.41187 ] ] ] } },
{ "type": "Feature", "properties": { "km2": 0.032 }, "geometry": { "type": "Polygon", "coordinates": [ [ [ -46.20961, -23.41379 ], [ -46.21018, -23.41433 ], [ -46.2101, -23.4151 ], [ -46.21028, -23.41546 ], [ -46.21009, -23.41555 ], [ -46.21017, -23.41584 ], [ -46.21006, -23.41597 ], [ -46.20967, -23.41595 ], [ -46.20894, -23.41532 ], [ -46.20895, -23.41512 ], [ -46.2085, -23.41488 ], [ -46.20842, -23.41453 ], [ -46.20854, -23.41412 ], [ -46.20905, -23.41363 ], [ -46.20961, -23.41379 ] ] ] } },
{ "type": "Feature", "properties": { "km2": 0.06 }, "geometry": { "type": "Polygon", "coordinates": [ [ [ -46.21408, -23.41486 ], [ -46.21415, -23.41512 ], [ -46.21441, -23.41533 ], [ -46.21472, -23.41682 ], [ -46.21388, -23.41694 ], [ -46.21238, -23.41674 ], [ -46.21198, -23.41652 ], [ -46.21154, -23.41651 ], [ -46.21121, -23.41628 ], [ -46.21105, -23.41598 ], [ -46.21163, -23.41564 ], [ -46.21172, -23.4154 ], [ -46.21211, -23.41509 ], [ -46.2124, -23.415 ], [ -46.21243, -23.41516 ], [ -46.2129, -23.41514 ], [ -46.21329, -23.41487 ], [ -46.21408, -23.41486 ] ] ] } },
{ "type": "Feature", "properties": { "km2": 0.029 }, "geometry": { "type": "Polygon", "coordinates": [ [ [ -46.20572, -23.39653 ], [ -46.20564, -23.39753 ], [ -46.2055, -23.39766 ], [ -46.20543, -23.3981 ], [ -46.20501, -23.39816 ], [ -46.20453, -23.39793 ], [ -46.20422, -23.397 ], [ -46.20414, -23.39605 ], [ -46.20433, -23.39588 ], [ -46.20572, -23.39653 ] ] ] } },
{ "type": "Feature", "properties": { "km2": 0.041 }, "geometry": { "type": "Polygon", "coordinates": [ [ [ -46.21145, -23.39167 ], [ -46.21201, -23.39282 ], [ -46.21269, -23.39285 ], [ -46.21257, -23.39319 ], [ -46.21139, -23.39378 ], [ -46.21088, -23.39464 ], [ -46.21009, -23.3946 ], [ -46.21035, -23.39339 ], [ -46.21069, -23.39335 ], [ -46.21069, -23.39228 ], [ -46.21087, -23.39164 ], [ -46.21145, -23.39167 ] ] ] } },
{ "type": "Feature", "properties": { "km2": 0.039 }, "geometry": { "type": "Polygon", "coordinates": [ [ [ -46.20804, -23.39159 ], [ -46.20767, -23.39285 ], [ -46.20747, -23.39307 ], [ -46.20658, -23.3934 ], [ -46.20619, -23.39321 ], [ -46.20597, -23.39242 ], [ -46.20604, -23.39147 ], [ -46.20634, -23.39126 ], [ -46.20668, -23.39124 ], [ -46.20763, -23.39133 ], [ -46.20804, -23.39159 ] ] ] } },
{ "type": "Feature", "properties": { "km2": 0.029 }, "geometry": { "type": "Polygon", "coordinates": [ [ [ -46.20715, -23.38969 ], [ -46.2075, -23.39001 ], [ -46.20752, -23.39035 ], [ -46.20706, -23.39031 ], [ -46.20629, -23.39063 ], [ -46.20613, -23.39051 ], [ -46.20495, -23.39088 ], [ -46.20437, -23.39062 ], [ -46.20444, -23.38991 ], [ -46.20473, -23.38976 ], [ -46.20483, -23.38988 ], [ -46.20501, -23.38977 ], [ -46.2061, -23.38979 ], [ -46.20674, -23.38962 ], [ -46.20715, -23.38969 ] ] ] } },
{ "type": "Feature", "properties": { "km2": 0.03 }, "geometry": { "type": "Polygon", "coordinates": [ [ [ -46.32991, -23.50552 ], [ -46.32974, -23.50552 ], [ -46.32971, -23.50534 ], [ -46.32987, -23.50453 ], [ -46.32954, -23.504 ], [ -46.32958, -23.50356 ], [ -46.32938, -23.50321 ], [ -46.33017, -23.50277 ], [ -46.33039, -23.50236 ], [ -46.33043, -23.50185 ], [ -46.33009, -23.50123 ], [ -46.33004, -23.50073 ], [ -46.3304, -23.49993 ], [ -46.3307, -23.49984 ], [ -46.3311, -23.5 ], [ -46.33141, -23.50024 ], [ -46.33153, -23.50098 ], [ -46.33206, -23.50116 ], [ -46.33233, -23.501 ], [ -46.33241, -23.50007 ], [ -46.33258, -23.49966 ], [ -46.33301, -23.49937 ], [ -46.33343, -23.4994 ], [ -46.3337, -23.49976 ], [ -46.33365, -23.50111 ], [ -46.33393, -23.50139 ], [ -46.33424, -23.50109 ], [ -46.33416, -23.50044 ], [ -46.3343, -23.50019 ], [ -46.33487, -23.50035 ], [ -46.33518, -23.50092 ], [ -46.3359, -23.50086 ], [ -46.33598, -23.50066 ], [ -46.33578, -23.50052 ], [ -46.33585, -23.50043 ], [ -46.33618, -23.50048 ], [ -46.33619, -23.5009 ], [ -46.33583, -23.50108 ], [ -46.33528, -23.5011 ], [ -46.335, -23.501 ], [ -46.33479, -23.50052 ], [ -46.33442, -23.50036 ], [ -46.33431, -23.50054 ], [ -46.33435, -23.5012 ], [ -46.33415, -23.50146 ], [ -46.33387, -23.50151 ], [ -46.33348, -23.50113 ], [ -46.33358, -23.49977 ], [ -46.33346, -23.49957 ], [ -46.33305, -23.49953 ], [ -46.33279, -23.49971 ], [ -46.33259, -23.50009 ], [ -46.33248, -23.50103 ], [ -46.33205, -23.50128 ], [ -46.33142, -23.50106 ], [ -46.33125, -23.50032 ], [ -46.33087, -23.50001 ], [ -46.3306, -23.50001 ], [ -46.3302, -23.50089 ], [ -46.33025, -23.50124 ], [ -46.33056, -23.5018 ], [ -46.33058, -23.50226 ], [ -46.3303, -23.50279 ], [ -46.32955, -23.50321 ], [ -46.32974, -23.504 ], [ -46.33004, -23.50446 ], [ -46.32991, -23.50552 ] ] ] } },
{ "type": "Feature", "properties": { "km2": 0.301 }, "geometry": { "type": "Polygon", "coordinates": [ [ [ -46.32922, -23.49245 ], [ -46.3285, -23.49385 ], [ -46.32799, -23.49419 ], [ -46.32737, -23.49506 ], [ -46.32706, -23.49521 ], [ -46.32637, -23.495 ], [ -46.32599, -23.49557 ], [ -46.32549, -23.49534 ], [ -46.32546, -23.49514 ], [ -46.32583, -23.4946 ], [ -46.3259, -23.49426 ], [ -46.32625, -23.49391 ], [ -46.32667, -23.49387 ], [ -46.3269, -23.49365 ], [ -46.32703, -23.49326 ], [ -46.32678, -23.49367 ], [ -46.32655, -23.4938 ], [ -46.32634, -23.49373 ], [ -46.32636, -23.49343 ], [ -46.32608, -23.49327 ], [ -46.32648, -23.49263 ], [ -46.32679, -23.49242 ], [ -46.32701, -23.49245 ], [ -46.32726, -23.49172 ], [ -46.32748, -23.49162 ], [ -46.32734, -23.49137 ], [ -46.32752, -23.49114 ], [ -46.32746, -23.49105 ], [ -46.32756, -23.49105 ], [ -46.32752, -23.4902 ], [ -46.32787, -23.48948 ], [ -46.32798, -23.48946 ], [ -46.3283, -23.48985 ], [ -46.3284, -23.48947 ], [ -46.32815, -23.48928 ], [ -46.32827, -23.48894 ], [ -46.32923, -23.48869 ], [ -46.32934, -23.48855 ], [ -46.32832, -23.48862 ], [ -46.32787, -23.48879 ], [ -46.32773, -23.48862 ], [ -46.32779, -23.48802 ], [ -46.3282, -23.48788 ], [ -46.32823, -23.48774 ], [ -46.32798, -23.48731 ], [ -46.328, -23.48701 ], [ -46.32773, -23.48693 ], [ -46.3277, -23.48665 ], [ -46.32784, -23.48646 ], [ -46.32778, -23.48588 ], [ -46.32754, -23.48591 ], [ -46.32737, -23.4861 ], [ -46.32732, -23.48601 ], [ -46.32785, -23.48567 ], [ -46.32777, -23.48541 ], [ -46.32741, -23.48516 ], [ -46.32741, -23.48491 ], [ -46.3273, -23.48495 ], [ -46.32744, -23.48464 ], [ -46.32766, -23.48454 ], [ -46.32765, -23.48431 ], [ -46.32787, -23.48404 ], [ -46.32754, -23.48381 ], [ -46.32754, -23.48351 ], [ -46.32736, -23.48335 ], [ -46.32747, -23.4831 ], [ -46.32797, -23.48272 ], [ -46.32858, -23.483 ], [ -46.32884, -23.48348 ], [ -46.32882, -23.48362 ], [ -46.32847, -23.48354 ], [ -46.32802, -23.48376 ], [ -46.32815, -23.48384 ], [ -46.32854, -23.48366 ], [ -46.32885, -23.48379 ], [ -46.3292, -23.48371 ], [ -46.32971, -23.48449 ], [ -46.33002, -23.48681 ], [ -46.33032, -23.487 ], [ -46.33038, -23.48719 ], [ -46.33017, -23.48719 ], [ -46.33013, -23.48736 ], [ -46.3306, -23.48871 ], [ -46.33043, -23.48895 ], [ -46.32996, -23.48851 ], [ -46.33002, -23.48885 ], [ -46.32972, -23.48864 ], [ -46.32979, -23.48887 ], [ -46.33015, -23.48916 ], [ -46.33022, -23.48958 ], [ -46.33052, -23.48989 ], [ -46.33015, -23.49016 ], [ -46.32922, -23.49245 ] ] ] } },
{ "type": "Feature", "properties": { "km2": 0.047 }, "geometry": { "type": "Polygon", "coordinates": [ [ [ -46.33425, -23.48734 ], [ -46.33402, -23.48644 ], [ -46.33426, -23.48465 ], [ -46.33438, -23.4845 ], [ -46.33465, -23.48449 ], [ -46.33488, -23.48468 ], [ -46.33505, -23.48447 ], [ -46.33467, -23.48409 ], [ -46.33446, -23.48406 ], [ -46.33468, -23.48401 ], [ -46.33462, -23.48369 ], [ -46.33439, -23.48369 ], [ -46.33435, -23.48351 ], [ -46.3345, -23.48277 ], [ -46.33464, -23.48281 ], [ -46.33473, -23.48262 ], [ -46.33483, -23.48276 ], [ -46.33454, -23.4833 ], [ -46.33473, -23.48387 ], [ -46.33498, -23.48404 ], [ -46.3351, -23.48451 ], [ -46.33533, -23.48468 ], [ -46.33518, -23.48528 ], [ -46.33535, -23.48542 ], [ -46.33504, -23.48577 ], [ -46.33502, -23.48598 ], [ -46.33555, -23.48611 ], [ -46.33549, -23.48657 ], [ -46.33518, -23.4867 ], [ -46.33547, -23.48687 ], [ -46.33542, -23.48718 ], [ -46.33586, -23.48703 ], [ -46.33572, -23.48715 ], [ -46.33588, -23.48742 ], [ -46.33568, -23.48744 ], [ -46.33555, -23.48723 ], [ -46.3353, -23.48715 ], [ -46.335, -23.48719 ], [ -46.33462, -23.48755 ], [ -46.33469, -23.48769 ], [ -46.33447, -23.48804 ], [ -46.33399, -23.48814 ], [ -46.33389, -23.48805 ], [ -46.33394, -23.48755 ], [ -46.33453, -23.48756 ], [ -46.33416, -23.48745 ], [ -46.33425, -23.48734 ] ] ] } },
{ "type": "Feature", "properties": { "km2": 0.063 }, "geometry": { "type": "Polygon", "coordinates": [ [ [ -46.33508, -23.47223 ], [ -46.335, -23.47264 ], [ -46.33475, -23.47286 ], [ -46.33449, -23.47345 ], [ -46.33376, -23.47385 ], [ -46.33316, -23.47534 ], [ -46.33302, -23.47548 ], [ -46.33277, -23.47542 ], [ -46.33291, -23.47514 ], [ -46.33236, -23.47459 ], [ -46.33219, -23.47401 ], [ -46.33221, -23.47305 ], [ -46.33293, -23.47293 ], [ -46.33349, -23.47196 ], [ -46.33401, -23.4717 ], [ -46.33448, -23.47178 ], [ -46.33464, -23.47129 ], [ -46.33508, -23.47223 ] ] ] } },
{ "type": "Feature", "properties": { "km2": 0.02 }, "geometry": { "type": "Polygon", "coordinates": [ [ [ -46.28692, -23.45552 ], [ -46.28665, -23.456 ], [ -46.28584, -23.4557 ], [ -46.2855, -23.45543 ], [ -46.28564, -23.45447 ], [ -46.28549, -23.4542 ], [ -46.28567, -23.45391 ], [ -46.28596, -23.45392 ], [ -46.28612, -23.45353 ], [ -46.28634, -23.4536 ], [ -46.2863, -23.45477 ], [ -46.28692, -23.45552 ] ] ] } },
{ "type": "Feature", "properties": { "km2": 0.037 }, "geometry": { "type": "Polygon", "coordinates": [ [ [ -46.25658, -23.36814 ], [ -46.25635, -23.36882 ], [ -46.25558, -23.36908 ], [ -46.25439, -23.36856 ], [ -46.25433, -23.36799 ], [ -46.25338, -23.36737 ], [ -46.25336, -23.36717 ], [ -46.25346, -23.36693 ], [ -46.25476, -23.36722 ], [ -46.25535, -23.36751 ], [ -46.25555, -23.36778 ], [ -46.25658, -23.36814 ] ] ] } },
{ "type": "Feature", "properties": { "km2": 0.075 }, "geometry": { "type": "Polygon", "coordinates": [ [ [ -46.26452, -23.37785 ], [ -46.26504, -23.37713 ], [ -46.26537, -23.37731 ], [ -46.26573, -23.37699 ], [ -46.26772, -23.37827 ], [ -46.268, -23.37826 ], [ -46.26837, -23.37846 ], [ -46.26897, -23.37894 ], [ -46.26908, -23.3793 ], [ -46.26894, -23.37982 ], [ -46.26939, -23.38038 ], [ -46.26946, -23.38071 ], [ -46.26925, -23.38096 ], [ -46.2689, -23.38085 ], [ -46.26662, -23.37894 ], [ -46.26452, -23.37785 ] ] ] } },
{ "type": "Feature", "properties": { "km2": 0.025 }, "geometry": { "type": "Polygon", "coordinates": [ [ [ -46.27994, -23.38606 ], [ -46.28036, -23.38549 ], [ -46.28035, -23.38531 ], [ -46.28097, -23.38517 ], [ -46.2809, -23.3844 ], [ -46.28109, -23.38429 ], [ -46.28127, -23.38433 ], [ -46.28136, -23.38453 ], [ -46.28172, -23.38458 ], [ -46.28191, -23.38509 ], [ -46.28172, -23.38538 ], [ -46.2816, -23.38595 ], [ -46.28051, -23.38641 ], [ -46.27994, -23.38606 ] ] ] } },
{ "type": "Feature", "properties": { "km2": 0.064 }, "geometry": { "type": "Polygon", "coordinates": [ [ [ -46.40932, -23.41575 ], [ -46.40908, -23.41556 ], [ -46.40867, -23.41549 ], [ -46.40865, -23.41532 ], [ -46.40868, -23.41485 ], [ -46.4089, -23.41468 ], [ -46.409, -23.41434 ], [ -46.4089, -23.41417 ], [ -46.40897, -23.41396 ], [ -46.40925, -23.41371 ], [ -46.40906, -23.41337 ], [ -46.40915, -23.41287 ], [ -46.40956, -23.41282 ], [ -46.4098, -23.41293 ], [ -46.40997, -23.41311 ], [ -46.41006, -23.41367 ], [ -46.41035, -23.41409 ], [ -46.41045, -23.41404 ], [ -46.4104, -23.41389 ], [ -46.41018, -23.41359 ], [ -46.41026, -23.41323 ], [ -46.41055, -23.41329 ], [ -46.41119, -23.41304 ], [ -46.41123, -23.41317 ], [ -46.41178, -23.41307 ], [ -46.41212, -23.4134 ], [ -46.41241, -23.41343 ], [ -46.41247, -23.41387 ], [ -46.41234, -23.4139 ], [ -46.41228, -23.41371 ], [ -46.41202, -23.41401 ], [ -46.41226, -23.41408 ], [ -46.41209, -23.41424 ], [ -46.41184, -23.41405 ], [ -46.41152, -23.41421 ], [ -46.41105, -23.4141 ], [ -46.41069, -23.41442 ], [ -46.41048, -23.41418 ], [ -46.41039, -23.41423 ], [ -46.41048, -23.41472 ], [ -46.41078, -23.41498 ], [ -46.41077, -23.41515 ], [ -46.4105, -23.41515 ], [ -46.41064, -23.41529 ], [ -46.41034, -23.41548 ], [ -46.40981, -23.41521 ], [ -46.40964, -23.41564 ], [ -46.40932, -23.41575 ] ] ] } },
{ "type": "Feature", "properties": { "km2": 0.671 }, "geometry": { "type": "Polygon", "coordinates": [ [ [ -46.39175, -23.48045 ], [ -46.39261, -23.4807 ], [ -46.39243, -23.48082 ], [ -46.39204, -23.48064 ], [ -46.39154, -23.48075 ], [ -46.39003, -23.48207 ], [ -46.38911, -23.48248 ], [ -46.38834, -23.48241 ], [ -46.38743, -23.48192 ], [ -46.38679, -23.48049 ], [ -46.38621, -23.47997 ], [ -46.38616, -23.47966 ], [ -46.3862, -23.47904 ], [ -46.38651, -23.47849 ], [ -46.38645, -23.47751 ], [ -46.38659, -23.47716 ], [ -46.38658, -23.47664 ], [ -46.38678, -23.47625 ], [ -46.38621, -23.47584 ], [ -46.38627, -23.47549 ], [ -46.38659, -23.47503 ], [ -46.38657, -23.47471 ], [ -46.38637, -23.47453 ], [ -46.38602, -23.47455 ], [ -46.38549, -23.47527 ], [ -46.38469, -23.47558 ], [ -46.38359, -23.47554 ], [ -46.38329, -23.47529 ], [ -46.38309, -23.47479 ], [ -46.38323, -23.47458 ], [ -46.38414, -23.47436 ], [ -46.38423, -23.47419 ], [ -46.38402, -23.47377 ], [ -46.38347, -23.47338 ], [ -46.38323, -23.47294 ], [ -46.38232, -23.47229 ], [ -46.38178, -23.47222 ], [ -46.38136, -23.472 ], [ -46.38097, -23.47112 ], [ -46.38084, -23.47106 ], [ -46.37993, -23.47132 ], [ -46.37935, -23.47117 ], [ -46.37919, -23.47098 ], [ -46.37912, -23.47068 ], [ -46.37925, -23.47022 ], [ -46.37966, -23.46988 ], [ -46.37997, -23.46984 ], [ -46.38008, -23.46969 ], [ -46.37997, -23.46946 ], [ -46.37903, -23.46979 ], [ -46.37734, -23.46977 ], [ -46.37709, -23.46999 ], [ -46.37714, -23.47042 ], [ -46.37792, -23.47141 ], [ -46.37847, -23.47253 ], [ -46.37846, -23.47309 ], [ -46.37831, -23.47333 ], [ -46.37772, -23.47364 ], [ -46.37724, -23.47349 ], [ -46.37714, -23.47313 ], [ -46.37752, -23.47242 ], [ -46.37759, -23.47198 ], [ -46.37748, -23.4716 ], [ -46.37716, -23.47127 ], [ -46.37623, -23.47125 ], [ -46.37587, -23.47148 ], [ -46.37591, -23.47172 ], [ -46.37677, -23.47242 ], [ -46.3769, -23.47279 ], [ -46.37685, -23.47311 ], [ -46.37642, -23.47334 ], [ -46.37444, -23.4733 ], [ -46.37423, -23.47318 ], [ -46.37419, -23.47295 ], [ -46.37455, -23.47216 ], [ -46.37457, -23.47148 ], [ -46.37422, -23.47128 ], [ -46.37326, -23.47161 ], [ -46.3732, -23.4718 ], [ -46.37349, -23.47279 ], [ -46.3732, -23.47315 ], [ -46.37229, -23.47365 ], [ -46.37222, -23.47388 ], [ -46.37248, -23.47423 ], [ -46.37331, -23.47475 ], [ -46.37352, -23.47504 ], [ -46.37351, -23.47554 ], [ -46.3728, -23.47601 ], [ -46.37191, -23.47612 ], [ -46.37106, -23.47575 ], [ -46.37089, -23.47533 ], [ -46.37112, -23.47425 ], [ -46.37106, -23.4738 ], [ -46.37066, -23.47364 ], [ -46.36997, -23.47364 ], [ -46.36913, -23.47388 ], [ -46.36893, -23.47412 ], [ -46.36891, -23.47434 ], [ -46.36939, -23.47514 ], [ -46.36947, -23.47551 ], [ -46.36924, -23.47601 ], [ -46.36864, -23.47659 ], [ -46.36815, -23.47687 ], [ -46.36754, -23.47674 ], [ -46.36733, -23.47645 ], [ -46.36737, -23.47606 ], [ -46.36797, -23.47494 ], [ -46.36795, -23.47466 ], [ -46.36755, -23.47406 ], [ -46.36714, -23.47398 ], [ -46.3669, -23.4742 ], [ -46.36675, -23.47497 ], [ -46.36658, -23.47516 ], [ -46.36454, -23.47634 ], [ -46.36394, -23.47643 ], [ -46.363, -23.47613 ], [ -46.36234, -23.47612 ], [ -46.36071, -23.47709 ], [ -46.36009, -23.47696 ], [ -46.35932, -23.47657 ], [ -46.3581, -23.47623 ], [ -46.35743, -23.47571 ], [ -46.35721, -23.47507 ], [ -46.35705, -23.4744 ], [ -46.3572, -23.47412 ], [ -46.35765, -23.47359 ], [ -46.35857, -23.47312 ], [ -46.35874, -23.47273 ], [ -46.35864, -23.4725 ], [ -46.35717, -23.47185 ], [ -46.35616, -23.47025 ], [ -46.35455, -23.46965 ], [ -46.35213, -23.46728 ], [ -46.35166, -23.46698 ], [ -46.35125, -23.46695 ], [ -46.35037, -23.46759 ], [ -46.35039, -23.46975 ], [ -46.34913, -23.47289 ], [ -46.34844, -23.47342 ], [ -46.348, -23.47354 ], [ -46.34746, -23.47349 ], [ -46.34715, -23.47399 ], [ -46.34721, -23.47438 ], [ -46.3478, -23.47518 ], [ -46.34889, -23.47613 ], [ -46.34926, -23.47625 ], [ -46.34976, -23.47665 ], [ -46.34968, -23.47721 ], [ -46.34851, -23.478 ], [ -46.34782, -23.47826 ], [ -46.34592, -23.47865 ], [ -46.34536, -23.4785 ], [ -46.34492, -23.47855 ], [ -46.34405, -23.47931 ], [ -46.3441, -23.47973 ], [ -46.3447, -23.48012 ], [ -46.34475, -23.48068 ], [ -46.34527, -23.48095 ], [ -46.34576, -23.48102 ], [ -46.34583, -23.48118 ], [ -46.34565, -23.48164 ], [ -46.34574, -23.48194 ], [ -46.34632, -23.48224 ], [ -46.34665, -23.48283 ], [ -46.34725, -23.48317 ], [ -46.34785, -23.48387 ], [ -46.34792, -23.48438 ], [ -46.34771, -23.48477 ], [ -46.34699, -23.48502 ], [ -46.34528, -23.48502 ], [ -46.34344, -23.48478 ], [ -46.34252, -23.48451 ], [ -46.34225, -23.48422 ], [ -46.34175, -23.48312 ], [ -46.34129, -23.48296 ], [ -46.34123, -23.48262 ], [ -46.34142, -23.48251 ], [ -46.34141, -23.48237 ], [ -46.34106, -23.48233 ], [ -46.34042, -23.48172 ], [ -46.34046, -23.48129 ], [ -46.3402, -23.48066 ], [ -46.33887, -23.48028 ], [ -46.33873, -23.48037 ], [ -46.33822, -23.48027 ], [ -46.33815, -23.47951 ], [ -46.33798, -23.47936 ], [ -46.33667, -23.47933 ], [ -46.33567, -23.47976 ], [ -46.33497, -23.47897 ], [ -46.3346, -23.47907 ], [ -46.33417, -23.47952 ], [ -46.33266, -23.48031 ], [ -46.33071, -23.48198 ], [ -46.32988, -23.48237 ], [ -46.32931, -23.48284 ], [ -46.33046, -23.48538 ], [ -46.33049, -23.48652 ], [ -46.33121, -23.48903 ], [ -46.33189, -23.49001 ], [ -46.33225, -23.49084 ], [ -46.33249, -23.49116 ], [ -46.33308, -23.49153 ], [ -46.33326, -23.49184 ], [ -46.33323, -23.49235 ], [ -46.33257, -23.4933 ], [ -46.33246, -23.49381 ], [ -46.3327, -23.49403 ], [ -46.333, -23.4941 ], [ -46.33321, -23.49398 ], [ -46.33365, -23.49331 ], [ -46.33386, -23.49321 ], [ -46.33433, -23.49331 ], [ -46.33476, -23.49377 ], [ -46.33457, -23.4942 ], [ -46.33396, -23.49476 ], [ -46.33397, -23.49511 ], [ -46.33417, -23.49525 ], [ -46.33542, -23.49512 ], [ -46.33574, -23.4955 ], [ -46.33576, -23.49576 ], [ -46.33509, -23.49678 ], [ -46.33448, -23.49709 ], [ -46.33436, -23.49746 ], [ -46.33473, -23.49817 ], [ -46.33602, -23.49913 ], [ -46.33618, -23.50048 ], [ -46.33582, -23.50035 ], [ -46.33591, -23.49954 ], [ -46.3358, -23.49909 ], [ -46.33471, -23.49849 ], [ -46.33434, -23.49806 ], [ -46.33417, -23.49756 ], [ -46.33415, -23.49723 ], [ -46.33496, -23.49661 ], [ -46.33556, -23.49572 ], [ -46.33558, -23.49548 ], [ -46.33529, -23.49527 ], [ -46.33432, -23.49536 ], [ -46.33392, -23.4952 ], [ -46.33381, -23.49503 ], [ -46.33387, -23.49457 ], [ -46.33455, -23.49384 ], [ -46.33446, -23.49359 ], [ -46.33409, -23.49338 ], [ -46.33367, -23.49347 ], [ -46.33315, -23.49429 ], [ -46.33254, -23.49415 ], [ -46.33228, -23.49387 ], [ -46.33229, -23.49343 ], [ -46.33305, -23.49216 ], [ -46.33303, -23.49178 ], [ -46.3322, -23.49115 ], [ -46.33103, -23.48924 ], [ -46.33023, -23.48661 ], [ -46.33016, -23.48522 ], [ -46.32905, -23.48278 ], [ -46.32969, -23.48225 ], [ -46.33057, -23.48191 ], [ -46.33241, -23.48035 ], [ -46.33468, -23.47892 ], [ -46.33527, -23.47899 ], [ -46.33581, -23.47962 ], [ -46.33625, -23.47935 ], [ -46.337, -23.47915 ], [ -46.33803, -23.4792 ], [ -46.33831, -23.4794 ], [ -46.33836, -23.48001 ], [ -46.33856, -23.48023 ], [ -46.33914, -23.4801 ], [ -46.33996, -23.48043 ], [ -46.34078, -23.48042 ], [ -46.34184, -23.47989 ], [ -46.34269, -23.4789 ], [ -46.34297, -23.47843 ], [ -46.34296, -23.47698 ], [ -46.3437, -23.47695 ], [ -46.34384, -23.47709 ], [ -46.34392, -23.47755 ], [ -46.34422, -23.47794 ], [ -46.3441, -23.4783 ], [ -46.34369, -23.47872 ], [ -46.34392, -23.47879 ], [ -46.34512, -23.4782 ], [ -46.34604, -23.47838 ], [ -46.34738, -23.47816 ], [ -46.3491, -23.47734 ], [ -46.34949, -23.4769 ], [ -46.34941, -23.47669 ], [ -46.34828, -23.47598 ], [ -46.34747, -23.47527 ], [ -46.34695, -23.47457 ], [ -46.34681, -23.47389 ], [ -46.34686, -23.47362 ], [ -46.34731, -23.47317 ], [ -46.34816, -23.47325 ], [ -46.34865, -23.47302 ], [ -46.34905, -23.47251 ], [ -46.35012, -23.46966 ], [ -46.35008, -23.46746 ], [ -46.35084, -23.46668 ], [ -46.35129, -23.46668 ], [ -46.35227, -23.46714 ], [ -46.35308, -23.46807 ], [ -46.35422, -23.46909 ], [ -46.35499, -23.46958 ], [ -46.35634, -23.47011 ], [ -46.35725, -23.47164 ], [ -46.35882, -23.47244 ], [ -46.3589, -23.47302 ], [ -46.35767, -23.47379 ], [ -46.35725, -23.47434 ], [ -46.35755, -23.47556 ], [ -46.35809, -23.47604 ], [ -46.3607, -23.47694 ], [ -46.36246, -23.47598 ], [ -46.36396, -23.47629 ], [ -46.36458, -23.47615 ], [ -46.36641, -23.47505 ], [ -46.36659, -23.47482 ], [ -46.36679, -23.47394 ], [ -46.367, -23.47383 ], [ -46.36761, -23.4739 ], [ -46.36808, -23.47448 ], [ -46.36806, -23.4752 ], [ -46.36744, -23.4762 ], [ -46.36745, -23.47639 ], [ -46.36782, -23.47667 ], [ -46.36831, -23.47665 ], [ -46.36906, -23.47592 ], [ -46.36928, -23.47548 ], [ -46.36924, -23.47518 ], [ -46.36871, -23.47429 ], [ -46.3689, -23.47386 ], [ -46.36942, -23.4736 ], [ -46.37053, -23.47345 ], [ -46.37105, -23.47355 ], [ -46.3712, -23.4737 ], [ -46.37126, -23.47439 ], [ -46.37106, -23.4752 ], [ -46.37122, -23.47567 ], [ -46.37192, -23.47594 ], [ -46.37275, -23.47584 ], [ -46.37326, -23.47553 ], [ -46.37337, -23.47513 ], [ -46.37318, -23.47482 ], [ -46.37218, -23.47416 ], [ -46.37207, -23.47368 ], [ -46.37226, -23.47339 ], [ -46.37325, -23.47286 ], [ -46.37333, -23.47268 ], [ -46.37301, -23.47179 ], [ -46.37329, -23.4714 ], [ -46.37413, -23.47113 ], [ -46.37453, -23.47114 ], [ -46.37479, -23.47163 ], [ -46.3747, -23.4722 ], [ -46.37435, -23.47291 ], [ -46.3744, -23.4731 ], [ -46.37452, -23.47321 ], [ -46.37608, -23.47319 ], [ -46.37658, -23.47312 ], [ -46.37677, -23.47296 ], [ -46.37676, -23.47273 ], [ -46.37645, -23.47221 ], [ -46.37578, -23.47181 ], [ -46.37579, -23.47132 ], [ -46.37657, -23.47105 ], [ -46.3773, -23.4712 ], [ -46.37768, -23.47186 ], [ -46.37764, -23.47235 ], [ -46.3773, -23.47324 ], [ -46.37753, -23.47351 ], [ -46.3779, -23.47346 ], [ -46.37813, -23.47335 ], [ -46.37839, -23.47291 ], [ -46.37833, -23.47235 ], [ -46.37781, -23.47135 ], [ -46.377, -23.47035 ], [ -46.377, -23.46982 ], [ -46.37732, -23.46962 ], [ -46.37877, -23.46969 ], [ -46.3797, -23.46932 ], [ -46.38018, -23.46932 ], [ -46.38035, -23.46938 ], [ -46.38027, -23.46969 ], [ -46.38003, -23.46993 ], [ -46.37957, -23.47006 ], [ -46.37933, -23.47032 ], [ -46.37927, -23.47078 ], [ -46.37938, -23.471 ], [ -46.37989, -23.47124 ], [ -46.38074, -23.47089 ], [ -46.38103, -23.47093 ], [ -46.38166, -23.47186 ], [ -46.38305, -23.47253 ], [ -46.38341, -23.47283 ], [ -46.38366, -23.47332 ], [ -46.38427, -23.47368 ], [ -46.38443, -23.47406 ], [ -46.38436, -23.47438 ], [ -46.38329, -23.47469 ], [ -46.38337, -23.47512 ], [ -46.38358, -23.47532 ], [ -46.38381, -23.47546 ], [ -46.38461, -23.47544 ], [ -46.3855, -23.47504 ], [ -46.38595, -23.47439 ], [ -46.3867, -23.47454 ], [ -46.38688, -23.47496 ], [ -46.38645, -23.47565 ], [ -46.38698, -23.47612 ], [ -46.38728, -23.47676 ], [ -46.38717, -23.47753 ], [ -46.38661, -23.47887 ], [ -46.38651, -23.47953 ], [ -46.38771, -23.48159 ], [ -46.38813, -23.48203 ], [ -46.38887, -23.4823 ], [ -46.38939, -23.4819 ], [ -46.39038, -23.48143 ], [ -46.39084, -23.48093 ], [ -46.39148, -23.48052 ], [ -46.39175, -23.48045 ] ] ] } },
{ "type": "Feature", "properties": { "km2": 0.027 }, "geometry": { "type": "Polygon", "coordinates": [ [ [ -46.33688, -23.47314 ], [ -46.33721, -23.47329 ], [ -46.33713, -23.47387 ], [ -46.33729, -23.474 ], [ -46.33752, -23.47381 ], [ -46.33784, -23.47439 ], [ -46.33789, -23.47475 ], [ -46.33575, -23.47473 ], [ -46.33559, -23.47464 ], [ -46.33567, -23.47414 ], [ -46.33688, -23.47314 ] ] ] } },
{ "type": "Feature", "properties": { "km2": 0.048 }, "geometry": { "type": "Polygon", "coordinates": [ [ [ -46.33753, -23.48036 ], [ -46.3371, -23.48116 ], [ -46.33652, -23.48156 ], [ -46.33673, -23.48167 ], [ -46.33636, -23.4816 ], [ -46.33616, -23.48188 ], [ -46.3358, -23.48202 ], [ -46.33619, -23.48164 ], [ -46.33582, -23.48151 ], [ -46.33619, -23.48112 ], [ -46.33602, -23.48106 ], [ -46.33583, -23.48121 ], [ -46.33576, -23.48151 ], [ -46.33502, -23.48117 ], [ -46.33468, -23.48121 ], [ -46.33434, -23.48142 ], [ -46.3343, -23.48161 ], [ -46.33325, -23.48111 ], [ -46.33343, -23.48068 ], [ -46.33331, -23.48036 ], [ -46.33345, -23.4802 ], [ -46.33466, -23.48027 ], [ -46.33484, -23.48015 ], [ -46.33497, -23.48021 ], [ -46.33491, -23.48002 ], [ -46.33547, -23.48026 ], [ -46.33578, -23.48063 ], [ -46.33616, -23.48073 ], [ -46.33609, -23.4809 ], [ -46.33633, -23.48106 ], [ -46.33688, -23.4805 ], [ -46.33709, -23.47995 ], [ -46.33691, -23.47967 ], [ -46.33705, -23.47964 ], [ -46.33742, -23.47998 ], [ -46.33744, -23.4801 ], [ -46.33732, -23.48001 ], [ -46.33724, -23.48017 ], [ -46.33753, -23.48036 ] ] ] } },
{ "type": "Feature", "properties": { "km2": 0.063 }, "geometry": { "type": "Polygon", "coordinates": [ [ [ -46.33457, -23.4942 ], [ -46.33484, -23.49365 ], [ -46.33481, -23.4932 ], [ -46.33531, -23.49275 ], [ -46.33557, -23.4927 ], [ -46.33612, -23.49296 ], [ -46.33674, -23.49306 ], [ -46.33674, -23.49336 ], [ -46.3373, -23.49418 ], [ -46.33716, -23.49431 ], [ -46.33725, -23.49481 ], [ -46.33756, -23.49493 ], [ -46.33744, -23.49507 ], [ -46.33705, -23.49511 ], [ -46.33681, -23.49546 ], [ -46.33651, -23.49553 ], [ -46.33642, -23.49541 ], [ -46.33613, -23.49552 ], [ -46.33556, -23.49492 ], [ -46.33496, -23.49499 ], [ -46.33429, -23.49482 ], [ -46.33427, -23.49469 ], [ -46.33467, -23.49443 ], [ -46.33457, -23.4942 ] ] ] } },
{ "type": "Feature", "properties": { "km2": 0.037 }, "geometry": { "type": "Polygon", "coordinates": [ [ [ -46.44552, -23.48206 ], [ -46.44733, -23.48215 ], [ -46.44796, -23.48285 ], [ -46.4479, -23.48346 ], [ -46.44765, -23.4837 ], [ -46.44713, -23.48385 ], [ -46.44627, -23.48364 ], [ -46.44594, -23.48315 ], [ -46.44552, -23.48206 ] ] ] } },
{ "type": "Feature", "properties": { "km2": 0.244 }, "geometry": { "type": "Polygon", "coordinates": [ [ [ -46.40578, -23.4763 ], [ -46.40541, -23.47629 ], [ -46.40534, -23.47649 ], [ -46.40547, -23.47719 ], [ -46.40524, -23.47756 ], [ -46.40476, -23.47787 ], [ -46.40447, -23.47823 ], [ -46.4046, -23.47846 ], [ -46.40559, -23.47867 ], [ -46.40575, -23.47886 ], [ -46.40578, -23.47921 ], [ -46.40563, -23.47948 ], [ -46.40419, -23.48061 ], [ -46.40406, -23.48096 ], [ -46.40421, -23.48117 ], [ -46.40453, -23.4813 ], [ -46.40549, -23.48114 ], [ -46.4062, -23.48132 ], [ -46.40626, -23.48247 ], [ -46.40672, -23.48357 ], [ -46.40674, -23.48425 ], [ -46.4067, -23.48495 ], [ -46.40651, -23.48539 ], [ -46.40593, -23.48612 ], [ -46.40472, -23.48613 ], [ -46.40406, -23.48552 ], [ -46.40404, -23.48497 ], [ -46.40365, -23.48497 ], [ -46.40232, -23.48593 ], [ -46.40191, -23.48682 ], [ -46.40172, -23.48688 ], [ -46.40161, -23.48709 ], [ -46.40142, -23.48708 ], [ -46.40076, -23.48647 ], [ -46.40064, -23.4853 ], [ -46.39959, -23.4831 ], [ -46.39934, -23.48297 ], [ -46.39912, -23.48301 ], [ -46.39769, -23.48421 ], [ -46.39711, -23.48434 ], [ -46.39668, -23.48429 ], [ -46.39517, -23.48269 ], [ -46.39243, -23.48082 ], [ -46.39261, -23.4807 ], [ -46.39284, -23.48081 ], [ -46.39471, -23.48212 ], [ -46.39545, -23.48276 ], [ -46.39609, -23.48354 ], [ -46.3967, -23.48399 ], [ -46.39721, -23.4841 ], [ -46.39758, -23.48398 ], [ -46.39825, -23.48352 ], [ -46.39892, -23.48282 ], [ -46.39932, -23.4828 ], [ -46.39969, -23.48296 ], [ -46.39997, -23.48323 ], [ -46.40028, -23.48432 ], [ -46.40098, -23.48562 ], [ -46.40097, -23.48648 ], [ -46.40113, -23.48675 ], [ -46.40144, -23.48678 ], [ -46.40202, -23.48599 ], [ -46.40301, -23.48525 ], [ -46.40348, -23.48468 ], [ -46.40403, -23.48469 ], [ -46.40418, -23.48483 ], [ -46.40422, -23.48546 ], [ -46.40488, -23.48599 ], [ -46.40576, -23.48598 ], [ -46.40646, -23.4852 ], [ -46.40656, -23.48349 ], [ -46.40624, -23.48287 ], [ -46.40604, -23.48178 ], [ -46.40476, -23.48168 ], [ -46.40401, -23.48127 ], [ -46.40386, -23.48106 ], [ -46.40401, -23.48056 ], [ -46.4056, -23.47916 ], [ -46.40562, -23.47898 ], [ -46.40545, -23.4788 ], [ -46.40445, -23.47852 ], [ -46.40428, -23.47821 ], [ -46.40452, -23.47787 ], [ -46.40522, -23.47735 ], [ -46.4053, -23.47698 ], [ -46.40514, -23.4765 ], [ -46.40537, -23.47614 ], [ -46.4057, -23.47609 ], [ -46.40603, -23.47627 ], [ -46.40642, -23.47728 ], [ -46.40659, -23.47753 ], [ -46.40693, -23.47764 ], [ -46.40806, -23.47682 ], [ -46.40834, -23.47627 ], [ -46.40823, -23.47574 ], [ -46.40842, -23.47536 ], [ -46.41001, -23.47494 ], [ -46.41008, -23.47451 ], [ -46.40997, -23.47428 ], [ -46.40921, -23.47381 ], [ -46.40799, -23.47333 ], [ -46.40751, -23.47266 ], [ -46.40768, -23.47208 ], [ -46.41011, -23.4715 ], [ -46.41032, -23.47132 ], [ -46.41005, -23.47079 ], [ -46.41015, -23.47044 ], [ -46.41077, -23.47026 ], [ -46.41113, -23.47037 ], [ -46.41181, -23.47028 ], [ -46.41225, -23.47036 ], [ -46.41385, -23.47133 ], [ -46.41539, -23.47254 ], [ -46.41529, -23.47295 ], [ -46.41437, -23.47318 ], [ -46.41409, -23.47359 ], [ -46.41441, -23.47403 ], [ -46.41501, -23.47423 ], [ -46.41544, -23.4742 ], [ -46.41566, -23.47395 ], [ -46.41615, -23.47283 ], [ -46.4166, -23.47246 ], [ -46.4171, -23.47229 ], [ -46.41775, -23.47244 ], [ -46.41854, -23.47299 ], [ -46.41865, -23.47347 ], [ -46.41844, -23.4741 ], [ -46.41859, -23.47428 ], [ -46.41881, -23.47429 ], [ -46.42008, -23.47361 ], [ -46.42058, -23.47366 ], [ -46.42177, -23.47292 ], [ -46.42487, -23.47262 ], [ -46.42689, -23.47181 ], [ -46.42899, -23.47287 ], [ -46.42926, -23.47287 ], [ -46.43011, -23.4734 ], [ -46.43031, -23.47401 ], [ -46.4303, -23.47447 ], [ -46.4299, -23.47559 ], [ -46.42992, -23.47596 ], [ -46.43041, -23.47624 ], [ -46.43108, -23.47602 ], [ -46.43136, -23.47607 ], [ -46.43164, -23.47618 ], [ -46.43182, -23.47647 ], [ -46.43158, -23.47715 ], [ -46.43092, -23.47755 ], [ -46.43102, -23.47791 ], [ -46.43139, -23.47788 ], [ -46.43227, -23.47733 ], [ -46.43283, -23.47733 ], [ -46.43328, -23.47664 ], [ -46.43343, -23.47615 ], [ -46.43476, -23.47572 ], [ -46.436, -23.47556 ], [ -46.43668, -23.47579 ], [ -46.43656, -23.4761 ], [ -46.43664, -23.47634 ], [ -46.43636, -23.47717 ], [ -46.43514, -23.47788 ], [ -46.43506, -23.47812 ], [ -46.43522, -23.47846 ], [ -46.43629, -23.47887 ], [ -46.43744, -23.47953 ], [ -46.4375, -23.47938 ], [ -46.43735, -23.47892 ], [ -46.43759, -23.47881 ], [ -46.43822, -23.47958 ], [ -46.43929, -23.4799 ], [ -46.43987, -23.47982 ], [ -46.44003, -23.47946 ], [ -46.44034, -23.47921 ], [ -46.44109, -23.479 ], [ -46.44197, -23.47935 ], [ -46.442, -23.47961 ], [ -46.44124, -23.47931 ], [ -46.44121, -23.47949 ], [ -46.44055, -23.47959 ], [ -46.44042, -23.47989 ], [ -46.44013, -23.48009 ], [ -46.43967, -23.48023 ], [ -46.43929, -23.48019 ], [ -46.43694, -23.47967 ], [ -46.43585, -23.47894 ], [ -46.43515, -23.47868 ], [ -46.43483, -23.4784 ], [ -46.43484, -23.47798 ], [ -46.43513, -23.47758 ], [ -46.43568, -23.4774 ], [ -46.43614, -23.47707 ], [ -46.43639, -23.47633 ], [ -46.43628, -23.47592 ], [ -46.43606, -23.47576 ], [ -46.43395, -23.47612 ], [ -46.4336, -23.47641 ], [ -46.43342, -23.47729 ], [ -46.43103, -23.47803 ], [ -46.43066, -23.47758 ], [ -46.43143, -23.47697 ], [ -46.43161, -23.47645 ], [ -46.43125, -23.47628 ], [ -46.43062, -23.47644 ], [ -46.43013, -23.47637 ], [ -46.42977, -23.47599 ], [ -46.4297, -23.47578 ], [ -46.4301, -23.47452 ], [ -46.43012, -23.47381 ], [ -46.42988, -23.47349 ], [ -46.42923, -23.47326 ], [ -46.42721, -23.47209 ], [ -46.4266, -23.47199 ], [ -46.42487, -23.47279 ], [ -46.42167, -23.47321 ], [ -46.42082, -23.4738 ], [ -46.42038, -23.47387 ], [ -46.42027, -23.47378 ], [ -46.41938, -23.47451 ], [ -46.41888, -23.47452 ], [ -46.41827, -23.47423 ], [ -46.41841, -23.47315 ], [ -46.41763, -23.4726 ], [ -46.4171, -23.4725 ], [ -46.41633, -23.47292 ], [ -46.41559, -23.47437 ], [ -46.41482, -23.47438 ], [ -46.41414, -23.47408 ], [ -46.41394, -23.4736 ], [ -46.41421, -23.47303 ], [ -46.41509, -23.47278 ], [ -46.41508, -23.47253 ], [ -46.4134, -23.47127 ], [ -46.41189, -23.47047 ], [ -46.41139, -23.47059 ], [ -46.41058, -23.4705 ], [ -46.41031, -23.47067 ], [ -46.41032, -23.47093 ], [ -46.41053, -23.4712 ], [ -46.41017, -23.47169 ], [ -46.40877, -23.47211 ], [ -46.40789, -23.47215 ], [ -46.4077, -23.47264 ], [ -46.40777, -23.47294 ], [ -46.4099, -23.47401 ], [ -46.4103, -23.47449 ], [ -46.41027, -23.4748 ], [ -46.41005, -23.47511 ], [ -46.40889, -23.47532 ], [ -46.40854, -23.47551 ], [ -46.4084, -23.47583 ], [ -46.40845, -23.47646 ], [ -46.40819, -23.47692 ], [ -46.40721, -23.47766 ], [ -46.40676, -23.47778 ], [ -46.40629, -23.47748 ], [ -46.40607, -23.47658 ], [ -46.40578, -23.4763 ] ] ] } },
{ "type": "Feature", "properties": { "km2": 0.044 }, "geometry": { "type": "Polygon", "coordinates": [ [ [ -46.49246, -23.44746 ], [ -46.49191, -23.44902 ], [ -46.49159, -23.44933 ], [ -46.4906, -23.44956 ], [ -46.48947, -23.44928 ], [ -46.4899, -23.44937 ], [ -46.49032, -23.44804 ], [ -46.49075, -23.44763 ], [ -46.49108, -23.44786 ], [ -46.49116, -23.44802 ], [ -46.49106, -23.44822 ], [ -46.49132, -23.44838 ], [ -46.49149, -23.44819 ], [ -46.49103, -23.44761 ], [ -46.49106, -23.44747 ], [ -46.49188, -23.44706 ], [ -46.49221, -23.44712 ], [ -46.49246, -23.44746 ] ] ] } },
{ "type": "Feature", "properties": { "km2": 0.117 }, "geometry": { "type": "Polygon", "coordinates": [ [ [ -46.48758, -23.47724 ], [ -46.48726, -23.47597 ], [ -46.48713, -23.47337 ], [ -46.48701, -23.47332 ], [ -46.48733, -23.47001 ], [ -46.48774, -23.46773 ], [ -46.48789, -23.46571 ], [ -46.48773, -23.46514 ], [ -46.48809, -23.46463 ], [ -46.49041, -23.46269 ], [ -46.49144, -23.46019 ], [ -46.4911, -23.457 ], [ -46.49083, -23.45579 ], [ -46.49109, -23.45433 ], [ -46.49151, -23.45305 ], [ -46.49226, -23.45221 ], [ -46.4949, -23.44596 ], [ -46.49511, -23.44537 ], [ -46.49531, -23.44404 ], [ -46.49558, -23.44339 ], [ -46.49546, -23.44044 ], [ -46.49524, -23.43991 ], [ -46.49524, -23.43928 ], [ -46.49484, -23.43794 ], [ -46.49438, -23.43551 ], [ -46.49422, -23.43444 ], [ -46.49428, -23.43403 ], [ -46.49386, -23.43196 ], [ -46.49348, -23.42741 ], [ -46.49313, -23.42591 ], [ -46.49296, -23.42537 ], [ -46.49207, -23.42407 ], [ -46.49075, -23.42278 ], [ -46.48891, -23.42149 ], [ -46.48897, -23.4214 ], [ -46.48974, -23.42185 ], [ -46.49223, -23.42404 ], [ -46.49292, -23.42502 ], [ -46.49334, -23.42614 ], [ -46.49393, -23.42972 ], [ -46.49404, -23.43189 ], [ -46.49447, -23.43407 ], [ -46.49439, -23.43436 ], [ -46.49457, -23.43549 ], [ -46.49504, -23.43789 ], [ -46.49544, -23.43926 ], [ -46.49542, -23.44003 ], [ -46.49566, -23.44039 ], [ -46.49576, -23.44303 ], [ -46.49529, -23.44541 ], [ -46.49502, -23.44617 ], [ -46.49247, -23.4522 ], [ -46.49168, -23.45306 ], [ -46.49115, -23.45478 ], [ -46.49101, -23.45614 ], [ -46.49158, -23.45936 ], [ -46.49162, -23.45989 ], [ -46.4915, -23.46041 ], [ -46.49037, -23.46294 ], [ -46.4884, -23.46461 ], [ -46.48792, -23.46518 ], [ -46.48809, -23.46562 ], [ -46.48793, -23.46767 ], [ -46.48752, -23.46982 ], [ -46.48724, -23.4726 ], [ -46.48747, -23.4757 ], [ -46.48789, -23.47727 ], [ -46.48758, -23.47724 ] ] ] } },
{ "type": "Feature", "properties": { "km2": 0.031 }, "geometry": { "type": "Polygon", "coordinates": [ [ [ -46.49075, -23.45092 ], [ -46.49085, -23.45158 ], [ -46.49039, -23.45275 ], [ -46.4902, -23.453 ], [ -46.48978, -23.45299 ], [ -46.48942, -23.45224 ], [ -46.48972, -23.45166 ], [ -46.48956, -23.451 ], [ -46.48967, -23.45032 ], [ -46.49017, -23.45034 ], [ -46.49033, -23.45046 ], [ -46.49075, -23.45092 ] ] ] } },
{ "type": "Feature", "properties": { "km2": 0.713 }, "geometry": { "type": "Polygon", "coordinates": [ [ [ -46.54117, -23.50167 ], [ -46.54109, -23.50186 ], [ -46.54188, -23.50263 ], [ -46.54181, -23.50269 ], [ -46.54051, -23.50145 ], [ -46.54026, -23.5015 ], [ -46.5401, -23.50125 ], [ -46.53945, -23.50087 ], [ -46.53777, -23.49883 ], [ -46.53672, -23.49818 ], [ -46.53726, -23.49745 ], [ -46.53724, -23.49729 ], [ -46.53582, -23.49643 ], [ -46.53507, -23.4958 ], [ -46.53428, -23.49486 ], [ -46.53361, -23.49362 ], [ -46.5331, -23.49319 ], [ -46.53173, -23.49252 ], [ -46.52827, -23.49126 ], [ -46.52615, -23.4896 ], [ -46.52512, -23.48852 ], [ -46.52342, -23.48586 ], [ -46.52271, -23.48514 ], [ -46.52149, -23.48449 ], [ -46.52044, -23.48445 ], [ -46.51984, -23.48421 ], [ -46.51855, -23.48262 ], [ -46.51591, -23.48122 ], [ -46.5122, -23.48016 ], [ -46.51093, -23.47941 ], [ -46.51061, -23.47909 ], [ -46.5075, -23.47872 ], [ -46.50087, -23.47728 ], [ -46.49847, -23.4773 ], [ -46.49814, -23.47707 ], [ -46.49623, -23.47656 ], [ -46.49364, -23.47604 ], [ -46.49147, -23.47707 ], [ -46.48971, -23.47744 ], [ -46.4887, -23.47782 ], [ -46.48801, -23.47779 ], [ -46.48552, -23.47724 ], [ -46.4824, -23.477 ], [ -46.48211, -23.47708 ], [ -46.48198, -23.47734 ], [ -46.48159, -23.47756 ], [ -46.47984, -23.47792 ], [ -46.47864, -23.47779 ], [ -46.47701, -23.47795 ], [ -46.47561, -23.47827 ], [ -46.47357, -23.47917 ], [ -46.4716, -23.48045 ], [ -46.46731, -23.48203 ], [ -46.46375, -23.48309 ], [ -46.46074, -23.48325 ], [ -46.45871, -23.48286 ], [ -46.45746, -23.48298 ], [ -46.45612, -23.48283 ], [ -46.45041, -23.48173 ], [ -46.44948, -23.48179 ], [ -46.4483, -23.48162 ], [ -46.442, -23.47961 ], [ -46.44197, -23.47935 ], [ -46.44525, -23.4803 ], [ -46.4519, -23.48177 ], [ -46.45658, -23.48253 ], [ -46.45761, -23.48258 ], [ -46.4582, -23.4823 ], [ -46.46015, -23.4828 ], [ -46.46132, -23.48296 ], [ -46.46189, -23.48274 ], [ -46.46499, -23.48228 ], [ -46.46761, -23.4815 ], [ -46.47069, -23.48025 ], [ -46.47497, -23.47809 ], [ -46.47577, -23.4778 ], [ -46.47876, -23.47738 ], [ -46.47986, -23.47682 ], [ -46.48259, -23.47669 ], [ -46.48492, -23.47675 ], [ -46.48878, -23.47738 ], [ -46.48952, -23.47721 ], [ -46.49318, -23.47586 ], [ -46.494, -23.47581 ], [ -46.49641, -23.4761 ], [ -46.49826, -23.47657 ], [ -46.50324, -23.47693 ], [ -46.50589, -23.47739 ], [ -46.50726, -23.47796 ], [ -46.51151, -23.47867 ], [ -46.51328, -23.4798 ], [ -46.51754, -23.48143 ], [ -46.51878, -23.48203 ], [ -46.51911, -23.4823 ], [ -46.51962, -23.48329 ], [ -46.52022, -23.48385 ], [ -46.52203, -23.4841 ], [ -46.52266, -23.48437 ], [ -46.52393, -23.48553 ], [ -46.52492, -23.48706 ], [ -46.5268, -23.48933 ], [ -46.52781, -23.49 ], [ -46.52789, -23.49021 ], [ -46.5288, -23.4911 ], [ -46.53056, -23.49163 ], [ -46.53352, -23.49292 ], [ -46.53398, -23.49327 ], [ -46.53463, -23.4944 ], [ -46.53613, -23.49595 ], [ -46.53885, -23.49774 ], [ -46.54104, -23.49945 ], [ -46.54152, -23.49999 ], [ -46.54184, -23.50068 ], [ -46.54183, -23.50118 ], [ -46.54117, -23.50167 ] ] ] } },
{ "type": "Feature", "properties": { "km2": 0.031 }, "geometry": { "type": "Polygon", "coordinates": [ [ [ -46.51446, -23.47629 ], [ -46.51462, -23.47651 ], [ -46.51455, -23.47675 ], [ -46.51439, -23.47697 ], [ -46.51377, -23.47731 ], [ -46.51343, -23.47721 ], [ -46.51277, -23.47736 ], [ -46.51251, -23.4772 ], [ -46.51191, -23.4772 ], [ -46.51172, -23.47693 ], [ -46.51174, -23.47678 ], [ -46.51204, -23.4767 ], [ -46.51206, -23.4764 ], [ -46.513, -23.4761 ], [ -46.51338, -23.47618 ], [ -46.51368, -23.47596 ], [ -46.51446, -23.47629 ] ] ] } },
{ "type": "Feature", "properties": { "km2": 0.059 }, "geometry": { "type": "Polygon", "coordinates": [ [ [ -46.5132, -23.4883 ], [ -46.51238, -23.48879 ], [ -46.51232, -23.4886 ], [ -46.51133, -23.4883 ], [ -46.51095, -23.48801 ], [ -46.51038, -23.48797 ], [ -46.51004, -23.48808 ], [ -46.51051, -23.48745 ], [ -46.51045, -23.48721 ], [ -46.50998, -23.48683 ], [ -46.51038, -23.48656 ], [ -46.51065, -23.48663 ], [ -46.51089, -23.48647 ], [ -46.51105, -23.48612 ], [ -46.51095, -23.48596 ], [ -46.51123, -23.48572 ], [ -46.51148, -23.48569 ], [ -46.51177, -23.48501 ], [ -46.51185, -23.48535 ], [ -46.5122, -23.48567 ], [ -46.5121, -23.48579 ], [ -46.51198, -23.4857 ], [ -46.51163, -23.48578 ], [ -46.51155, -23.48594 ], [ -46.51164, -23.48637 ], [ -46.5122, -23.48615 ], [ -46.51241, -23.48656 ], [ -46.51258, -23.48661 ], [ -46.51262, -23.48631 ], [ -46.51295, -23.48645 ], [ -46.51341, -23.4863 ], [ -46.51289, -23.48663 ], [ -46.51293, -23.48674 ], [ -46.51277, -23.48686 ], [ -46.51265, -23.48691 ], [ -46.5124, -23.48674 ], [ -46.51247, -23.48699 ], [ -46.51228, -23.487 ], [ -46.51215, -23.48721 ], [ -46.51223, -23.48743 ], [ -46.51277, -23.48773 ], [ -46.51276, -23.48805 ], [ -46.5132, -23.4883 ] ] ] } },
{ "type": "Feature", "properties": { "km2": 0.021 }, "geometry": { "type": "MultiPolygon", "coordinates": [ [ [ [ -46.51401, -23.48461 ], [ -46.51342, -23.48482 ], [ -46.51352, -23.4851 ], [ -46.51421, -23.4857 ], [ -46.51413, -23.48581 ], [ -46.51403, -23.48581 ], [ -46.51376, -23.48531 ], [ -46.51331, -23.4851 ], [ -46.51326, -23.48486 ], [ -46.51301, -23.48478 ], [ -46.51286, -23.48491 ], [ -46.51287, -23.48527 ], [ -46.5126, -23.4856 ], [ -46.51277, -23.48592 ], [ -46.51264, -23.48612 ], [ -46.51255, -23.48608 ], [ -46.51257, -23.48585 ], [ -46.51236, -23.48571 ], [ -46.51242, -23.48521 ], [ -46.51268, -23.48481 ], [ -46.51229, -23.48431 ], [ -46.51268, -23.48418 ], [ -46.51292, -23.48377 ], [ -46.51293, -23.4835 ], [ -46.51322, -23.48329 ], [ -46.51325, -23.48311 ], [ -46.51355, -23.48298 ], [ -46.51367, -23.4831 ], [ -46.51328, -23.48345 ], [ -46.51311, -23.48373 ], [ -46.51317, -23.48386 ], [ -46.51415, -23.483 ], [ -46.51335, -23.48393 ], [ -46.51326, -23.48412 ], [ -46.51338, -23.48425 ], [ -46.51438, -23.48353 ], [ -46.51382, -23.48395 ], [ -46.51352, -23.48438 ], [ -46.51369, -23.48457 ], [ -46.51403, -23.48435 ], [ -46.51401, -23.48461 ] ] ], [ [ [ -46.51409, -23.48465 ], [ -46.51428, -23.48474 ], [ -46.51415, -23.48475 ], [ -46.51409, -23.48465 ] ] ] ] } },
{ "type": "Feature", "properties": { "km2": 0.442 }, "geometry": { "type": "Polygon", "coordinates": [ [ [ -46.52449, -23.49307 ], [ -46.52459, -23.49377 ], [ -46.52435, -23.49425 ], [ -46.52391, -23.49457 ], [ -46.52355, -23.49469 ], [ -46.52257, -23.49463 ], [ -46.52212, -23.49424 ], [ -46.52203, -23.49376 ], [ -46.52223, -23.4934 ], [ -46.52346, -23.49267 ], [ -46.52374, -23.49168 ], [ -46.52357, -23.49104 ], [ -46.52422, -23.49031 ], [ -46.52429, -23.48943 ], [ -46.52395, -23.48939 ], [ -46.52377, -23.49009 ], [ -46.52368, -23.48893 ], [ -46.52316, -23.4887 ], [ -46.52275, -23.48881 ], [ -46.52239, -23.48856 ], [ -46.52204, -23.48865 ], [ -46.52183, -23.4883 ], [ -46.52205, -23.48754 ], [ -46.52231, -23.48713 ], [ -46.52233, -23.48682 ], [ -46.52079, -23.48741 ], [ -46.52042, -23.48709 ], [ -46.52026, -23.48717 ], [ -46.52004, -23.48836 ], [ -46.51977, -23.48851 ], [ -46.51934, -23.48929 ], [ -46.51964, -23.48958 ], [ -46.51972, -23.48985 ], [ -46.51953, -23.49033 ], [ -46.51959, -23.4908 ], [ -46.51941, -23.49092 ], [ -46.51867, -23.49083 ], [ -46.51852, -23.49059 ], [ -46.51861, -23.49034 ], [ -46.51849, -23.4901 ], [ -46.51826, -23.49022 ], [ -46.51802, -23.49096 ], [ -46.5182, -23.49149 ], [ -46.51845, -23.49126 ], [ -46.51965, -23.49143 ], [ -46.51978, -23.49186 ], [ -46.51966, -23.49219 ], [ -46.51907, -23.49226 ], [ -46.51901, -23.49268 ], [ -46.51892, -23.49283 ], [ -46.51877, -23.49282 ], [ -46.51828, -23.49241 ], [ -46.51806, -23.4917 ], [ -46.51733, -23.49137 ], [ -46.51724, -23.49106 ], [ -46.51739, -23.49072 ], [ -46.51716, -23.49043 ], [ -46.51704, -23.4898 ], [ -46.51741, -23.48947 ], [ -46.51755, -23.48904 ], [ -46.51736, -23.48911 ], [ -46.51707, -23.48892 ], [ -46.5171, -23.48866 ], [ -46.51746, -23.48871 ], [ -46.51784, -23.48827 ], [ -46.51777, -23.488 ], [ -46.51672, -23.48793 ], [ -46.51648, -23.48765 ], [ -46.51626, -23.48759 ], [ -46.51587, -23.48812 ], [ -46.51564, -23.48814 ], [ -46.51544, -23.48853 ], [ -46.51497, -23.48856 ], [ -46.51434, -23.48827 ], [ -46.51453, -23.48807 ], [ -46.51447, -23.48781 ], [ -46.51399, -23.48784 ], [ -46.51372, -23.48767 ], [ -46.51404, -23.48689 ], [ -46.51453, -23.48704 ], [ -46.51472, -23.48682 ], [ -46.5146, -23.48648 ], [ -46.51466, -23.48613 ], [ -46.51456, -23.48603 ], [ -46.51432, -23.48613 ], [ -46.51456, -23.48562 ], [ -46.51483, -23.48538 ], [ -46.51505, -23.48549 ], [ -46.51542, -23.48521 ], [ -46.51544, -23.48458 ], [ -46.51562, -23.48439 ], [ -46.51594, -23.48437 ], [ -46.51614, -23.48469 ], [ -46.51631, -23.48468 ], [ -46.51632, -23.48451 ], [ -46.51718, -23.48462 ], [ -46.51722, -23.4849 ], [ -46.51777, -23.48505 ], [ -46.51799, -23.48536 ], [ -46.51787, -23.48573 ], [ -46.51805, -23.48605 ], [ -46.51952, -23.48662 ], [ -46.5204, -23.48539 ], [ -46.52058, -23.48493 ], [ -46.5209, -23.48466 ], [ -46.52108, -23.48468 ], [ -46.52127, -23.48517 ], [ -46.52188, -23.4858 ], [ -46.52206, -23.48634 ], [ -46.52253, -23.48652 ], [ -46.5226, -23.48679 ], [ -46.52294, -23.48667 ], [ -46.5228, -23.48708 ], [ -46.52298, -23.48745 ], [ -46.52341, -23.48736 ], [ -46.52343, -23.48666 ], [ -46.52415, -23.48787 ], [ -46.52399, -23.48823 ], [ -46.524, -23.48869 ], [ -46.52456, -23.48944 ], [ -46.5253, -23.48987 ], [ -46.52498, -23.49098 ], [ -46.52478, -23.49231 ], [ -46.5245, -23.49257 ], [ -46.52399, -23.49248 ], [ -46.52381, -23.49274 ], [ -46.52391, -23.49301 ], [ -46.52449, -23.49307 ] ] ] } },
{ "type": "Feature", "properties": { "km2": 0.037 }, "geometry": { "type": "Polygon", "coordinates": [ [ [ -46.54585, -23.39501 ], [ -46.5455, -23.39465 ], [ -46.54552, -23.39451 ], [ -46.54574, -23.39447 ], [ -46.54625, -23.39486 ], [ -46.54652, -23.39552 ], [ -46.54689, -23.39588 ], [ -46.54772, -23.39606 ], [ -46.5479, -23.39656 ], [ -46.54776, -23.39699 ], [ -46.54695, -23.39734 ], [ -46.5466, -23.39725 ], [ -46.54617, -23.39688 ], [ -46.54576, -23.39601 ], [ -46.54585, -23.39501 ] ] ] } },
{ "type": "Feature", "properties": { "km2": 0.231 }, "geometry": { "type": "Polygon", "coordinates": [ [ [ -46.52962, -23.39176 ], [ -46.52924, -23.39185 ], [ -46.52918, -23.39202 ], [ -46.52995, -23.39366 ], [ -46.53002, -23.3955 ], [ -46.53023, -23.39584 ], [ -46.53056, -23.39596 ], [ -46.53162, -23.39608 ], [ -46.53171, -23.39625 ], [ -46.53205, -23.39622 ], [ -46.53155, -23.39662 ], [ -46.53152, -23.39706 ], [ -46.53071, -23.39807 ], [ -46.53116, -23.39843 ], [ -46.53147, -23.3991 ], [ -46.53196, -23.39922 ], [ -46.53244, -23.3991 ], [ -46.5328, -23.39937 ], [ -46.53294, -23.3998 ], [ -46.53259, -23.4 ], [ -46.53244, -23.40031 ], [ -46.53251, -23.40067 ], [ -46.53306, -23.40104 ], [ -46.53292, -23.40121 ], [ -46.53267, -23.40129 ], [ -46.53231, -23.40069 ], [ -46.53181, -23.40052 ], [ -46.53178, -23.40031 ], [ -46.53202, -23.40016 ], [ -46.53198, -23.39992 ], [ -46.53111, -23.3995 ], [ -46.52961, -23.39827 ], [ -46.52968, -23.39761 ], [ -46.5299, -23.39736 ], [ -46.52984, -23.39691 ], [ -46.53008, -23.39667 ], [ -46.5297, -23.39627 ], [ -46.52861, -23.39601 ], [ -46.52953, -23.39572 ], [ -46.52925, -23.39448 ], [ -46.52796, -23.39288 ], [ -46.52805, -23.39172 ], [ -46.52709, -23.3918 ], [ -46.52677, -23.39142 ], [ -46.52589, -23.39116 ], [ -46.52616, -23.39077 ], [ -46.52621, -23.39026 ], [ -46.52594, -23.38999 ], [ -46.52491, -23.39011 ], [ -46.52638, -23.38954 ], [ -46.52637, -23.39015 ], [ -46.52731, -23.39061 ], [ -46.5281, -23.38952 ], [ -46.52786, -23.38897 ], [ -46.52798, -23.38851 ], [ -46.52758, -23.38815 ], [ -46.52813, -23.38837 ], [ -46.52861, -23.38822 ], [ -46.52898, -23.38765 ], [ -46.5291, -23.38765 ], [ -46.52916, -23.38781 ], [ -46.52879, -23.38835 ], [ -46.52936, -23.38814 ], [ -46.52985, -23.38838 ], [ -46.52942, -23.38881 ], [ -46.52989, -23.38903 ], [ -46.5301, -23.38956 ], [ -46.52963, -23.38963 ], [ -46.52927, -23.38987 ], [ -46.52928, -23.39019 ], [ -46.52963, -23.39053 ], [ -46.52985, -23.39122 ], [ -46.52962, -23.39176 ] ] ] } },
{ "type": "Feature", "properties": { "km2": 0.047 }, "geometry": { "type": "Polygon", "coordinates": [ [ [ -46.46179, -23.37087 ], [ -46.46207, -23.37097 ], [ -46.46193, -23.37147 ], [ -46.46179, -23.37152 ], [ -46.46176, -23.37187 ], [ -46.46131, -23.37226 ], [ -46.4614, -23.37272 ], [ -46.46172, -23.37284 ], [ -46.4613, -23.37313 ], [ -46.46082, -23.37439 ], [ -46.46065, -23.37455 ], [ -46.45969, -23.37471 ], [ -46.45949, -23.375 ], [ -46.45917, -23.37518 ], [ -46.45836, -23.37481 ], [ -46.45834, -23.37454 ], [ -46.45893, -23.37473 ], [ -46.45925, -23.37498 ], [ -46.45985, -23.37443 ], [ -46.45956, -23.37402 ], [ -46.46026, -23.3737 ], [ -46.46041, -23.37324 ], [ -46.46026, -23.3723 ], [ -46.46065, -23.37157 ], [ -46.46179, -23.37087 ] ] ] } },
{ "type": "Feature", "properties": { "km2": 0.047 }, "geometry": { "type": "Polygon", "coordinates": [ [ [ -46.46207, -23.37097 ], [ -46.46193, -23.37147 ], [ -46.46179, -23.37152 ], [ -46.46176, -23.37187 ], [ -46.46131, -23.37226 ], [ -46.4614, -23.37272 ], [ -46.46172, -23.37284 ], [ -46.4613, -23.37313 ], [ -46.46082, -23.37439 ], [ -46.46065, -23.37455 ], [ -46.45969, -23.37471 ], [ -46.45949, -23.375 ], [ -46.45917, -23.37518 ], [ -46.45836, -23.37481 ], [ -46.45834, -23.37454 ], [ -46.45893, -23.37473 ], [ -46.45925, -23.37498 ], [ -46.45985, -23.37443 ], [ -46.45956, -23.37402 ], [ -46.46026, -23.3737 ], [ -46.46041, -23.37324 ], [ -46.46026, -23.3723 ], [ -46.46065, -23.37157 ], [ -46.46179, -23.37087 ], [ -46.46207, -23.37097 ] ] ] } },
{ "type": "Feature", "properties": { "km2": 0.023 }, "geometry": { "type": "Polygon", "coordinates": [ [ [ -46.43597, -23.41048 ], [ -46.43601, -23.40982 ], [ -46.43657, -23.40963 ], [ -46.4378, -23.41023 ], [ -46.43792, -23.41062 ], [ -46.43769, -23.41106 ], [ -46.43744, -23.41116 ], [ -46.4361, -23.41067 ], [ -46.43597, -23.41048 ] ] ] } },
{ "type": "Feature", "properties": { "km2": 0.204 }, "geometry": { "type": "Polygon", "coordinates": [ [ [ -46.59179, -23.31846 ], [ -46.59125, -23.31827 ], [ -46.58867, -23.31671 ], [ -46.58823, -23.31653 ], [ -46.58636, -23.31626 ], [ -46.58344, -23.31496 ], [ -46.58293, -23.31439 ], [ -46.58141, -23.31357 ], [ -46.57976, -23.31129 ], [ -46.5749, -23.309 ], [ -46.57134, -23.30577 ], [ -46.56781, -23.30313 ], [ -46.56515, -23.30006 ], [ -46.56364, -23.29903 ], [ -46.56325, -23.29851 ], [ -46.56251, -23.29683 ], [ -46.56105, -23.29589 ], [ -46.56035, -23.29527 ], [ -46.55903, -23.29448 ], [ -46.55733, -23.29397 ], [ -46.55654, -23.29357 ], [ -46.55558, -23.29257 ], [ -46.55516, -23.29235 ], [ -46.55413, -23.2922 ], [ -46.55237, -23.29106 ], [ -46.55192, -23.29053 ], [ -46.55158, -23.28974 ], [ -46.55143, -23.28699 ], [ -46.55093, -23.28628 ], [ -46.55044, -23.28597 ], [ -46.54944, -23.28581 ], [ -46.54709, -23.28618 ], [ -46.54578, -23.28709 ], [ -46.54525, -23.28726 ], [ -46.54437, -23.28724 ], [ -46.54319, -23.28698 ], [ -46.54178, -23.28606 ], [ -46.53872, -23.28479 ], [ -46.53814, -23.28438 ], [ -46.53522, -23.28393 ], [ -46.53423, -23.28364 ], [ -46.5327, -23.28255 ], [ -46.53109, -23.2825 ], [ -46.53052, -23.2822 ], [ -46.5299, -23.28142 ], [ -46.52945, -23.28108 ], [ -46.52859, -23.28101 ], [ -46.52819, -23.28115 ], [ -46.52759, -23.28095 ], [ -46.52731, -23.2806 ], [ -46.52727, -23.28014 ], [ -46.52817, -23.279 ], [ -46.52834, -23.27914 ], [ -46.52743, -23.28033 ], [ -46.52764, -23.28077 ], [ -46.52811, -23.28088 ], [ -46.52879, -23.28076 ], [ -46.52944, -23.28084 ], [ -46.52987, -23.28109 ], [ -46.53077, -23.2821 ], [ -46.53172, -23.28238 ], [ -46.53282, -23.28235 ], [ -46.53424, -23.28343 ], [ -46.53791, -23.28404 ], [ -46.53882, -23.28456 ], [ -46.53896, -23.28477 ], [ -46.53934, -23.28479 ], [ -46.54104, -23.28543 ], [ -46.54228, -23.28605 ], [ -46.54309, -23.28666 ], [ -46.54375, -23.28688 ], [ -46.54531, -23.28707 ], [ -46.54593, -23.28677 ], [ -46.54686, -23.28603 ], [ -46.54948, -23.28558 ], [ -46.55045, -23.28574 ], [ -46.55109, -23.28615 ], [ -46.5516, -23.28684 ], [ -46.55177, -23.28783 ], [ -46.55179, -23.28963 ], [ -46.55211, -23.29038 ], [ -46.55248, -23.29084 ], [ -46.55399, -23.2919 ], [ -46.5556, -23.29235 ], [ -46.55624, -23.29306 ], [ -46.55743, -23.29379 ], [ -46.55855, -23.29406 ], [ -46.55978, -23.29463 ], [ -46.56078, -23.29526 ], [ -46.56146, -23.29592 ], [ -46.56238, -23.29643 ], [ -46.56294, -23.29708 ], [ -46.56348, -23.29826 ], [ -46.56352, -23.2986 ], [ -46.56383, -23.29895 ], [ -46.56522, -23.29981 ], [ -46.56828, -23.30318 ], [ -46.57174, -23.30584 ], [ -46.57496, -23.30877 ], [ -46.57978, -23.31106 ], [ -46.58171, -23.31354 ], [ -46.58321, -23.31436 ], [ -46.58369, -23.31475 ], [ -46.58644, -23.31611 ], [ -46.58843, -23.31637 ], [ -46.58972, -23.31717 ], [ -46.59184, -23.31819 ], [ -46.59179, -23.31846 ] ] ] } },
{ "type": "Feature", "properties": { "km2": 0.076 }, "geometry": { "type": "Polygon", "coordinates": [ [ [ -46.61061, -23.33177 ], [ -46.61071, -23.3316 ], [ -46.61081, -23.33102 ], [ -46.61119, -23.33049 ], [ -46.61168, -23.33017 ], [ -46.61221, -23.33012 ], [ -46.61227, -23.33086 ], [ -46.61214, -23.33109 ], [ -46.61165, -23.33101 ], [ -46.61136, -23.33188 ], [ -46.61137, -23.33214 ], [ -46.61208, -23.33252 ], [ -46.61204, -23.33266 ], [ -46.61128, -23.33259 ], [ -46.61041, -23.33388 ], [ -46.6094, -23.33508 ], [ -46.60928, -23.33539 ], [ -46.60934, -23.33592 ], [ -46.60958, -23.33621 ], [ -46.60995, -23.33713 ], [ -46.60973, -23.33713 ], [ -46.60924, -23.33615 ], [ -46.60861, -23.33527 ], [ -46.60799, -23.33518 ], [ -46.60855, -23.33477 ], [ -46.60927, -23.33483 ], [ -46.60945, -23.33442 ], [ -46.60929, -23.33369 ], [ -46.6094, -23.3328 ], [ -46.60919, -23.33238 ], [ -46.60941, -23.33213 ], [ -46.60985, -23.33193 ], [ -46.61012, -23.33197 ], [ -46.61061, -23.33177 ] ] ] } },
{ "type": "Feature", "properties": { "km2": 0.409 }, "geometry": { "type": "Polygon", "coordinates": [ [ [ -46.6492, -23.34342 ], [ -46.64948, -23.34355 ], [ -46.64969, -23.34393 ], [ -46.64994, -23.34406 ], [ -46.65026, -23.34401 ], [ -46.65099, -23.34359 ], [ -46.65123, -23.34308 ], [ -46.65117, -23.34283 ], [ -46.65145, -23.34239 ], [ -46.65247, -23.34181 ], [ -46.65316, -23.3417 ], [ -46.65336, -23.34124 ], [ -46.65337, -23.34084 ], [ -46.65381, -23.34047 ], [ -46.65429, -23.34029 ], [ -46.65487, -23.34029 ], [ -46.65595, -23.33953 ], [ -46.65697, -23.3383 ], [ -46.65721, -23.3373 ], [ -46.65734, -23.33725 ], [ -46.65781, -23.33749 ], [ -46.65774, -23.33779 ], [ -46.65786, -23.33794 ], [ -46.65711, -23.33914 ], [ -46.6563, -23.33988 ], [ -46.65574, -23.34014 ], [ -46.6555, -23.3409 ], [ -46.65496, -23.34119 ], [ -46.65431, -23.34116 ], [ -46.65407, -23.34126 ], [ -46.6538, -23.3423 ], [ -46.65414, -23.34365 ], [ -46.65399, -23.34388 ], [ -46.65378, -23.34396 ], [ -46.65348, -23.34383 ], [ -46.65297, -23.34383 ], [ -46.65256, -23.34335 ], [ -46.65248, -23.3434 ], [ -46.65243, -23.34386 ], [ -46.65263, -23.34468 ], [ -46.65257, -23.34511 ], [ -46.65275, -23.34555 ], [ -46.65263, -23.34569 ], [ -46.65248, -23.34575 ], [ -46.65215, -23.34561 ], [ -46.65187, -23.34503 ], [ -46.65113, -23.34466 ], [ -46.65005, -23.34533 ], [ -46.64904, -23.34488 ], [ -46.64808, -23.3453 ], [ -46.64795, -23.34547 ], [ -46.64802, -23.34603 ], [ -46.6478, -23.34692 ], [ -46.64803, -23.34766 ], [ -46.64804, -23.3486 ], [ -46.64778, -23.34927 ], [ -46.64865, -23.35057 ], [ -46.64891, -23.35065 ], [ -46.64898, -23.35084 ], [ -46.64874, -23.35087 ], [ -46.64814, -23.35053 ], [ -46.64773, -23.35008 ], [ -46.64724, -23.34991 ], [ -46.64664, -23.34934 ], [ -46.64557, -23.34955 ], [ -46.64553, -23.35018 ], [ -46.64579, -23.35074 ], [ -46.6457, -23.35178 ], [ -46.64545, -23.35214 ], [ -46.64557, -23.35272 ], [ -46.64532, -23.3536 ], [ -46.64569, -23.35406 ], [ -46.64538, -23.35435 ], [ -46.64604, -23.35588 ], [ -46.64556, -23.3559 ], [ -46.64494, -23.35636 ], [ -46.64395, -23.35682 ], [ -46.6439, -23.35704 ], [ -46.64423, -23.35754 ], [ -46.64403, -23.35839 ], [ -46.64371, -23.35836 ], [ -46.64299, -23.35772 ], [ -46.64289, -23.35743 ], [ -46.6424, -23.35723 ], [ -46.64224, -23.35657 ], [ -46.64205, -23.3564 ], [ -46.64231, -23.35609 ], [ -46.64357, -23.35556 ], [ -46.64361, -23.35533 ], [ -46.64435, -23.35454 ], [ -46.64424, -23.35383 ], [ -46.64408, -23.35365 ], [ -46.64412, -23.35326 ], [ -46.64455, -23.35296 ], [ -46.64455, -23.35275 ], [ -46.64382, -23.35211 ], [ -46.64351, -23.35205 ], [ -46.64372, -23.35174 ], [ -46.64434, -23.35204 ], [ -46.64469, -23.35207 ], [ -46.64477, -23.35197 ], [ -46.64451, -23.35127 ], [ -46.64467, -23.3507 ], [ -46.64445, -23.3502 ], [ -46.64403, -23.34988 ], [ -46.64402, -23.34962 ], [ -46.6445, -23.34929 ], [ -46.64678, -23.34858 ], [ -46.64689, -23.3482 ], [ -46.64673, -23.34615 ], [ -46.64591, -23.34586 ], [ -46.64675, -23.34574 ], [ -46.64717, -23.34538 ], [ -46.64767, -23.34457 ], [ -46.64866, -23.34419 ], [ -46.64848, -23.34349 ], [ -46.6492, -23.34342 ] ] ] } },
{ "type": "Feature", "properties": { "km2": 0.036 }, "geometry": { "type": "Polygon", "coordinates": [ [ [ -46.64299, -23.34133 ], [ -46.64348, -23.34084 ], [ -46.64382, -23.34024 ], [ -46.6438, -23.33988 ], [ -46.64371, -23.33955 ], [ -46.64339, -23.33924 ], [ -46.64263, -23.33892 ], [ -46.643, -23.33868 ], [ -46.64354, -23.33878 ], [ -46.64422, -23.33801 ], [ -46.64507, -23.33827 ], [ -46.64507, -23.33887 ], [ -46.64586, -23.33978 ], [ -46.64565, -23.33983 ], [ -46.64518, -23.33952 ], [ -46.64484, -23.33951 ], [ -46.64443, -23.33968 ], [ -46.64412, -23.34002 ], [ -46.64354, -23.3411 ], [ -46.64307, -23.34144 ], [ -46.64299, -23.34133 ] ] ] } },
{ "type": "Feature", "properties": { "km2": 0.084 }, "geometry": { "type": "Polygon", "coordinates": [ [ [ -46.63618, -23.33251 ], [ -46.63609, -23.33275 ], [ -46.63592, -23.33232 ], [ -46.63501, -23.33169 ], [ -46.63501, -23.33156 ], [ -46.6344, -23.33168 ], [ -46.63354, -23.33277 ], [ -46.6329, -23.33325 ], [ -46.63274, -23.33376 ], [ -46.63313, -23.3346 ], [ -46.63309, -23.33476 ], [ -46.63283, -23.33475 ], [ -46.632, -23.334 ], [ -46.63125, -23.33448 ], [ -46.63037, -23.33444 ], [ -46.6302, -23.3346 ], [ -46.63033, -23.33526 ], [ -46.63009, -23.3355 ], [ -46.62985, -23.33537 ], [ -46.62916, -23.33554 ], [ -46.62916, -23.33598 ], [ -46.62896, -23.33646 ], [ -46.62901, -23.33696 ], [ -46.62932, -23.33708 ], [ -46.62921, -23.33731 ], [ -46.62851, -23.337 ], [ -46.62845, -23.33638 ], [ -46.62832, -23.33626 ], [ -46.62822, -23.33575 ], [ -46.62875, -23.33549 ], [ -46.62904, -23.33555 ], [ -46.62933, -23.33508 ], [ -46.62973, -23.33504 ], [ -46.62983, -23.33477 ], [ -46.63039, -23.33429 ], [ -46.63111, -23.33419 ], [ -46.63132, -23.33368 ], [ -46.63162, -23.33343 ], [ -46.63204, -23.33364 ], [ -46.6324, -23.33333 ], [ -46.63257, -23.33254 ], [ -46.63347, -23.33191 ], [ -46.63463, -23.33038 ], [ -46.63488, -23.33027 ], [ -46.63578, -23.33062 ], [ -46.63618, -23.33251 ] ] ] } },
{ "type": "Feature", "properties": { "km2": 3.718 }, "geometry": { "type": "Polygon", "coordinates": [ [ [ -46.66026, -23.33689 ], [ -46.65969, -23.3366 ], [ -46.65936, -23.33656 ], [ -46.65881, -23.33695 ], [ -46.65825, -23.337 ], [ -46.65793, -23.33716 ], [ -46.65725, -23.33671 ], [ -46.65729, -23.3362 ], [ -46.65538, -23.33635 ], [ -46.65457, -23.33608 ], [ -46.65411, -23.33564 ], [ -46.65406, -23.33515 ], [ -46.65367, -23.33501 ], [ -46.65361, -23.33452 ], [ -46.65391, -23.33361 ], [ -46.65352, -23.33343 ], [ -46.65257, -23.33432 ], [ -46.65261, -23.33471 ], [ -46.65294, -23.335 ], [ -46.65281, -23.33515 ], [ -46.6524, -23.33519 ], [ -46.65217, -23.33556 ], [ -46.64992, -23.33689 ], [ -46.6492, -23.3372 ], [ -46.64743, -23.337 ], [ -46.64596, -23.33728 ], [ -46.64558, -23.33755 ], [ -46.64476, -23.33755 ], [ -46.64433, -23.3372 ], [ -46.6447, -23.33612 ], [ -46.64536, -23.33567 ], [ -46.64517, -23.33532 ], [ -46.6452, -23.33484 ], [ -46.64491, -23.33472 ], [ -46.64493, -23.33445 ], [ -46.64528, -23.33422 ], [ -46.64544, -23.33389 ], [ -46.64475, -23.33399 ], [ -46.64364, -23.33391 ], [ -46.643, -23.33329 ], [ -46.64188, -23.33263 ], [ -46.6416, -23.33265 ], [ -46.64074, -23.3322 ], [ -46.63849, -23.33082 ], [ -46.63836, -23.33027 ], [ -46.63809, -23.33014 ], [ -46.63775, -23.33023 ], [ -46.6373, -23.33014 ], [ -46.63656, -23.33036 ], [ -46.63473, -23.3296 ], [ -46.63439, -23.32916 ], [ -46.63227, -23.32857 ], [ -46.63098, -23.32844 ], [ -46.63018, -23.32889 ], [ -46.62817, -23.3291 ], [ -46.62674, -23.32905 ], [ -46.62549, -23.32883 ], [ -46.62512, -23.32891 ], [ -46.62443, -23.32998 ], [ -46.62442, -23.33039 ], [ -46.62408, -23.33085 ], [ -46.62376, -23.33103 ], [ -46.62331, -23.33099 ], [ -46.6224, -23.33136 ], [ -46.62191, -23.33117 ], [ -46.62175, -23.33094 ], [ -46.62164, -23.32948 ], [ -46.62144, -23.32941 ], [ -46.62093, -23.32954 ], [ -46.62027, -23.32995 ], [ -46.62013, -23.3296 ], [ -46.61904, -23.32909 ], [ -46.61634, -23.32866 ], [ -46.61552, -23.3283 ], [ -46.61392, -23.3273 ], [ -46.61345, -23.32753 ], [ -46.61343, -23.32808 ], [ -46.61255, -23.3292 ], [ -46.61253, -23.32949 ], [ -46.61237, -23.32968 ], [ -46.61174, -23.32963 ], [ -46.61107, -23.32931 ], [ -46.61081, -23.32857 ], [ -46.6105, -23.32841 ], [ -46.61029, -23.32808 ], [ -46.60939, -23.32728 ], [ -46.60906, -23.32719 ], [ -46.60768, -23.32754 ], [ -46.60728, -23.32739 ], [ -46.60666, -23.32779 ], [ -46.60636, -23.32778 ], [ -46.6061, -23.328 ], [ -46.60554, -23.32808 ], [ -46.60465, -23.3281 ], [ -46.60336, -23.32775 ], [ -46.60247, -23.32711 ], [ -46.60203, -23.32712 ], [ -46.60177, -23.32656 ], [ -46.6006, -23.32648 ], [ -46.59976, -23.32615 ], [ -46.59944, -23.32586 ], [ -46.59901, -23.32579 ], [ -46.5981, -23.3249 ], [ -46.59759, -23.32384 ], [ -46.59661, -23.32327 ], [ -46.59579, -23.32318 ], [ -46.59582, -23.32247 ], [ -46.59542, -23.32187 ], [ -46.59552, -23.32158 ], [ -46.59599, -23.32121 ], [ -46.59587, -23.32089 ], [ -46.59547, -23.32063 ], [ -46.59474, -23.31909 ], [ -46.59399, -23.31906 ], [ -46.59426, -23.31869 ], [ -46.59414, -23.31868 ], [ -46.59362, -23.31888 ], [ -46.59315, -23.31928 ], [ -46.59304, -23.31911 ], [ -46.59333, -23.3187 ], [ -46.5933, -23.31857 ], [ -46.59208, -23.31856 ], [ -46.59179, -23.31846 ], [ -46.59184, -23.31819 ], [ -46.59242, -23.31819 ], [ -46.59327, -23.31784 ], [ -46.59403, -23.31826 ], [ -46.5948, -23.31849 ], [ -46.59526, -23.3188 ], [ -46.59557, -23.31927 ], [ -46.59598, -23.31935 ], [ -46.59591, -23.31968 ], [ -46.59612, -23.32009 ], [ -46.59661, -23.32054 ], [ -46.59687, -23.32058 ], [ -46.597, -23.32046 ], [ -46.59664, -23.32023 ], [ -46.59652, -23.31993 ], [ -46.5969, -23.31964 ], [ -46.59677, -23.3194 ], [ -46.59713, -23.31918 ], [ -46.59759, -23.31917 ], [ -46.59778, -23.31941 ], [ -46.5976, -23.31983 ], [ -46.59757, -23.3206 ], [ -46.59822, -23.32088 ], [ -46.59868, -23.32089 ], [ -46.59922, -23.32069 ], [ -46.59994, -23.31971 ], [ -46.60072, -23.31917 ], [ -46.6009, -23.31943 ], [ -46.60034, -23.31981 ], [ -46.59995, -23.32042 ], [ -46.59944, -23.32172 ], [ -46.59973, -23.32198 ], [ -46.60028, -23.32293 ], [ -46.60102, -23.32317 ], [ -46.60168, -23.32355 ], [ -46.60247, -23.32373 ], [ -46.60332, -23.3245 ], [ -46.60361, -23.32494 ], [ -46.60356, -23.32541 ], [ -46.60393, -23.32573 ], [ -46.60453, -23.32568 ], [ -46.60485, -23.32526 ], [ -46.60526, -23.32518 ], [ -46.60556, -23.32536 ], [ -46.60565, -23.32611 ], [ -46.60607, -23.32609 ], [ -46.60642, -23.32588 ], [ -46.60681, -23.32601 ], [ -46.60719, -23.32589 ], [ -46.60791, -23.32522 ], [ -46.60894, -23.32564 ], [ -46.60921, -23.32604 ], [ -46.6096, -23.32626 ], [ -46.61002, -23.32619 ], [ -46.61009, -23.32654 ], [ -46.61041, -23.32667 ], [ -46.61098, -23.32615 ], [ -46.61141, -23.32608 ], [ -46.61151, -23.32567 ], [ -46.61178, -23.32548 ], [ -46.61295, -23.32524 ], [ -46.61338, -23.32476 ], [ -46.6135, -23.32424 ], [ -46.61314, -23.32379 ], [ -46.61271, -23.32353 ], [ -46.61247, -23.32265 ], [ -46.61274, -23.32217 ], [ -46.613, -23.32218 ], [ -46.61328, -23.32258 ], [ -46.61337, -23.32282 ], [ -46.6133, -23.3231 ], [ -46.61354, -23.32376 ], [ -46.61393, -23.324 ], [ -46.61611, -23.32632 ], [ -46.61699, -23.32659 ], [ -46.61761, -23.32671 ], [ -46.61804, -23.32652 ], [ -46.62021, -23.3269 ], [ -46.62081, -23.3266 ], [ -46.62107, -23.32682 ], [ -46.62156, -23.32679 ], [ -46.62178, -23.32643 ], [ -46.62255, -23.32671 ], [ -46.62337, -23.32639 ], [ -46.6238, -23.32656 ], [ -46.62393, -23.32706 ], [ -46.62373, -23.32745 ], [ -46.62459, -23.32796 ], [ -46.62588, -23.3276 ], [ -46.62676, -23.3272 ], [ -46.63098, -23.32741 ], [ -46.632, -23.32734 ], [ -46.63254, -23.32701 ], [ -46.63297, -23.32706 ], [ -46.63311, -23.32747 ], [ -46.63355, -23.32757 ], [ -46.63538, -23.32727 ], [ -46.63557, -23.3269 ], [ -46.6354, -23.3263 ], [ -46.63504, -23.32579 ], [ -46.63432, -23.32545 ], [ -46.6342, -23.32503 ], [ -46.63314, -23.32442 ], [ -46.63246, -23.32451 ], [ -46.63177, -23.32437 ], [ -46.63186, -23.32336 ], [ -46.63214, -23.32325 ], [ -46.63324, -23.32339 ], [ -46.63349, -23.32273 ], [ -46.63378, -23.32277 ], [ -46.63432, -23.32299 ], [ -46.63451, -23.32341 ], [ -46.6348, -23.32355 ], [ -46.63567, -23.32341 ], [ -46.63565, -23.32376 ], [ -46.63603, -23.32418 ], [ -46.63625, -23.32438 ], [ -46.63676, -23.32448 ], [ -46.63684, -23.32494 ], [ -46.63651, -23.32514 ], [ -46.6365, -23.32537 ], [ -46.63684, -23.3254 ], [ -46.63693, -23.32552 ], [ -46.63697, -23.326 ], [ -46.63655, -23.32664 ], [ -46.63662, -23.3269 ], [ -46.63698, -23.32719 ], [ -46.63736, -23.32726 ], [ -46.63789, -23.32707 ], [ -46.63857, -23.32867 ], [ -46.6395, -23.32888 ], [ -46.64033, -23.3284 ], [ -46.64042, -23.32848 ], [ -46.64018, -23.32898 ], [ -46.64023, -23.32923 ], [ -46.64053, -23.32937 ], [ -46.64053, -23.32971 ], [ -46.64107, -23.32976 ], [ -46.64139, -23.33006 ], [ -46.64265, -23.32993 ], [ -46.64316, -23.33006 ], [ -46.64329, -23.33084 ], [ -46.64361, -23.33125 ], [ -46.64415, -23.3316 ], [ -46.64534, -23.33189 ], [ -46.64598, -23.33136 ], [ -46.64675, -23.33156 ], [ -46.64707, -23.33187 ], [ -46.64759, -23.33188 ], [ -46.64777, -23.33268 ], [ -46.64744, -23.333 ], [ -46.64756, -23.33336 ], [ -46.64844, -23.334 ], [ -46.64902, -23.33404 ], [ -46.64945, -23.33392 ], [ -46.64989, -23.334 ], [ -46.65023, -23.33365 ], [ -46.6504, -23.33301 ], [ -46.65085, -23.33258 ], [ -46.65082, -23.33159 ], [ -46.65099, -23.33156 ], [ -46.6513, -23.33197 ], [ -46.6518, -23.33224 ], [ -46.65252, -23.3323 ], [ -46.65372, -23.33189 ], [ -46.65426, -23.33156 ], [ -46.65394, -23.33095 ], [ -46.65412, -23.33085 ], [ -46.65462, -23.33109 ], [ -46.65472, -23.33162 ], [ -46.65452, -23.33238 ], [ -46.65497, -23.33277 ], [ -46.65553, -23.33293 ], [ -46.65599, -23.33281 ], [ -46.65644, -23.33245 ], [ -46.65647, -23.3314 ], [ -46.65669, -23.33109 ], [ -46.65709, -23.33129 ], [ -46.65726, -23.33222 ], [ -46.65778, -23.33277 ], [ -46.65853, -23.3324 ], [ -46.65929, -23.33227 ], [ -46.65978, -23.33203 ], [ -46.66037, -23.33218 ], [ -46.66069, -23.33207 ], [ -46.66047, -23.33172 ], [ -46.65944, -23.33099 ], [ -46.6593, -23.33057 ], [ -46.65949, -23.33028 ], [ -46.65982, -23.33013 ], [ -46.66095, -23.33061 ], [ -46.66171, -23.33057 ], [ -46.66233, -23.33108 ], [ -46.66308, -23.33107 ], [ -46.66414, -23.33132 ], [ -46.66517, -23.33118 ], [ -46.6663, -23.33063 ], [ -46.66742, -23.32945 ], [ -46.66798, -23.33005 ], [ -46.66857, -23.33035 ], [ -46.66917, -23.33047 ], [ -46.67028, -23.33044 ], [ -46.67112, -23.33005 ], [ -46.67124, -23.33048 ], [ -46.67181, -23.33087 ], [ -46.67221, -23.33079 ], [ -46.67259, -23.33052 ], [ -46.67239, -23.32968 ], [ -46.67253, -23.32954 ], [ -46.67297, -23.32976 ], [ -46.67339, -23.32952 ], [ -46.6736, -23.32955 ], [ -46.67381, -23.32979 ], [ -46.67362, -23.33011 ], [ -46.67383, -23.33049 ], [ -46.67468, -23.33051 ], [ -46.67562, -23.33043 ], [ -46.67737, -23.32975 ], [ -46.67772, -23.32891 ], [ -46.6788, -23.32896 ], [ -46.67917, -23.32909 ], [ -46.67913, -23.33019 ], [ -46.67929, -23.33066 ], [ -46.67913, -23.33085 ], [ -46.67865, -23.33073 ], [ -46.67789, -23.33095 ], [ -46.67783, -23.33116 ], [ -46.67801, -23.33151 ], [ -46.67797, -23.33268 ], [ -46.67578, -23.33348 ], [ -46.67446, -23.33353 ], [ -46.67417, -23.33387 ], [ -46.67371, -23.33393 ], [ -46.673, -23.33364 ], [ -46.67295, -23.33325 ], [ -46.67267, -23.33288 ], [ -46.67131, -23.33293 ], [ -46.67026, -23.3324 ], [ -46.66987, -23.33233 ], [ -46.66936, -23.33255 ], [ -46.66884, -23.33337 ], [ -46.66816, -23.33352 ], [ -46.66794, -23.33246 ], [ -46.66769, -23.33226 ], [ -46.66725, -23.33221 ], [ -46.66699, -23.33237 ], [ -46.66657, -23.33313 ], [ -46.66633, -23.33329 ], [ -46.66601, -23.33326 ], [ -46.66547, -23.33352 ], [ -46.66414, -23.33381 ], [ -46.66317, -23.33418 ], [ -46.66319, -23.33497 ], [ -46.66351, -23.3353 ], [ -46.66317, -23.33612 ], [ -46.66232, -23.33727 ], [ -46.66262, -23.33779 ], [ -46.66258, -23.33886 ], [ -46.66273, -23.3395 ], [ -46.66329, -23.34035 ], [ -46.66351, -23.34169 ], [ -46.66372, -23.34185 ], [ -46.66484, -23.34192 ], [ -46.66549, -23.34176 ], [ -46.66685, -23.34066 ], [ -46.66704, -23.34029 ], [ -46.66693, -23.34087 ], [ -46.66633, -23.34141 ], [ -46.66642, -23.3417 ], [ -46.66609, -23.34152 ], [ -46.66503, -23.34238 ], [ -46.6657, -23.34273 ], [ -46.66742, -23.34482 ], [ -46.66838, -23.34456 ], [ -46.66788, -23.34508 ], [ -46.66848, -23.34549 ], [ -46.66936, -23.34658 ], [ -46.66866, -23.34616 ], [ -46.66833, -23.34563 ], [ -46.66739, -23.34527 ], [ -46.66549, -23.34374 ], [ -46.6648, -23.3433 ], [ -46.66443, -23.34316 ], [ -46.6642, -23.34321 ], [ -46.66377, -23.34389 ], [ -46.66371, -23.34429 ], [ -46.6645, -23.34571 ], [ -46.66518, -23.34623 ], [ -46.66517, -23.347 ], [ -46.66592, -23.34837 ], [ -46.66648, -23.34841 ], [ -46.6661, -23.34869 ], [ -46.66556, -23.34988 ], [ -46.66593, -23.35122 ], [ -46.66682, -23.35277 ], [ -46.66729, -23.35285 ], [ -46.66808, -23.35276 ], [ -46.66897, -23.35342 ], [ -46.66931, -23.35384 ], [ -46.66981, -23.35382 ], [ -46.67, -23.35353 ], [ -46.67019, -23.35382 ], [ -46.67063, -23.35374 ], [ -46.67071, -23.354 ], [ -46.671, -23.35398 ], [ -46.6711, -23.35418 ], [ -46.66958, -23.35408 ], [ -46.66818, -23.35369 ], [ -46.66784, -23.35374 ], [ -46.66768, -23.35403 ], [ -46.66819, -23.35518 ], [ -46.66846, -23.35551 ], [ -46.66884, -23.35759 ], [ -46.66916, -23.35794 ], [ -46.6692, -23.35838 ], [ -46.66941, -23.35883 ], [ -46.66941, -23.3595 ], [ -46.66926, -23.35979 ], [ -46.66974, -23.36008 ], [ -46.67002, -23.36043 ], [ -46.67032, -23.36164 ], [ -46.67068, -23.36197 ], [ -46.67066, -23.36288 ], [ -46.67114, -23.36372 ], [ -46.67108, -23.36404 ], [ -46.67178, -23.36486 ], [ -46.67126, -23.36478 ], [ -46.67083, -23.36441 ], [ -46.67039, -23.36363 ], [ -46.67009, -23.36397 ], [ -46.67001, -23.36442 ], [ -46.67014, -23.36533 ], [ -46.66925, -23.3665 ], [ -46.66897, -23.36887 ], [ -46.66915, -23.36948 ], [ -46.66892, -23.36972 ], [ -46.66874, -23.36969 ], [ -46.6686, -23.36934 ], [ -46.66886, -23.36688 ], [ -46.6688, -23.36619 ], [ -46.66911, -23.36559 ], [ -46.66925, -23.36488 ], [ -46.66939, -23.36296 ], [ -46.66908, -23.36255 ], [ -46.66812, -23.36177 ], [ -46.66726, -23.3617 ], [ -46.66723, -23.36116 ], [ -46.66831, -23.35968 ], [ -46.66834, -23.35915 ], [ -46.66751, -23.35787 ], [ -46.66772, -23.35698 ], [ -46.66749, -23.3569 ], [ -46.66724, -23.35708 ], [ -46.66711, -23.35699 ], [ -46.66676, -23.35564 ], [ -46.66678, -23.35496 ], [ -46.66652, -23.35424 ], [ -46.66626, -23.35412 ], [ -46.6659, -23.35418 ], [ -46.66483, -23.35296 ], [ -46.66411, -23.35014 ], [ -46.66414, -23.34967 ], [ -46.6645, -23.3496 ], [ -46.66462, -23.34936 ], [ -46.66408, -23.34851 ], [ -46.66427, -23.34798 ], [ -46.66414, -23.34727 ], [ -46.66389, -23.34653 ], [ -46.66347, -23.3459 ], [ -46.66296, -23.34527 ], [ -46.66245, -23.34522 ], [ -46.66216, -23.34495 ], [ -46.66194, -23.34449 ], [ -46.6621, -23.34412 ], [ -46.6621, -23.34355 ], [ -46.66191, -23.34326 ], [ -46.66194, -23.34243 ], [ -46.66199, -23.342 ], [ -46.66226, -23.34166 ], [ -46.66214, -23.34149 ], [ -46.66187, -23.34149 ], [ -46.66176, -23.34083 ], [ -46.66116, -23.3399 ], [ -46.6612, -23.3394 ], [ -46.66055, -23.3385 ], [ -46.66026, -23.33689 ] ] ] } },
{ "type": "Feature", "properties": { "km2": 0.046 }, "geometry": { "type": "Polygon", "coordinates": [ [ [ -46.71834, -23.30536 ], [ -46.71859, -23.30717 ], [ -46.71847, -23.30804 ], [ -46.71866, -23.30859 ], [ -46.71868, -23.3095 ], [ -46.7188, -23.30983 ], [ -46.71826, -23.31022 ], [ -46.71807, -23.31001 ], [ -46.71817, -23.30906 ], [ -46.71776, -23.30746 ], [ -46.71782, -23.3071 ], [ -46.71728, -23.30632 ], [ -46.71729, -23.30604 ], [ -46.7178, -23.30519 ], [ -46.71813, -23.30408 ], [ -46.71857, -23.3042 ], [ -46.71834, -23.30536 ] ] ] } },
{ "type": "Feature", "properties": { "km2": 0.043 }, "geometry": { "type": "Polygon", "coordinates": [ [ [ -46.69024, -23.32457 ], [ -46.68999, -23.32477 ], [ -46.68987, -23.32463 ], [ -46.68922, -23.32451 ], [ -46.68896, -23.32424 ], [ -46.6888, -23.32377 ], [ -46.68901, -23.32344 ], [ -46.68909, -23.32268 ], [ -46.6889, -23.32261 ], [ -46.68895, -23.3224 ], [ -46.68884, -23.3224 ], [ -46.68882, -23.32226 ], [ -46.68906, -23.32204 ], [ -46.68908, -23.32176 ], [ -46.6894, -23.32171 ], [ -46.68957, -23.32193 ], [ -46.68952, -23.32176 ], [ -46.68966, -23.32146 ], [ -46.69016, -23.32147 ], [ -46.69032, -23.32172 ], [ -46.69057, -23.32147 ], [ -46.68991, -23.32113 ], [ -46.68989, -23.32101 ], [ -46.69026, -23.32118 ], [ -46.69031, -23.32074 ], [ -46.68988, -23.32057 ], [ -46.68957, -23.32013 ], [ -46.6903, -23.32018 ], [ -46.69027, -23.32027 ], [ -46.69044, -23.32032 ], [ -46.69037, -23.32048 ], [ -46.69055, -23.3209 ], [ -46.69072, -23.32095 ], [ -46.69087, -23.32123 ], [ -46.69038, -23.32212 ], [ -46.69018, -23.32227 ], [ -46.69008, -23.32207 ], [ -46.68978, -23.32229 ], [ -46.68995, -23.32238 ], [ -46.68986, -23.32284 ], [ -46.68999, -23.32289 ], [ -46.68998, -23.32305 ], [ -46.68967, -23.32371 ], [ -46.69024, -23.32457 ] ] ] } },
{ "type": "Feature", "properties": { "km2": 0.022 }, "geometry": { "type": "Polygon", "coordinates": [ [ [ -46.67279, -23.33699 ], [ -46.67274, -23.33645 ], [ -46.67296, -23.33644 ], [ -46.6731, -23.3361 ], [ -46.67313, -23.33492 ], [ -46.67304, -23.3347 ], [ -46.67335, -23.33432 ], [ -46.67414, -23.3343 ], [ -46.67395, -23.33503 ], [ -46.67406, -23.33531 ], [ -46.67377, -23.33547 ], [ -46.67346, -23.33629 ], [ -46.6734, -23.33699 ], [ -46.67279, -23.33699 ] ] ] } },
{ "type": "Feature", "properties": { "km2": 0.069 }, "geometry": { "type": "Polygon", "coordinates": [ [ [ -46.66487, -23.35382 ], [ -46.66545, -23.35435 ], [ -46.66544, -23.35449 ], [ -46.66504, -23.35471 ], [ -46.66477, -23.35504 ], [ -46.66433, -23.35524 ], [ -46.66353, -23.35527 ], [ -46.66222, -23.35626 ], [ -46.6616, -23.35646 ], [ -46.66072, -23.35785 ], [ -46.66052, -23.3578 ], [ -46.66067, -23.35683 ], [ -46.6612, -23.35602 ], [ -46.66119, -23.35582 ], [ -46.65933, -23.35482 ], [ -46.65837, -23.35481 ], [ -46.65846, -23.35458 ], [ -46.65872, -23.35442 ], [ -46.66007, -23.35475 ], [ -46.66038, -23.355 ], [ -46.66133, -23.35524 ], [ -46.66358, -23.35463 ], [ -46.66372, -23.35413 ], [ -46.66399, -23.35424 ], [ -46.66487, -23.35382 ] ] ] } },
{ "type": "Feature", "properties": { "km2": 0.146 }, "geometry": { "type": "Polygon", "coordinates": [ [ [ -46.66195, -23.39537 ], [ -46.66219, -23.39498 ], [ -46.66256, -23.39511 ], [ -46.66236, -23.39554 ], [ -46.66246, -23.39595 ], [ -46.66337, -23.39779 ], [ -46.66314, -23.39812 ], [ -46.66259, -23.39838 ], [ -46.66271, -23.39922 ], [ -46.66246, -23.39957 ], [ -46.66246, -23.39988 ], [ -46.66196, -23.40044 ], [ -46.66202, -23.40081 ], [ -46.66221, -23.40106 ], [ -46.66209, -23.40158 ], [ -46.66176, -23.40156 ], [ -46.66156, -23.40122 ], [ -46.66155, -23.3997 ], [ -46.66145, -23.39956 ], [ -46.66166, -23.39947 ], [ -46.66166, -23.39934 ], [ -46.66152, -23.39927 ], [ -46.66112, -23.39925 ], [ -46.66046, -23.3996 ], [ -46.65994, -23.39951 ], [ -46.65953, -23.39981 ], [ -46.65834, -23.39972 ], [ -46.65775, -23.40039 ], [ -46.65774, -23.40061 ], [ -46.65824, -23.4011 ], [ -46.65814, -23.40129 ], [ -46.65782, -23.40133 ], [ -46.65763, -23.40114 ], [ -46.65765, -23.40092 ], [ -46.65734, -23.40096 ], [ -46.65701, -23.4017 ], [ -46.65713, -23.40181 ], [ -46.65708, -23.40225 ], [ -46.65688, -23.40247 ], [ -46.65688, -23.40267 ], [ -46.65653, -23.40301 ], [ -46.65774, -23.40335 ], [ -46.65838, -23.40405 ], [ -46.65829, -23.40421 ], [ -46.65815, -23.40422 ], [ -46.65776, -23.40384 ], [ -46.65745, -23.40377 ], [ -46.65706, -23.40397 ], [ -46.65694, -23.40506 ], [ -46.65671, -23.40535 ], [ -46.65665, -23.40602 ], [ -46.65646, -23.40633 ], [ -46.65655, -23.40653 ], [ -46.65636, -23.40642 ], [ -46.6558, -23.40663 ], [ -46.6551, -23.40668 ], [ -46.65521, -23.40697 ], [ -46.65498, -23.40676 ], [ -46.6548, -23.40689 ], [ -46.65433, -23.40675 ], [ -46.65394, -23.40688 ], [ -46.65424, -23.40653 ], [ -46.65474, -23.40671 ], [ -46.65497, -23.40652 ], [ -46.65508, -23.40663 ], [ -46.65601, -23.40644 ], [ -46.65635, -23.40624 ], [ -46.65649, -23.40597 ], [ -46.65648, -23.40563 ], [ -46.6568, -23.40487 ], [ -46.65676, -23.40332 ], [ -46.65644, -23.40315 ], [ -46.65584, -23.40334 ], [ -46.6553, -23.40324 ], [ -46.65574, -23.40314 ], [ -46.65668, -23.40256 ], [ -46.65668, -23.40186 ], [ -46.65651, -23.40161 ], [ -46.65659, -23.40123 ], [ -46.65615, -23.40083 ], [ -46.65693, -23.40039 ], [ -46.65747, -23.40039 ], [ -46.65763, -23.40017 ], [ -46.65766, -23.39983 ], [ -46.65831, -23.39904 ], [ -46.65832, -23.39891 ], [ -46.65779, -23.39832 ], [ -46.65738, -23.39811 ], [ -46.65788, -23.39753 ], [ -46.65892, -23.39808 ], [ -46.65937, -23.39856 ], [ -46.65982, -23.39881 ], [ -46.66063, -23.39885 ], [ -46.66074, -23.39854 ], [ -46.66116, -23.39822 ], [ -46.66151, -23.39848 ], [ -46.66181, -23.39848 ], [ -46.66244, -23.39813 ], [ -46.66263, -23.39712 ], [ -46.66195, -23.39537 ] ] ] } },
{ "type": "Feature", "properties": { "km2": 0.092 }, "geometry": { "type": "Polygon", "coordinates": [ [ [ -46.59378, -23.40265 ], [ -46.59443, -23.40256 ], [ -46.59465, -23.40278 ], [ -46.5946, -23.40304 ], [ -46.59406, -23.40287 ], [ -46.59316, -23.40297 ], [ -46.59307, -23.40246 ], [ -46.59329, -23.40222 ], [ -46.59308, -23.40179 ], [ -46.59246, -23.40096 ], [ -46.59168, -23.40051 ], [ -46.59131, -23.40009 ], [ -46.59091, -23.40025 ], [ -46.59036, -23.4009 ], [ -46.5897, -23.40091 ], [ -46.58935, -23.40112 ], [ -46.58921, -23.40141 ], [ -46.58926, -23.40207 ], [ -46.58888, -23.40198 ], [ -46.58861, -23.40222 ], [ -46.58793, -23.40234 ], [ -46.58732, -23.40288 ], [ -46.58712, -23.40276 ], [ -46.58714, -23.40216 ], [ -46.58819, -23.40147 ], [ -46.58859, -23.40055 ], [ -46.589, -23.4002 ], [ -46.58955, -23.40016 ], [ -46.59009, -23.39985 ], [ -46.59011, -23.39956 ], [ -46.5895, -23.39898 ], [ -46.58926, -23.3989 ], [ -46.58894, -23.3992 ], [ -46.58833, -23.39938 ], [ -46.58826, -23.39925 ], [ -46.58849, -23.39873 ], [ -46.58847, -23.39813 ], [ -46.5882, -23.39756 ], [ -46.58854, -23.39767 ], [ -46.58879, -23.3981 ], [ -46.58874, -23.39877 ], [ -46.58897, -23.39837 ], [ -46.58945, -23.39836 ], [ -46.59066, -23.39974 ], [ -46.59099, -23.3998 ], [ -46.59148, -23.39963 ], [ -46.59171, -23.39939 ], [ -46.59178, -23.39991 ], [ -46.59263, -23.39993 ], [ -46.59274, -23.40006 ], [ -46.59271, -23.40043 ], [ -46.59256, -23.4006 ], [ -46.59261, -23.4008 ], [ -46.59293, -23.40128 ], [ -46.59337, -23.4013 ], [ -46.59329, -23.40166 ], [ -46.59373, -23.40224 ], [ -46.59378, -23.40265 ] ] ] } },
{ "type": "Feature", "properties": { "km2": 0.061 }, "geometry": { "type": "Polygon", "coordinates": [ [ [ -46.58376, -23.40015 ], [ -46.58448, -23.40067 ], [ -46.58504, -23.40162 ], [ -46.58497, -23.40211 ], [ -46.58392, -23.40237 ], [ -46.58324, -23.40192 ], [ -46.58285, -23.4019 ], [ -46.58152, -23.40097 ], [ -46.58128, -23.40035 ], [ -46.58154, -23.40013 ], [ -46.58226, -23.40025 ], [ -46.58376, -23.40015 ] ] ] } },
{ "type": "Feature", "properties": { "km2": 0.045 }, "geometry": { "type": "MultiPolygon", "coordinates": [ [ [ [ -46.61504, -23.45882 ], [ -46.61466, -23.45888 ], [ -46.61325, -23.45839 ], [ -46.61079, -23.45839 ], [ -46.60689, -23.45865 ], [ -46.60612, -23.45838 ], [ -46.60443, -23.45838 ], [ -46.6038, -23.45882 ], [ -46.60327, -23.4597 ], [ -46.60311, -23.46109 ], [ -46.60269, -23.46153 ], [ -46.60232, -23.4617 ], [ -46.60141, -23.46184 ], [ -46.60031, -23.46189 ], [ -46.5987, -23.46263 ], [ -46.59702, -23.46428 ], [ -46.59613, -23.4647 ], [ -46.59513, -23.46565 ], [ -46.59394, -23.46601 ], [ -46.59349, -23.46575 ], [ -46.59206, -23.46427 ], [ -46.59077, -23.46344 ], [ -46.5903, -23.46351 ], [ -46.58992, -23.46388 ], [ -46.58932, -23.46402 ], [ -46.58876, -23.46402 ], [ -46.58832, -23.46383 ], [ -46.58698, -23.46204 ], [ -46.58608, -23.46038 ], [ -46.58477, -23.45857 ], [ -46.58264, -23.45758 ], [ -46.58198, -23.45709 ], [ -46.58222, -23.45706 ], [ -46.5833, -23.45781 ], [ -46.58479, -23.45842 ], [ -46.58615, -23.46035 ], [ -46.58701, -23.4619 ], [ -46.58833, -23.46361 ], [ -46.58914, -23.46391 ], [ -46.5899, -23.46377 ], [ -46.5904, -23.46337 ], [ -46.59082, -23.46335 ], [ -46.59177, -23.46389 ], [ -46.5933, -23.46529 ], [ -46.59377, -23.46588 ], [ -46.59403, -23.46591 ], [ -46.59497, -23.4656 ], [ -46.59596, -23.46473 ], [ -46.59692, -23.4643 ], [ -46.59855, -23.46265 ], [ -46.60026, -23.46184 ], [ -46.60209, -23.46168 ], [ -46.60265, -23.46146 ], [ -46.60304, -23.46096 ], [ -46.6031, -23.45983 ], [ -46.6039, -23.45862 ], [ -46.6044, -23.45832 ], [ -46.60609, -23.45831 ], [ -46.60689, -23.45859 ], [ -46.6109, -23.45833 ], [ -46.61327, -23.45832 ], [ -46.61466, -23.45884 ], [ -46.61504, -23.45882 ] ] ], [ [ [ -46.61921, -23.45711 ], [ -46.6171, -23.45703 ], [ -46.61589, -23.45782 ], [ -46.61579, -23.458 ], [ -46.61584, -23.4578 ], [ -46.61705, -23.45698 ], [ -46.61744, -23.45695 ], [ -46.61921, -23.45711 ] ] ], [ [ [ -46.62099, -23.45834 ], [ -46.62157, -23.45839 ], [ -46.62098, -23.45837 ], [ -46.62074, -23.45814 ], [ -46.62099, -23.45834 ] ] ], [ [ [ -46.62072, -23.45799 ], [ -46.62065, -23.45805 ], [ -46.61934, -23.45712 ], [ -46.62, -23.45744 ], [ -46.62072, -23.45799 ] ] ] ] } },
{ "type": "Feature", "properties": { "km2": 0.058 }, "geometry": { "type": "Polygon", "coordinates": [ [ [ -46.72457, -23.50472 ], [ -46.7248, -23.50406 ], [ -46.72518, -23.50401 ], [ -46.72546, -23.50377 ], [ -46.72568, -23.50324 ], [ -46.72653, -23.50343 ], [ -46.72815, -23.5029 ], [ -46.72825, -23.50311 ], [ -46.72835, -23.50347 ], [ -46.72697, -23.50482 ], [ -46.72673, -23.50499 ], [ -46.72628, -23.50498 ], [ -46.72579, -23.5055 ], [ -46.72543, -23.50552 ], [ -46.72457, -23.50472 ] ] ] } },
{ "type": "Feature", "properties": { "km2": 0.446 }, "geometry": { "type": "Polygon", "coordinates": [ [ [ -46.69772, -23.50836 ], [ -46.69764, -23.50847 ], [ -46.69759, -23.50834 ], [ -46.6971, -23.50828 ], [ -46.69456, -23.50835 ], [ -46.69027, -23.50928 ], [ -46.69028, -23.5092 ], [ -46.68599, -23.50999 ], [ -46.68594, -23.51015 ], [ -46.68588, -23.51001 ], [ -46.68504, -23.51017 ], [ -46.68502, -23.51026 ], [ -46.68444, -23.51031 ], [ -46.68433, -23.50976 ], [ -46.6851, -23.50961 ], [ -46.68511, -23.50952 ], [ -46.68514, -23.5096 ], [ -46.68945, -23.50883 ], [ -46.69018, -23.50853 ], [ -46.6905, -23.50858 ], [ -46.69052, -23.50842 ], [ -46.69068, -23.50854 ], [ -46.69141, -23.50842 ], [ -46.6925, -23.50813 ], [ -46.69514, -23.50773 ], [ -46.69522, -23.50762 ], [ -46.69528, -23.50771 ], [ -46.69689, -23.50765 ], [ -46.70376, -23.50824 ], [ -46.70383, -23.50815 ], [ -46.70386, -23.50824 ], [ -46.70567, -23.50844 ], [ -46.70601, -23.50847 ], [ -46.70615, -23.50836 ], [ -46.70618, -23.50848 ], [ -46.70665, -23.50851 ], [ -46.71629, -23.50786 ], [ -46.7182, -23.50795 ], [ -46.71962, -23.50844 ], [ -46.72093, -23.50934 ], [ -46.72137, -23.50982 ], [ -46.72268, -23.51181 ], [ -46.72355, -23.51269 ], [ -46.72542, -23.51382 ], [ -46.72554, -23.51374 ], [ -46.72551, -23.51387 ], [ -46.72755, -23.515 ], [ -46.73204, -23.51729 ], [ -46.73316, -23.51756 ], [ -46.73419, -23.51759 ], [ -46.73935, -23.51737 ], [ -46.74024, -23.51731 ], [ -46.7403, -23.51721 ], [ -46.74041, -23.51731 ], [ -46.74232, -23.51731 ], [ -46.74384, -23.51758 ], [ -46.74474, -23.51794 ], [ -46.74607, -23.51878 ], [ -46.7471, -23.5199 ], [ -46.74858, -23.52294 ], [ -46.74791, -23.52312 ], [ -46.74683, -23.52057 ], [ -46.74603, -23.51947 ], [ -46.74485, -23.51858 ], [ -46.74349, -23.51802 ], [ -46.74184, -23.51781 ], [ -46.73349, -23.51811 ], [ -46.7322, -23.51794 ], [ -46.73107, -23.51757 ], [ -46.7251, -23.51425 ], [ -46.72496, -23.51431 ], [ -46.72501, -23.5142 ], [ -46.72337, -23.51324 ], [ -46.72266, -23.51259 ], [ -46.72056, -23.50971 ], [ -46.71946, -23.50894 ], [ -46.71867, -23.50863 ], [ -46.71797, -23.50845 ], [ -46.71678, -23.50837 ], [ -46.71548, -23.50845 ], [ -46.71539, -23.50856 ], [ -46.71533, -23.50847 ], [ -46.70714, -23.5091 ], [ -46.70104, -23.50856 ], [ -46.701, -23.50874 ], [ -46.7009, -23.50853 ], [ -46.69772, -23.50836 ] ] ] } },
{ "type": "Feature", "properties": { "km2": 0.385 }, "geometry": { "type": "Polygon", "coordinates": [ [ [ -46.74954, -23.52672 ], [ -46.75016, -23.5268 ], [ -46.74993, -23.52748 ], [ -46.74946, -23.52823 ], [ -46.74923, -23.53098 ], [ -46.7493, -23.53154 ], [ -46.74904, -23.53294 ], [ -46.74836, -23.53405 ], [ -46.73823, -23.54304 ], [ -46.73494, -23.54566 ], [ -46.73215, -23.54851 ], [ -46.73085, -23.54947 ], [ -46.71863, -23.55543 ], [ -46.71822, -23.55474 ], [ -46.72985, -23.54909 ], [ -46.73106, -23.54829 ], [ -46.73325, -23.54641 ], [ -46.73418, -23.54586 ], [ -46.73581, -23.54411 ], [ -46.74748, -23.53375 ], [ -46.74814, -23.53265 ], [ -46.74843, -23.5315 ], [ -46.74844, -23.5305 ], [ -46.74876, -23.52844 ], [ -46.74927, -23.52704 ], [ -46.74954, -23.52672 ] ] ] } },
{ "type": "Feature", "properties": { "km2": 0.221 }, "geometry": { "type": "Polygon", "coordinates": [ [ [ -46.73221, -23.55044 ], [ -46.72148, -23.55576 ], [ -46.71383, -23.55941 ], [ -46.71359, -23.55946 ], [ -46.71324, -23.55885 ], [ -46.71359, -23.55852 ], [ -46.73172, -23.54966 ], [ -46.73181, -23.54963 ], [ -46.73221, -23.55044 ] ] ] } },
{ "type": "Feature", "properties": { "km2": 0.426 }, "geometry": { "type": "Polygon", "coordinates": [ [ [ -46.69443, -23.59499 ], [ -46.69376, -23.59517 ], [ -46.69359, -23.59475 ], [ -46.6913, -23.58816 ], [ -46.6913, -23.58612 ], [ -46.69139, -23.58531 ], [ -46.69175, -23.58441 ], [ -46.6959, -23.57707 ], [ -46.69694, -23.57556 ], [ -46.69752, -23.57496 ], [ -46.70029, -23.57273 ], [ -46.70132, -23.57155 ], [ -46.70253, -23.5692 ], [ -46.70256, -23.56851 ], [ -46.70271, -23.56846 ], [ -46.70296, -23.56781 ], [ -46.70452, -23.56325 ], [ -46.70538, -23.56198 ], [ -46.7063, -23.56101 ], [ -46.70723, -23.56021 ], [ -46.70851, -23.55951 ], [ -46.71085, -23.55857 ], [ -46.71303, -23.55725 ], [ -46.71822, -23.55474 ], [ -46.71863, -23.55543 ], [ -46.71249, -23.55842 ], [ -46.71126, -23.5588 ], [ -46.7077, -23.5608 ], [ -46.7067, -23.56165 ], [ -46.70594, -23.56255 ], [ -46.70499, -23.5643 ], [ -46.70342, -23.56887 ], [ -46.70249, -23.57073 ], [ -46.70039, -23.57324 ], [ -46.69788, -23.57575 ], [ -46.69695, -23.57688 ], [ -46.69232, -23.58493 ], [ -46.69173, -23.58645 ], [ -46.69194, -23.58799 ], [ -46.69443, -23.59499 ] ] ] } },
{ "type": "Feature", "properties": { "km2": 0.415 }, "geometry": { "type": "Polygon", "coordinates": [ [ [ -46.6432, -23.51794 ], [ -46.666, -23.51511 ], [ -46.66832, -23.5147 ], [ -46.6708, -23.51445 ], [ -46.67084, -23.51425 ], [ -46.67125, -23.51441 ], [ -46.67697, -23.51365 ], [ -46.67805, -23.51339 ], [ -46.67927, -23.51285 ], [ -46.68003, -23.5123 ], [ -46.68017, -23.51196 ], [ -46.6803, -23.51204 ], [ -46.68216, -23.51065 ], [ -46.68293, -23.51025 ], [ -46.68427, -23.50969 ], [ -46.68444, -23.51031 ], [ -46.68348, -23.51065 ], [ -46.68245, -23.51121 ], [ -46.67942, -23.51349 ], [ -46.67934, -23.51343 ], [ -46.67814, -23.51395 ], [ -46.67674, -23.51423 ], [ -46.66638, -23.51556 ], [ -46.66629, -23.5157 ], [ -46.66623, -23.51557 ], [ -46.66359, -23.51586 ], [ -46.66354, -23.51605 ], [ -46.66345, -23.51588 ], [ -46.66126, -23.51616 ], [ -46.66099, -23.51631 ], [ -46.66109, -23.51619 ], [ -46.64381, -23.51836 ], [ -46.64307, -23.51854 ], [ -46.63865, -23.51866 ], [ -46.62328, -23.51968 ], [ -46.62013, -23.51904 ], [ -46.61867, -23.51903 ], [ -46.61767, -23.51925 ], [ -46.61626, -23.51991 ], [ -46.61308, -23.52237 ], [ -46.61277, -23.52204 ], [ -46.61571, -23.51965 ], [ -46.61692, -23.51907 ], [ -46.61891, -23.51852 ], [ -46.62031, -23.51864 ], [ -46.62237, -23.51907 ], [ -46.6241, -23.51919 ], [ -46.62477, -23.51906 ], [ -46.62555, -23.51912 ], [ -46.6432, -23.51794 ] ] ] } },
{ "type": "Feature", "properties": { "km2": 0.131 }, "geometry": { "type": "Polygon", "coordinates": [ [ [ -46.64252, -23.51858 ], [ -46.63636, -23.52101 ], [ -46.62952, -23.52541 ], [ -46.62907, -23.5259 ], [ -46.62545, -23.53296 ], [ -46.62532, -23.53339 ], [ -46.6254, -23.53463 ], [ -46.62882, -23.54242 ], [ -46.62926, -23.54376 ], [ -46.6293, -23.54444 ], [ -46.62913, -23.5457 ], [ -46.62878, -23.54702 ], [ -46.62692, -23.55032 ], [ -46.62609, -23.5524 ], [ -46.62563, -23.55316 ], [ -46.62648, -23.5508 ], [ -46.62864, -23.54682 ], [ -46.62906, -23.54472 ], [ -46.62906, -23.54385 ], [ -46.62865, -23.54247 ], [ -46.62521, -23.53476 ], [ -46.6251, -23.53354 ], [ -46.62531, -23.53275 ], [ -46.62889, -23.5258 ], [ -46.62936, -23.52527 ], [ -46.6364, -23.52049 ], [ -46.641, -23.51858 ], [ -46.64252, -23.51858 ] ] ] } },
{ "type": "Feature", "properties": { "km2": 0.182 }, "geometry": { "type": "Polygon", "coordinates": [ [ [ -46.57752, -23.52626 ], [ -46.59086, -23.52966 ], [ -46.59204, -23.52967 ], [ -46.59198, -23.52955 ], [ -46.59212, -23.52966 ], [ -46.59279, -23.52962 ], [ -46.59443, -23.52922 ], [ -46.59523, -23.52877 ], [ -46.5976, -23.52691 ], [ -46.59784, -23.52696 ], [ -46.59777, -23.52655 ], [ -46.59803, -23.5266 ], [ -46.60193, -23.52347 ], [ -46.60317, -23.5229 ], [ -46.60465, -23.52258 ], [ -46.60557, -23.52257 ], [ -46.60851, -23.52312 ], [ -46.60949, -23.52315 ], [ -46.6109, -23.52293 ], [ -46.61277, -23.52204 ], [ -46.61308, -23.52237 ], [ -46.61242, -23.52279 ], [ -46.61094, -23.52343 ], [ -46.61022, -23.52355 ], [ -46.60843, -23.52353 ], [ -46.60521, -23.523 ], [ -46.60472, -23.523 ], [ -46.6032, -23.52337 ], [ -46.60175, -23.52418 ], [ -46.59664, -23.52822 ], [ -46.59658, -23.5284 ], [ -46.59654, -23.52832 ], [ -46.59517, -23.52933 ], [ -46.59444, -23.52966 ], [ -46.59273, -23.53004 ], [ -46.59077, -23.53002 ], [ -46.58149, -23.52766 ], [ -46.5813, -23.52774 ], [ -46.58141, -23.52763 ], [ -46.57743, -23.52666 ], [ -46.57752, -23.52626 ] ] ] } },
{ "type": "Feature", "properties": { "km2": 0.024 }, "geometry": { "type": "Polygon", "coordinates": [ [ [ -46.63005, -23.57387 ], [ -46.63006, -23.57408 ], [ -46.62972, -23.57411 ], [ -46.62941, -23.57431 ], [ -46.62913, -23.57495 ], [ -46.62875, -23.57502 ], [ -46.62876, -23.57517 ], [ -46.62901, -23.57528 ], [ -46.62898, -23.57544 ], [ -46.62863, -23.57527 ], [ -46.62847, -23.57476 ], [ -46.62782, -23.57396 ], [ -46.62799, -23.57377 ], [ -46.62872, -23.57348 ], [ -46.62973, -23.57363 ], [ -46.63005, -23.57387 ] ] ] } },
{ "type": "Feature", "properties": { "km2": 0.077 }, "geometry": { "type": "Polygon", "coordinates": [ [ [ -46.65769, -23.58896 ], [ -46.65872, -23.58767 ], [ -46.65984, -23.58676 ], [ -46.66107, -23.58624 ], [ -46.66227, -23.58637 ], [ -46.66235, -23.58598 ], [ -46.6619, -23.58524 ], [ -46.66198, -23.58456 ], [ -46.66133, -23.58382 ], [ -46.66127, -23.5836 ], [ -46.66147, -23.58335 ], [ -46.66212, -23.58374 ], [ -46.66248, -23.58434 ], [ -46.663, -23.58674 ], [ -46.66299, -23.58736 ], [ -46.66283, -23.58765 ], [ -46.66256, -23.5877 ], [ -46.66178, -23.58752 ], [ -46.66057, -23.58763 ], [ -46.6596, -23.58715 ], [ -46.65905, -23.58819 ], [ -46.65729, -23.58929 ], [ -46.65507, -23.5903 ], [ -46.65238, -23.59092 ], [ -46.65378, -23.59053 ], [ -46.65504, -23.59027 ], [ -46.65769, -23.58896 ] ] ] } },
{ "type": "Feature", "properties": { "km2": 0.2 }, "geometry": { "type": "Polygon", "coordinates": [ [ [ -46.5448, -23.6109 ], [ -46.54463, -23.6108 ], [ -46.54801, -23.60605 ], [ -46.54898, -23.60551 ], [ -46.54974, -23.6055 ], [ -46.55064, -23.6059 ], [ -46.5532, -23.60867 ], [ -46.55394, -23.61019 ], [ -46.55429, -23.61058 ], [ -46.55645, -23.61186 ], [ -46.55719, -23.61201 ], [ -46.55769, -23.61192 ], [ -46.56593, -23.60686 ], [ -46.56794, -23.60525 ], [ -46.57461, -23.6011 ], [ -46.57562, -23.60065 ], [ -46.57715, -23.60041 ], [ -46.5798, -23.59899 ], [ -46.58012, -23.59864 ], [ -46.58066, -23.59753 ], [ -46.5842, -23.59337 ], [ -46.58492, -23.59281 ], [ -46.58579, -23.59236 ], [ -46.58627, -23.59191 ], [ -46.58943, -23.58822 ], [ -46.58995, -23.58778 ], [ -46.59068, -23.58746 ], [ -46.59167, -23.58737 ], [ -46.59469, -23.58801 ], [ -46.59518, -23.58801 ], [ -46.59763, -23.58684 ], [ -46.5989, -23.58549 ], [ -46.59943, -23.58439 ], [ -46.59953, -23.5837 ], [ -46.59941, -23.58006 ], [ -46.59991, -23.57856 ], [ -46.60138, -23.57606 ], [ -46.60372, -23.57354 ], [ -46.60395, -23.573 ], [ -46.60409, -23.57149 ], [ -46.60428, -23.571 ], [ -46.60491, -23.57041 ], [ -46.60872, -23.56814 ], [ -46.61075, -23.56465 ], [ -46.61092, -23.56473 ], [ -46.60886, -23.56826 ], [ -46.60502, -23.57055 ], [ -46.60445, -23.57109 ], [ -46.60428, -23.57152 ], [ -46.60414, -23.57303 ], [ -46.60389, -23.57363 ], [ -46.60154, -23.57617 ], [ -46.60009, -23.57863 ], [ -46.5996, -23.58008 ], [ -46.59968, -23.58423 ], [ -46.59943, -23.58499 ], [ -46.59907, -23.58559 ], [ -46.59775, -23.58698 ], [ -46.59522, -23.58819 ], [ -46.59466, -23.58818 ], [ -46.59166, -23.58755 ], [ -46.59074, -23.58763 ], [ -46.59006, -23.58793 ], [ -46.58973, -23.58817 ], [ -46.58611, -23.59233 ], [ -46.58434, -23.59349 ], [ -46.58083, -23.59762 ], [ -46.58029, -23.59874 ], [ -46.57992, -23.59914 ], [ -46.57722, -23.60058 ], [ -46.57567, -23.60082 ], [ -46.57472, -23.60125 ], [ -46.56799, -23.60545 ], [ -46.5658, -23.60716 ], [ -46.55777, -23.61209 ], [ -46.5572, -23.61219 ], [ -46.55654, -23.61209 ], [ -46.55417, -23.61072 ], [ -46.55376, -23.61027 ], [ -46.55305, -23.60878 ], [ -46.55054, -23.60603 ], [ -46.55018, -23.60578 ], [ -46.54961, -23.60565 ], [ -46.54877, -23.60576 ], [ -46.54812, -23.60617 ], [ -46.5448, -23.6109 ] ] ] } },
{ "type": "Feature", "properties": { "km2": 0.087 }, "geometry": { "type": "Polygon", "coordinates": [ [ [ -46.58349, -23.64121 ], [ -46.58305, -23.64159 ], [ -46.58327, -23.64123 ], [ -46.58406, -23.63861 ], [ -46.58495, -23.63504 ], [ -46.58466, -23.63409 ], [ -46.5838, -23.63338 ], [ -46.5823, -23.63245 ], [ -46.58196, -23.63171 ], [ -46.58135, -23.62903 ], [ -46.58154, -23.62817 ], [ -46.58273, -23.62693 ], [ -46.58302, -23.62604 ], [ -46.58224, -23.62099 ], [ -46.57974, -23.60702 ], [ -46.57955, -23.60662 ], [ -46.57921, -23.6046 ], [ -46.57946, -23.6024 ], [ -46.57876, -23.60067 ], [ -46.57895, -23.59968 ], [ -46.5792, -23.59955 ], [ -46.5789, -23.60055 ], [ -46.57906, -23.60117 ], [ -46.57955, -23.60199 ], [ -46.57954, -23.60287 ], [ -46.57937, -23.6035 ], [ -46.57946, -23.6051 ], [ -46.5798, -23.60626 ], [ -46.57971, -23.60654 ], [ -46.57995, -23.60716 ], [ -46.58323, -23.62585 ], [ -46.58298, -23.62689 ], [ -46.58181, -23.62804 ], [ -46.58155, -23.6286 ], [ -46.58153, -23.62895 ], [ -46.58206, -23.63155 ], [ -46.5824, -23.63233 ], [ -46.58447, -23.63363 ], [ -46.58437, -23.63365 ], [ -46.5848, -23.63408 ], [ -46.58509, -23.63518 ], [ -46.58478, -23.63687 ], [ -46.58349, -23.64121 ] ] ] } },
{ "type": "Feature", "properties": { "km2": 0.075 }, "geometry": { "type": "Polygon", "coordinates": [ [ [ -46.58737, -23.63987 ], [ -46.58701, -23.63942 ], [ -46.58671, -23.63871 ], [ -46.58634, -23.63846 ], [ -46.58561, -23.63857 ], [ -46.58446, -23.63822 ], [ -46.58478, -23.63713 ], [ -46.5857, -23.63749 ], [ -46.58651, -23.63802 ], [ -46.58891, -23.63885 ], [ -46.58927, -23.63889 ], [ -46.59008, -23.63871 ], [ -46.59063, -23.63893 ], [ -46.59058, -23.63914 ], [ -46.58943, -23.64 ], [ -46.58829, -23.64013 ], [ -46.58737, -23.63987 ] ] ] } },
{ "type": "Feature", "properties": { "km2": 0.077 }, "geometry": { "type": "Polygon", "coordinates": [ [ [ -46.62267, -23.64869 ], [ -46.62185, -23.64816 ], [ -46.62198, -23.64793 ], [ -46.62196, -23.64762 ], [ -46.62178, -23.64732 ], [ -46.62192, -23.64707 ], [ -46.62253, -23.647 ], [ -46.62298, -23.64678 ], [ -46.62282, -23.64661 ], [ -46.62292, -23.64637 ], [ -46.62347, -23.64565 ], [ -46.62338, -23.6451 ], [ -46.62274, -23.64435 ], [ -46.6229, -23.64434 ], [ -46.62375, -23.64489 ], [ -46.62561, -23.64526 ], [ -46.62553, -23.64562 ], [ -46.62507, -23.64605 ], [ -46.62458, -23.64677 ], [ -46.62383, -23.64745 ], [ -46.62387, -23.6477 ], [ -46.62369, -23.64803 ], [ -46.6231, -23.64853 ], [ -46.62267, -23.64869 ] ], [ [ -46.62424, -23.64539 ], [ -46.6242, -23.64552 ], [ -46.62444, -23.64551 ], [ -46.62424, -23.64539 ] ] ] } },
{ "type": "Feature", "properties": { "km2": 0.066 }, "geometry": { "type": "Polygon", "coordinates": [ [ [ -46.66181, -23.5811 ], [ -46.66221, -23.58151 ], [ -46.66235, -23.58201 ], [ -46.66229, -23.58275 ], [ -46.66198, -23.58305 ], [ -46.66155, -23.58305 ], [ -46.66074, -23.58253 ], [ -46.65957, -23.58235 ], [ -46.65928, -23.58244 ], [ -46.659, -23.58225 ], [ -46.65875, -23.58235 ], [ -46.65856, -23.58275 ], [ -46.65832, -23.58284 ], [ -46.65804, -23.58282 ], [ -46.65781, -23.58261 ], [ -46.65797, -23.58212 ], [ -46.65822, -23.58202 ], [ -46.6586, -23.5822 ], [ -46.65881, -23.58213 ], [ -46.6589, -23.5817 ], [ -46.65949, -23.58124 ], [ -46.66091, -23.58082 ], [ -46.66131, -23.58085 ], [ -46.66181, -23.5811 ] ] ] } },
{ "type": "Feature", "properties": { "km2": 0.674 }, "geometry": { "type": "Polygon", "coordinates": [ [ [ -46.69386, -23.59534 ], [ -46.69456, -23.59515 ], [ -46.69462, -23.59528 ], [ -46.69553, -23.59817 ], [ -46.69592, -23.59884 ], [ -46.69864, -23.60675 ], [ -46.70065, -23.61567 ], [ -46.70104, -23.61842 ], [ -46.70143, -23.61954 ], [ -46.70199, -23.62045 ], [ -46.70414, -23.62246 ], [ -46.70939, -23.62426 ], [ -46.711, -23.62521 ], [ -46.7118, -23.62588 ], [ -46.72477, -23.63966 ], [ -46.72578, -23.64123 ], [ -46.72623, -23.64256 ], [ -46.72673, -23.64546 ], [ -46.72674, -23.64663 ], [ -46.7262, -23.64916 ], [ -46.72565, -23.6502 ], [ -46.72446, -23.6517 ], [ -46.72058, -23.65624 ], [ -46.71985, -23.65588 ], [ -46.72505, -23.64968 ], [ -46.72585, -23.64785 ], [ -46.72621, -23.64499 ], [ -46.7261, -23.64421 ], [ -46.72552, -23.64276 ], [ -46.72424, -23.64038 ], [ -46.71168, -23.62686 ], [ -46.71078, -23.62606 ], [ -46.7095, -23.62521 ], [ -46.70828, -23.62465 ], [ -46.70444, -23.62343 ], [ -46.70365, -23.62302 ], [ -46.70155, -23.62119 ], [ -46.70112, -23.62049 ], [ -46.70082, -23.61966 ], [ -46.70051, -23.61804 ], [ -46.69991, -23.6166 ], [ -46.69792, -23.60736 ], [ -46.69406, -23.59608 ], [ -46.69396, -23.59605 ], [ -46.69386, -23.59534 ] ] ] } },
{ "type": "Feature", "properties": { "km2": 0.107 }, "geometry": { "type": "Polygon", "coordinates": [ [ [ -46.72293, -23.66271 ], [ -46.72237, -23.66017 ], [ -46.72163, -23.65794 ], [ -46.7208, -23.65731 ], [ -46.72024, -23.65721 ], [ -46.7197, -23.65734 ], [ -46.72058, -23.65624 ], [ -46.72064, -23.65653 ], [ -46.72167, -23.65709 ], [ -46.72233, -23.65793 ], [ -46.72488, -23.66745 ], [ -46.72528, -23.66866 ], [ -46.7262, -23.66933 ], [ -46.72619, -23.66953 ], [ -46.72647, -23.66969 ], [ -46.72623, -23.67001 ], [ -46.72546, -23.66963 ], [ -46.72529, -23.67009 ], [ -46.72504, -23.66997 ], [ -46.72444, -23.66757 ], [ -46.72293, -23.66271 ] ] ] } },
{ "type": "Feature", "properties": { "km2": 0.367 }, "geometry": { "type": "Polygon", "coordinates": [ [ [ -46.70998, -23.6667 ], [ -46.70344, -23.67773 ], [ -46.70283, -23.67858 ], [ -46.69926, -23.68228 ], [ -46.69851, -23.6833 ], [ -46.69483, -23.68943 ], [ -46.69412, -23.68909 ], [ -46.6957, -23.68696 ], [ -46.69605, -23.686 ], [ -46.69824, -23.68228 ], [ -46.70275, -23.67728 ], [ -46.70932, -23.66627 ], [ -46.71042, -23.66471 ], [ -46.71143, -23.66284 ], [ -46.71347, -23.66063 ], [ -46.71509, -23.65939 ], [ -46.71851, -23.65718 ], [ -46.71985, -23.65588 ], [ -46.72058, -23.65624 ], [ -46.7197, -23.65734 ], [ -46.71547, -23.66007 ], [ -46.7141, -23.66108 ], [ -46.71333, -23.66182 ], [ -46.71107, -23.6645 ], [ -46.71046, -23.66551 ], [ -46.70998, -23.6667 ] ] ] } },
{ "type": "Feature", "properties": { "km2": 0.028 }, "geometry": { "type": "Polygon", "coordinates": [ [ [ -46.69539, -23.6989 ], [ -46.69504, -23.699 ], [ -46.69473, -23.69877 ], [ -46.69379, -23.69691 ], [ -46.69383, -23.69658 ], [ -46.69439, -23.69648 ], [ -46.69486, -23.69676 ], [ -46.69558, -23.69835 ], [ -46.69564, -23.69891 ], [ -46.69545, -23.69888 ], [ -46.69556, -23.69902 ], [ -46.69539, -23.6989 ] ] ] } },
{ "type": "Feature", "properties": { "km2": 0.252 }, "geometry": { "type": "Polygon", "coordinates": [ [ [ -46.67494, -23.70351 ], [ -46.67487, -23.70323 ], [ -46.67464, -23.70328 ], [ -46.67446, -23.7026 ], [ -46.67516, -23.70219 ], [ -46.67733, -23.70157 ], [ -46.67981, -23.70139 ], [ -46.68239, -23.70093 ], [ -46.68564, -23.69963 ], [ -46.687, -23.69892 ], [ -46.68834, -23.69782 ], [ -46.69005, -23.69551 ], [ -46.69412, -23.68909 ], [ -46.69483, -23.68943 ], [ -46.69006, -23.6968 ], [ -46.68931, -23.69776 ], [ -46.68832, -23.69874 ], [ -46.68722, -23.69955 ], [ -46.68487, -23.7007 ], [ -46.67968, -23.70252 ], [ -46.6763, -23.70353 ], [ -46.67553, -23.70363 ], [ -46.67494, -23.70351 ] ] ] } },
{ "type": "Feature", "properties": { "km2": 0.024 }, "geometry": { "type": "Polygon", "coordinates": [ [ [ -46.70936, -23.70016 ], [ -46.70986, -23.69974 ], [ -46.70974, -23.69961 ], [ -46.7095, -23.69968 ], [ -46.70955, -23.69983 ], [ -46.70937, -23.7 ], [ -46.70908, -23.70002 ], [ -46.70868, -23.69966 ], [ -46.70868, -23.69943 ], [ -46.70886, -23.69921 ], [ -46.70986, -23.69928 ], [ -46.71113, -23.69984 ], [ -46.71089, -23.7004 ], [ -46.71061, -23.70061 ], [ -46.70979, -23.70053 ], [ -46.70936, -23.7003 ], [ -46.70936, -23.70016 ] ] ] } },
{ "type": "Feature", "properties": { "km2": 0.328 }, "geometry": { "type": "Polygon", "coordinates": [ [ [ -46.7334, -23.73769 ], [ -46.73248, -23.7373 ], [ -46.73204, -23.73554 ], [ -46.73133, -23.73495 ], [ -46.73115, -23.73437 ], [ -46.73165, -23.73346 ], [ -46.73194, -23.73182 ], [ -46.73237, -23.73077 ], [ -46.73291, -23.72995 ], [ -46.73333, -23.72955 ], [ -46.73401, -23.72938 ], [ -46.73474, -23.7296 ], [ -46.73537, -23.73 ], [ -46.73577, -23.73053 ], [ -46.73605, -23.73118 ], [ -46.7361, -23.73163 ], [ -46.73587, -23.73282 ], [ -46.73588, -23.73515 ], [ -46.73577, -23.7357 ], [ -46.73507, -23.73626 ], [ -46.73429, -23.7375 ], [ -46.73386, -23.73771 ], [ -46.7334, -23.73769 ] ] ] } },
{ "type": "Feature", "properties": { "km2": 0.025 }, "geometry": { "type": "Polygon", "coordinates": [ [ [ -46.73331, -23.78597 ], [ -46.73363, -23.78604 ], [ -46.73389, -23.78626 ], [ -46.73389, -23.78643 ], [ -46.73356, -23.78665 ], [ -46.7339, -23.787 ], [ -46.73394, -23.78728 ], [ -46.73389, -23.78792 ], [ -46.73315, -23.7886 ], [ -46.73272, -23.78846 ], [ -46.73273, -23.78818 ], [ -46.73228, -23.78761 ], [ -46.73243, -23.78727 ], [ -46.73297, -23.78736 ], [ -46.73345, -23.78707 ], [ -46.73339, -23.78665 ], [ -46.73299, -23.78627 ], [ -46.73331, -23.78597 ] ] ] } },
{ "type": "Feature", "properties": { "km2": 0.036 }, "geometry": { "type": "Polygon", "coordinates": [ [ [ -46.72988, -23.78478 ], [ -46.73055, -23.78583 ], [ -46.73127, -23.78641 ], [ -46.73137, -23.78682 ], [ -46.73107, -23.78735 ], [ -46.73051, -23.7871 ], [ -46.73046, -23.78723 ], [ -46.73007, -23.78712 ], [ -46.72978, -23.78672 ], [ -46.72974, -23.78637 ], [ -46.72933, -23.78601 ], [ -46.72929, -23.78574 ], [ -46.72906, -23.78553 ], [ -46.7289, -23.78505 ], [ -46.72992, -23.78466 ], [ -46.72988, -23.78478 ] ] ] } },
{ "type": "Feature", "properties": { "km2": 0.062 }, "geometry": { "type": "Polygon", "coordinates": [ [ [ -46.69954, -23.7821 ], [ -46.69975, -23.78253 ], [ -46.69966, -23.7834 ], [ -46.6998, -23.78403 ], [ -46.69955, -23.78434 ], [ -46.69955, -23.78458 ], [ -46.69832, -23.78436 ], [ -46.69801, -23.78359 ], [ -46.69693, -23.78214 ], [ -46.69698, -23.78172 ], [ -46.69714, -23.7815 ], [ -46.69795, -23.78186 ], [ -46.69843, -23.78189 ], [ -46.69888, -23.78176 ], [ -46.69954, -23.7821 ] ] ] } },
{ "type": "Feature", "properties": { "km2": 0.04 }, "geometry": { "type": "Polygon", "coordinates": [ [ [ -46.67205, -23.76792 ], [ -46.6725, -23.76837 ], [ -46.6726, -23.76888 ], [ -46.67279, -23.76905 ], [ -46.6723, -23.76946 ], [ -46.67157, -23.76939 ], [ -46.67074, -23.76897 ], [ -46.6706, -23.76911 ], [ -46.66995, -23.76912 ], [ -46.66973, -23.76897 ], [ -46.66983, -23.76825 ], [ -46.67009, -23.76817 ], [ -46.67011, -23.76784 ], [ -46.67074, -23.76821 ], [ -46.67175, -23.76777 ], [ -46.6719, -23.76748 ], [ -46.67216, -23.76751 ], [ -46.67205, -23.76792 ] ] ] } },
{ "type": "Feature", "properties": { "km2": 0.129 }, "geometry": { "type": "Polygon", "coordinates": [ [ [ -46.68404, -23.7509 ], [ -46.68323, -23.75024 ], [ -46.68334, -23.74991 ], [ -46.68316, -23.74964 ], [ -46.68256, -23.74947 ], [ -46.68208, -23.74955 ], [ -46.68155, -23.74921 ], [ -46.68137, -23.7494 ], [ -46.68099, -23.74884 ], [ -46.68082, -23.74889 ], [ -46.67963, -23.74769 ], [ -46.67936, -23.74707 ], [ -46.6788, -23.7467 ], [ -46.67971, -23.74658 ], [ -46.68029, -23.74623 ], [ -46.68146, -23.74744 ], [ -46.68221, -23.7474 ], [ -46.68229, -23.74788 ], [ -46.68281, -23.74798 ], [ -46.68336, -23.74868 ], [ -46.68454, -23.74952 ], [ -46.68583, -23.75077 ], [ -46.68604, -23.75159 ], [ -46.68649, -23.75188 ], [ -46.6861, -23.75203 ], [ -46.68557, -23.75179 ], [ -46.68481, -23.75167 ], [ -46.68413, -23.75125 ], [ -46.68404, -23.7509 ] ] ] } },
{ "type": "Feature", "properties": { "km2": 0.022 }, "geometry": { "type": "Polygon", "coordinates": [ [ [ -46.58101, -23.68525 ], [ -46.58049, -23.68739 ], [ -46.57992, -23.68722 ], [ -46.57971, -23.68675 ], [ -46.58005, -23.68545 ], [ -46.58035, -23.68505 ], [ -46.58101, -23.68525 ] ] ] } },
{ "type": "Feature", "properties": { "km2": 0.022 }, "geometry": { "type": "Polygon", "coordinates": [ [ [ -46.58916, -23.70019 ], [ -46.58989, -23.70125 ], [ -46.58792, -23.70094 ], [ -46.58741, -23.69995 ], [ -46.58834, -23.69988 ], [ -46.58916, -23.70019 ] ] ] } },
{ "type": "Feature", "properties": { "km2": 0.027 }, "geometry": { "type": "Polygon", "coordinates": [ [ [ -46.61781, -23.6523 ], [ -46.61826, -23.65138 ], [ -46.61825, -23.65108 ], [ -46.61796, -23.65065 ], [ -46.61797, -23.65052 ], [ -46.61822, -23.65038 ], [ -46.61891, -23.65048 ], [ -46.61938, -23.65023 ], [ -46.61974, -23.65022 ], [ -46.61981, -23.65031 ], [ -46.6197, -23.65041 ], [ -46.6199, -23.65041 ], [ -46.62009, -23.65071 ], [ -46.62005, -23.65101 ], [ -46.61946, -23.65121 ], [ -46.61879, -23.65169 ], [ -46.61849, -23.65198 ], [ -46.61833, -23.65238 ], [ -46.61781, -23.6523 ] ], [ [ -46.6191, -23.65145 ], [ -46.61898, -23.6511 ], [ -46.61874, -23.65116 ], [ -46.61878, -23.65143 ], [ -46.61898, -23.65134 ], [ -46.6191, -23.65145 ] ], [ [ -46.6181, -23.65062 ], [ -46.61826, -23.65068 ], [ -46.61811, -23.65059 ], [ -46.6181, -23.65062 ] ], [ [ -46.61823, -23.65056 ], [ -46.61835, -23.65049 ], [ -46.61824, -23.65044 ], [ -46.61823, -23.65056 ] ], [ [ -46.61854, -23.65052 ], [ -46.61847, -23.65043 ], [ -46.61839, -23.65048 ], [ -46.61844, -23.65053 ], [ -46.61854, -23.65052 ] ], [ [ -46.61813, -23.65087 ], [ -46.61818, -23.65075 ], [ -46.6181, -23.65076 ], [ -46.61813, -23.65087 ] ], [ [ -46.61806, -23.6505 ], [ -46.61803, -23.65056 ], [ -46.61807, -23.65057 ], [ -46.61806, -23.6505 ] ], [ [ -46.61814, -23.65046 ], [ -46.61811, -23.65051 ], [ -46.61815, -23.65053 ], [ -46.61814, -23.65046 ] ], [ [ -46.61803, -23.6506 ], [ -46.618, -23.65065 ], [ -46.61804, -23.65067 ], [ -46.61803, -23.6506 ] ] ] } },
{ "type": "Feature", "properties": { "km2": 0.023 }, "geometry": { "type": "Polygon", "coordinates": [ [ [ -46.6072, -23.66697 ], [ -46.60761, -23.6675 ], [ -46.60779, -23.66752 ], [ -46.60838, -23.66819 ], [ -46.6086, -23.66826 ], [ -46.6092, -23.66894 ], [ -46.60886, -23.66923 ], [ -46.60761, -23.66832 ], [ -46.60629, -23.66756 ], [ -46.6072, -23.66697 ] ] ] } },
{ "type": "Feature", "properties": { "km2": 0.038 }, "geometry": { "type": "Polygon", "coordinates": [ [ [ -46.57833, -23.66857 ], [ -46.57924, -23.67031 ], [ -46.57916, -23.67048 ], [ -46.57807, -23.67098 ], [ -46.57785, -23.67084 ], [ -46.57767, -23.67043 ], [ -46.57717, -23.66824 ], [ -46.57751, -23.66818 ], [ -46.57833, -23.66857 ] ] ] } },
{ "type": "Feature", "properties": { "km2": 0.043 }, "geometry": { "type": "Polygon", "coordinates": [ [ [ -46.58469, -23.65316 ], [ -46.58463, -23.65157 ], [ -46.58542, -23.64931 ], [ -46.58556, -23.64923 ], [ -46.58657, -23.64953 ], [ -46.58655, -23.65002 ], [ -46.58609, -23.65126 ], [ -46.58571, -23.6516 ], [ -46.58557, -23.65196 ], [ -46.58526, -23.65205 ], [ -46.58499, -23.6526 ], [ -46.58491, -23.6531 ], [ -46.58469, -23.65316 ] ] ] } },
{ "type": "Feature", "properties": { "km2": 0.021 }, "geometry": { "type": "Polygon", "coordinates": [ [ [ -46.54294, -23.73167 ], [ -46.54375, -23.73246 ], [ -46.54244, -23.73324 ], [ -46.54168, -23.73268 ], [ -46.54176, -23.7324 ], [ -46.54256, -23.73181 ], [ -46.54294, -23.73167 ] ] ] } },
{ "type": "Feature", "properties": { "km2": 0.022 }, "geometry": { "type": "Polygon", "coordinates": [ [ [ -46.55118, -23.73037 ], [ -46.55205, -23.73088 ], [ -46.55202, -23.73221 ], [ -46.55218, -23.73306 ], [ -46.55169, -23.73268 ], [ -46.55129, -23.73205 ], [ -46.55088, -23.73079 ], [ -46.55118, -23.73037 ] ] ] } },
{ "type": "Feature", "properties": { "km2": 0.04 }, "geometry": { "type": "Polygon", "coordinates": [ [ [ -46.55315, -23.75103 ], [ -46.55309, -23.75124 ], [ -46.55198, -23.75304 ], [ -46.55146, -23.75315 ], [ -46.55093, -23.75289 ], [ -46.55021, -23.75295 ], [ -46.55005, -23.75253 ], [ -46.55063, -23.75241 ], [ -46.55102, -23.75209 ], [ -46.55161, -23.75135 ], [ -46.55164, -23.75078 ], [ -46.55315, -23.75103 ] ] ] } },
{ "type": "Feature", "properties": { "km2": 0.526 }, "geometry": { "type": "MultiPolygon", "coordinates": [ [ [ [ -46.52343, -23.78066 ], [ -46.5238, -23.78088 ], [ -46.52401, -23.78136 ], [ -46.52403, -23.7829 ], [ -46.52426, -23.78348 ], [ -46.52331, -23.78379 ], [ -46.52296, -23.78173 ], [ -46.5227, -23.78118 ], [ -46.52343, -23.78066 ] ] ], [ [ [ -46.51864, -23.78095 ], [ -46.51836, -23.78163 ], [ -46.51847, -23.78219 ], [ -46.51884, -23.78267 ], [ -46.51993, -23.78363 ], [ -46.51878, -23.7833 ], [ -46.51833, -23.78333 ], [ -46.51755, -23.78371 ], [ -46.51696, -23.78428 ], [ -46.51667, -23.78427 ], [ -46.51676, -23.78444 ], [ -46.51643, -23.7853 ], [ -46.51646, -23.78625 ], [ -46.51623, -23.78647 ], [ -46.51577, -23.78646 ], [ -46.51543, -23.78601 ], [ -46.51561, -23.78528 ], [ -46.51585, -23.78497 ], [ -46.51573, -23.78402 ], [ -46.51603, -23.78396 ], [ -46.51581, -23.78367 ], [ -46.51605, -23.78328 ], [ -46.51665, -23.78273 ], [ -46.51701, -23.78177 ], [ -46.51687, -23.78108 ], [ -46.5166, -23.78074 ], [ -46.51605, -23.78052 ], [ -46.51539, -23.7805 ], [ -46.51464, -23.78091 ], [ -46.51443, -23.78056 ], [ -46.514, -23.78036 ], [ -46.51364, -23.78038 ], [ -46.51287, -23.78015 ], [ -46.51185, -23.78034 ], [ -46.51184, -23.78048 ], [ -46.5112, -23.78089 ], [ -46.51111, -23.78103 ], [ -46.5112, -23.78118 ], [ -46.51021, -23.78237 ], [ -46.51029, -23.78195 ], [ -46.5108, -23.78097 ], [ -46.51097, -23.7809 ], [ -46.51113, -23.78008 ], [ -46.51126, -23.78005 ], [ -46.51081, -23.77946 ], [ -46.50966, -23.77925 ], [ -46.51239, -23.77893 ], [ -46.51741, -23.77864 ], [ -46.51762, -23.77846 ], [ -46.51959, -23.77818 ], [ -46.52082, -23.77748 ], [ -46.52441, -23.77766 ], [ -46.52453, -23.7786 ], [ -46.52406, -23.77882 ], [ -46.5235, -23.77862 ], [ -46.52312, -23.77891 ], [ -46.52307, -23.77987 ], [ -46.52334, -23.78048 ], [ -46.52265, -23.78099 ], [ -46.52139, -23.77985 ], [ -46.52086, -23.77969 ], [ -46.51929, -23.78024 ], [ -46.51864, -23.78095 ] ] ], [ [ [ -46.50452, -23.7797 ], [ -46.50507, -23.77935 ], [ -46.50585, -23.77918 ], [ -46.50748, -23.77799 ], [ -46.50797, -23.77788 ], [ -46.50835, -23.77797 ], [ -46.50881, -23.77783 ], [ -46.51158, -23.7783 ], [ -46.5117, -23.77845 ], [ -46.51168, -23.77868 ], [ -46.50893, -23.77895 ], [ -46.50817, -23.77914 ], [ -46.50609, -23.78006 ], [ -46.50577, -23.78 ], [ -46.50507, -23.78034 ], [ -46.50381, -23.78067 ], [ -46.50301, -23.78074 ], [ -46.50401, -23.77982 ], [ -46.50452, -23.7797 ] ] ] ] } },
{ "type": "Feature", "properties": { "km2": 0.095 }, "geometry": { "type": "MultiPolygon", "coordinates": [ [ [ [ -46.49612, -23.72629 ], [ -46.49654, -23.72668 ], [ -46.49628, -23.72698 ], [ -46.49618, -23.72749 ], [ -46.49685, -23.72823 ], [ -46.49763, -23.72826 ], [ -46.49719, -23.72887 ], [ -46.4976, -23.72957 ], [ -46.49811, -23.73002 ], [ -46.49992, -23.73087 ], [ -46.49973, -23.73137 ], [ -46.49912, -23.73128 ], [ -46.49857, -23.73084 ], [ -46.49796, -23.73059 ], [ -46.49703, -23.72985 ], [ -46.49673, -23.72984 ], [ -46.49637, -23.73014 ], [ -46.49603, -23.72986 ], [ -46.49589, -23.72936 ], [ -46.49631, -23.72883 ], [ -46.49631, -23.72847 ], [ -46.4962, -23.7281 ], [ -46.49574, -23.72751 ], [ -46.49564, -23.72646 ], [ -46.49518, -23.72533 ], [ -46.4952, -23.72493 ], [ -46.49583, -23.72501 ], [ -46.49612, -23.72629 ] ] ], [ [ [ -46.49532, -23.7247 ], [ -46.49583, -23.72354 ], [ -46.4958, -23.72269 ], [ -46.4961, -23.72363 ], [ -46.49582, -23.72428 ], [ -46.49584, -23.72479 ], [ -46.49532, -23.7247 ] ] ], [ [ [ -46.5018, -23.73468 ], [ -46.5017, -23.73483 ], [ -46.50108, -23.73442 ], [ -46.50084, -23.73385 ], [ -46.50067, -23.73376 ], [ -46.50064, -23.73344 ], [ -46.50081, -23.73336 ], [ -46.50077, -23.73322 ], [ -46.50065, -23.73325 ], [ -46.50011, -23.73219 ], [ -46.50015, -23.73195 ], [ -46.49983, -23.73156 ], [ -46.50024, -23.73082 ], [ -46.50048, -23.7308 ], [ -46.50074, -23.73096 ], [ -46.50077, -23.73118 ], [ -46.5004, -23.73149 ], [ -46.50035, -23.73173 ], [ -46.5007, -23.73227 ], [ -46.50115, -23.73373 ], [ -46.50157, -23.73419 ], [ -46.5018, -23.73468 ] ] ] ] } },
{ "type": "Feature", "properties": { "km2": 0.05 }, "geometry": { "type": "Polygon", "coordinates": [ [ [ -46.46336, -23.73416 ], [ -46.46341, -23.73446 ], [ -46.46306, -23.73469 ], [ -46.46239, -23.73467 ], [ -46.46085, -23.7353 ], [ -46.46011, -23.73512 ], [ -46.45965, -23.73518 ], [ -46.45904, -23.73556 ], [ -46.45898, -23.73527 ], [ -46.46018, -23.73409 ], [ -46.46234, -23.7336 ], [ -46.463, -23.73373 ], [ -46.46336, -23.73416 ] ] ] } },
{ "type": "Feature", "properties": { "km2": 0.022 }, "geometry": { "type": "Polygon", "coordinates": [ [ [ -46.45174, -23.78303 ], [ -46.4522, -23.78255 ], [ -46.45272, -23.7825 ], [ -46.45318, -23.78354 ], [ -46.45318, -23.7841 ], [ -46.45297, -23.78436 ], [ -46.45252, -23.78448 ], [ -46.45225, -23.78436 ], [ -46.45174, -23.78303 ] ] ] } },
{ "type": "Feature", "properties": { "km2": 0.047 }, "geometry": { "type": "Polygon", "coordinates": [ [ [ -46.45647, -23.78612 ], [ -46.45678, -23.78693 ], [ -46.45679, -23.78739 ], [ -46.45664, -23.78763 ], [ -46.45554, -23.78729 ], [ -46.45536, -23.78701 ], [ -46.45506, -23.78684 ], [ -46.45507, -23.78661 ], [ -46.45456, -23.78636 ], [ -46.45456, -23.78575 ], [ -46.45407, -23.78569 ], [ -46.45373, -23.78491 ], [ -46.4542, -23.7848 ], [ -46.45485, -23.7849 ], [ -46.45518, -23.78512 ], [ -46.45528, -23.78542 ], [ -46.45583, -23.78563 ], [ -46.45647, -23.78612 ] ] ] } },
{ "type": "Feature", "properties": { "km2": 0.672 }, "geometry": { "type": "MultiPolygon", "coordinates": [ [ [ [ -46.42673, -23.73403 ], [ -46.42736, -23.7337 ], [ -46.42761, -23.73453 ], [ -46.42687, -23.73537 ], [ -46.42617, -23.73552 ], [ -46.42505, -23.73611 ], [ -46.42532, -23.73576 ], [ -46.42526, -23.73566 ], [ -46.42464, -23.73573 ], [ -46.42413, -23.73646 ], [ -46.42272, -23.73716 ], [ -46.4221, -23.73722 ], [ -46.42185, -23.73749 ], [ -46.42173, -23.73785 ], [ -46.42201, -23.7386 ], [ -46.42175, -23.73971 ], [ -46.4203, -23.74168 ], [ -46.41993, -23.74168 ], [ -46.4193, -23.74137 ], [ -46.41879, -23.7415 ], [ -46.41835, -23.74181 ], [ -46.41798, -23.74238 ], [ -46.4182, -23.74291 ], [ -46.41802, -23.74329 ], [ -46.41816, -23.74353 ], [ -46.41776, -23.74387 ], [ -46.41773, -23.74371 ], [ -46.41726, -23.74345 ], [ -46.4162, -23.74359 ], [ -46.4158, -23.74339 ], [ -46.41547, -23.74342 ], [ -46.41297, -23.74232 ], [ -46.41189, -23.74211 ], [ -46.41215, -23.74171 ], [ -46.41206, -23.74148 ], [ -46.41117, -23.74087 ], [ -46.41032, -23.74078 ], [ -46.4096, -23.74033 ], [ -46.40913, -23.74021 ], [ -46.40831, -23.74042 ], [ -46.40788, -23.74043 ], [ -46.40735, -23.74026 ], [ -46.40778, -23.73928 ], [ -46.40775, -23.73872 ], [ -46.40756, -23.73832 ], [ -46.40758, -23.73769 ], [ -46.40775, -23.73731 ], [ -46.40832, -23.73719 ], [ -46.40946, -23.73763 ], [ -46.41004, -23.73799 ], [ -46.41032, -23.73895 ], [ -46.41091, -23.73933 ], [ -46.41163, -23.73882 ], [ -46.41266, -23.7388 ], [ -46.41323, -23.73901 ], [ -46.41356, -23.7395 ], [ -46.41405, -23.74072 ], [ -46.41465, -23.7409 ], [ -46.41559, -23.74079 ], [ -46.4163, -23.74025 ], [ -46.41651, -23.73968 ], [ -46.41737, -23.73871 ], [ -46.41839, -23.73915 ], [ -46.41936, -23.73899 ], [ -46.41993, -23.73871 ], [ -46.41993, -23.73833 ], [ -46.4195, -23.73734 ], [ -46.41885, -23.7365 ], [ -46.4189, -23.73622 ], [ -46.41975, -23.73586 ], [ -46.42052, -23.73504 ], [ -46.4209, -23.7348 ], [ -46.42157, -23.73478 ], [ -46.42215, -23.73527 ], [ -46.42323, -23.73478 ], [ -46.42378, -23.73433 ], [ -46.42413, -23.73438 ], [ -46.42437, -23.73509 ], [ -46.42497, -23.73483 ], [ -46.425, -23.73419 ], [ -46.42472, -23.73336 ], [ -46.42515, -23.73361 ], [ -46.42576, -23.73463 ], [ -46.42609, -23.73481 ], [ -46.42668, -23.73465 ], [ -46.42673, -23.73403 ] ], [ [ -46.42395, -23.73557 ], [ -46.42376, -23.73546 ], [ -46.42348, -23.73576 ], [ -46.42333, -23.73605 ], [ -46.42345, -23.7364 ], [ -46.42386, -23.73614 ], [ -46.42395, -23.73557 ] ] ], [ [ [ -46.41839, -23.74358 ], [ -46.41862, -23.74409 ], [ -46.41936, -23.74495 ], [ -46.41975, -23.74583 ], [ -46.41976, -23.74677 ], [ -46.41786, -23.74403 ], [ -46.41839, -23.74358 ] ] ] ] } },
{ "type": "Feature", "properties": { "km2": 0.021 }, "geometry": { "type": "Polygon", "coordinates": [ [ [ -46.43402, -23.73723 ], [ -46.43435, -23.73837 ], [ -46.43469, -23.73848 ], [ -46.43461, -23.7388 ], [ -46.43414, -23.73927 ], [ -46.43418, -23.73968 ], [ -46.43465, -23.74051 ], [ -46.43442, -23.741 ], [ -46.43348, -23.74016 ], [ -46.43402, -23.73872 ], [ -46.43369, -23.7375 ], [ -46.43402, -23.73723 ] ] ] } },
{ "type": "Feature", "properties": { "km2": 0.028 }, "geometry": { "type": "Polygon", "coordinates": [ [ [ -46.42633, -23.71107 ], [ -46.42662, -23.71144 ], [ -46.42653, -23.71157 ], [ -46.42671, -23.71196 ], [ -46.42695, -23.71203 ], [ -46.42705, -23.71221 ], [ -46.42698, -23.71242 ], [ -46.42717, -23.71328 ], [ -46.42667, -23.71322 ], [ -46.42633, -23.71261 ], [ -46.42582, -23.71214 ], [ -46.42549, -23.71209 ], [ -46.42496, -23.71165 ], [ -46.42491, -23.7114 ], [ -46.42529, -23.71132 ], [ -46.42498, -23.71088 ], [ -46.42515, -23.71072 ], [ -46.42521, -23.71098 ], [ -46.42551, -23.71099 ], [ -46.42564, -23.71114 ], [ -46.42633, -23.71107 ] ] ] } },
{ "type": "Feature", "properties": { "km2": 0.024 }, "geometry": { "type": "Polygon", "coordinates": [ [ [ -46.4201, -23.70935 ], [ -46.42319, -23.71167 ], [ -46.42723, -23.71409 ], [ -46.4295, -23.71497 ], [ -46.43015, -23.7151 ], [ -46.43219, -23.716 ], [ -46.43233, -23.7163 ], [ -46.43232, -23.71677 ], [ -46.43246, -23.71689 ], [ -46.43358, -23.71591 ], [ -46.43401, -23.71599 ], [ -46.43441, -23.71725 ], [ -46.43497, -23.71783 ], [ -46.4353, -23.71798 ], [ -46.43528, -23.71814 ], [ -46.43488, -23.71793 ], [ -46.43427, -23.71731 ], [ -46.43393, -23.71608 ], [ -46.43378, -23.71601 ], [ -46.43346, -23.71613 ], [ -46.43271, -23.71697 ], [ -46.43237, -23.71697 ], [ -46.43216, -23.7167 ], [ -46.43218, -23.71632 ], [ -46.43199, -23.71609 ], [ -46.43005, -23.71519 ], [ -46.42957, -23.71514 ], [ -46.42724, -23.71424 ], [ -46.42519, -23.71306 ], [ -46.42164, -23.7107 ], [ -46.4201, -23.70935 ] ] ] } },
{ "type": "Feature", "properties": { "km2": 0.023 }, "geometry": { "type": "Polygon", "coordinates": [ [ [ -46.4417, -23.70329 ], [ -46.44203, -23.70539 ], [ -46.44235, -23.70609 ], [ -46.44289, -23.70668 ], [ -46.44217, -23.70698 ], [ -46.44166, -23.70672 ], [ -46.44142, -23.70622 ], [ -46.44171, -23.70435 ], [ -46.44149, -23.70399 ], [ -46.44146, -23.70328 ], [ -46.4417, -23.70329 ] ] ] } },
{ "type": "Feature", "properties": { "km2": 0.076 }, "geometry": { "type": "MultiPolygon", "coordinates": [ [ [ [ -46.48632, -23.68781 ], [ -46.48654, -23.688 ], [ -46.48654, -23.68828 ], [ -46.48645, -23.68823 ], [ -46.48632, -23.68781 ] ] ], [ [ [ -46.48914, -23.68421 ], [ -46.48898, -23.68492 ], [ -46.48912, -23.68502 ], [ -46.48906, -23.68536 ], [ -46.48932, -23.68564 ], [ -46.48925, -23.68593 ], [ -46.48864, -23.68633 ], [ -46.48829, -23.68631 ], [ -46.48845, -23.68598 ], [ -46.48808, -23.68605 ], [ -46.48782, -23.6863 ], [ -46.48763, -23.68624 ], [ -46.48758, -23.68641 ], [ -46.48733, -23.68653 ], [ -46.48718, -23.68701 ], [ -46.48697, -23.68714 ], [ -46.48693, -23.68733 ], [ -46.48634, -23.68761 ], [ -46.48613, -23.68755 ], [ -46.48575, -23.68708 ], [ -46.48575, -23.68689 ], [ -46.48594, -23.68677 ], [ -46.48555, -23.6862 ], [ -46.48539, -23.68499 ], [ -46.48558, -23.68502 ], [ -46.48615, -23.68554 ], [ -46.48616, -23.68568 ], [ -46.48645, -23.68565 ], [ -46.48727, -23.68538 ], [ -46.48856, -23.68374 ], [ -46.48875, -23.68367 ], [ -46.4889, -23.68402 ], [ -46.48914, -23.68421 ] ], [ [ -46.48892, -23.68541 ], [ -46.48878, -23.68539 ], [ -46.48856, -23.68564 ], [ -46.48853, -23.68589 ], [ -46.48861, -23.68565 ], [ -46.48887, -23.68555 ], [ -46.48892, -23.68541 ] ] ] ] } },
{ "type": "Feature", "properties": { "km2": 0.032 }, "geometry": { "type": "MultiPolygon", "coordinates": [ [ [ [ -46.46748, -23.66609 ], [ -46.46751, -23.66631 ], [ -46.46787, -23.66675 ], [ -46.46791, -23.66717 ], [ -46.467, -23.66771 ], [ -46.46676, -23.66805 ], [ -46.46696, -23.66839 ], [ -46.46727, -23.66838 ], [ -46.46756, -23.66815 ], [ -46.46767, -23.66825 ], [ -46.46773, -23.66899 ], [ -46.46808, -23.66966 ], [ -46.46764, -23.66989 ], [ -46.46679, -23.66841 ], [ -46.46667, -23.6679 ], [ -46.46697, -23.66655 ], [ -46.46748, -23.66609 ] ] ], [ [ [ -46.46829, -23.66502 ], [ -46.46839, -23.6653 ], [ -46.46822, -23.66601 ], [ -46.46778, -23.66603 ], [ -46.46761, -23.66558 ], [ -46.46812, -23.66502 ], [ -46.46829, -23.66502 ] ] ] ] } },
{ "type": "Feature", "properties": { "km2": 0.103 }, "geometry": { "type": "Polygon", "coordinates": [ [ [ -46.47832, -23.65126 ], [ -46.4784, -23.65175 ], [ -46.47271, -23.65565 ], [ -46.47231, -23.65634 ], [ -46.47193, -23.65631 ], [ -46.47125, -23.65527 ], [ -46.47111, -23.65466 ], [ -46.47249, -23.65444 ], [ -46.47269, -23.65429 ], [ -46.47318, -23.65435 ], [ -46.47391, -23.65389 ], [ -46.47457, -23.65365 ], [ -46.47531, -23.65276 ], [ -46.47575, -23.65159 ], [ -46.47603, -23.65139 ], [ -46.47759, -23.65121 ], [ -46.47832, -23.65126 ] ] ] } },
{ "type": "Feature", "properties": { "km2": 0.054 }, "geometry": { "type": "Polygon", "coordinates": [ [ [ -46.45298, -23.59301 ], [ -46.45242, -23.59428 ], [ -46.45088, -23.594 ], [ -46.44917, -23.59411 ], [ -46.4486, -23.59369 ], [ -46.44875, -23.593 ], [ -46.44953, -23.59275 ], [ -46.45036, -23.59279 ], [ -46.45109, -23.59305 ], [ -46.45169, -23.5931 ], [ -46.45269, -23.59292 ], [ -46.45298, -23.59301 ] ] ] } },
{ "type": "Feature", "properties": { "km2": 0.086 }, "geometry": { "type": "Polygon", "coordinates": [ [ [ -46.45836, -23.60284 ], [ -46.45893, -23.60392 ], [ -46.45877, -23.60452 ], [ -46.45759, -23.60567 ], [ -46.45683, -23.60597 ], [ -46.4567, -23.60648 ], [ -46.45694, -23.6067 ], [ -46.45675, -23.60706 ], [ -46.45605, -23.60725 ], [ -46.45555, -23.60761 ], [ -46.4546, -23.60774 ], [ -46.45455, -23.60751 ], [ -46.45608, -23.60605 ], [ -46.45716, -23.60332 ], [ -46.4572, -23.60245 ], [ -46.45836, -23.60284 ] ] ] } },
{ "type": "Feature", "properties": { "km2": 0.045 }, "geometry": { "type": "Polygon", "coordinates": [ [ [ -46.4609, -23.59733 ], [ -46.46136, -23.59602 ], [ -46.46222, -23.59594 ], [ -46.46323, -23.59508 ], [ -46.46383, -23.59477 ], [ -46.46445, -23.59562 ], [ -46.46439, -23.59579 ], [ -46.46334, -23.59637 ], [ -46.46259, -23.59648 ], [ -46.46217, -23.59726 ], [ -46.46134, -23.59754 ], [ -46.4609, -23.59733 ] ] ] } },
{ "type": "Feature", "properties": { "km2": 0.075 }, "geometry": { "type": "Polygon", "coordinates": [ [ [ -46.4798, -23.64615 ], [ -46.47878, -23.64557 ], [ -46.4788, -23.64484 ], [ -46.47922, -23.64421 ], [ -46.47967, -23.64428 ], [ -46.4798, -23.64401 ], [ -46.47976, -23.64347 ], [ -46.47944, -23.64316 ], [ -46.47947, -23.64278 ], [ -46.47972, -23.64254 ], [ -46.48034, -23.64257 ], [ -46.4809, -23.64312 ], [ -46.48117, -23.64296 ], [ -46.48161, -23.64295 ], [ -46.48211, -23.64341 ], [ -46.48219, -23.644 ], [ -46.4819, -23.6442 ], [ -46.48103, -23.64428 ], [ -46.48079, -23.64483 ], [ -46.48082, -23.64531 ], [ -46.48046, -23.64564 ], [ -46.48037, -23.6459 ], [ -46.4798, -23.64615 ] ] ] } },
{ "type": "Feature", "properties": { "km2": 0.134 }, "geometry": { "type": "Polygon", "coordinates": [ [ [ -46.48313, -23.64775 ], [ -46.48158, -23.64677 ], [ -46.4824, -23.64625 ], [ -46.48244, -23.64574 ], [ -46.48292, -23.64495 ], [ -46.48334, -23.64472 ], [ -46.48343, -23.64439 ], [ -46.48327, -23.64312 ], [ -46.4825, -23.64271 ], [ -46.48238, -23.64253 ], [ -46.48236, -23.64189 ], [ -46.48287, -23.64165 ], [ -46.48365, -23.64161 ], [ -46.48379, -23.64169 ], [ -46.48388, -23.64226 ], [ -46.4844, -23.64302 ], [ -46.48465, -23.64268 ], [ -46.48486, -23.642 ], [ -46.4853, -23.64186 ], [ -46.48548, -23.64278 ], [ -46.48501, -23.64362 ], [ -46.4846, -23.64381 ], [ -46.4847, -23.64424 ], [ -46.48528, -23.64401 ], [ -46.48554, -23.64407 ], [ -46.48555, -23.64431 ], [ -46.48423, -23.64571 ], [ -46.48457, -23.64622 ], [ -46.48439, -23.64678 ], [ -46.48451, -23.64708 ], [ -46.48428, -23.64736 ], [ -46.48313, -23.64775 ] ] ] } },
{ "type": "Feature", "properties": { "km2": 0.131 }, "geometry": { "type": "Polygon", "coordinates": [ [ [ -46.48867, -23.64993 ], [ -46.48698, -23.64886 ], [ -46.48616, -23.64894 ], [ -46.48488, -23.64956 ], [ -46.48355, -23.64926 ], [ -46.48227, -23.64922 ], [ -46.48282, -23.64912 ], [ -46.48485, -23.64947 ], [ -46.48607, -23.64889 ], [ -46.48693, -23.64878 ], [ -46.48885, -23.6499 ], [ -46.49188, -23.65082 ], [ -46.4926, -23.65132 ], [ -46.49308, -23.65209 ], [ -46.49381, -23.65285 ], [ -46.49483, -23.65466 ], [ -46.49596, -23.65619 ], [ -46.49768, -23.65685 ], [ -46.49853, -23.65693 ], [ -46.50641, -23.65428 ], [ -46.51133, -23.65215 ], [ -46.51359, -23.6519 ], [ -46.51914, -23.65246 ], [ -46.52052, -23.65214 ], [ -46.52116, -23.65179 ], [ -46.52325, -23.65011 ], [ -46.52665, -23.64785 ], [ -46.52718, -23.64732 ], [ -46.52827, -23.6458 ], [ -46.53118, -23.64458 ], [ -46.53208, -23.64377 ], [ -46.53326, -23.64181 ], [ -46.53375, -23.64062 ], [ -46.53404, -23.63911 ], [ -46.54113, -23.62478 ], [ -46.54188, -23.62208 ], [ -46.54404, -23.61211 ], [ -46.54445, -23.61108 ], [ -46.54463, -23.6108 ], [ -46.5448, -23.6109 ], [ -46.5442, -23.61209 ], [ -46.54142, -23.62451 ], [ -46.53423, -23.6391 ], [ -46.5339, -23.64066 ], [ -46.53341, -23.64187 ], [ -46.53234, -23.64362 ], [ -46.53138, -23.6446 ], [ -46.53063, -23.64504 ], [ -46.52847, -23.64582 ], [ -46.52674, -23.64794 ], [ -46.52344, -23.65011 ], [ -46.52122, -23.65187 ], [ -46.52056, -23.65222 ], [ -46.51946, -23.65252 ], [ -46.51878, -23.65256 ], [ -46.51382, -23.65202 ], [ -46.51172, -23.65217 ], [ -46.5105, -23.65251 ], [ -46.50643, -23.65437 ], [ -46.49852, -23.6571 ], [ -46.49751, -23.65693 ], [ -46.49587, -23.65623 ], [ -46.49461, -23.65449 ], [ -46.49378, -23.65296 ], [ -46.49301, -23.65213 ], [ -46.49257, -23.6514 ], [ -46.49185, -23.6509 ], [ -46.48867, -23.64993 ] ] ] } },
{ "type": "Feature", "properties": { "km2": 0.035 }, "geometry": { "type": "Polygon", "coordinates": [ [ [ -46.50712, -23.62558 ], [ -46.50628, -23.62596 ], [ -46.50588, -23.6259 ], [ -46.50577, -23.6257 ], [ -46.50582, -23.62552 ], [ -46.50673, -23.62483 ], [ -46.50723, -23.62505 ], [ -46.50791, -23.62481 ], [ -46.5083, -23.62425 ], [ -46.50918, -23.62369 ], [ -46.50895, -23.62369 ], [ -46.5093, -23.6235 ], [ -46.50974, -23.62348 ], [ -46.51028, -23.62292 ], [ -46.51048, -23.62294 ], [ -46.51078, -23.62331 ], [ -46.51073, -23.6235 ], [ -46.51011, -23.62377 ], [ -46.50872, -23.62472 ], [ -46.50824, -23.62484 ], [ -46.50712, -23.62558 ] ] ] } },
{ "type": "Feature", "properties": { "km2": 0.096 }, "geometry": { "type": "Polygon", "coordinates": [ [ [ -46.55714, -23.52195 ], [ -46.5576, -23.52236 ], [ -46.55861, -23.52295 ], [ -46.55947, -23.52322 ], [ -46.56107, -23.52333 ], [ -46.56283, -23.5232 ], [ -46.56387, -23.52332 ], [ -46.56536, -23.52371 ], [ -46.56537, -23.52358 ], [ -46.56547, -23.52375 ], [ -46.56672, -23.52435 ], [ -46.56681, -23.5243 ], [ -46.56751, -23.52477 ], [ -46.56755, -23.52464 ], [ -46.56763, -23.52484 ], [ -46.56826, -23.5252 ], [ -46.56957, -23.52578 ], [ -46.57072, -23.52608 ], [ -46.57154, -23.52619 ], [ -46.57165, -23.52601 ], [ -46.57173, -23.5262 ], [ -46.57247, -23.52622 ], [ -46.57459, -23.52603 ], [ -46.57625, -23.52605 ], [ -46.57628, -23.52585 ], [ -46.5764, -23.52606 ], [ -46.57752, -23.52626 ], [ -46.57743, -23.52666 ], [ -46.5757, -23.52641 ], [ -46.57243, -23.52665 ], [ -46.57108, -23.52654 ], [ -46.5686, -23.52578 ], [ -46.56506, -23.52398 ], [ -46.56309, -23.52361 ], [ -46.56015, -23.52379 ], [ -46.55994, -23.52375 ], [ -46.56004, -23.52367 ], [ -46.55873, -23.52341 ], [ -46.55769, -23.5229 ], [ -46.55679, -23.52223 ], [ -46.55714, -23.52195 ] ] ] } },
{ "type": "Feature", "properties": { "km2": 0.167 }, "geometry": { "type": "Polygon", "coordinates": [ [ [ -46.55679, -23.52223 ], [ -46.55603, -23.52125 ], [ -46.55553, -23.51985 ], [ -46.55548, -23.51865 ], [ -46.55618, -23.51542 ], [ -46.55629, -23.51446 ], [ -46.55624, -23.51337 ], [ -46.55564, -23.51091 ], [ -46.55489, -23.50955 ], [ -46.554, -23.50866 ], [ -46.55358, -23.50861 ], [ -46.55374, -23.50834 ], [ -46.55258, -23.5076 ], [ -46.55082, -23.50721 ], [ -46.54689, -23.50665 ], [ -46.54598, -23.50617 ], [ -46.54466, -23.50515 ], [ -46.54406, -23.50452 ], [ -46.54252, -23.50381 ], [ -46.54277, -23.50363 ], [ -46.54209, -23.50296 ], [ -46.54217, -23.5029 ], [ -46.54238, -23.50309 ], [ -46.54241, -23.50283 ], [ -46.54117, -23.50167 ], [ -46.54183, -23.50118 ], [ -46.54365, -23.50317 ], [ -46.54378, -23.50366 ], [ -46.54404, -23.50398 ], [ -46.54548, -23.50531 ], [ -46.54645, -23.50599 ], [ -46.54661, -23.50582 ], [ -46.5468, -23.5061 ], [ -46.54722, -23.50624 ], [ -46.55075, -23.50674 ], [ -46.55235, -23.50716 ], [ -46.55395, -23.50799 ], [ -46.55506, -23.50899 ], [ -46.55572, -23.50981 ], [ -46.55583, -23.50969 ], [ -46.55594, -23.5099 ], [ -46.55583, -23.51006 ], [ -46.5563, -23.51125 ], [ -46.55664, -23.51306 ], [ -46.55675, -23.51308 ], [ -46.55663, -23.51523 ], [ -46.55591, -23.51889 ], [ -46.55615, -23.52043 ], [ -46.55676, -23.52153 ], [ -46.55714, -23.52195 ], [ -46.55679, -23.52223 ] ] ] } },
{ "type": "Feature", "properties": { "km2": 0.055 }, "geometry": { "type": "Polygon", "coordinates": [ [ [ -46.46774, -23.57347 ], [ -46.46765, -23.57379 ], [ -46.46699, -23.5739 ], [ -46.46637, -23.57461 ], [ -46.46597, -23.57415 ], [ -46.4654, -23.57393 ], [ -46.46496, -23.57392 ], [ -46.46499, -23.57372 ], [ -46.46534, -23.57362 ], [ -46.46609, -23.57306 ], [ -46.46637, -23.57251 ], [ -46.46655, -23.57152 ], [ -46.4669, -23.57114 ], [ -46.46744, -23.5712 ], [ -46.46791, -23.57153 ], [ -46.46795, -23.57256 ], [ -46.46774, -23.57288 ], [ -46.46729, -23.57302 ], [ -46.46721, -23.57318 ], [ -46.46774, -23.57347 ] ] ] } },
{ "type": "Feature", "properties": { "km2": 0.043 }, "geometry": { "type": "Polygon", "coordinates": [ [ [ -46.42047, -23.55564 ], [ -46.42013, -23.55592 ], [ -46.41989, -23.55586 ], [ -46.41895, -23.55608 ], [ -46.41875, -23.55574 ], [ -46.41858, -23.55603 ], [ -46.41832, -23.55597 ], [ -46.41796, -23.55561 ], [ -46.4182, -23.55513 ], [ -46.41856, -23.555 ], [ -46.42036, -23.55373 ], [ -46.42083, -23.55382 ], [ -46.42098, -23.55399 ], [ -46.42084, -23.55438 ], [ -46.42055, -23.5543 ], [ -46.42025, -23.55456 ], [ -46.42058, -23.55506 ], [ -46.42047, -23.55564 ] ] ] } },
{ "type": "Feature", "properties": { "km2": 0.031 }, "geometry": { "type": "Polygon", "coordinates": [ [ [ -46.40779, -23.64647 ], [ -46.40801, -23.64657 ], [ -46.40875, -23.64632 ], [ -46.4099, -23.64625 ], [ -46.41045, -23.64702 ], [ -46.41019, -23.64739 ], [ -46.40984, -23.64753 ], [ -46.40864, -23.64734 ], [ -46.40794, -23.64759 ], [ -46.40756, -23.64673 ], [ -46.40779, -23.64647 ] ] ] } },
{ "type": "Feature", "properties": { "km2": 0.039 }, "geometry": { "type": "Polygon", "coordinates": [ [ [ -46.25624, -23.6292 ], [ -46.25639, -23.62954 ], [ -46.25622, -23.6302 ], [ -46.25583, -23.63064 ], [ -46.25526, -23.63084 ], [ -46.2543, -23.62999 ], [ -46.25407, -23.62952 ], [ -46.25362, -23.62903 ], [ -46.25438, -23.6288 ], [ -46.25584, -23.62895 ], [ -46.25624, -23.6292 ] ] ] } },
{ "type": "Feature", "properties": { "km2": 0.08 }, "geometry": { "type": "Polygon", "coordinates": [ [ [ -46.25687, -23.6258 ], [ -46.25684, -23.62666 ], [ -46.25664, -23.62738 ], [ -46.25607, -23.62757 ], [ -46.256, -23.62777 ], [ -46.25481, -23.62798 ], [ -46.25403, -23.62788 ], [ -46.25364, -23.62761 ], [ -46.25345, -23.62768 ], [ -46.25284, -23.6275 ], [ -46.25265, -23.62721 ], [ -46.25289, -23.62686 ], [ -46.2544, -23.62659 ], [ -46.25446, -23.62609 ], [ -46.25484, -23.62609 ], [ -46.25518, -23.62535 ], [ -46.25675, -23.62519 ], [ -46.25687, -23.6258 ] ] ] } },
{ "type": "Feature", "properties": { "km2": 0.04 }, "geometry": { "type": "Polygon", "coordinates": [ [ [ -46.25709, -23.59702 ], [ -46.25661, -23.59713 ], [ -46.25594, -23.59664 ], [ -46.25506, -23.59627 ], [ -46.25513, -23.59606 ], [ -46.25502, -23.59586 ], [ -46.25521, -23.59558 ], [ -46.2557, -23.59559 ], [ -46.25586, -23.59571 ], [ -46.25637, -23.59537 ], [ -46.25641, -23.59512 ], [ -46.25624, -23.59476 ], [ -46.25653, -23.59456 ], [ -46.25679, -23.5946 ], [ -46.25729, -23.59544 ], [ -46.25732, -23.59573 ], [ -46.25757, -23.59592 ], [ -46.25761, -23.5961 ], [ -46.25709, -23.59702 ] ] ] } },
{ "type": "Feature", "properties": { "km2": 0.025 }, "geometry": { "type": "Polygon", "coordinates": [ [ [ -46.25892, -23.59732 ], [ -46.25867, -23.59767 ], [ -46.25781, -23.59809 ], [ -46.2576, -23.59798 ], [ -46.25709, -23.5973 ], [ -46.25762, -23.59628 ], [ -46.25797, -23.59621 ], [ -46.25886, -23.59703 ], [ -46.25892, -23.59732 ] ] ] } },
{ "type": "Feature", "properties": { "km2": 15.994 }, "geometry": { "type": "Polygon", "coordinates": [ [ [ -46.29063, -23.57044 ], [ -46.29077, -23.57061 ], [ -46.2907, -23.57084 ], [ -46.28991, -23.57104 ], [ -46.29079, -23.57104 ], [ -46.29081, -23.57118 ], [ -46.29058, -23.57141 ], [ -46.29064, -23.57228 ], [ -46.29043, -23.57291 ], [ -46.29086, -23.57427 ], [ -46.29086, -23.57549 ], [ -46.29063, -23.57614 ], [ -46.29017, -23.57626 ], [ -46.29015, -23.57642 ], [ -46.2894, -23.57634 ], [ -46.2894, -23.57667 ], [ -46.29046, -23.57665 ], [ -46.29063, -23.57691 ], [ -46.28999, -23.57724 ], [ -46.29004, -23.57811 ], [ -46.29029, -23.57901 ], [ -46.29026, -23.57947 ], [ -46.28874, -23.58679 ], [ -46.28952, -23.5876 ], [ -46.29047, -23.59086 ], [ -46.29224, -23.5955 ], [ -46.29454, -23.59992 ], [ -46.29479, -23.6019 ], [ -46.29538, -23.60352 ], [ -46.29593, -23.60424 ], [ -46.29629, -23.60533 ], [ -46.29638, -23.60613 ], [ -46.29649, -23.60633 ], [ -46.29688, -23.60654 ], [ -46.29912, -23.60981 ], [ -46.29908, -23.60999 ], [ -46.29782, -23.61053 ], [ -46.29758, -23.61096 ], [ -46.2979, -23.6124 ], [ -46.29781, -23.6143 ], [ -46.29767, -23.61442 ], [ -46.29639, -23.61405 ], [ -46.29632, -23.61372 ], [ -46.29669, -23.61245 ], [ -46.29645, -23.61231 ], [ -46.29588, -23.61325 ], [ -46.29567, -23.61394 ], [ -46.29531, -23.61456 ], [ -46.29438, -23.61514 ], [ -46.29325, -23.61516 ], [ -46.29254, -23.61496 ], [ -46.2913, -23.61426 ], [ -46.28999, -23.61404 ], [ -46.28954, -23.61316 ], [ -46.28892, -23.61282 ], [ -46.28889, -23.61248 ], [ -46.28967, -23.61182 ], [ -46.28976, -23.61152 ], [ -46.28965, -23.61126 ], [ -46.28862, -23.61135 ], [ -46.28819, -23.61061 ], [ -46.28766, -23.60861 ], [ -46.28723, -23.60796 ], [ -46.28698, -23.60699 ], [ -46.28637, -23.60571 ], [ -46.28588, -23.60359 ], [ -46.28531, -23.60314 ], [ -46.28352, -23.60217 ], [ -46.28277, -23.60142 ], [ -46.28274, -23.60044 ], [ -46.28299, -23.59926 ], [ -46.28295, -23.59859 ], [ -46.28202, -23.59583 ], [ -46.28167, -23.59578 ], [ -46.28134, -23.59591 ], [ -46.2806, -23.59643 ], [ -46.27945, -23.59823 ], [ -46.27915, -23.59843 ], [ -46.27842, -23.59853 ], [ -46.27753, -23.59908 ], [ -46.27718, -23.59963 ], [ -46.27718, -23.60096 ], [ -46.27738, -23.60193 ], [ -46.27736, -23.60326 ], [ -46.27779, -23.60417 ], [ -46.27791, -23.60502 ], [ -46.27751, -23.61184 ], [ -46.27738, -23.61249 ], [ -46.27772, -23.61378 ], [ -46.27744, -23.61509 ], [ -46.27773, -23.61638 ], [ -46.27769, -23.61673 ], [ -46.27718, -23.61778 ], [ -46.27694, -23.61949 ], [ -46.27698, -23.62117 ], [ -46.27742, -23.62289 ], [ -46.27734, -23.62355 ], [ -46.27613, -23.62479 ], [ -46.27529, -23.62615 ], [ -46.27445, -23.62679 ], [ -46.27282, -23.62753 ], [ -46.27212, -23.62761 ], [ -46.27183, -23.62744 ], [ -46.27173, -23.62645 ], [ -46.27148, -23.6262 ], [ -46.27111, -23.62612 ], [ -46.27096, -23.62642 ], [ -46.27123, -23.62737 ], [ -46.27093, -23.62794 ], [ -46.27063, -23.62817 ], [ -46.27024, -23.62813 ], [ -46.26978, -23.62765 ], [ -46.26997, -23.62664 ], [ -46.27058, -23.62589 ], [ -46.27106, -23.62498 ], [ -46.27161, -23.62457 ], [ -46.27201, -23.62404 ], [ -46.27218, -23.62341 ], [ -46.27221, -23.62202 ], [ -46.27275, -23.62193 ], [ -46.27284, -23.62079 ], [ -46.27234, -23.62043 ], [ -46.27243, -23.61748 ], [ -46.27231, -23.61614 ], [ -46.27244, -23.61557 ], [ -46.27243, -23.61459 ], [ -46.27121, -23.61266 ], [ -46.27074, -23.61157 ], [ -46.26931, -23.61031 ], [ -46.26903, -23.61052 ], [ -46.26898, -23.61116 ], [ -46.26883, -23.61146 ], [ -46.268, -23.6123 ], [ -46.26796, -23.61296 ], [ -46.2681, -23.61361 ], [ -46.26793, -23.61424 ], [ -46.26705, -23.61481 ], [ -46.26599, -23.61476 ], [ -46.26529, -23.61498 ], [ -46.26481, -23.61548 ], [ -46.26454, -23.61607 ], [ -46.26449, -23.61765 ], [ -46.26488, -23.61823 ], [ -46.26571, -23.61893 ], [ -46.26578, -23.61924 ], [ -46.26546, -23.61984 ], [ -46.26465, -23.6205 ], [ -46.26435, -23.62114 ], [ -46.26442, -23.62148 ], [ -46.26464, -23.62173 ], [ -46.26556, -23.62234 ], [ -46.26574, -23.62261 ], [ -46.26618, -23.62385 ], [ -46.26624, -23.62478 ], [ -46.26593, -23.62647 ], [ -46.26531, -23.62767 ], [ -46.2659, -23.62847 ], [ -46.26606, -23.62927 ], [ -46.26584, -23.62991 ], [ -46.2652, -23.63073 ], [ -46.26463, -23.63271 ], [ -46.26463, -23.63356 ], [ -46.26441, -23.63419 ], [ -46.26301, -23.63527 ], [ -46.26259, -23.63584 ], [ -46.26238, -23.63653 ], [ -46.26145, -23.63767 ], [ -46.26095, -23.63856 ], [ -46.2601, -23.63914 ], [ -46.25972, -23.64009 ], [ -46.25826, -23.63981 ], [ -46.25723, -23.63989 ], [ -46.2564, -23.63973 ], [ -46.25599, -23.6398 ], [ -46.25516, -23.63867 ], [ -46.25482, -23.63845 ], [ -46.25267, -23.63807 ], [ -46.25255, -23.63791 ], [ -46.25284, -23.6355 ], [ -46.25315, -23.63485 ], [ -46.25331, -23.63478 ], [ -46.25347, -23.63489 ], [ -46.2539, -23.63552 ], [ -46.25553, -23.63649 ], [ -46.256, -23.63648 ], [ -46.25688, -23.63571 ], [ -46.25714, -23.63533 ], [ -46.25719, -23.63438 ], [ -46.25746, -23.63378 ], [ -46.25769, -23.63372 ], [ -46.25934, -23.63413 ], [ -46.25986, -23.63404 ], [ -46.26028, -23.6335 ], [ -46.26026, -23.63303 ], [ -46.25972, -23.63199 ], [ -46.25963, -23.63153 ], [ -46.25968, -23.63109 ], [ -46.26021, -23.63031 ], [ -46.26036, -23.6298 ], [ -46.26029, -23.62912 ], [ -46.25971, -23.62815 ], [ -46.26023, -23.62526 ], [ -46.26003, -23.62467 ], [ -46.25915, -23.62387 ], [ -46.2592, -23.62315 ], [ -46.25906, -23.62295 ], [ -46.25864, -23.62275 ], [ -46.25867, -23.62231 ], [ -46.259, -23.62172 ], [ -46.25902, -23.62107 ], [ -46.25929, -23.6206 ], [ -46.25928, -23.62038 ], [ -46.25902, -23.62 ], [ -46.25924, -23.61914 ], [ -46.25914, -23.61785 ], [ -46.25872, -23.61667 ], [ -46.25783, -23.61547 ], [ -46.2573, -23.61412 ], [ -46.25668, -23.61374 ], [ -46.25611, -23.61306 ], [ -46.25533, -23.61269 ], [ -46.2554, -23.61248 ], [ -46.2561, -23.61186 ], [ -46.25594, -23.61088 ], [ -46.25557, -23.61003 ], [ -46.25578, -23.60771 ], [ -46.25626, -23.60634 ], [ -46.25661, -23.60573 ], [ -46.25679, -23.60474 ], [ -46.25753, -23.60414 ], [ -46.25771, -23.60376 ], [ -46.25769, -23.6033 ], [ -46.25742, -23.60292 ], [ -46.25692, -23.60272 ], [ -46.25567, -23.60278 ], [ -46.25521, -23.6014 ], [ -46.25524, -23.60096 ], [ -46.25582, -23.6005 ], [ -46.25717, -23.60001 ], [ -46.25794, -23.59885 ], [ -46.25819, -23.59822 ], [ -46.25968, -23.59692 ], [ -46.26121, -23.59464 ], [ -46.26151, -23.59428 ], [ -46.2621, -23.59393 ], [ -46.26335, -23.5924 ], [ -46.26385, -23.59167 ], [ -46.26445, -23.59042 ], [ -46.26474, -23.58875 ], [ -46.26498, -23.58811 ], [ -46.26537, -23.58763 ], [ -46.26632, -23.58686 ], [ -46.26717, -23.5853 ], [ -46.26711, -23.58486 ], [ -46.26675, -23.58451 ], [ -46.26636, -23.5842 ], [ -46.26596, -23.58413 ], [ -46.26406, -23.5847 ], [ -46.26303, -23.58533 ], [ -46.2628, -23.58536 ], [ -46.26259, -23.58523 ], [ -46.26267, -23.58503 ], [ -46.26324, -23.58431 ], [ -46.26389, -23.58313 ], [ -46.26368, -23.58238 ], [ -46.26287, -23.58186 ], [ -46.26123, -23.5813 ], [ -46.2584, -23.58118 ], [ -46.25823, -23.58108 ], [ -46.25827, -23.58091 ], [ -46.25847, -23.58081 ], [ -46.26002, -23.58082 ], [ -46.26095, -23.58045 ], [ -46.26266, -23.58072 ], [ -46.26498, -23.58049 ], [ -46.26554, -23.57994 ], [ -46.26577, -23.5779 ], [ -46.26631, -23.57648 ], [ -46.26635, -23.57583 ], [ -46.26603, -23.57507 ], [ -46.27375, -23.57201 ], [ -46.28919, -23.57056 ], [ -46.28926, -23.57076 ], [ -46.28929, -23.57055 ], [ -46.29063, -23.57044 ] ] ] } },
{ "type": "Feature", "properties": { "km2": 0.05 }, "geometry": { "type": "Polygon", "coordinates": [ [ [ -46.27127, -23.56522 ], [ -46.27157, -23.56459 ], [ -46.27192, -23.56438 ], [ -46.27309, -23.56402 ], [ -46.27419, -23.56391 ], [ -46.27441, -23.56403 ], [ -46.27472, -23.56484 ], [ -46.27464, -23.56508 ], [ -46.27426, -23.5653 ], [ -46.27353, -23.56536 ], [ -46.27316, -23.56559 ], [ -46.27244, -23.56575 ], [ -46.27181, -23.56567 ], [ -46.27127, -23.56522 ] ] ] } },
{ "type": "Feature", "properties": { "km2": 0.03 }, "geometry": { "type": "Polygon", "coordinates": [ [ [ -46.27383, -23.56051 ], [ -46.27445, -23.56082 ], [ -46.27468, -23.56108 ], [ -46.27487, -23.56154 ], [ -46.27486, -23.56208 ], [ -46.27379, -23.56223 ], [ -46.2733, -23.56203 ], [ -46.27298, -23.56164 ], [ -46.2728, -23.56117 ], [ -46.27287, -23.56097 ], [ -46.27337, -23.56053 ], [ -46.27383, -23.56051 ] ] ] } },
{ "type": "Feature", "properties": { "km2": 0.11 }, "geometry": { "type": "Polygon", "coordinates": [ [ [ -46.26615, -23.55582 ], [ -46.2663, -23.55615 ], [ -46.26608, -23.55706 ], [ -46.26619, -23.55778 ], [ -46.26611, -23.55798 ], [ -46.26619, -23.55819 ], [ -46.26648, -23.55817 ], [ -46.26658, -23.55858 ], [ -46.26643, -23.5588 ], [ -46.26559, -23.55906 ], [ -46.265, -23.55897 ], [ -46.26493, -23.55841 ], [ -46.26478, -23.55822 ], [ -46.26297, -23.55824 ], [ -46.26247, -23.55852 ], [ -46.26219, -23.55846 ], [ -46.26274, -23.55784 ], [ -46.26263, -23.55697 ], [ -46.26273, -23.55591 ], [ -46.26339, -23.5557 ], [ -46.26355, -23.55586 ], [ -46.26615, -23.55582 ] ] ] } },
{ "type": "Feature", "properties": { "km2": 0.195 }, "geometry": { "type": "Polygon", "coordinates": [ [ [ -46.27657, -23.54701 ], [ -46.27638, -23.55057 ], [ -46.27543, -23.55045 ], [ -46.27552, -23.54726 ], [ -46.27533, -23.55044 ], [ -46.27519, -23.55054 ], [ -46.274, -23.55042 ], [ -46.27411, -23.54684 ], [ -46.27385, -23.55044 ], [ -46.27273, -23.5504 ], [ -46.27265, -23.55028 ], [ -46.27277, -23.54684 ], [ -46.27269, -23.5468 ], [ -46.27251, -23.55032 ], [ -46.2724, -23.5504 ], [ -46.27132, -23.55026 ], [ -46.27149, -23.5463 ], [ -46.27198, -23.54638 ], [ -46.27189, -23.55003 ], [ -46.27217, -23.54635 ], [ -46.27327, -23.54635 ], [ -46.27337, -23.54645 ], [ -46.2733, -23.55009 ], [ -46.27352, -23.54641 ], [ -46.27456, -23.54644 ], [ -46.27477, -23.54669 ], [ -46.27467, -23.55014 ], [ -46.2749, -23.54689 ], [ -46.27573, -23.54685 ], [ -46.27601, -23.54705 ], [ -46.27591, -23.55027 ], [ -46.27602, -23.55022 ], [ -46.27617, -23.54699 ], [ -46.27657, -23.54701 ] ] ] } },
{ "type": "Feature", "properties": { "km2": 0.054 }, "geometry": { "type": "Polygon", "coordinates": [ [ [ -46.27586, -23.5543 ], [ -46.27609, -23.55491 ], [ -46.27608, -23.55578 ], [ -46.27501, -23.55583 ], [ -46.27495, -23.55621 ], [ -46.27422, -23.5562 ], [ -46.27383, -23.55577 ], [ -46.27381, -23.55533 ], [ -46.27342, -23.5544 ], [ -46.2734, -23.55393 ], [ -46.27367, -23.5538 ], [ -46.27485, -23.55389 ], [ -46.27553, -23.55407 ], [ -46.27586, -23.5543 ] ] ] } },
{ "type": "Feature", "properties": { "km2": 0.091 }, "geometry": { "type": "Polygon", "coordinates": [ [ [ -46.28507, -23.55575 ], [ -46.28535, -23.55664 ], [ -46.28527, -23.55696 ], [ -46.28443, -23.55785 ], [ -46.28173, -23.55933 ], [ -46.28133, -23.55907 ], [ -46.28126, -23.55869 ], [ -46.28167, -23.55683 ], [ -46.28222, -23.55644 ], [ -46.28297, -23.55637 ], [ -46.28351, -23.55655 ], [ -46.28382, -23.55621 ], [ -46.28398, -23.55626 ], [ -46.28471, -23.55576 ], [ -46.28507, -23.55575 ] ] ] } },
{ "type": "Feature", "properties": { "km2": 0.046 }, "geometry": { "type": "Polygon", "coordinates": [ [ [ -46.27798, -23.55941 ], [ -46.27823, -23.55954 ], [ -46.27843, -23.55997 ], [ -46.27842, -23.56056 ], [ -46.2778, -23.56105 ], [ -46.27654, -23.56128 ], [ -46.27644, -23.56123 ], [ -46.27643, -23.56084 ], [ -46.27587, -23.56059 ], [ -46.27565, -23.55998 ], [ -46.27575, -23.55992 ], [ -46.27554, -23.55951 ], [ -46.27626, -23.55961 ], [ -46.27647, -23.55926 ], [ -46.27798, -23.55941 ] ] ] } },
{ "type": "Feature", "properties": { "km2": 0.067 }, "geometry": { "type": "Polygon", "coordinates": [ [ [ -46.27885, -23.56115 ], [ -46.27871, -23.56178 ], [ -46.27757, -23.56409 ], [ -46.27678, -23.56428 ], [ -46.27651, -23.56422 ], [ -46.27636, -23.56406 ], [ -46.2764, -23.5637 ], [ -46.27584, -23.56339 ], [ -46.27594, -23.5633 ], [ -46.27569, -23.56289 ], [ -46.27562, -23.56221 ], [ -46.27619, -23.56177 ], [ -46.27776, -23.56155 ], [ -46.27847, -23.56099 ], [ -46.27866, -23.56121 ], [ -46.27885, -23.56115 ] ] ] } },
{ "type": "Feature", "properties": { "km2": 0.053 }, "geometry": { "type": "Polygon", "coordinates": [ [ [ -46.32441, -23.54048 ], [ -46.32478, -23.54058 ], [ -46.32565, -23.54134 ], [ -46.32592, -23.54139 ], [ -46.3261, -23.54164 ], [ -46.32676, -23.54153 ], [ -46.32696, -23.54171 ], [ -46.32766, -23.54155 ], [ -46.32789, -23.54173 ], [ -46.32707, -23.54214 ], [ -46.32473, -23.54281 ], [ -46.32398, -23.54161 ], [ -46.32354, -23.54118 ], [ -46.32357, -23.54067 ], [ -46.32441, -23.54048 ] ] ] } },
{ "type": "Feature", "properties": { "km2": 0.028 }, "geometry": { "type": "Polygon", "coordinates": [ [ [ -46.32056, -23.51855 ], [ -46.32089, -23.51936 ], [ -46.32107, -23.51952 ], [ -46.32086, -23.51983 ], [ -46.32051, -23.51999 ], [ -46.32063, -23.51966 ], [ -46.32039, -23.51953 ], [ -46.3201, -23.5196 ], [ -46.32006, -23.51983 ], [ -46.31971, -23.51981 ], [ -46.3191, -23.52018 ], [ -46.319, -23.51996 ], [ -46.3192, -23.51975 ], [ -46.31844, -23.51923 ], [ -46.31789, -23.5184 ], [ -46.31852, -23.51829 ], [ -46.31914, -23.51902 ], [ -46.31992, -23.519 ], [ -46.32056, -23.51855 ] ] ] } },
{ "type": "Feature", "properties": { "km2": 0.326 }, "geometry": { "type": "Polygon", "coordinates": [ [ [ -46.31789, -23.5184 ], [ -46.31751, -23.51825 ], [ -46.31695, -23.51846 ], [ -46.31658, -23.51904 ], [ -46.31634, -23.51898 ], [ -46.31632, -23.51875 ], [ -46.31561, -23.51886 ], [ -46.31496, -23.51876 ], [ -46.31358, -23.51772 ], [ -46.31295, -23.51696 ], [ -46.31322, -23.5168 ], [ -46.31354, -23.51685 ], [ -46.31375, -23.51615 ], [ -46.31393, -23.51618 ], [ -46.31406, -23.51632 ], [ -46.31411, -23.51706 ], [ -46.31449, -23.5176 ], [ -46.31492, -23.51602 ], [ -46.31487, -23.51558 ], [ -46.31522, -23.51555 ], [ -46.3154, -23.51639 ], [ -46.31581, -23.51662 ], [ -46.31605, -23.51702 ], [ -46.31714, -23.51714 ], [ -46.31824, -23.51676 ], [ -46.31843, -23.51698 ], [ -46.31832, -23.51709 ], [ -46.31845, -23.51728 ], [ -46.31834, -23.51736 ], [ -46.31841, -23.51755 ], [ -46.31905, -23.51764 ], [ -46.31955, -23.51756 ], [ -46.32028, -23.51667 ], [ -46.32051, -23.51538 ], [ -46.31913, -23.51538 ], [ -46.31872, -23.51521 ], [ -46.31846, -23.5146 ], [ -46.31826, -23.51445 ], [ -46.31875, -23.51409 ], [ -46.31946, -23.51445 ], [ -46.31978, -23.51428 ], [ -46.31972, -23.51402 ], [ -46.32004, -23.51366 ], [ -46.3199, -23.51283 ], [ -46.32004, -23.51258 ], [ -46.32081, -23.51306 ], [ -46.32095, -23.51364 ], [ -46.32028, -23.51449 ], [ -46.32038, -23.5146 ], [ -46.32026, -23.51509 ], [ -46.32053, -23.51507 ], [ -46.32117, -23.51467 ], [ -46.32096, -23.51432 ], [ -46.32152, -23.51396 ], [ -46.32194, -23.51387 ], [ -46.32209, -23.51389 ], [ -46.32243, -23.51435 ], [ -46.32254, -23.51411 ], [ -46.32279, -23.51399 ], [ -46.32302, -23.51405 ], [ -46.32354, -23.51486 ], [ -46.32382, -23.5151 ], [ -46.32452, -23.51536 ], [ -46.32425, -23.51572 ], [ -46.32423, -23.51609 ], [ -46.32445, -23.5164 ], [ -46.32369, -23.51676 ], [ -46.3228, -23.51784 ], [ -46.32211, -23.5179 ], [ -46.32179, -23.51807 ], [ -46.32177, -23.51857 ], [ -46.3225, -23.51901 ], [ -46.32276, -23.51903 ], [ -46.32276, -23.51926 ], [ -46.32219, -23.51955 ], [ -46.32167, -23.51937 ], [ -46.32107, -23.51952 ], [ -46.32089, -23.51936 ], [ -46.32055, -23.51849 ], [ -46.31957, -23.5186 ], [ -46.31857, -23.5182 ], [ -46.31789, -23.5184 ] ] ] } },
{ "type": "Feature", "properties": { "km2": 0.031 }, "geometry": { "type": "Polygon", "coordinates": [ [ [ -46.32474, -23.51216 ], [ -46.32458, -23.51237 ], [ -46.32427, -23.51213 ], [ -46.32436, -23.51251 ], [ -46.32414, -23.51242 ], [ -46.32397, -23.51279 ], [ -46.324, -23.51302 ], [ -46.32363, -23.51245 ], [ -46.32333, -23.51244 ], [ -46.32394, -23.51233 ], [ -46.32445, -23.51161 ], [ -46.3248, -23.51139 ], [ -46.32589, -23.51127 ], [ -46.32622, -23.51107 ], [ -46.32636, -23.51077 ], [ -46.32631, -23.5105 ], [ -46.3258, -23.51016 ], [ -46.32564, -23.51028 ], [ -46.32572, -23.51013 ], [ -46.32557, -23.50984 ], [ -46.3258, -23.50948 ], [ -46.32633, -23.50935 ], [ -46.32679, -23.50949 ], [ -46.32708, -23.5099 ], [ -46.32729, -23.51065 ], [ -46.32746, -23.51073 ], [ -46.3277, -23.51063 ], [ -46.32811, -23.50987 ], [ -46.32855, -23.50823 ], [ -46.32879, -23.508 ], [ -46.32932, -23.50786 ], [ -46.32922, -23.50701 ], [ -46.33002, -23.50649 ], [ -46.33005, -23.50624 ], [ -46.32974, -23.50552 ], [ -46.33008, -23.50562 ], [ -46.32997, -23.50575 ], [ -46.33012, -23.506 ], [ -46.33018, -23.50657 ], [ -46.32996, -23.50683 ], [ -46.32938, -23.50704 ], [ -46.32944, -23.50794 ], [ -46.32884, -23.50811 ], [ -46.32868, -23.50831 ], [ -46.32804, -23.51065 ], [ -46.32786, -23.51086 ], [ -46.32721, -23.51085 ], [ -46.32702, -23.51062 ], [ -46.3269, -23.50994 ], [ -46.32672, -23.50962 ], [ -46.32646, -23.5095 ], [ -46.32595, -23.50957 ], [ -46.32577, -23.50987 ], [ -46.32648, -23.51049 ], [ -46.3265, -23.511 ], [ -46.32607, -23.51138 ], [ -46.32462, -23.51167 ], [ -46.32451, -23.51195 ], [ -46.32474, -23.51216 ] ] ] } },
{ "type": "Feature", "properties": { "km2": 0.103 }, "geometry": { "type": "Polygon", "coordinates": [ [ [ -46.3083, -23.51556 ], [ -46.30858, -23.51561 ], [ -46.3086, -23.51594 ], [ -46.30829, -23.51644 ], [ -46.30828, -23.51687 ], [ -46.30856, -23.5176 ], [ -46.30819, -23.51826 ], [ -46.30757, -23.5183 ], [ -46.30732, -23.51787 ], [ -46.3074, -23.5176 ], [ -46.30726, -23.51741 ], [ -46.30731, -23.51728 ], [ -46.30711, -23.51709 ], [ -46.3068, -23.51622 ], [ -46.3063, -23.51627 ], [ -46.30612, -23.51565 ], [ -46.30601, -23.51559 ], [ -46.30579, -23.51579 ], [ -46.30548, -23.51546 ], [ -46.30569, -23.51517 ], [ -46.30604, -23.51542 ], [ -46.30614, -23.51537 ], [ -46.30581, -23.51488 ], [ -46.3064, -23.51439 ], [ -46.30631, -23.51422 ], [ -46.30608, -23.51416 ], [ -46.3063, -23.51384 ], [ -46.3067, -23.51398 ], [ -46.30711, -23.51384 ], [ -46.30749, -23.51328 ], [ -46.3078, -23.51329 ], [ -46.3082, -23.51288 ], [ -46.30895, -23.51284 ], [ -46.30903, -23.51314 ], [ -46.30893, -23.51327 ], [ -46.30875, -23.51328 ], [ -46.30859, -23.51348 ], [ -46.30838, -23.51342 ], [ -46.3082, -23.51364 ], [ -46.30856, -23.51424 ], [ -46.30831, -23.51453 ], [ -46.30842, -23.51493 ], [ -46.30821, -23.51536 ], [ -46.3083, -23.51556 ] ] ] } },
{ "type": "Feature", "properties": { "km2": 0.244 }, "geometry": { "type": "Polygon", "coordinates": [ [ [ -46.27571, -23.52886 ], [ -46.27575, -23.52868 ], [ -46.27614, -23.52854 ], [ -46.27618, -23.52806 ], [ -46.27573, -23.52764 ], [ -46.27515, -23.52757 ], [ -46.27497, -23.5273 ], [ -46.27504, -23.52704 ], [ -46.27544, -23.52682 ], [ -46.27622, -23.52675 ], [ -46.27688, -23.52645 ], [ -46.27707, -23.52648 ], [ -46.27747, -23.52692 ], [ -46.27759, -23.52773 ], [ -46.27791, -23.52786 ], [ -46.27828, -23.52776 ], [ -46.27852, -23.52744 ], [ -46.27854, -23.5272 ], [ -46.27828, -23.52646 ], [ -46.2779, -23.52605 ], [ -46.27788, -23.52562 ], [ -46.27838, -23.52536 ], [ -46.27886, -23.5256 ], [ -46.27924, -23.52624 ], [ -46.27994, -23.52694 ], [ -46.2802, -23.52741 ], [ -46.28034, -23.52744 ], [ -46.28088, -23.52673 ], [ -46.28242, -23.52609 ], [ -46.28299, -23.52545 ], [ -46.2833, -23.52531 ], [ -46.28355, -23.5254 ], [ -46.28364, -23.5257 ], [ -46.28351, -23.52654 ], [ -46.28313, -23.52703 ], [ -46.28334, -23.52728 ], [ -46.28357, -23.52729 ], [ -46.28403, -23.527 ], [ -46.28451, -23.52589 ], [ -46.28469, -23.52573 ], [ -46.2852, -23.52569 ], [ -46.28568, -23.52608 ], [ -46.28575, -23.52632 ], [ -46.28552, -23.52753 ], [ -46.286, -23.52793 ], [ -46.28737, -23.52744 ], [ -46.28786, -23.52748 ], [ -46.28807, -23.52733 ], [ -46.28849, -23.52651 ], [ -46.2892, -23.52686 ], [ -46.28945, -23.52728 ], [ -46.28988, -23.52736 ], [ -46.29066, -23.52727 ], [ -46.29167, -23.52779 ], [ -46.29179, -23.52749 ], [ -46.29166, -23.52719 ], [ -46.29174, -23.5269 ], [ -46.29227, -23.52662 ], [ -46.293, -23.52646 ], [ -46.29319, -23.52627 ], [ -46.29284, -23.52541 ], [ -46.29291, -23.52517 ], [ -46.29304, -23.52492 ], [ -46.29394, -23.52429 ], [ -46.29463, -23.52351 ], [ -46.29456, -23.52252 ], [ -46.29482, -23.52209 ], [ -46.29548, -23.52186 ], [ -46.29619, -23.5221 ], [ -46.29688, -23.52171 ], [ -46.29795, -23.52167 ], [ -46.29909, -23.52108 ], [ -46.29976, -23.52049 ], [ -46.30006, -23.52 ], [ -46.30037, -23.51898 ], [ -46.30081, -23.51844 ], [ -46.30122, -23.51817 ], [ -46.30305, -23.51752 ], [ -46.30274, -23.51654 ], [ -46.30257, -23.51531 ], [ -46.30266, -23.51479 ], [ -46.30284, -23.51457 ], [ -46.30379, -23.51425 ], [ -46.30447, -23.51422 ], [ -46.30482, -23.5144 ], [ -46.305, -23.51476 ], [ -46.30506, -23.51602 ], [ -46.30527, -23.51621 ], [ -46.30613, -23.51638 ], [ -46.30651, -23.51659 ], [ -46.30693, -23.51702 ], [ -46.30741, -23.51842 ], [ -46.30776, -23.51863 ], [ -46.30817, -23.5186 ], [ -46.30873, -23.51808 ], [ -46.30874, -23.51753 ], [ -46.30853, -23.51688 ], [ -46.30861, -23.51631 ], [ -46.30924, -23.51573 ], [ -46.30972, -23.51551 ], [ -46.31064, -23.51545 ], [ -46.31089, -23.51557 ], [ -46.31148, -23.51635 ], [ -46.31166, -23.51638 ], [ -46.31194, -23.51618 ], [ -46.31155, -23.51515 ], [ -46.31048, -23.51461 ], [ -46.31024, -23.51428 ], [ -46.31022, -23.514 ], [ -46.31031, -23.51362 ], [ -46.31062, -23.51319 ], [ -46.31182, -23.51234 ], [ -46.3122, -23.51216 ], [ -46.31246, -23.51219 ], [ -46.31289, -23.51262 ], [ -46.31258, -23.51409 ], [ -46.31226, -23.51471 ], [ -46.31241, -23.51497 ], [ -46.31257, -23.515 ], [ -46.31342, -23.51475 ], [ -46.3141, -23.51413 ], [ -46.31448, -23.51402 ], [ -46.31549, -23.51468 ], [ -46.31583, -23.51459 ], [ -46.31595, -23.51429 ], [ -46.3158, -23.51332 ], [ -46.31614, -23.51238 ], [ -46.31633, -23.51218 ], [ -46.31666, -23.51209 ], [ -46.31721, -23.51229 ], [ -46.31772, -23.51187 ], [ -46.31814, -23.51209 ], [ -46.31861, -23.51212 ], [ -46.3187, -23.51086 ], [ -46.3186, -23.5107 ], [ -46.31835, -23.51057 ], [ -46.31768, -23.51079 ], [ -46.31748, -23.51074 ], [ -46.31714, -23.51032 ], [ -46.31734, -23.50931 ], [ -46.31767, -23.50905 ], [ -46.31839, -23.50891 ], [ -46.31875, -23.509 ], [ -46.31895, -23.50924 ], [ -46.31919, -23.51011 ], [ -46.32028, -23.50985 ], [ -46.322, -23.51078 ], [ -46.32331, -23.511 ], [ -46.32343, -23.51143 ], [ -46.32302, -23.51235 ], [ -46.32312, -23.51263 ], [ -46.32345, -23.5128 ], [ -46.32368, -23.51313 ], [ -46.32349, -23.51355 ], [ -46.3242, -23.51393 ], [ -46.32486, -23.51385 ], [ -46.32497, -23.51362 ], [ -46.32454, -23.51263 ], [ -46.32472, -23.5125 ], [ -46.32458, -23.51237 ], [ -46.32474, -23.51216 ], [ -46.32505, -23.51225 ], [ -46.32476, -23.51277 ], [ -46.32494, -23.51296 ], [ -46.32523, -23.51302 ], [ -46.32528, -23.51356 ], [ -46.32515, -23.51397 ], [ -46.32495, -23.51414 ], [ -46.32506, -23.51452 ], [ -46.32489, -23.51471 ], [ -46.32602, -23.51496 ], [ -46.32626, -23.51486 ], [ -46.32625, -23.51512 ], [ -46.32601, -23.51532 ], [ -46.32511, -23.51518 ], [ -46.3242, -23.51482 ], [ -46.32378, -23.51438 ], [ -46.32356, -23.51446 ], [ -46.32337, -23.51425 ], [ -46.32354, -23.51387 ], [ -46.32324, -23.51358 ], [ -46.32341, -23.51313 ], [ -46.32283, -23.51256 ], [ -46.32281, -23.51235 ], [ -46.32325, -23.51138 ], [ -46.32312, -23.51115 ], [ -46.32169, -23.51092 ], [ -46.32025, -23.51004 ], [ -46.31982, -23.51003 ], [ -46.31933, -23.51025 ], [ -46.31901, -23.51025 ], [ -46.31886, -23.50948 ], [ -46.31863, -23.50909 ], [ -46.31773, -23.50915 ], [ -46.31749, -23.50957 ], [ -46.31733, -23.51035 ], [ -46.31752, -23.51053 ], [ -46.31837, -23.51042 ], [ -46.31874, -23.51056 ], [ -46.31888, -23.51093 ], [ -46.31873, -23.51225 ], [ -46.31846, -23.51237 ], [ -46.31785, -23.51206 ], [ -46.31727, -23.5125 ], [ -46.3165, -23.51236 ], [ -46.31622, -23.51277 ], [ -46.316, -23.51346 ], [ -46.31607, -23.51457 ], [ -46.31577, -23.51483 ], [ -46.31531, -23.51485 ], [ -46.31467, -23.51424 ], [ -46.31431, -23.51423 ], [ -46.31326, -23.51501 ], [ -46.31253, -23.51515 ], [ -46.31214, -23.51497 ], [ -46.31207, -23.5147 ], [ -46.31237, -23.51402 ], [ -46.31271, -23.51259 ], [ -46.31232, -23.51236 ], [ -46.31209, -23.51242 ], [ -46.31068, -23.51342 ], [ -46.3104, -23.51402 ], [ -46.31049, -23.51437 ], [ -46.31066, -23.51451 ], [ -46.31175, -23.51511 ], [ -46.3121, -23.51586 ], [ -46.31214, -23.51643 ], [ -46.31155, -23.51656 ], [ -46.31134, -23.51649 ], [ -46.31057, -23.51561 ], [ -46.30995, -23.51565 ], [ -46.30921, -23.51598 ], [ -46.30876, -23.51643 ], [ -46.30872, -23.51663 ], [ -46.30896, -23.51757 ], [ -46.30889, -23.51818 ], [ -46.30823, -23.51877 ], [ -46.30781, -23.51887 ], [ -46.30732, -23.51861 ], [ -46.30708, -23.51819 ], [ -46.3069, -23.51738 ], [ -46.30642, -23.51677 ], [ -46.30609, -23.51655 ], [ -46.3054, -23.51645 ], [ -46.30495, -23.51622 ], [ -46.30478, -23.51577 ], [ -46.30484, -23.51481 ], [ -46.30467, -23.51451 ], [ -46.30396, -23.51439 ], [ -46.30306, -23.51469 ], [ -46.30284, -23.51536 ], [ -46.30298, -23.51646 ], [ -46.30325, -23.51736 ], [ -46.30316, -23.5177 ], [ -46.301, -23.51856 ], [ -46.30057, -23.51906 ], [ -46.30021, -23.52007 ], [ -46.29982, -23.52074 ], [ -46.29865, -23.52154 ], [ -46.29781, -23.52191 ], [ -46.29724, -23.52189 ], [ -46.29698, -23.52206 ], [ -46.29717, -23.52185 ], [ -46.29686, -23.52192 ], [ -46.29667, -23.52206 ], [ -46.29682, -23.52241 ], [ -46.29659, -23.52213 ], [ -46.29594, -23.52229 ], [ -46.29537, -23.52202 ], [ -46.295, -23.52216 ], [ -46.29475, -23.52258 ], [ -46.2949, -23.5232 ], [ -46.29479, -23.52367 ], [ -46.29406, -23.52442 ], [ -46.29347, -23.52478 ], [ -46.2931, -23.5253 ], [ -46.2934, -23.5262 ], [ -46.29335, -23.52646 ], [ -46.29308, -23.52665 ], [ -46.29192, -23.52698 ], [ -46.29199, -23.52772 ], [ -46.29178, -23.52799 ], [ -46.29142, -23.52797 ], [ -46.29039, -23.52733 ], [ -46.29004, -23.52747 ], [ -46.28937, -23.52745 ], [ -46.28885, -23.52682 ], [ -46.28855, -23.52668 ], [ -46.28801, -23.52781 ], [ -46.28799, -23.52764 ], [ -46.28744, -23.5277 ], [ -46.28738, -23.52782 ], [ -46.28722, -23.52774 ], [ -46.2866, -23.52798 ], [ -46.28645, -23.52793 ], [ -46.28601, -23.5282 ], [ -46.28579, -23.52813 ], [ -46.28539, -23.5277 ], [ -46.28528, -23.52731 ], [ -46.28553, -23.5266 ], [ -46.28554, -23.5262 ], [ -46.28514, -23.52587 ], [ -46.28475, -23.52594 ], [ -46.2841, -23.52713 ], [ -46.28372, -23.5274 ], [ -46.28329, -23.52743 ], [ -46.28308, -23.52735 ], [ -46.28293, -23.52706 ], [ -46.28332, -23.52647 ], [ -46.28336, -23.5255 ], [ -46.28311, -23.52562 ], [ -46.28253, -23.52631 ], [ -46.28157, -23.52657 ], [ -46.28099, -23.52689 ], [ -46.2806, -23.52761 ], [ -46.28034, -23.52767 ], [ -46.28007, -23.52761 ], [ -46.27965, -23.52686 ], [ -46.27914, -23.52639 ], [ -46.27876, -23.52578 ], [ -46.27827, -23.52554 ], [ -46.27809, -23.5257 ], [ -46.27808, -23.52594 ], [ -46.2784, -23.52636 ], [ -46.27871, -23.52722 ], [ -46.27851, -23.52772 ], [ -46.27802, -23.52798 ], [ -46.27747, -23.52784 ], [ -46.27732, -23.52696 ], [ -46.27704, -23.52663 ], [ -46.27617, -23.52693 ], [ -46.27542, -23.52698 ], [ -46.27518, -23.52715 ], [ -46.27521, -23.52735 ], [ -46.27597, -23.52761 ], [ -46.27638, -23.52815 ], [ -46.27622, -23.5287 ], [ -46.27571, -23.52886 ] ] ] } },
{ "type": "Feature", "properties": { "km2": 0.079 }, "geometry": { "type": "Polygon", "coordinates": [ [ [ -46.30385, -23.51418 ], [ -46.30293, -23.51434 ], [ -46.30197, -23.51414 ], [ -46.30119, -23.51315 ], [ -46.30096, -23.51306 ], [ -46.30081, -23.51244 ], [ -46.30093, -23.51177 ], [ -46.30132, -23.51149 ], [ -46.30175, -23.51138 ], [ -46.30238, -23.51149 ], [ -46.30264, -23.5117 ], [ -46.30283, -23.51219 ], [ -46.30331, -23.51239 ], [ -46.30361, -23.51276 ], [ -46.30409, -23.51291 ], [ -46.30436, -23.51322 ], [ -46.30451, -23.51396 ], [ -46.30418, -23.51409 ], [ -46.30424, -23.51422 ], [ -46.30379, -23.51425 ], [ -46.30385, -23.51418 ] ] ] } },
{ "type": "Feature", "properties": { "km2": 0.049 }, "geometry": { "type": "Polygon", "coordinates": [ [ [ -46.26797, -23.52919 ], [ -46.26746, -23.52879 ], [ -46.26784, -23.52851 ], [ -46.26789, -23.52827 ], [ -46.26824, -23.52813 ], [ -46.26837, -23.52759 ], [ -46.26879, -23.52745 ], [ -46.26917, -23.52758 ], [ -46.26984, -23.52744 ], [ -46.27037, -23.52815 ], [ -46.27029, -23.52835 ], [ -46.27045, -23.52849 ], [ -46.27031, -23.52873 ], [ -46.27072, -23.52881 ], [ -46.27078, -23.52935 ], [ -46.26984, -23.52974 ], [ -46.26969, -23.52945 ], [ -46.26995, -23.52937 ], [ -46.26999, -23.52924 ], [ -46.27031, -23.52923 ], [ -46.27025, -23.52888 ], [ -46.26995, -23.52842 ], [ -46.26989, -23.52859 ], [ -46.27006, -23.52894 ], [ -46.26962, -23.52944 ], [ -46.26919, -23.52935 ], [ -46.26896, -23.52915 ], [ -46.2689, -23.52886 ], [ -46.26862, -23.5293 ], [ -46.26797, -23.52919 ] ] ] } },
{ "type": "Feature", "properties": { "km2": 0.098 }, "geometry": { "type": "Polygon", "coordinates": [ [ [ -46.26643, -23.53085 ], [ -46.26549, -23.53139 ], [ -46.26478, -23.53207 ], [ -46.26443, -23.5322 ], [ -46.26404, -23.5319 ], [ -46.26408, -23.53132 ], [ -46.26394, -23.53088 ], [ -46.26263, -23.53031 ], [ -46.26219, -23.53028 ], [ -46.26089, -23.5309 ], [ -46.26005, -23.53091 ], [ -46.25894, -23.53202 ], [ -46.25815, -23.53217 ], [ -46.25745, -23.53176 ], [ -46.2572, -23.53143 ], [ -46.25711, -23.5307 ], [ -46.25685, -23.53062 ], [ -46.25652, -23.53077 ], [ -46.25636, -23.5311 ], [ -46.25641, -23.53168 ], [ -46.25665, -23.5323 ], [ -46.25661, -23.53264 ], [ -46.25597, -23.53293 ], [ -46.25571, -23.53285 ], [ -46.25566, -23.53264 ], [ -46.25603, -23.53223 ], [ -46.25608, -23.532 ], [ -46.25533, -23.53154 ], [ -46.25501, -23.53147 ], [ -46.25483, -23.53157 ], [ -46.255, -23.53247 ], [ -46.2546, -23.53276 ], [ -46.2543, -23.53261 ], [ -46.25384, -23.53186 ], [ -46.25314, -23.53171 ], [ -46.25275, -23.53222 ], [ -46.2531, -23.5328 ], [ -46.25385, -23.53337 ], [ -46.25511, -23.53364 ], [ -46.25539, -23.53418 ], [ -46.25524, -23.53438 ], [ -46.25478, -23.53449 ], [ -46.25432, -23.53437 ], [ -46.25387, -23.53401 ], [ -46.25348, -23.53406 ], [ -46.25349, -23.53424 ], [ -46.25416, -23.53494 ], [ -46.25433, -23.53534 ], [ -46.25407, -23.53578 ], [ -46.25367, -23.5361 ], [ -46.25318, -23.53627 ], [ -46.25149, -23.53599 ], [ -46.24864, -23.53512 ], [ -46.24747, -23.53447 ], [ -46.24656, -23.53372 ], [ -46.24664, -23.53365 ], [ -46.24754, -23.53437 ], [ -46.24883, -23.53502 ], [ -46.25154, -23.53586 ], [ -46.2531, -23.53613 ], [ -46.25378, -23.53581 ], [ -46.25402, -23.5356 ], [ -46.25418, -23.53522 ], [ -46.25404, -23.53495 ], [ -46.25366, -23.53475 ], [ -46.25341, -23.53443 ], [ -46.25332, -23.53403 ], [ -46.25358, -23.53389 ], [ -46.25392, -23.5339 ], [ -46.25454, -23.53437 ], [ -46.25499, -23.53438 ], [ -46.25526, -23.53406 ], [ -46.255, -23.53369 ], [ -46.2537, -23.53345 ], [ -46.25333, -23.53323 ], [ -46.25273, -23.53256 ], [ -46.25264, -23.53229 ], [ -46.25269, -23.53202 ], [ -46.25299, -23.53168 ], [ -46.25342, -23.53162 ], [ -46.25394, -23.53178 ], [ -46.25439, -23.53256 ], [ -46.25464, -23.53265 ], [ -46.25488, -23.53239 ], [ -46.25467, -23.53185 ], [ -46.25473, -23.53147 ], [ -46.25498, -23.53137 ], [ -46.25538, -23.53145 ], [ -46.25621, -23.53197 ], [ -46.25608, -23.53237 ], [ -46.25579, -23.5327 ], [ -46.25583, -23.53279 ], [ -46.25623, -23.53277 ], [ -46.2565, -23.53258 ], [ -46.25652, -23.53228 ], [ -46.25626, -23.53177 ], [ -46.25611, -23.53085 ], [ -46.25656, -23.53059 ], [ -46.25727, -23.53053 ], [ -46.25724, -23.53091 ], [ -46.25744, -23.53155 ], [ -46.2579, -23.53198 ], [ -46.25847, -23.53204 ], [ -46.25919, -23.53166 ], [ -46.25986, -23.53087 ], [ -46.26081, -23.53075 ], [ -46.26199, -23.53013 ], [ -46.26229, -23.5301 ], [ -46.26391, -23.53064 ], [ -46.26425, -23.53126 ], [ -46.26417, -23.53187 ], [ -46.26454, -23.53205 ], [ -46.2655, -23.53121 ], [ -46.26619, -23.53081 ], [ -46.26643, -23.52955 ], [ -46.26689, -23.5293 ], [ -46.26711, -23.52933 ], [ -46.26737, -23.52966 ], [ -46.26727, -23.53074 ], [ -46.2676, -23.5309 ], [ -46.26859, -23.53079 ], [ -46.26904, -23.53094 ], [ -46.26933, -23.53125 ], [ -46.26965, -23.53217 ], [ -46.2698, -23.53229 ], [ -46.27019, -23.53228 ], [ -46.27047, -23.53196 ], [ -46.271, -23.53037 ], [ -46.27055, -23.5302 ], [ -46.26953, -23.5308 ], [ -46.26925, -23.5306 ], [ -46.26925, -23.53033 ], [ -46.26942, -23.53009 ], [ -46.27035, -23.52959 ], [ -46.27171, -23.52947 ], [ -46.2725, -23.5291 ], [ -46.27287, -23.52923 ], [ -46.27327, -23.5299 ], [ -46.27355, -23.52995 ], [ -46.27401, -23.52911 ], [ -46.27443, -23.52869 ], [ -46.27494, -23.52851 ], [ -46.27575, -23.52868 ], [ -46.27571, -23.52886 ], [ -46.27499, -23.52869 ], [ -46.27454, -23.52883 ], [ -46.27415, -23.5292 ], [ -46.27383, -23.52993 ], [ -46.27352, -23.5301 ], [ -46.27318, -23.53002 ], [ -46.27274, -23.52934 ], [ -46.27239, -23.52928 ], [ -46.27174, -23.52965 ], [ -46.27071, -23.5297 ], [ -46.2695, -23.53024 ], [ -46.26943, -23.53047 ], [ -46.26957, -23.53062 ], [ -46.27049, -23.53006 ], [ -46.27089, -23.5301 ], [ -46.27118, -23.5304 ], [ -46.27066, -23.53191 ], [ -46.27041, -23.53233 ], [ -46.27021, -23.53243 ], [ -46.26976, -23.53247 ], [ -46.26955, -23.53233 ], [ -46.26901, -23.53108 ], [ -46.26877, -23.53097 ], [ -46.26763, -23.53107 ], [ -46.26722, -23.53094 ], [ -46.26707, -23.53039 ], [ -46.26725, -23.52988 ], [ -46.26703, -23.5295 ], [ -46.2668, -23.52949 ], [ -46.26658, -23.52966 ], [ -46.26643, -23.53085 ] ] ] } },
{ "type": "Feature", "properties": { "km2": 0.025 }, "geometry": { "type": "Polygon", "coordinates": [ [ [ -46.21867, -23.5186 ], [ -46.21848, -23.51864 ], [ -46.21814, -23.51917 ], [ -46.21769, -23.51914 ], [ -46.21731, -23.51875 ], [ -46.21789, -23.51696 ], [ -46.2182, -23.51711 ], [ -46.21892, -23.51706 ], [ -46.21923, -23.51731 ], [ -46.21894, -23.51769 ], [ -46.21842, -23.5173 ], [ -46.21819, -23.51739 ], [ -46.21821, -23.51761 ], [ -46.21841, -23.51767 ], [ -46.21848, -23.51808 ], [ -46.21886, -23.51822 ], [ -46.21867, -23.5186 ] ] ] } },
{ "type": "Feature", "properties": { "km2": 0.083 }, "geometry": { "type": "Polygon", "coordinates": [ [ [ -46.2233, -23.52577 ], [ -46.22285, -23.52576 ], [ -46.22251, -23.5256 ], [ -46.22222, -23.52509 ], [ -46.2229, -23.5242 ], [ -46.22315, -23.52336 ], [ -46.22297, -23.52325 ], [ -46.2218, -23.52331 ], [ -46.2214, -23.52318 ], [ -46.22145, -23.52306 ], [ -46.22207, -23.52326 ], [ -46.223, -23.5231 ], [ -46.22328, -23.52334 ], [ -46.22302, -23.52428 ], [ -46.22237, -23.52523 ], [ -46.22268, -23.52559 ], [ -46.22372, -23.52563 ], [ -46.2242, -23.52598 ], [ -46.22456, -23.526 ], [ -46.22471, -23.52565 ], [ -46.22431, -23.52522 ], [ -46.22422, -23.52485 ], [ -46.2243, -23.52473 ], [ -46.22484, -23.52455 ], [ -46.22557, -23.5249 ], [ -46.22558, -23.52521 ], [ -46.22523, -23.52617 ], [ -46.22526, -23.52693 ], [ -46.22552, -23.52718 ], [ -46.22582, -23.52707 ], [ -46.22637, -23.52598 ], [ -46.22769, -23.52608 ], [ -46.22792, -23.52595 ], [ -46.22822, -23.52542 ], [ -46.22832, -23.5246 ], [ -46.22865, -23.5243 ], [ -46.22918, -23.52464 ], [ -46.22918, -23.52501 ], [ -46.22902, -23.52532 ], [ -46.2292, -23.52566 ], [ -46.22986, -23.52527 ], [ -46.23008, -23.525 ], [ -46.2305, -23.52507 ], [ -46.23059, -23.52543 ], [ -46.23025, -23.52601 ], [ -46.23025, -23.52625 ], [ -46.23037, -23.52641 ], [ -46.231, -23.52665 ], [ -46.2319, -23.52611 ], [ -46.23304, -23.52603 ], [ -46.23286, -23.52566 ], [ -46.23224, -23.52521 ], [ -46.232, -23.5246 ], [ -46.23216, -23.52438 ], [ -46.23266, -23.52425 ], [ -46.23336, -23.52477 ], [ -46.23379, -23.52454 ], [ -46.23421, -23.52452 ], [ -46.23453, -23.5247 ], [ -46.23484, -23.52535 ], [ -46.23575, -23.52542 ], [ -46.23584, -23.52559 ], [ -46.23573, -23.52582 ], [ -46.23521, -23.52597 ], [ -46.23589, -23.52671 ], [ -46.23659, -23.52686 ], [ -46.23688, -23.52714 ], [ -46.23694, -23.52757 ], [ -46.23649, -23.52797 ], [ -46.23655, -23.52815 ], [ -46.23733, -23.52775 ], [ -46.23789, -23.52812 ], [ -46.23815, -23.52812 ], [ -46.23831, -23.5278 ], [ -46.23799, -23.52746 ], [ -46.23809, -23.52729 ], [ -46.2385, -23.52721 ], [ -46.23908, -23.52779 ], [ -46.23937, -23.52868 ], [ -46.23984, -23.52848 ], [ -46.24025, -23.52776 ], [ -46.2403, -23.52742 ], [ -46.24008, -23.52693 ], [ -46.23931, -23.52674 ], [ -46.2392, -23.52646 ], [ -46.23955, -23.52621 ], [ -46.24119, -23.52602 ], [ -46.24132, -23.52614 ], [ -46.24137, -23.52696 ], [ -46.2419, -23.52781 ], [ -46.24212, -23.52788 ], [ -46.24296, -23.5275 ], [ -46.2433, -23.52753 ], [ -46.24358, -23.52781 ], [ -46.24352, -23.52862 ], [ -46.2438, -23.52876 ], [ -46.24421, -23.52853 ], [ -46.2445, -23.52798 ], [ -46.24479, -23.52803 ], [ -46.24491, -23.52822 ], [ -46.24486, -23.52859 ], [ -46.2444, -23.5292 ], [ -46.24441, -23.5294 ], [ -46.24507, -23.52978 ], [ -46.24575, -23.52976 ], [ -46.2459, -23.52994 ], [ -46.24585, -23.53034 ], [ -46.24537, -23.53098 ], [ -46.24539, -23.53158 ], [ -46.24604, -23.53211 ], [ -46.24685, -23.53221 ], [ -46.24714, -23.53248 ], [ -46.24719, -23.53286 ], [ -46.24696, -23.5332 ], [ -46.24655, -23.53339 ], [ -46.24664, -23.53365 ], [ -46.24656, -23.53372 ], [ -46.24643, -23.53337 ], [ -46.24701, -23.53297 ], [ -46.24704, -23.53252 ], [ -46.24679, -23.53227 ], [ -46.24581, -23.5321 ], [ -46.2453, -23.53163 ], [ -46.24534, -23.53074 ], [ -46.2458, -23.53022 ], [ -46.2458, -23.52996 ], [ -46.2455, -23.52983 ], [ -46.24508, -23.52991 ], [ -46.24432, -23.52944 ], [ -46.24432, -23.52915 ], [ -46.24477, -23.52857 ], [ -46.24474, -23.5281 ], [ -46.24451, -23.52809 ], [ -46.24419, -23.52867 ], [ -46.24373, -23.52884 ], [ -46.24341, -23.52859 ], [ -46.24345, -23.52781 ], [ -46.24318, -23.52757 ], [ -46.24208, -23.52799 ], [ -46.24187, -23.52794 ], [ -46.24121, -23.52684 ], [ -46.24122, -23.52615 ], [ -46.23974, -23.52627 ], [ -46.23931, -23.52644 ], [ -46.23937, -23.52669 ], [ -46.23998, -23.52679 ], [ -46.24038, -23.52726 ], [ -46.24039, -23.5276 ], [ -46.24016, -23.52821 ], [ -46.23981, -23.5286 ], [ -46.23948, -23.52877 ], [ -46.23924, -23.52871 ], [ -46.23902, -23.52783 ], [ -46.23847, -23.52724 ], [ -46.2381, -23.52741 ], [ -46.23835, -23.52778 ], [ -46.23837, -23.52792 ], [ -46.23818, -23.52829 ], [ -46.23746, -23.52788 ], [ -46.23674, -23.52824 ], [ -46.23646, -23.52825 ], [ -46.2363, -23.52796 ], [ -46.23678, -23.52752 ], [ -46.23673, -23.52712 ], [ -46.23587, -23.52686 ], [ -46.23533, -23.52621 ], [ -46.23508, -23.52611 ], [ -46.23506, -23.52579 ], [ -46.2356, -23.52573 ], [ -46.23566, -23.52558 ], [ -46.23462, -23.52536 ], [ -46.23451, -23.52487 ], [ -46.23412, -23.5246 ], [ -46.23338, -23.52487 ], [ -46.23306, -23.52477 ], [ -46.23264, -23.52434 ], [ -46.23234, -23.5244 ], [ -46.23215, -23.52462 ], [ -46.23232, -23.52512 ], [ -46.23308, -23.52574 ], [ -46.23317, -23.52611 ], [ -46.23206, -23.52616 ], [ -46.23114, -23.52675 ], [ -46.23014, -23.52637 ], [ -46.23011, -23.52606 ], [ -46.23039, -23.52558 ], [ -46.23034, -23.52522 ], [ -46.23012, -23.52523 ], [ -46.22939, -23.52584 ], [ -46.22905, -23.52572 ], [ -46.22884, -23.52538 ], [ -46.22903, -23.52479 ], [ -46.22869, -23.52455 ], [ -46.22844, -23.52479 ], [ -46.22843, -23.52535 ], [ -46.22795, -23.52612 ], [ -46.22764, -23.52624 ], [ -46.22661, -23.52609 ], [ -46.22643, -23.52616 ], [ -46.22588, -23.52723 ], [ -46.22561, -23.52743 ], [ -46.22524, -23.52723 ], [ -46.22507, -23.52677 ], [ -46.22513, -23.52583 ], [ -46.2255, -23.52509 ], [ -46.22535, -23.52486 ], [ -46.22459, -23.52467 ], [ -46.22434, -23.52485 ], [ -46.22438, -23.52511 ], [ -46.22482, -23.52574 ], [ -46.22457, -23.52612 ], [ -46.22421, -23.52612 ], [ -46.2233, -23.52577 ] ] ] } },
{ "type": "Feature", "properties": { "km2": 0.036 }, "geometry": { "type": "Polygon", "coordinates": [ [ [ -46.22658, -23.52666 ], [ -46.22699, -23.52657 ], [ -46.22762, -23.52679 ], [ -46.22774, -23.52658 ], [ -46.22825, -23.52652 ], [ -46.22826, -23.52607 ], [ -46.22841, -23.52594 ], [ -46.22889, -23.52607 ], [ -46.22861, -23.52664 ], [ -46.22833, -23.5265 ], [ -46.22848, -23.52678 ], [ -46.22836, -23.52736 ], [ -46.22764, -23.52779 ], [ -46.22778, -23.5285 ], [ -46.22773, -23.5289 ], [ -46.22743, -23.5288 ], [ -46.22717, -23.52833 ], [ -46.22679, -23.5281 ], [ -46.22673, -23.52792 ], [ -46.22634, -23.52796 ], [ -46.22644, -23.52774 ], [ -46.22634, -23.52724 ], [ -46.22658, -23.52666 ] ] ] } },
{ "type": "Feature", "properties": { "km2": 0.029 }, "geometry": { "type": "Polygon", "coordinates": [ [ [ -46.25084, -23.5267 ], [ -46.25131, -23.52659 ], [ -46.25207, -23.52677 ], [ -46.25197, -23.5274 ], [ -46.25176, -23.52735 ], [ -46.2516, -23.52752 ], [ -46.25152, -23.52784 ], [ -46.25093, -23.52851 ], [ -46.25028, -23.52851 ], [ -46.24996, -23.52838 ], [ -46.24981, -23.52803 ], [ -46.25006, -23.52788 ], [ -46.25084, -23.5267 ] ] ] } },
{ "type": "Feature", "properties": { "km2": 0.02 }, "geometry": { "type": "Polygon", "coordinates": [ [ [ -46.25157, -23.53163 ], [ -46.25191, -23.53237 ], [ -46.25166, -23.53255 ], [ -46.25079, -23.53276 ], [ -46.25087, -23.53287 ], [ -46.25114, -23.53275 ], [ -46.25141, -23.53297 ], [ -46.25117, -23.53325 ], [ -46.25086, -23.53318 ], [ -46.25037, -23.53339 ], [ -46.25003, -23.53334 ], [ -46.24992, -23.53349 ], [ -46.24957, -23.53326 ], [ -46.24986, -23.53282 ], [ -46.2505, -23.53274 ], [ -46.25033, -23.53258 ], [ -46.25038, -23.53245 ], [ -46.25057, -23.53226 ], [ -46.25072, -23.53237 ], [ -46.25081, -23.5323 ], [ -46.25092, -23.53186 ], [ -46.25157, -23.53163 ] ] ] } },
{ "type": "Feature", "properties": { "km2": 0.084 }, "geometry": { "type": "Polygon", "coordinates": [ [ [ -46.22145, -23.52306 ], [ -46.2214, -23.52318 ], [ -46.2211, -23.52295 ], [ -46.2208, -23.52249 ], [ -46.2208, -23.52211 ], [ -46.22118, -23.52147 ], [ -46.22115, -23.52114 ], [ -46.22069, -23.52073 ], [ -46.21974, -23.52057 ], [ -46.21829, -23.5199 ], [ -46.21648, -23.51987 ], [ -46.21531, -23.52016 ], [ -46.21503, -23.52005 ], [ -46.21468, -23.51964 ], [ -46.21448, -23.51863 ], [ -46.21464, -23.51839 ], [ -46.21466, -23.51797 ], [ -46.21442, -23.51769 ], [ -46.21369, -23.51745 ], [ -46.21332, -23.51662 ], [ -46.21264, -23.51618 ], [ -46.21229, -23.51613 ], [ -46.2119, -23.5165 ], [ -46.21079, -23.51703 ], [ -46.20954, -23.5167 ], [ -46.20921, -23.51613 ], [ -46.20965, -23.51505 ], [ -46.20928, -23.51465 ], [ -46.20791, -23.51443 ], [ -46.20755, -23.51449 ], [ -46.20726, -23.51481 ], [ -46.20651, -23.51619 ], [ -46.20585, -23.51694 ], [ -46.20527, -23.51721 ], [ -46.20344, -23.51759 ], [ -46.20309, -23.5171 ], [ -46.20316, -23.51655 ], [ -46.20365, -23.51639 ], [ -46.20413, -23.51655 ], [ -46.20437, -23.51645 ], [ -46.20437, -23.51615 ], [ -46.20412, -23.51568 ], [ -46.20421, -23.5153 ], [ -46.20451, -23.51486 ], [ -46.20434, -23.51435 ], [ -46.20403, -23.51409 ], [ -46.20348, -23.51403 ], [ -46.20308, -23.51425 ], [ -46.20252, -23.51489 ], [ -46.20218, -23.51502 ], [ -46.20179, -23.51497 ], [ -46.20125, -23.51452 ], [ -46.20083, -23.51465 ], [ -46.20029, -23.51458 ], [ -46.19985, -23.51412 ], [ -46.19996, -23.51406 ], [ -46.19989, -23.51374 ], [ -46.20017, -23.51278 ], [ -46.20013, -23.51196 ], [ -46.19985, -23.51151 ], [ -46.19941, -23.51112 ], [ -46.19863, -23.51087 ], [ -46.19821, -23.51058 ], [ -46.19835, -23.51051 ], [ -46.19945, -23.51102 ], [ -46.20012, -23.51162 ], [ -46.20039, -23.51224 ], [ -46.20013, -23.51389 ], [ -46.20042, -23.51446 ], [ -46.20138, -23.51439 ], [ -46.20179, -23.51478 ], [ -46.20214, -23.51483 ], [ -46.20254, -23.51463 ], [ -46.20297, -23.51415 ], [ -46.20357, -23.51383 ], [ -46.20388, -23.51377 ], [ -46.20433, -23.514 ], [ -46.20466, -23.51475 ], [ -46.20436, -23.51562 ], [ -46.20456, -23.51652 ], [ -46.20435, -23.5167 ], [ -46.20371, -23.51657 ], [ -46.20342, -23.51668 ], [ -46.20345, -23.51725 ], [ -46.20413, -23.51726 ], [ -46.20571, -23.51681 ], [ -46.20624, -23.51629 ], [ -46.20719, -23.51458 ], [ -46.20759, -23.51427 ], [ -46.20933, -23.51443 ], [ -46.20972, -23.51472 ], [ -46.20991, -23.51508 ], [ -46.2094, -23.51607 ], [ -46.20965, -23.51656 ], [ -46.21061, -23.51682 ], [ -46.21116, -23.51675 ], [ -46.21173, -23.51643 ], [ -46.21221, -23.5159 ], [ -46.21251, -23.51583 ], [ -46.21285, -23.51624 ], [ -46.21352, -23.51646 ], [ -46.21387, -23.51733 ], [ -46.21478, -23.51773 ], [ -46.21479, -23.51918 ], [ -46.21493, -23.51972 ], [ -46.21516, -23.51996 ], [ -46.2167, -23.51972 ], [ -46.21797, -23.51974 ], [ -46.21878, -23.51991 ], [ -46.21983, -23.52041 ], [ -46.22086, -23.52067 ], [ -46.22127, -23.52111 ], [ -46.22131, -23.52157 ], [ -46.22096, -23.52209 ], [ -46.22091, -23.5224 ], [ -46.2211, -23.52277 ], [ -46.22145, -23.52306 ] ] ] } },
{ "type": "Feature", "properties": { "km2": 11.014 }, "geometry": { "type": "Polygon", "coordinates": [ [ [ -46.19097, -23.66404 ], [ -46.19081, -23.66415 ], [ -46.19039, -23.66386 ], [ -46.19007, -23.66384 ], [ -46.18971, -23.66222 ], [ -46.18972, -23.66141 ], [ -46.19032, -23.65993 ], [ -46.19045, -23.65904 ], [ -46.19022, -23.65843 ], [ -46.18997, -23.65841 ], [ -46.18941, -23.65905 ], [ -46.18899, -23.66117 ], [ -46.18822, -23.66099 ], [ -46.18814, -23.65945 ], [ -46.18841, -23.65841 ], [ -46.1883, -23.65801 ], [ -46.18873, -23.65728 ], [ -46.18874, -23.65673 ], [ -46.18888, -23.6564 ], [ -46.18909, -23.65626 ], [ -46.18953, -23.65493 ], [ -46.18972, -23.65474 ], [ -46.1895, -23.65392 ], [ -46.18904, -23.65324 ], [ -46.18844, -23.65298 ], [ -46.18752, -23.65289 ], [ -46.18798, -23.65141 ], [ -46.18758, -23.65032 ], [ -46.18754, -23.64997 ], [ -46.18768, -23.64953 ], [ -46.18691, -23.64706 ], [ -46.18703, -23.64628 ], [ -46.18741, -23.64546 ], [ -46.18742, -23.64478 ], [ -46.18713, -23.6436 ], [ -46.18747, -23.64227 ], [ -46.1876, -23.64025 ], [ -46.18778, -23.63991 ], [ -46.18764, -23.63926 ], [ -46.18799, -23.63775 ], [ -46.18838, -23.63694 ], [ -46.18892, -23.6362 ], [ -46.18895, -23.63425 ], [ -46.18858, -23.63336 ], [ -46.18821, -23.63314 ], [ -46.18828, -23.6326 ], [ -46.188, -23.63218 ], [ -46.18721, -23.63176 ], [ -46.18598, -23.63236 ], [ -46.18551, -23.63275 ], [ -46.18512, -23.63336 ], [ -46.18491, -23.63385 ], [ -46.18494, -23.63454 ], [ -46.18465, -23.63547 ], [ -46.18313, -23.63779 ], [ -46.18271, -23.63905 ], [ -46.18232, -23.63941 ], [ -46.18211, -23.64007 ], [ -46.18195, -23.64136 ], [ -46.18143, -23.64194 ], [ -46.1811, -23.64319 ], [ -46.18008, -23.64457 ], [ -46.17925, -23.64544 ], [ -46.1791, -23.64613 ], [ -46.17881, -23.64659 ], [ -46.17734, -23.6481 ], [ -46.1771, -23.64859 ], [ -46.17708, -23.649 ], [ -46.17681, -23.64939 ], [ -46.17647, -23.64961 ], [ -46.17622, -23.65018 ], [ -46.17596, -23.65147 ], [ -46.17576, -23.65173 ], [ -46.17524, -23.65178 ], [ -46.17463, -23.65221 ], [ -46.17416, -23.65217 ], [ -46.17326, -23.65195 ], [ -46.17214, -23.65118 ], [ -46.17, -23.65114 ], [ -46.1698, -23.65182 ], [ -46.16954, -23.65218 ], [ -46.16881, -23.65292 ], [ -46.16844, -23.65307 ], [ -46.16713, -23.65423 ], [ -46.16667, -23.65517 ], [ -46.16683, -23.65607 ], [ -46.16667, -23.65638 ], [ -46.167, -23.65702 ], [ -46.16606, -23.65738 ], [ -46.16498, -23.6569 ], [ -46.1649, -23.65642 ], [ -46.16427, -23.65618 ], [ -46.16334, -23.65461 ], [ -46.16204, -23.65372 ], [ -46.15971, -23.65329 ], [ -46.15921, -23.65353 ], [ -46.15791, -23.65477 ], [ -46.15797, -23.65628 ], [ -46.15819, -23.65662 ], [ -46.15922, -23.65716 ], [ -46.15957, -23.65761 ], [ -46.15961, -23.65801 ], [ -46.15932, -23.6585 ], [ -46.15914, -23.65969 ], [ -46.15899, -23.66 ], [ -46.15837, -23.6605 ], [ -46.15866, -23.66123 ], [ -46.15815, -23.66129 ], [ -46.15605, -23.66219 ], [ -46.15427, -23.66384 ], [ -46.15344, -23.66485 ], [ -46.15293, -23.66588 ], [ -46.15295, -23.66637 ], [ -46.15322, -23.66686 ], [ -46.15001, -23.66795 ], [ -46.14929, -23.66765 ], [ -46.14728, -23.66758 ], [ -46.14636, -23.66771 ], [ -46.14508, -23.66641 ], [ -46.14515, -23.66559 ], [ -46.14593, -23.66533 ], [ -46.14612, -23.665 ], [ -46.14611, -23.66467 ], [ -46.14633, -23.66452 ], [ -46.14725, -23.66432 ], [ -46.14726, -23.66377 ], [ -46.14753, -23.66361 ], [ -46.14844, -23.66428 ], [ -46.14894, -23.6644 ], [ -46.14945, -23.66449 ], [ -46.15, -23.66441 ], [ -46.15039, -23.66412 ], [ -46.15076, -23.66314 ], [ -46.15151, -23.6629 ], [ -46.15173, -23.66246 ], [ -46.15149, -23.66173 ], [ -46.15179, -23.66097 ], [ -46.15227, -23.66102 ], [ -46.15336, -23.66046 ], [ -46.15415, -23.6611 ], [ -46.15553, -23.66094 ], [ -46.15591, -23.6607 ], [ -46.15567, -23.66017 ], [ -46.15604, -23.65934 ], [ -46.15613, -23.65882 ], [ -46.15605, -23.65831 ], [ -46.15617, -23.6581 ], [ -46.15679, -23.658 ], [ -46.15677, -23.65768 ], [ -46.15602, -23.65717 ], [ -46.15595, -23.65639 ], [ -46.15567, -23.65592 ], [ -46.15516, -23.65567 ], [ -46.15334, -23.65548 ], [ -46.15133, -23.65571 ], [ -46.15052, -23.65624 ], [ -46.14948, -23.65653 ], [ -46.14929, -23.65567 ], [ -46.14952, -23.65537 ], [ -46.15046, -23.65462 ], [ -46.15149, -23.65424 ], [ -46.15242, -23.65342 ], [ -46.15256, -23.65283 ], [ -46.15317, -23.65217 ], [ -46.15312, -23.6517 ], [ -46.15348, -23.65047 ], [ -46.15346, -23.64987 ], [ -46.15321, -23.64923 ], [ -46.15231, -23.6483 ], [ -46.15128, -23.64792 ], [ -46.15088, -23.64792 ], [ -46.15022, -23.64828 ], [ -46.14996, -23.64816 ], [ -46.14985, -23.64739 ], [ -46.14843, -23.64627 ], [ -46.1488, -23.64565 ], [ -46.14952, -23.64594 ], [ -46.14974, -23.64548 ], [ -46.14962, -23.64516 ], [ -46.1497, -23.64486 ], [ -46.15052, -23.64496 ], [ -46.15107, -23.64415 ], [ -46.15185, -23.64479 ], [ -46.15219, -23.64489 ], [ -46.15337, -23.64476 ], [ -46.15391, -23.64452 ], [ -46.1542, -23.64459 ], [ -46.15433, -23.64422 ], [ -46.1547, -23.64456 ], [ -46.15533, -23.64482 ], [ -46.15573, -23.64481 ], [ -46.1566, -23.64451 ], [ -46.15706, -23.64466 ], [ -46.15724, -23.6446 ], [ -46.15736, -23.64418 ], [ -46.15758, -23.6447 ], [ -46.15884, -23.64511 ], [ -46.16148, -23.64632 ], [ -46.16182, -23.64693 ], [ -46.16213, -23.64709 ], [ -46.16282, -23.64719 ], [ -46.16333, -23.64715 ], [ -46.1636, -23.64695 ], [ -46.16451, -23.64706 ], [ -46.16526, -23.64698 ], [ -46.16615, -23.64659 ], [ -46.16695, -23.64482 ], [ -46.167, -23.6441 ], [ -46.167, -23.64345 ], [ -46.16679, -23.64284 ], [ -46.16655, -23.64223 ], [ -46.16619, -23.64192 ], [ -46.16627, -23.64154 ], [ -46.16681, -23.64155 ], [ -46.16699, -23.64144 ], [ -46.16776, -23.64014 ], [ -46.16807, -23.64004 ], [ -46.168, -23.63979 ], [ -46.1675, -23.63955 ], [ -46.16768, -23.63917 ], [ -46.16819, -23.63879 ], [ -46.16886, -23.63925 ], [ -46.16942, -23.63938 ], [ -46.16971, -23.6392 ], [ -46.17064, -23.63776 ], [ -46.17135, -23.63728 ], [ -46.1716, -23.63666 ], [ -46.17165, -23.63602 ], [ -46.17192, -23.63557 ], [ -46.17224, -23.63388 ], [ -46.17178, -23.63392 ], [ -46.17103, -23.63424 ], [ -46.17101, -23.63414 ], [ -46.17202, -23.63287 ], [ -46.1726, -23.63291 ], [ -46.17358, -23.632 ], [ -46.17397, -23.63054 ], [ -46.17393, -23.63017 ], [ -46.17373, -23.62989 ], [ -46.1744, -23.62975 ], [ -46.1749, -23.62949 ], [ -46.17528, -23.62895 ], [ -46.17595, -23.62693 ], [ -46.17578, -23.62523 ], [ -46.17524, -23.62441 ], [ -46.17426, -23.62413 ], [ -46.17389, -23.62419 ], [ -46.1735, -23.62397 ], [ -46.17336, -23.62361 ], [ -46.17285, -23.62337 ], [ -46.17269, -23.62299 ], [ -46.17202, -23.62296 ], [ -46.171, -23.62251 ], [ -46.17073, -23.62248 ], [ -46.17041, -23.62265 ], [ -46.16926, -23.6226 ], [ -46.16919, -23.62272 ], [ -46.1688, -23.62271 ], [ -46.16737, -23.62318 ], [ -46.1669, -23.62163 ], [ -46.1671, -23.62044 ], [ -46.16669, -23.61946 ], [ -46.16685, -23.61921 ], [ -46.16785, -23.61888 ], [ -46.16874, -23.61827 ], [ -46.16907, -23.61701 ], [ -46.16872, -23.61585 ], [ -46.16809, -23.61506 ], [ -46.16778, -23.6143 ], [ -46.16723, -23.61349 ], [ -46.16558, -23.6123 ], [ -46.16583, -23.61171 ], [ -46.16728, -23.61224 ], [ -46.1693, -23.61327 ], [ -46.16953, -23.61382 ], [ -46.16949, -23.61419 ], [ -46.17, -23.6153 ], [ -46.16997, -23.61557 ], [ -46.17104, -23.61671 ], [ -46.17151, -23.61681 ], [ -46.17124, -23.61733 ], [ -46.17111, -23.61824 ], [ -46.17127, -23.61867 ], [ -46.17145, -23.619 ], [ -46.17229, -23.61946 ], [ -46.17272, -23.61959 ], [ -46.17333, -23.61957 ], [ -46.17373, -23.62006 ], [ -46.17451, -23.62012 ], [ -46.17478, -23.61979 ], [ -46.17499, -23.61909 ], [ -46.17582, -23.61851 ], [ -46.17647, -23.61709 ], [ -46.17655, -23.61622 ], [ -46.17669, -23.61612 ], [ -46.17716, -23.61647 ], [ -46.1773, -23.61722 ], [ -46.17779, -23.61757 ], [ -46.1778, -23.61775 ], [ -46.17724, -23.61871 ], [ -46.17741, -23.61914 ], [ -46.17764, -23.61955 ], [ -46.17839, -23.62 ], [ -46.17964, -23.61998 ], [ -46.18088, -23.6194 ], [ -46.1815, -23.61925 ], [ -46.18147, -23.61896 ], [ -46.18158, -23.61893 ], [ -46.18163, -23.61913 ], [ -46.18197, -23.61932 ], [ -46.18202, -23.61975 ], [ -46.18239, -23.62017 ], [ -46.18278, -23.61994 ], [ -46.18325, -23.61986 ], [ -46.18412, -23.6199 ], [ -46.18489, -23.62026 ], [ -46.18547, -23.621 ], [ -46.18602, -23.62115 ], [ -46.18646, -23.62095 ], [ -46.18873, -23.62113 ], [ -46.18968, -23.62079 ], [ -46.19068, -23.62084 ], [ -46.19149, -23.62119 ], [ -46.19174, -23.6216 ], [ -46.19174, -23.62199 ], [ -46.19221, -23.62265 ], [ -46.19292, -23.62293 ], [ -46.19347, -23.62333 ], [ -46.19397, -23.62409 ], [ -46.19463, -23.62419 ], [ -46.19496, -23.62438 ], [ -46.19565, -23.62421 ], [ -46.19631, -23.62431 ], [ -46.19675, -23.62465 ], [ -46.19689, -23.62492 ], [ -46.19702, -23.62486 ], [ -46.19762, -23.62516 ], [ -46.19906, -23.63078 ], [ -46.19817, -23.63092 ], [ -46.19722, -23.63141 ], [ -46.19677, -23.6319 ], [ -46.19692, -23.63238 ], [ -46.19687, -23.63261 ], [ -46.19631, -23.63276 ], [ -46.1951, -23.63493 ], [ -46.19507, -23.63522 ], [ -46.1953, -23.6357 ], [ -46.19519, -23.63591 ], [ -46.19462, -23.63621 ], [ -46.19421, -23.63731 ], [ -46.1944, -23.63812 ], [ -46.19432, -23.6383 ], [ -46.19377, -23.63855 ], [ -46.19359, -23.63915 ], [ -46.19366, -23.63949 ], [ -46.19405, -23.63995 ], [ -46.19493, -23.64072 ], [ -46.19282, -23.64069 ], [ -46.19252, -23.64088 ], [ -46.1923, -23.64138 ], [ -46.19224, -23.64198 ], [ -46.19298, -23.64507 ], [ -46.19335, -23.64544 ], [ -46.19294, -23.64575 ], [ -46.19286, -23.64603 ], [ -46.1929, -23.64639 ], [ -46.19325, -23.64649 ], [ -46.19331, -23.64678 ], [ -46.19272, -23.6481 ], [ -46.19281, -23.64886 ], [ -46.19414, -23.64946 ], [ -46.19523, -23.6495 ], [ -46.19746, -23.64887 ], [ -46.19809, -23.64891 ], [ -46.19805, -23.64918 ], [ -46.19756, -23.64918 ], [ -46.19615, -23.64958 ], [ -46.19543, -23.64992 ], [ -46.19548, -23.65027 ], [ -46.19522, -23.65075 ], [ -46.1946, -23.65128 ], [ -46.19446, -23.65175 ], [ -46.1945, -23.6523 ], [ -46.19491, -23.65314 ], [ -46.19507, -23.65382 ], [ -46.19582, -23.65472 ], [ -46.19615, -23.65623 ], [ -46.19636, -23.65666 ], [ -46.19691, -23.65723 ], [ -46.19689, -23.65772 ], [ -46.19731, -23.65813 ], [ -46.19741, -23.65867 ], [ -46.1977, -23.65902 ], [ -46.19754, -23.65934 ], [ -46.19707, -23.65924 ], [ -46.19662, -23.65941 ], [ -46.19667, -23.65992 ], [ -46.19708, -23.66028 ], [ -46.1971, -23.66105 ], [ -46.1983, -23.6621 ], [ -46.19857, -23.66319 ], [ -46.19883, -23.66365 ], [ -46.19946, -23.66416 ], [ -46.19946, -23.66465 ], [ -46.19957, -23.66493 ], [ -46.19984, -23.665 ], [ -46.20003, -23.66562 ], [ -46.19957, -23.6659 ], [ -46.19939, -23.66557 ], [ -46.19921, -23.66549 ], [ -46.19938, -23.66458 ], [ -46.19916, -23.66434 ], [ -46.1986, -23.66445 ], [ -46.19835, -23.66407 ], [ -46.19777, -23.66409 ], [ -46.19723, -23.6638 ], [ -46.1953, -23.66369 ], [ -46.19275, -23.66485 ], [ -46.19244, -23.66461 ], [ -46.19198, -23.6647 ], [ -46.19201, -23.66449 ], [ -46.19164, -23.6646 ], [ -46.19135, -23.66419 ], [ -46.19097, -23.66404 ] ] ] } },
{ "type": "Feature", "properties": { "km2": 0.023 }, "geometry": { "type": "Polygon", "coordinates": [ [ [ -46.25336, -23.62478 ], [ -46.25292, -23.62501 ], [ -46.25217, -23.62463 ], [ -46.25209, -23.62492 ], [ -46.25177, -23.62481 ], [ -46.2517, -23.62445 ], [ -46.25199, -23.62434 ], [ -46.25213, -23.62402 ], [ -46.25228, -23.62399 ], [ -46.25235, -23.62367 ], [ -46.25211, -23.62328 ], [ -46.25235, -23.62319 ], [ -46.25261, -23.62328 ], [ -46.25267, -23.62365 ], [ -46.25289, -23.62332 ], [ -46.25325, -23.62355 ], [ -46.25322, -23.62385 ], [ -46.25356, -23.62393 ], [ -46.2536, -23.62428 ], [ -46.25341, -23.6244 ], [ -46.25336, -23.62478 ] ] ] } },
{ "type": "Feature", "properties": { "km2": 0.022 }, "geometry": { "type": "Polygon", "coordinates": [ [ [ -46.21328, -23.69261 ], [ -46.21419, -23.69233 ], [ -46.21446, -23.69239 ], [ -46.21525, -23.69333 ], [ -46.21528, -23.69351 ], [ -46.21462, -23.69376 ], [ -46.21429, -23.69405 ], [ -46.21404, -23.69407 ], [ -46.21392, -23.69359 ], [ -46.21323, -23.6928 ], [ -46.21328, -23.69261 ] ] ] } },
{ "type": "Feature", "properties": { "km2": 0.043 }, "geometry": { "type": "Polygon", "coordinates": [ [ [ -46.28292, -23.69494 ], [ -46.28263, -23.69461 ], [ -46.28226, -23.69479 ], [ -46.28139, -23.6947 ], [ -46.28109, -23.69388 ], [ -46.28069, -23.69325 ], [ -46.28041, -23.69323 ], [ -46.27996, -23.69287 ], [ -46.27978, -23.69256 ], [ -46.27935, -23.69244 ], [ -46.27937, -23.69234 ], [ -46.27978, -23.69219 ], [ -46.28073, -23.69237 ], [ -46.28067, -23.69264 ], [ -46.28135, -23.69329 ], [ -46.28386, -23.69437 ], [ -46.28361, -23.69487 ], [ -46.28317, -23.69501 ], [ -46.28292, -23.69494 ] ] ] } },
{ "type": "Feature", "properties": { "km2": 0.025 }, "geometry": { "type": "Polygon", "coordinates": [ [ [ -46.30566, -23.69004 ], [ -46.30592, -23.69035 ], [ -46.30613, -23.69118 ], [ -46.30609, -23.69137 ], [ -46.30572, -23.69142 ], [ -46.30569, -23.69161 ], [ -46.30587, -23.69169 ], [ -46.30606, -23.69159 ], [ -46.30637, -23.69177 ], [ -46.30621, -23.69203 ], [ -46.30631, -23.69283 ], [ -46.30614, -23.6935 ], [ -46.30604, -23.69352 ], [ -46.30556, -23.69261 ], [ -46.30547, -23.69206 ], [ -46.30515, -23.69137 ], [ -46.30519, -23.69102 ], [ -46.30557, -23.69087 ], [ -46.30532, -23.69064 ], [ -46.30516, -23.69017 ], [ -46.30566, -23.69004 ] ] ] } },
{ "type": "Feature", "properties": { "km2": 0.024 }, "geometry": { "type": "Polygon", "coordinates": [ [ [ -46.36176, -23.67342 ], [ -46.36137, -23.67406 ], [ -46.3614, -23.67418 ], [ -46.36177, -23.67425 ], [ -46.36174, -23.67441 ], [ -46.36112, -23.67434 ], [ -46.36091, -23.67454 ], [ -46.36076, -23.6744 ], [ -46.36045, -23.6748 ], [ -46.35978, -23.67486 ], [ -46.35864, -23.67558 ], [ -46.35825, -23.67525 ], [ -46.35844, -23.67462 ], [ -46.35969, -23.67443 ], [ -46.35987, -23.67419 ], [ -46.36115, -23.67414 ], [ -46.3614, -23.6734 ], [ -46.36168, -23.67325 ], [ -46.36176, -23.67342 ] ] ] } },
{ "type": "Feature", "properties": { "km2": 0.118 }, "geometry": { "type": "Polygon", "coordinates": [ [ [ -46.41605, -23.74377 ], [ -46.41582, -23.74446 ], [ -46.41618, -23.74473 ], [ -46.41605, -23.74624 ], [ -46.41728, -23.74786 ], [ -46.41622, -23.74703 ], [ -46.41572, -23.74633 ], [ -46.41506, -23.74608 ], [ -46.41386, -23.7463 ], [ -46.4136, -23.74654 ], [ -46.41342, -23.74693 ], [ -46.41381, -23.74746 ], [ -46.41313, -23.74724 ], [ -46.4123, -23.7475 ], [ -46.41221, -23.74805 ], [ -46.41243, -23.74876 ], [ -46.41229, -23.74924 ], [ -46.41273, -23.74993 ], [ -46.41252, -23.74999 ], [ -46.41213, -23.75069 ], [ -46.41235, -23.75156 ], [ -46.41197, -23.75188 ], [ -46.41166, -23.75247 ], [ -46.41157, -23.7507 ], [ -46.41135, -23.75003 ], [ -46.41121, -23.74862 ], [ -46.41128, -23.74756 ], [ -46.41259, -23.74573 ], [ -46.41348, -23.74534 ], [ -46.41566, -23.7455 ], [ -46.41575, -23.74509 ], [ -46.41533, -23.74473 ], [ -46.41525, -23.74441 ], [ -46.41557, -23.74379 ], [ -46.41605, -23.74377 ] ] ] } },
{ "type": "Feature", "properties": { "km2": 0.034 }, "geometry": { "type": "Polygon", "coordinates": [ [ [ -46.40693, -23.74829 ], [ -46.40719, -23.74857 ], [ -46.40686, -23.74949 ], [ -46.4047, -23.75222 ], [ -46.40434, -23.75236 ], [ -46.40412, -23.75211 ], [ -46.40415, -23.75192 ], [ -46.4063, -23.74913 ], [ -46.40664, -23.74833 ], [ -46.40693, -23.74829 ] ] ] } },
{ "type": "Feature", "properties": { "km2": 0.02 }, "geometry": { "type": "Polygon", "coordinates": [ [ [ -46.35256, -23.77134 ], [ -46.35273, -23.77161 ], [ -46.35233, -23.77192 ], [ -46.35211, -23.77239 ], [ -46.3519, -23.77404 ], [ -46.35182, -23.77417 ], [ -46.3517, -23.77414 ], [ -46.35143, -23.77305 ], [ -46.35152, -23.77177 ], [ -46.3517, -23.77149 ], [ -46.3521, -23.77125 ], [ -46.35226, -23.77119 ], [ -46.35256, -23.77134 ] ] ] } },
{ "type": "Feature", "properties": { "km2": 0.032 }, "geometry": { "type": "Polygon", "coordinates": [ [ [ -46.37618, -23.82998 ], [ -46.37565, -23.82998 ], [ -46.37502, -23.83028 ], [ -46.37413, -23.82968 ], [ -46.37416, -23.82937 ], [ -46.37429, -23.82963 ], [ -46.37441, -23.82964 ], [ -46.37438, -23.82934 ], [ -46.37468, -23.82928 ], [ -46.37478, -23.82891 ], [ -46.37463, -23.82869 ], [ -46.37441, -23.82865 ], [ -46.37434, -23.8283 ], [ -46.37392, -23.82805 ], [ -46.37399, -23.82795 ], [ -46.37389, -23.82784 ], [ -46.37437, -23.82753 ], [ -46.37451, -23.82815 ], [ -46.37493, -23.8279 ], [ -46.37479, -23.82753 ], [ -46.37438, -23.82752 ], [ -46.37467, -23.82729 ], [ -46.37441, -23.8269 ], [ -46.37486, -23.82723 ], [ -46.37523, -23.82723 ], [ -46.37531, -23.82752 ], [ -46.37519, -23.82826 ], [ -46.37541, -23.82846 ], [ -46.37531, -23.82869 ], [ -46.37584, -23.82899 ], [ -46.37559, -23.82919 ], [ -46.37483, -23.82922 ], [ -46.37479, -23.82947 ], [ -46.376, -23.82942 ], [ -46.3759, -23.82958 ], [ -46.37607, -23.82959 ], [ -46.37618, -23.82998 ] ] ] } },
{ "type": "Feature", "properties": { "km2": 2.053 }, "geometry": { "type": "Polygon", "coordinates": [ [ [ -46.38171, -23.89828 ], [ -46.38186, -23.89891 ], [ -46.38215, -23.89939 ], [ -46.38271, -23.89943 ], [ -46.38381, -23.89839 ], [ -46.38527, -23.89771 ], [ -46.38535, -23.89755 ], [ -46.38526, -23.89728 ], [ -46.38599, -23.89684 ], [ -46.38614, -23.89653 ], [ -46.38591, -23.89575 ], [ -46.38612, -23.89537 ], [ -46.38655, -23.89518 ], [ -46.38621, -23.89544 ], [ -46.3861, -23.8958 ], [ -46.38651, -23.89665 ], [ -46.38706, -23.89737 ], [ -46.3879, -23.89722 ], [ -46.38815, -23.89704 ], [ -46.38923, -23.89414 ], [ -46.38966, -23.89376 ], [ -46.38971, -23.89329 ], [ -46.39003, -23.89363 ], [ -46.39089, -23.89318 ], [ -46.39254, -23.89261 ], [ -46.39288, -23.89198 ], [ -46.39295, -23.89151 ], [ -46.39344, -23.89117 ], [ -46.39271, -23.89265 ], [ -46.39329, -23.89255 ], [ -46.39397, -23.89198 ], [ -46.39432, -23.89133 ], [ -46.3945, -23.89043 ], [ -46.39448, -23.88953 ], [ -46.39434, -23.88884 ], [ -46.39394, -23.88805 ], [ -46.39331, -23.88729 ], [ -46.39316, -23.88669 ], [ -46.39329, -23.88604 ], [ -46.39394, -23.88543 ], [ -46.39494, -23.88495 ], [ -46.39615, -23.88489 ], [ -46.39757, -23.88519 ], [ -46.39822, -23.88631 ], [ -46.39857, -23.88631 ], [ -46.4011, -23.88249 ], [ -46.40123, -23.88198 ], [ -46.40103, -23.88065 ], [ -46.40029, -23.8799 ], [ -46.39662, -23.87805 ], [ -46.39588, -23.87756 ], [ -46.39484, -23.8762 ], [ -46.39373, -23.87404 ], [ -46.39296, -23.87298 ], [ -46.39277, -23.87209 ], [ -46.39299, -23.87007 ], [ -46.39299, -23.8673 ], [ -46.3928, -23.86684 ], [ -46.39258, -23.86553 ], [ -46.39288, -23.86418 ], [ -46.39274, -23.86324 ], [ -46.39023, -23.86189 ], [ -46.3873, -23.86077 ], [ -46.38691, -23.86092 ], [ -46.38642, -23.86142 ], [ -46.38424, -23.86226 ], [ -46.38059, -23.86422 ], [ -46.38049, -23.86469 ], [ -46.37958, -23.86493 ], [ -46.37955, -23.86478 ], [ -46.37967, -23.86475 ], [ -46.3795, -23.86419 ], [ -46.37956, -23.86382 ], [ -46.38028, -23.86314 ], [ -46.38135, -23.86265 ], [ -46.38188, -23.86265 ], [ -46.38406, -23.86188 ], [ -46.38677, -23.8607 ], [ -46.38628, -23.86009 ], [ -46.38554, -23.85965 ], [ -46.38375, -23.85926 ], [ -46.38325, -23.85926 ], [ -46.3824, -23.85903 ], [ -46.38225, -23.85887 ], [ -46.38209, -23.85848 ], [ -46.38237, -23.85615 ], [ -46.38334, -23.85491 ], [ -46.38322, -23.85466 ], [ -46.38295, -23.85453 ], [ -46.38303, -23.85434 ], [ -46.38347, -23.85467 ], [ -46.3835, -23.85489 ], [ -46.38332, -23.85531 ], [ -46.38265, -23.85604 ], [ -46.38248, -23.85664 ], [ -46.38232, -23.8581 ], [ -46.38235, -23.85871 ], [ -46.38257, -23.85895 ], [ -46.38575, -23.8594 ], [ -46.3925, -23.86282 ], [ -46.39261, -23.86273 ], [ -46.39257, -23.8618 ], [ -46.39326, -23.86065 ], [ -46.3927, -23.8621 ], [ -46.39285, -23.8628 ], [ -46.39333, -23.86368 ], [ -46.39333, -23.86401 ], [ -46.39292, -23.86516 ], [ -46.39295, -23.86562 ], [ -46.39309, -23.86576 ], [ -46.39302, -23.86613 ], [ -46.39333, -23.86734 ], [ -46.39346, -23.8706 ], [ -46.39335, -23.87118 ], [ -46.39348, -23.87224 ], [ -46.39362, -23.87295 ], [ -46.39418, -23.87361 ], [ -46.39496, -23.87533 ], [ -46.39557, -23.87632 ], [ -46.39624, -23.87707 ], [ -46.3969, -23.87753 ], [ -46.39833, -23.87814 ], [ -46.40119, -23.87972 ], [ -46.40172, -23.8799 ], [ -46.4022, -23.87991 ], [ -46.40439, -23.87894 ], [ -46.4058, -23.87878 ], [ -46.40639, -23.87904 ], [ -46.40673, -23.87988 ], [ -46.4066, -23.88023 ], [ -46.40558, -23.88101 ], [ -46.40504, -23.88165 ], [ -46.40465, -23.88242 ], [ -46.40466, -23.88279 ], [ -46.40489, -23.88304 ], [ -46.40619, -23.88324 ], [ -46.40763, -23.88308 ], [ -46.40935, -23.88239 ], [ -46.41034, -23.88164 ], [ -46.41094, -23.88208 ], [ -46.40994, -23.8833 ], [ -46.40966, -23.88342 ], [ -46.4056, -23.8842 ], [ -46.40472, -23.8845 ], [ -46.40431, -23.88491 ], [ -46.40275, -23.88827 ], [ -46.40265, -23.88907 ], [ -46.40288, -23.89085 ], [ -46.40218, -23.89155 ], [ -46.40121, -23.89209 ], [ -46.40079, -23.89253 ], [ -46.40065, -23.89323 ], [ -46.40109, -23.89532 ], [ -46.4011, -23.89649 ], [ -46.40077, -23.89728 ], [ -46.39887, -23.89888 ], [ -46.39865, -23.89922 ], [ -46.39849, -23.90011 ], [ -46.39851, -23.90092 ], [ -46.3987, -23.90134 ], [ -46.39947, -23.90189 ], [ -46.40041, -23.90222 ], [ -46.4018, -23.90324 ], [ -46.40138, -23.90458 ], [ -46.40078, -23.90359 ], [ -46.39845, -23.90202 ], [ -46.39799, -23.90151 ], [ -46.39773, -23.90098 ], [ -46.39773, -23.89994 ], [ -46.39805, -23.89865 ], [ -46.39898, -23.8979 ], [ -46.39994, -23.89631 ], [ -46.39985, -23.895 ], [ -46.39945, -23.8942 ], [ -46.3991, -23.8939 ], [ -46.39697, -23.89349 ], [ -46.39641, -23.89354 ], [ -46.39602, -23.89374 ], [ -46.39617, -23.89406 ], [ -46.39747, -23.89431 ], [ -46.39745, -23.8945 ], [ -46.39703, -23.89453 ], [ -46.39635, -23.89431 ], [ -46.39569, -23.89443 ], [ -46.39458, -23.89441 ], [ -46.39419, -23.89474 ], [ -46.39426, -23.89553 ], [ -46.39467, -23.89537 ], [ -46.39429, -23.89594 ], [ -46.3945, -23.89636 ], [ -46.39447, -23.89692 ], [ -46.39518, -23.89717 ], [ -46.39507, -23.89727 ], [ -46.39444, -23.89708 ], [ -46.39392, -23.89753 ], [ -46.39426, -23.89692 ], [ -46.39419, -23.89641 ], [ -46.39402, -23.89614 ], [ -46.3933, -23.89606 ], [ -46.39285, -23.8958 ], [ -46.39231, -23.89516 ], [ -46.39206, -23.89462 ], [ -46.39142, -23.89431 ], [ -46.39096, -23.89431 ], [ -46.39024, -23.89469 ], [ -46.38981, -23.89601 ], [ -46.38987, -23.89633 ], [ -46.39037, -23.89575 ], [ -46.39037, -23.89628 ], [ -46.38986, -23.89707 ], [ -46.38961, -23.8972 ], [ -46.38967, -23.89741 ], [ -46.38989, -23.89746 ], [ -46.39007, -23.89723 ], [ -46.39036, -23.89718 ], [ -46.39108, -23.89602 ], [ -46.3913, -23.89588 ], [ -46.3917, -23.89597 ], [ -46.39277, -23.89712 ], [ -46.39303, -23.89773 ], [ -46.39288, -23.89833 ], [ -46.39268, -23.89851 ], [ -46.39243, -23.89846 ], [ -46.39244, -23.89863 ], [ -46.39266, -23.89867 ], [ -46.39233, -23.89875 ], [ -46.39045, -23.89751 ], [ -46.3903, -23.89755 ], [ -46.39045, -23.89776 ], [ -46.39041, -23.89796 ], [ -46.39067, -23.89833 ], [ -46.39177, -23.89872 ], [ -46.3921, -23.89896 ], [ -46.39254, -23.8991 ], [ -46.39329, -23.89884 ], [ -46.39347, -23.89893 ], [ -46.39349, -23.89912 ], [ -46.39305, -23.89937 ], [ -46.39243, -23.89934 ], [ -46.39174, -23.89895 ], [ -46.39051, -23.89851 ], [ -46.39025, -23.89824 ], [ -46.3902, -23.89798 ], [ -46.38971, -23.89767 ], [ -46.38944, -23.89732 ], [ -46.3891, -23.8974 ], [ -46.38771, -23.89822 ], [ -46.38712, -23.89833 ], [ -46.38733, -23.89919 ], [ -46.38754, -23.89934 ], [ -46.3879, -23.89934 ], [ -46.38774, -23.89961 ], [ -46.38803, -23.89974 ], [ -46.38885, -23.89967 ], [ -46.38926, -23.89943 ], [ -46.38921, -23.89985 ], [ -46.38888, -23.89989 ], [ -46.38861, -23.90031 ], [ -46.38897, -23.90077 ], [ -46.38891, -23.90087 ], [ -46.38825, -23.90037 ], [ -46.3878, -23.90027 ], [ -46.38765, -23.90054 ], [ -46.38609, -23.90143 ], [ -46.38554, -23.90116 ], [ -46.38472, -23.90115 ], [ -46.38453, -23.90097 ], [ -46.38279, -23.90077 ], [ -46.38123, -23.89973 ], [ -46.38056, -23.89902 ], [ -46.38171, -23.89828 ] ], [ [ -46.39394, -23.89468 ], [ -46.39281, -23.89442 ], [ -46.3922, -23.89449 ], [ -46.39304, -23.89569 ], [ -46.3934, -23.89573 ], [ -46.39381, -23.89559 ], [ -46.39404, -23.89527 ], [ -46.39394, -23.89468 ] ], [ [ -46.39166, -23.89621 ], [ -46.39137, -23.89607 ], [ -46.3907, -23.89694 ], [ -46.39063, -23.89726 ], [ -46.39077, -23.89755 ], [ -46.39228, -23.8984 ], [ -46.39261, -23.89824 ], [ -46.3928, -23.89787 ], [ -46.39278, -23.89747 ], [ -46.39166, -23.89621 ] ], [ [ -46.38629, -23.89716 ], [ -46.38567, -23.8973 ], [ -46.38565, -23.89757 ], [ -46.38605, -23.89759 ], [ -46.38633, -23.89744 ], [ -46.38629, -23.89716 ] ], [ [ -46.40015, -23.89248 ], [ -46.40042, -23.89173 ], [ -46.40095, -23.89137 ], [ -46.4017, -23.89112 ], [ -46.40209, -23.89083 ], [ -46.40217, -23.89046 ], [ -46.40195, -23.88889 ], [ -46.40166, -23.88872 ], [ -46.40121, -23.88939 ], [ -46.40111, -23.88903 ], [ -46.40129, -23.88874 ], [ -46.40103, -23.88861 ], [ -46.40102, -23.88845 ], [ -46.40061, -23.88821 ], [ -46.40051, -23.888 ], [ -46.40093, -23.8877 ], [ -46.4013, -23.8878 ], [ -46.40175, -23.88826 ], [ -46.40203, -23.88827 ], [ -46.4022, -23.888 ], [ -46.40268, -23.88626 ], [ -46.40367, -23.88491 ], [ -46.40377, -23.88437 ], [ -46.40402, -23.8842 ], [ -46.40424, -23.88362 ], [ -46.40409, -23.8827 ], [ -46.40417, -23.88206 ], [ -46.40491, -23.88071 ], [ -46.40575, -23.88017 ], [ -46.40595, -23.87978 ], [ -46.40579, -23.87939 ], [ -46.40541, -23.87932 ], [ -46.40485, -23.87948 ], [ -46.40307, -23.88027 ], [ -46.40177, -23.88059 ], [ -46.40163, -23.88103 ], [ -46.40176, -23.88204 ], [ -46.40162, -23.88255 ], [ -46.40106, -23.88371 ], [ -46.39956, -23.88609 ], [ -46.39913, -23.88708 ], [ -46.39842, -23.88726 ], [ -46.39743, -23.88676 ], [ -46.39672, -23.88549 ], [ -46.39539, -23.88547 ], [ -46.3945, -23.8857 ], [ -46.39394, -23.88636 ], [ -46.39387, -23.88688 ], [ -46.39499, -23.88832 ], [ -46.39528, -23.88913 ], [ -46.39547, -23.89036 ], [ -46.39514, -23.89176 ], [ -46.39472, -23.89264 ], [ -46.39292, -23.89344 ], [ -46.3916, -23.89378 ], [ -46.39148, -23.89397 ], [ -46.39204, -23.89421 ], [ -46.39348, -23.89432 ], [ -46.39533, -23.89351 ], [ -46.39678, -23.89305 ], [ -46.3994, -23.89372 ], [ -46.39986, -23.89442 ], [ -46.40015, -23.89248 ] ] ] } },
{ "type": "Feature", "properties": { "km2": 0.048 }, "geometry": { "type": "Polygon", "coordinates": [ [ [ -46.38703, -23.88395 ], [ -46.38652, -23.88746 ], [ -46.38572, -23.88772 ], [ -46.38493, -23.88613 ], [ -46.38526, -23.88618 ], [ -46.38581, -23.88522 ], [ -46.38576, -23.8846 ], [ -46.38703, -23.88395 ] ] ] } },
{ "type": "Feature", "properties": { "km2": 0.031 }, "geometry": { "type": "Polygon", "coordinates": [ [ [ -46.37946, -23.89621 ], [ -46.37972, -23.89647 ], [ -46.37983, -23.89681 ], [ -46.37978, -23.89725 ], [ -46.37956, -23.89753 ], [ -46.37987, -23.89768 ], [ -46.38008, -23.89821 ], [ -46.38003, -23.89839 ], [ -46.37971, -23.89853 ], [ -46.3791, -23.8983 ], [ -46.37871, -23.898 ], [ -46.37833, -23.89731 ], [ -46.3784, -23.89688 ], [ -46.37877, -23.89629 ], [ -46.37902, -23.89616 ], [ -46.37946, -23.89621 ] ] ] } },
{ "type": "Feature", "properties": { "km2": 0.034 }, "geometry": { "type": "Polygon", "coordinates": [ [ [ -46.39166, -23.89621 ], [ -46.39278, -23.89747 ], [ -46.3928, -23.89787 ], [ -46.39261, -23.89824 ], [ -46.39228, -23.8984 ], [ -46.39077, -23.89755 ], [ -46.39063, -23.89726 ], [ -46.3907, -23.89694 ], [ -46.39137, -23.89607 ], [ -46.39166, -23.89621 ] ] ] } },
{ "type": "Feature", "properties": { "km2": 0.026 }, "geometry": { "type": "Polygon", "coordinates": [ [ [ -46.41358, -23.89471 ], [ -46.41356, -23.89515 ], [ -46.41323, -23.89554 ], [ -46.41302, -23.89561 ], [ -46.41253, -23.89561 ], [ -46.41197, -23.89522 ], [ -46.41191, -23.895 ], [ -46.41223, -23.89417 ], [ -46.41228, -23.89313 ], [ -46.41251, -23.89307 ], [ -46.41282, -23.89339 ], [ -46.41283, -23.89447 ], [ -46.41358, -23.89471 ] ] ] } },
{ "type": "Feature", "properties": { "km2": 0.109 }, "geometry": { "type": "Polygon", "coordinates": [ [ [ -46.4163, -23.89528 ], [ -46.41561, -23.89588 ], [ -46.41561, -23.89618 ], [ -46.4158, -23.89652 ], [ -46.41579, -23.89685 ], [ -46.41566, -23.897 ], [ -46.41524, -23.89715 ], [ -46.41474, -23.89775 ], [ -46.41456, -23.89779 ], [ -46.41436, -23.89761 ], [ -46.41375, -23.89748 ], [ -46.41346, -23.89705 ], [ -46.41321, -23.89622 ], [ -46.41334, -23.89581 ], [ -46.41395, -23.89517 ], [ -46.41406, -23.89474 ], [ -46.41388, -23.89435 ], [ -46.41322, -23.89406 ], [ -46.41348, -23.89303 ], [ -46.41343, -23.8926 ], [ -46.41328, -23.89248 ], [ -46.41342, -23.89229 ], [ -46.4136, -23.89228 ], [ -46.41526, -23.89379 ], [ -46.41552, -23.89416 ], [ -46.4155, -23.89472 ], [ -46.41616, -23.89488 ], [ -46.4163, -23.89528 ] ] ] } },
{ "type": "Feature", "properties": { "km2": 0.623 }, "geometry": { "type": "Polygon", "coordinates": [ [ [ -46.41044, -23.90692 ], [ -46.4108, -23.90793 ], [ -46.41066, -23.90804 ], [ -46.40964, -23.90771 ], [ -46.4088, -23.90765 ], [ -46.40885, -23.9073 ], [ -46.4087, -23.90693 ], [ -46.40891, -23.90632 ], [ -46.4092, -23.90606 ], [ -46.40938, -23.90518 ], [ -46.40871, -23.90384 ], [ -46.40879, -23.9037 ], [ -46.40858, -23.90369 ], [ -46.40701, -23.90239 ], [ -46.40684, -23.90213 ], [ -46.40537, -23.90103 ], [ -46.40533, -23.90075 ], [ -46.40545, -23.90051 ], [ -46.40607, -23.90082 ], [ -46.40642, -23.90069 ], [ -46.40664, -23.90025 ], [ -46.40656, -23.90005 ], [ -46.40671, -23.89992 ], [ -46.40861, -23.9002 ], [ -46.40925, -23.89995 ], [ -46.40954, -23.89952 ], [ -46.40958, -23.89914 ], [ -46.40942, -23.89877 ], [ -46.40902, -23.89844 ], [ -46.40929, -23.89747 ], [ -46.4092, -23.89705 ], [ -46.40952, -23.89636 ], [ -46.40925, -23.89607 ], [ -46.409, -23.89622 ], [ -46.4089, -23.89612 ], [ -46.40915, -23.89586 ], [ -46.4103, -23.89619 ], [ -46.41089, -23.89626 ], [ -46.41116, -23.89612 ], [ -46.41194, -23.89643 ], [ -46.41208, -23.89663 ], [ -46.41239, -23.89667 ], [ -46.41241, -23.89697 ], [ -46.41222, -23.89732 ], [ -46.41267, -23.89812 ], [ -46.41299, -23.8983 ], [ -46.41346, -23.89818 ], [ -46.41351, -23.89834 ], [ -46.41274, -23.89977 ], [ -46.41292, -23.9001 ], [ -46.41335, -23.90031 ], [ -46.41387, -23.90018 ], [ -46.41533, -23.89931 ], [ -46.41578, -23.89926 ], [ -46.41644, -23.89992 ], [ -46.41642, -23.90067 ], [ -46.41626, -23.90102 ], [ -46.41604, -23.90123 ], [ -46.41572, -23.90112 ], [ -46.41553, -23.9017 ], [ -46.41436, -23.90269 ], [ -46.41378, -23.90342 ], [ -46.41268, -23.90529 ], [ -46.41231, -23.9052 ], [ -46.41233, -23.90505 ], [ -46.4127, -23.9049 ], [ -46.41216, -23.90488 ], [ -46.41195, -23.90461 ], [ -46.41196, -23.90404 ], [ -46.41143, -23.90392 ], [ -46.41164, -23.90414 ], [ -46.41173, -23.90513 ], [ -46.4109, -23.90565 ], [ -46.41047, -23.90631 ], [ -46.41044, -23.90692 ] ] ] } },
{ "type": "Feature", "properties": { "km2": 7.214 }, "geometry": { "type": "Polygon", "coordinates": [ [ [ -46.4036, -23.9198 ], [ -46.40353, -23.92013 ], [ -46.40378, -23.92093 ], [ -46.40394, -23.92096 ], [ -46.40384, -23.92101 ], [ -46.40388, -23.92129 ], [ -46.40413, -23.92154 ], [ -46.40385, -23.92192 ], [ -46.40343, -23.92318 ], [ -46.40259, -23.9234 ], [ -46.40142, -23.92423 ], [ -46.39988, -23.92504 ], [ -46.39872, -23.92549 ], [ -46.39705, -23.92592 ], [ -46.39608, -23.92492 ], [ -46.39757, -23.92403 ], [ -46.39979, -23.92312 ], [ -46.40067, -23.92232 ], [ -46.40126, -23.92146 ], [ -46.40147, -23.92079 ], [ -46.40142, -23.9202 ], [ -46.4012, -23.91992 ], [ -46.40044, -23.91942 ], [ -46.39946, -23.9191 ], [ -46.39807, -23.91908 ], [ -46.39292, -23.91959 ], [ -46.38921, -23.91956 ], [ -46.38792, -23.91973 ], [ -46.38398, -23.92075 ], [ -46.38294, -23.92074 ], [ -46.38107, -23.92028 ], [ -46.37949, -23.91916 ], [ -46.3778, -23.91741 ], [ -46.38015, -23.91259 ], [ -46.38062, -23.91304 ], [ -46.38077, -23.91338 ], [ -46.38226, -23.91364 ], [ -46.38519, -23.91454 ], [ -46.38592, -23.91448 ], [ -46.38602, -23.91384 ], [ -46.38621, -23.91352 ], [ -46.38637, -23.91381 ], [ -46.3861, -23.91475 ], [ -46.3863, -23.91494 ], [ -46.38816, -23.91615 ], [ -46.389, -23.91654 ], [ -46.38936, -23.91654 ], [ -46.38974, -23.91631 ], [ -46.39001, -23.91581 ], [ -46.38986, -23.91521 ], [ -46.38967, -23.91488 ], [ -46.38941, -23.91482 ], [ -46.38949, -23.91442 ], [ -46.38702, -23.91046 ], [ -46.38707, -23.90922 ], [ -46.38726, -23.90834 ], [ -46.38857, -23.90655 ], [ -46.38769, -23.9061 ], [ -46.38728, -23.90569 ], [ -46.38715, -23.90526 ], [ -46.3879, -23.90559 ], [ -46.38807, -23.90604 ], [ -46.38859, -23.9062 ], [ -46.389, -23.90614 ], [ -46.39039, -23.90466 ], [ -46.39023, -23.90441 ], [ -46.39078, -23.9044 ], [ -46.39172, -23.90404 ], [ -46.39175, -23.90365 ], [ -46.3914, -23.90307 ], [ -46.39153, -23.90251 ], [ -46.39158, -23.90286 ], [ -46.39188, -23.90334 ], [ -46.39212, -23.90346 ], [ -46.3922, -23.90409 ], [ -46.3932, -23.90408 ], [ -46.39408, -23.90463 ], [ -46.3961, -23.90453 ], [ -46.39859, -23.90489 ], [ -46.39938, -23.90512 ], [ -46.40126, -23.90608 ], [ -46.40148, -23.90553 ], [ -46.40138, -23.90458 ], [ -46.4018, -23.90324 ], [ -46.40195, -23.9032 ], [ -46.4032, -23.90164 ], [ -46.40361, -23.90077 ], [ -46.40345, -23.89939 ], [ -46.40363, -23.89895 ], [ -46.40403, -23.89865 ], [ -46.40453, -23.89856 ], [ -46.40654, -23.89888 ], [ -46.40759, -23.89924 ], [ -46.40808, -23.89905 ], [ -46.40829, -23.89862 ], [ -46.40813, -23.89614 ], [ -46.40814, -23.89578 ], [ -46.40831, -23.89547 ], [ -46.40894, -23.89506 ], [ -46.40955, -23.89511 ], [ -46.41029, -23.89559 ], [ -46.41057, -23.8956 ], [ -46.41105, -23.89535 ], [ -46.41142, -23.89488 ], [ -46.41159, -23.89395 ], [ -46.41142, -23.89287 ], [ -46.41099, -23.89282 ], [ -46.41001, -23.89367 ], [ -46.40869, -23.89373 ], [ -46.40849, -23.8936 ], [ -46.40873, -23.89304 ], [ -46.40864, -23.89283 ], [ -46.40836, -23.89272 ], [ -46.40712, -23.89273 ], [ -46.40698, -23.89228 ], [ -46.40716, -23.89182 ], [ -46.40768, -23.89127 ], [ -46.40841, -23.88999 ], [ -46.40877, -23.8897 ], [ -46.40884, -23.88948 ], [ -46.4088, -23.88916 ], [ -46.40845, -23.88936 ], [ -46.40823, -23.88924 ], [ -46.40778, -23.88867 ], [ -46.40775, -23.88844 ], [ -46.40822, -23.88819 ], [ -46.40928, -23.88808 ], [ -46.40959, -23.88774 ], [ -46.40984, -23.88769 ], [ -46.41063, -23.8879 ], [ -46.41172, -23.88769 ], [ -46.41181, -23.88776 ], [ -46.41171, -23.88803 ], [ -46.41196, -23.88807 ], [ -46.41246, -23.88792 ], [ -46.41266, -23.88771 ], [ -46.41252, -23.88753 ], [ -46.41205, -23.88734 ], [ -46.41202, -23.88715 ], [ -46.41248, -23.88608 ], [ -46.41229, -23.88599 ], [ -46.41189, -23.88615 ], [ -46.41181, -23.88606 ], [ -46.41215, -23.88575 ], [ -46.41241, -23.88577 ], [ -46.41262, -23.88591 ], [ -46.41269, -23.88614 ], [ -46.41255, -23.88658 ], [ -46.41225, -23.88696 ], [ -46.41226, -23.88719 ], [ -46.41287, -23.88745 ], [ -46.41298, -23.88765 ], [ -46.41292, -23.88788 ], [ -46.41054, -23.88941 ], [ -46.4104, -23.8896 ], [ -46.4108, -23.8899 ], [ -46.41083, -23.89014 ], [ -46.41067, -23.89033 ], [ -46.41046, -23.89046 ], [ -46.40969, -23.89043 ], [ -46.40928, -23.8906 ], [ -46.40924, -23.89082 ], [ -46.4095, -23.89132 ], [ -46.40886, -23.89169 ], [ -46.40876, -23.89215 ], [ -46.40902, -23.89255 ], [ -46.40947, -23.89277 ], [ -46.41098, -23.89236 ], [ -46.41176, -23.89253 ], [ -46.41204, -23.89231 ], [ -46.41216, -23.89168 ], [ -46.41239, -23.89136 ], [ -46.41402, -23.89093 ], [ -46.41424, -23.89099 ], [ -46.41429, -23.89119 ], [ -46.41389, -23.89174 ], [ -46.4139, -23.89211 ], [ -46.41414, -23.89225 ], [ -46.41479, -23.89212 ], [ -46.41642, -23.89054 ], [ -46.41762, -23.88854 ], [ -46.41814, -23.88807 ], [ -46.41785, -23.88851 ], [ -46.41764, -23.88931 ], [ -46.41748, -23.89084 ], [ -46.41674, -23.89183 ], [ -46.41734, -23.89358 ], [ -46.41787, -23.89364 ], [ -46.41777, -23.89393 ], [ -46.41797, -23.89391 ], [ -46.41811, -23.89383 ], [ -46.418, -23.8937 ], [ -46.41807, -23.89354 ], [ -46.41821, -23.89347 ], [ -46.41842, -23.89361 ], [ -46.41843, -23.89377 ], [ -46.41884, -23.89386 ], [ -46.41874, -23.89414 ], [ -46.41781, -23.89463 ], [ -46.4179, -23.89501 ], [ -46.41779, -23.89513 ], [ -46.41757, -23.89491 ], [ -46.41725, -23.89484 ], [ -46.41691, -23.895 ], [ -46.41663, -23.89566 ], [ -46.41676, -23.89599 ], [ -46.41872, -23.89681 ], [ -46.41953, -23.89783 ], [ -46.41945, -23.89818 ], [ -46.41812, -23.89726 ], [ -46.41784, -23.89692 ], [ -46.41678, -23.89659 ], [ -46.4152, -23.89781 ], [ -46.41509, -23.89804 ], [ -46.41513, -23.89836 ], [ -46.41537, -23.89855 ], [ -46.41597, -23.89871 ], [ -46.41688, -23.89855 ], [ -46.4173, -23.89724 ], [ -46.41754, -23.89889 ], [ -46.41779, -23.89894 ], [ -46.41841, -23.89866 ], [ -46.41849, -23.89878 ], [ -46.41818, -23.899 ], [ -46.41806, -23.89942 ], [ -46.41789, -23.89945 ], [ -46.41784, -23.90067 ], [ -46.41745, -23.90111 ], [ -46.42004, -23.90278 ], [ -46.42273, -23.90255 ], [ -46.41986, -23.90305 ], [ -46.41941, -23.90385 ], [ -46.41982, -23.9042 ], [ -46.41927, -23.90391 ], [ -46.41953, -23.90293 ], [ -46.41766, -23.90161 ], [ -46.41729, -23.90152 ], [ -46.4168, -23.90168 ], [ -46.41625, -23.90215 ], [ -46.41585, -23.9029 ], [ -46.41598, -23.90325 ], [ -46.41677, -23.90362 ], [ -46.41763, -23.90423 ], [ -46.41813, -23.90492 ], [ -46.41832, -23.90542 ], [ -46.41866, -23.90553 ], [ -46.41992, -23.90544 ], [ -46.42009, -23.9057 ], [ -46.42009, -23.90634 ], [ -46.42035, -23.90689 ], [ -46.42079, -23.90744 ], [ -46.42109, -23.90757 ], [ -46.4214, -23.90742 ], [ -46.42188, -23.90631 ], [ -46.42213, -23.90508 ], [ -46.42236, -23.90508 ], [ -46.42228, -23.90534 ], [ -46.42271, -23.9056 ], [ -46.42253, -23.9058 ], [ -46.42256, -23.90647 ], [ -46.42217, -23.90675 ], [ -46.42189, -23.90726 ], [ -46.42215, -23.90778 ], [ -46.422, -23.9081 ], [ -46.42157, -23.90816 ], [ -46.4209, -23.90868 ], [ -46.42077, -23.90909 ], [ -46.42118, -23.90918 ], [ -46.42125, -23.90945 ], [ -46.42054, -23.91 ], [ -46.42046, -23.90983 ], [ -46.42036, -23.90994 ], [ -46.42077, -23.9104 ], [ -46.42102, -23.91038 ], [ -46.42155, -23.91126 ], [ -46.42087, -23.91085 ], [ -46.41958, -23.911 ], [ -46.41882, -23.9114 ], [ -46.41759, -23.91179 ], [ -46.41606, -23.91297 ], [ -46.41568, -23.91373 ], [ -46.41563, -23.91451 ], [ -46.41632, -23.91421 ], [ -46.41644, -23.91426 ], [ -46.41634, -23.91445 ], [ -46.41559, -23.91482 ], [ -46.41445, -23.9158 ], [ -46.41414, -23.91651 ], [ -46.41428, -23.91701 ], [ -46.41416, -23.91725 ], [ -46.41395, -23.91732 ], [ -46.41381, -23.91706 ], [ -46.41401, -23.916 ], [ -46.41387, -23.91587 ], [ -46.41339, -23.91595 ], [ -46.41285, -23.91578 ], [ -46.41089, -23.91363 ], [ -46.41062, -23.91356 ], [ -46.41042, -23.91376 ], [ -46.41031, -23.91427 ], [ -46.41052, -23.91475 ], [ -46.41096, -23.91507 ], [ -46.41103, -23.91538 ], [ -46.41084, -23.91556 ], [ -46.40957, -23.91572 ], [ -46.40881, -23.91611 ], [ -46.40804, -23.91723 ], [ -46.40736, -23.91759 ], [ -46.40695, -23.91797 ], [ -46.40688, -23.91868 ], [ -46.40663, -23.91886 ], [ -46.40597, -23.91892 ], [ -46.40509, -23.91859 ], [ -46.40486, -23.91875 ], [ -46.40494, -23.91914 ], [ -46.40408, -23.91931 ], [ -46.4036, -23.9198 ] ], [ [ -46.3904, -23.90764 ], [ -46.3903, -23.90722 ], [ -46.39049, -23.90687 ], [ -46.38989, -23.90722 ], [ -46.38897, -23.90844 ], [ -46.38877, -23.90894 ], [ -46.39004, -23.90808 ], [ -46.3904, -23.90764 ] ], [ [ -46.40814, -23.9163 ], [ -46.40712, -23.91684 ], [ -46.40655, -23.91739 ], [ -46.40714, -23.91745 ], [ -46.40763, -23.91722 ], [ -46.40814, -23.91669 ], [ -46.40814, -23.9163 ] ], [ [ -46.41146, -23.91289 ], [ -46.41161, -23.91331 ], [ -46.41244, -23.91422 ], [ -46.41249, -23.91442 ], [ -46.41359, -23.91472 ], [ -46.41417, -23.91501 ], [ -46.41437, -23.91489 ], [ -46.4144, -23.91451 ], [ -46.41483, -23.91419 ], [ -46.41488, -23.91385 ], [ -46.41439, -23.91341 ], [ -46.41454, -23.91296 ], [ -46.41552, -23.9125 ], [ -46.41558, -23.91168 ], [ -46.41614, -23.91185 ], [ -46.41653, -23.91181 ], [ -46.41706, -23.9115 ], [ -46.41769, -23.9106 ], [ -46.41766, -23.90991 ], [ -46.41792, -23.90982 ], [ -46.41782, -23.90832 ], [ -46.41815, -23.90793 ], [ -46.41788, -23.90688 ], [ -46.41808, -23.90614 ], [ -46.41799, -23.90585 ], [ -46.41769, -23.90553 ], [ -46.41779, -23.90485 ], [ -46.41717, -23.90421 ], [ -46.41619, -23.90374 ], [ -46.41544, -23.90364 ], [ -46.41512, -23.9038 ], [ -46.41483, -23.90446 ], [ -46.41479, -23.90499 ], [ -46.41572, -23.90569 ], [ -46.41568, -23.90591 ], [ -46.41538, -23.90588 ], [ -46.41453, -23.90522 ], [ -46.41385, -23.90564 ], [ -46.41395, -23.90597 ], [ -46.41468, -23.9063 ], [ -46.41524, -23.90705 ], [ -46.41474, -23.90683 ], [ -46.41451, -23.90644 ], [ -46.41415, -23.9064 ], [ -46.41344, -23.90585 ], [ -46.41252, -23.90654 ], [ -46.41171, -23.90693 ], [ -46.41195, -23.90789 ], [ -46.41216, -23.90816 ], [ -46.41337, -23.90881 ], [ -46.41353, -23.90864 ], [ -46.41426, -23.90857 ], [ -46.41392, -23.90875 ], [ -46.41391, -23.90891 ], [ -46.41536, -23.91015 ], [ -46.41533, -23.91032 ], [ -46.41514, -23.91035 ], [ -46.41506, -23.91018 ], [ -46.41468, -23.91002 ], [ -46.41353, -23.90911 ], [ -46.41282, -23.90936 ], [ -46.41217, -23.90932 ], [ -46.41241, -23.91011 ], [ -46.41251, -23.91203 ], [ -46.41228, -23.91226 ], [ -46.41244, -23.91255 ], [ -46.41265, -23.91249 ], [ -46.41306, -23.91289 ], [ -46.41275, -23.91295 ], [ -46.41245, -23.91285 ], [ -46.41207, -23.91245 ], [ -46.41146, -23.91289 ] ], [ [ -46.41044, -23.90692 ], [ -46.41047, -23.90631 ], [ -46.4109, -23.90565 ], [ -46.41173, -23.90513 ], [ -46.41164, -23.90414 ], [ -46.41143, -23.90392 ], [ -46.41196, -23.90404 ], [ -46.41195, -23.90461 ], [ -46.41216, -23.90488 ], [ -46.4127, -23.9049 ], [ -46.41233, -23.90505 ], [ -46.41231, -23.9052 ], [ -46.41268, -23.90529 ], [ -46.41378, -23.90342 ], [ -46.41436, -23.90269 ], [ -46.41553, -23.9017 ], [ -46.41572, -23.90112 ], [ -46.41604, -23.90123 ], [ -46.41626, -23.90102 ], [ -46.41642, -23.90067 ], [ -46.41644, -23.89992 ], [ -46.41578, -23.89926 ], [ -46.41533, -23.89931 ], [ -46.41387, -23.90018 ], [ -46.41335, -23.90031 ], [ -46.41292, -23.9001 ], [ -46.41274, -23.89977 ], [ -46.41351, -23.89834 ], [ -46.41346, -23.89818 ], [ -46.41299, -23.8983 ], [ -46.41267, -23.89812 ], [ -46.41222, -23.89732 ], [ -46.41241, -23.89697 ], [ -46.41239, -23.89667 ], [ -46.41208, -23.89663 ], [ -46.41194, -23.89643 ], [ -46.41116, -23.89612 ], [ -46.41089, -23.89626 ], [ -46.4103, -23.89619 ], [ -46.40915, -23.89586 ], [ -46.4089, -23.89612 ], [ -46.409, -23.89622 ], [ -46.40925, -23.89607 ], [ -46.40952, -23.89636 ], [ -46.4092, -23.89705 ], [ -46.40929, -23.89747 ], [ -46.40902, -23.89844 ], [ -46.40942, -23.89877 ], [ -46.40958, -23.89914 ], [ -46.40954, -23.89952 ], [ -46.40925, -23.89995 ], [ -46.40861, -23.9002 ], [ -46.40671, -23.89992 ], [ -46.40656, -23.90005 ], [ -46.40664, -23.90025 ], [ -46.40642, -23.90069 ], [ -46.40607, -23.90082 ], [ -46.40545, -23.90051 ], [ -46.40533, -23.90075 ], [ -46.40537, -23.90103 ], [ -46.40684, -23.90213 ], [ -46.40701, -23.90239 ], [ -46.40858, -23.90369 ], [ -46.40879, -23.9037 ], [ -46.40871, -23.90384 ], [ -46.40938, -23.90518 ], [ -46.4092, -23.90606 ], [ -46.40891, -23.90632 ], [ -46.4087, -23.90693 ], [ -46.40885, -23.9073 ], [ -46.4088, -23.90765 ], [ -46.40964, -23.90771 ], [ -46.41066, -23.90804 ], [ -46.4108, -23.90793 ], [ -46.41044, -23.90692 ] ], [ [ -46.40398, -23.90082 ], [ -46.40368, -23.90144 ], [ -46.40387, -23.90164 ], [ -46.40417, -23.90152 ], [ -46.40398, -23.90082 ] ], [ [ -46.41096, -23.90918 ], [ -46.41052, -23.90884 ], [ -46.4092, -23.90835 ], [ -46.40799, -23.90858 ], [ -46.40807, -23.90811 ], [ -46.40787, -23.90731 ], [ -46.40788, -23.90647 ], [ -46.40815, -23.90565 ], [ -46.40823, -23.9048 ], [ -46.40781, -23.90405 ], [ -46.40699, -23.90337 ], [ -46.4063, -23.90305 ], [ -46.40606, -23.90233 ], [ -46.40558, -23.90204 ], [ -46.40516, -23.90199 ], [ -46.40471, -23.90211 ], [ -46.4026, -23.90361 ], [ -46.40245, -23.90424 ], [ -46.40293, -23.90563 ], [ -46.40289, -23.9065 ], [ -46.40253, -23.90731 ], [ -46.40169, -23.90841 ], [ -46.40171, -23.90927 ], [ -46.40448, -23.90911 ], [ -46.40696, -23.90961 ], [ -46.40823, -23.91018 ], [ -46.40993, -23.91165 ], [ -46.41075, -23.91202 ], [ -46.4112, -23.91202 ], [ -46.41124, -23.90996 ], [ -46.41096, -23.90918 ] ], [ [ -46.40943, -23.91399 ], [ -46.40915, -23.91372 ], [ -46.40828, -23.91368 ], [ -46.40729, -23.91426 ], [ -46.40666, -23.91519 ], [ -46.40657, -23.9157 ], [ -46.40669, -23.91624 ], [ -46.40781, -23.91548 ], [ -46.40943, -23.91399 ] ], [ [ -46.4061, -23.91119 ], [ -46.40588, -23.91122 ], [ -46.40565, -23.9116 ], [ -46.40563, -23.91254 ], [ -46.40541, -23.91283 ], [ -46.40536, -23.91199 ], [ -46.40559, -23.91133 ], [ -46.40351, -23.91113 ], [ -46.40311, -23.9112 ], [ -46.40091, -23.91066 ], [ -46.40054, -23.91073 ], [ -46.40058, -23.91118 ], [ -46.4012, -23.91211 ], [ -46.40136, -23.91256 ], [ -46.40132, -23.913 ], [ -46.40112, -23.9133 ], [ -46.40034, -23.91565 ], [ -46.40026, -23.91623 ], [ -46.40075, -23.91646 ], [ -46.40095, -23.91679 ], [ -46.40106, -23.91732 ], [ -46.40095, -23.91773 ], [ -46.4011, -23.91817 ], [ -46.40269, -23.91907 ], [ -46.40364, -23.91893 ], [ -46.40441, -23.91849 ], [ -46.40456, -23.91811 ], [ -46.40258, -23.91642 ], [ -46.40211, -23.91536 ], [ -46.40164, -23.91499 ], [ -46.40235, -23.91515 ], [ -46.40343, -23.9163 ], [ -46.40381, -23.91636 ], [ -46.40457, -23.91575 ], [ -46.40437, -23.91651 ], [ -46.40437, -23.91748 ], [ -46.4046, -23.91778 ], [ -46.40503, -23.91782 ], [ -46.40524, -23.91764 ], [ -46.40575, -23.9166 ], [ -46.406, -23.91639 ], [ -46.40616, -23.91491 ], [ -46.40769, -23.9136 ], [ -46.4079, -23.91319 ], [ -46.40853, -23.91287 ], [ -46.40855, -23.91252 ], [ -46.40692, -23.91156 ], [ -46.40642, -23.91159 ], [ -46.4061, -23.91119 ] ], [ [ -46.39104, -23.91279 ], [ -46.39112, -23.91307 ], [ -46.39142, -23.91313 ], [ -46.39153, -23.91289 ], [ -46.39104, -23.91279 ] ], [ [ -46.40058, -23.9059 ], [ -46.40005, -23.90581 ], [ -46.39987, -23.9062 ], [ -46.39935, -23.90617 ], [ -46.39982, -23.9065 ], [ -46.40038, -23.90667 ], [ -46.40085, -23.90658 ], [ -46.40118, -23.90632 ], [ -46.40058, -23.9059 ] ], [ [ -46.40089, -23.90715 ], [ -46.40005, -23.90718 ], [ -46.39925, -23.90683 ], [ -46.39854, -23.90585 ], [ -46.3975, -23.90534 ], [ -46.39659, -23.90522 ], [ -46.39593, -23.90528 ], [ -46.39573, -23.90573 ], [ -46.39653, -23.90689 ], [ -46.39644, -23.90618 ], [ -46.39719, -23.90591 ], [ -46.39747, -23.90664 ], [ -46.39794, -23.90718 ], [ -46.39807, -23.90793 ], [ -46.39837, -23.9085 ], [ -46.39838, -23.90912 ], [ -46.39872, -23.90946 ], [ -46.39901, -23.90939 ], [ -46.39983, -23.90842 ], [ -46.40039, -23.90801 ], [ -46.40075, -23.90756 ], [ -46.40089, -23.90715 ] ], [ [ -46.39079, -23.9176 ], [ -46.39128, -23.9178 ], [ -46.39405, -23.91793 ], [ -46.39745, -23.9176 ], [ -46.39893, -23.9176 ], [ -46.40011, -23.91793 ], [ -46.40069, -23.91771 ], [ -46.40083, -23.91728 ], [ -46.4007, -23.91672 ], [ -46.40008, -23.91643 ], [ -46.39999, -23.91617 ], [ -46.40045, -23.91468 ], [ -46.40006, -23.91415 ], [ -46.40058, -23.9141 ], [ -46.40093, -23.91291 ], [ -46.40079, -23.91201 ], [ -46.40022, -23.91064 ], [ -46.39972, -23.91053 ], [ -46.39749, -23.91059 ], [ -46.39782, -23.91117 ], [ -46.39782, -23.91156 ], [ -46.39725, -23.91076 ], [ -46.39707, -23.91083 ], [ -46.39687, -23.9115 ], [ -46.39739, -23.91238 ], [ -46.39732, -23.91265 ], [ -46.3971, -23.91263 ], [ -46.39702, -23.91208 ], [ -46.39668, -23.91177 ], [ -46.39655, -23.91129 ], [ -46.39673, -23.91092 ], [ -46.39663, -23.91068 ], [ -46.39477, -23.91007 ], [ -46.39423, -23.90946 ], [ -46.39311, -23.90744 ], [ -46.39258, -23.90696 ], [ -46.39215, -23.90677 ], [ -46.39166, -23.90685 ], [ -46.39136, -23.90726 ], [ -46.39082, -23.90763 ], [ -46.3902, -23.90846 ], [ -46.38855, -23.90946 ], [ -46.38859, -23.90981 ], [ -46.3889, -23.91023 ], [ -46.39035, -23.91166 ], [ -46.39095, -23.91246 ], [ -46.39129, -23.91162 ], [ -46.3915, -23.91145 ], [ -46.39164, -23.91226 ], [ -46.39187, -23.91246 ], [ -46.39252, -23.91207 ], [ -46.39391, -23.91175 ], [ -46.39301, -23.91205 ], [ -46.39224, -23.9127 ], [ -46.39172, -23.91287 ], [ -46.39166, -23.91332 ], [ -46.39267, -23.91417 ], [ -46.39202, -23.91391 ], [ -46.39164, -23.91357 ], [ -46.39143, -23.91356 ], [ -46.3918, -23.9146 ], [ -46.39174, -23.91539 ], [ -46.39163, -23.91607 ], [ -46.39135, -23.91673 ], [ -46.39079, -23.9176 ] ], [ [ -46.39154, -23.90635 ], [ -46.39162, -23.9065 ], [ -46.39215, -23.90656 ], [ -46.39206, -23.90636 ], [ -46.39154, -23.90635 ] ], [ [ -46.38393, -23.91605 ], [ -46.38326, -23.91591 ], [ -46.38233, -23.91591 ], [ -46.3815, -23.9161 ], [ -46.38133, -23.91631 ], [ -46.38129, -23.91674 ], [ -46.38157, -23.91738 ], [ -46.38257, -23.91848 ], [ -46.3832, -23.91889 ], [ -46.3839, -23.919 ], [ -46.3867, -23.91831 ], [ -46.38668, -23.91796 ], [ -46.38393, -23.91605 ] ], [ [ -46.42002, -23.90954 ], [ -46.4198, -23.90943 ], [ -46.41941, -23.90965 ], [ -46.41937, -23.90985 ], [ -46.42004, -23.90999 ], [ -46.42002, -23.90954 ] ], [ [ -46.41942, -23.91011 ], [ -46.41908, -23.91017 ], [ -46.41902, -23.91042 ], [ -46.41988, -23.91044 ], [ -46.41991, -23.91026 ], [ -46.41942, -23.91011 ] ], [ [ -46.41902, -23.90914 ], [ -46.41858, -23.90896 ], [ -46.41843, -23.90952 ], [ -46.41859, -23.90977 ], [ -46.41898, -23.90967 ], [ -46.41902, -23.90914 ] ], [ [ -46.41934, -23.90576 ], [ -46.41853, -23.90598 ], [ -46.41835, -23.90694 ], [ -46.41895, -23.90728 ], [ -46.41923, -23.90763 ], [ -46.41925, -23.90789 ], [ -46.41879, -23.9084 ], [ -46.41885, -23.90864 ], [ -46.41915, -23.90868 ], [ -46.41947, -23.90891 ], [ -46.41987, -23.90844 ], [ -46.41989, -23.90807 ], [ -46.41932, -23.90712 ], [ -46.41884, -23.90663 ], [ -46.41951, -23.90641 ], [ -46.41964, -23.90621 ], [ -46.41962, -23.90591 ], [ -46.41934, -23.90576 ] ], [ [ -46.41468, -23.90394 ], [ -46.41417, -23.90446 ], [ -46.41419, -23.90468 ], [ -46.41468, -23.9043 ], [ -46.41479, -23.90402 ], [ -46.41468, -23.90394 ] ], [ [ -46.41415, -23.89892 ], [ -46.41351, -23.89933 ], [ -46.41349, -23.8995 ], [ -46.41432, -23.89967 ], [ -46.41462, -23.89946 ], [ -46.41481, -23.89916 ], [ -46.41415, -23.89892 ] ], [ [ -46.4163, -23.89528 ], [ -46.41616, -23.89488 ], [ -46.4155, -23.89472 ], [ -46.41552, -23.89416 ], [ -46.41526, -23.89379 ], [ -46.4136, -23.89228 ], [ -46.41342, -23.89229 ], [ -46.41328, -23.89248 ], [ -46.41343, -23.8926 ], [ -46.41348, -23.89303 ], [ -46.41322, -23.89406 ], [ -46.41388, -23.89435 ], [ -46.41406, -23.89474 ], [ -46.41395, -23.89517 ], [ -46.41334, -23.89581 ], [ -46.41321, -23.89622 ], [ -46.41346, -23.89705 ], [ -46.41375, -23.89748 ], [ -46.41436, -23.89761 ], [ -46.41456, -23.89779 ], [ -46.41474, -23.89775 ], [ -46.41524, -23.89715 ], [ -46.41566, -23.897 ], [ -46.41579, -23.89685 ], [ -46.4158, -23.89652 ], [ -46.41561, -23.89618 ], [ -46.41561, -23.89588 ], [ -46.4163, -23.89528 ] ], [ [ -46.41358, -23.89471 ], [ -46.41283, -23.89447 ], [ -46.41282, -23.89339 ], [ -46.41251, -23.89307 ], [ -46.41228, -23.89313 ], [ -46.41223, -23.89417 ], [ -46.41191, -23.895 ], [ -46.41197, -23.89522 ], [ -46.41253, -23.89561 ], [ -46.41302, -23.89561 ], [ -46.41323, -23.89554 ], [ -46.41356, -23.89515 ], [ -46.41358, -23.89471 ] ], [ [ -46.40795, -23.89165 ], [ -46.40757, -23.89203 ], [ -46.40761, -23.89227 ], [ -46.4078, -23.89242 ], [ -46.40805, -23.89237 ], [ -46.40808, -23.89225 ], [ -46.40795, -23.89165 ] ], [ [ -46.40961, -23.88944 ], [ -46.4098, -23.88886 ], [ -46.40972, -23.88877 ], [ -46.4093, -23.88887 ], [ -46.40909, -23.88931 ], [ -46.40913, -23.88978 ], [ -46.40928, -23.88996 ], [ -46.40998, -23.89026 ], [ -46.41045, -23.89009 ], [ -46.40961, -23.88944 ] ], [ [ -46.40524, -23.89998 ], [ -46.40464, -23.90006 ], [ -46.40447, -23.9003 ], [ -46.40448, -23.90053 ], [ -46.40492, -23.90051 ], [ -46.40524, -23.89998 ] ], [ [ -46.40973, -23.91285 ], [ -46.40923, -23.91289 ], [ -46.40913, -23.91319 ], [ -46.40925, -23.91348 ], [ -46.40968, -23.91377 ], [ -46.41013, -23.9134 ], [ -46.41007, -23.91313 ], [ -46.40973, -23.91285 ] ] ] } },
{ "type": "Feature", "properties": { "km2": 0.089 }, "geometry": { "type": "Polygon", "coordinates": [ [ [ -46.40089, -23.90715 ], [ -46.40075, -23.90756 ], [ -46.40039, -23.90801 ], [ -46.39983, -23.90842 ], [ -46.39901, -23.90939 ], [ -46.39872, -23.90946 ], [ -46.39838, -23.90912 ], [ -46.39837, -23.9085 ], [ -46.39807, -23.90793 ], [ -46.39794, -23.90718 ], [ -46.39747, -23.90664 ], [ -46.39719, -23.90591 ], [ -46.39644, -23.90618 ], [ -46.39653, -23.90689 ], [ -46.39573, -23.90573 ], [ -46.39593, -23.90528 ], [ -46.39659, -23.90522 ], [ -46.3975, -23.90534 ], [ -46.39854, -23.90585 ], [ -46.39925, -23.90683 ], [ -46.40005, -23.90718 ], [ -46.40089, -23.90715 ] ] ] } },
{ "type": "Feature", "properties": { "km2": 0.451 }, "geometry": { "type": "Polygon", "coordinates": [ [ [ -46.4061, -23.91119 ], [ -46.40642, -23.91159 ], [ -46.40692, -23.91156 ], [ -46.40855, -23.91252 ], [ -46.40853, -23.91287 ], [ -46.4079, -23.91319 ], [ -46.40769, -23.9136 ], [ -46.40616, -23.91491 ], [ -46.406, -23.91639 ], [ -46.40575, -23.9166 ], [ -46.40524, -23.91764 ], [ -46.40503, -23.91782 ], [ -46.4046, -23.91778 ], [ -46.40437, -23.91748 ], [ -46.40437, -23.91651 ], [ -46.40457, -23.91575 ], [ -46.40381, -23.91636 ], [ -46.40343, -23.9163 ], [ -46.40235, -23.91515 ], [ -46.40164, -23.91499 ], [ -46.40211, -23.91536 ], [ -46.40258, -23.91642 ], [ -46.40456, -23.91811 ], [ -46.40441, -23.91849 ], [ -46.40364, -23.91893 ], [ -46.40269, -23.91907 ], [ -46.4011, -23.91817 ], [ -46.40095, -23.91773 ], [ -46.40106, -23.91732 ], [ -46.40095, -23.91679 ], [ -46.40075, -23.91646 ], [ -46.40026, -23.91623 ], [ -46.40034, -23.91565 ], [ -46.40112, -23.9133 ], [ -46.40132, -23.913 ], [ -46.40136, -23.91256 ], [ -46.4012, -23.91211 ], [ -46.40058, -23.91118 ], [ -46.40054, -23.91073 ], [ -46.40091, -23.91066 ], [ -46.40311, -23.9112 ], [ -46.40351, -23.91113 ], [ -46.40559, -23.91133 ], [ -46.40536, -23.91199 ], [ -46.40541, -23.91283 ], [ -46.40563, -23.91254 ], [ -46.40565, -23.9116 ], [ -46.40588, -23.91122 ], [ -46.4061, -23.91119 ] ] ] } },
{ "type": "Feature", "properties": { "km2": 0.038 }, "geometry": { "type": "Polygon", "coordinates": [ [ [ -46.40943, -23.91399 ], [ -46.40781, -23.91548 ], [ -46.40669, -23.91624 ], [ -46.40657, -23.9157 ], [ -46.40666, -23.91519 ], [ -46.40729, -23.91426 ], [ -46.40828, -23.91368 ], [ -46.40915, -23.91372 ], [ -46.40943, -23.91399 ] ] ] } },
{ "type": "Feature", "properties": { "km2": 0.501 }, "geometry": { "type": "Polygon", "coordinates": [ [ [ -46.41096, -23.90918 ], [ -46.41124, -23.90996 ], [ -46.4112, -23.91202 ], [ -46.41075, -23.91202 ], [ -46.40993, -23.91165 ], [ -46.40823, -23.91018 ], [ -46.40696, -23.90961 ], [ -46.40448, -23.90911 ], [ -46.40171, -23.90927 ], [ -46.40169, -23.90841 ], [ -46.40253, -23.90731 ], [ -46.40289, -23.9065 ], [ -46.40293, -23.90563 ], [ -46.40245, -23.90424 ], [ -46.4026, -23.90361 ], [ -46.40471, -23.90211 ], [ -46.40516, -23.90199 ], [ -46.40558, -23.90204 ], [ -46.40606, -23.90233 ], [ -46.4063, -23.90305 ], [ -46.40699, -23.90337 ], [ -46.40781, -23.90405 ], [ -46.40823, -23.9048 ], [ -46.40815, -23.90565 ], [ -46.40788, -23.90647 ], [ -46.40787, -23.90731 ], [ -46.40807, -23.90811 ], [ -46.40799, -23.90858 ], [ -46.4092, -23.90835 ], [ -46.41052, -23.90884 ], [ -46.41096, -23.90918 ] ] ] } },
{ "type": "Feature", "properties": { "km2": 0.498 }, "geometry": { "type": "Polygon", "coordinates": [ [ [ -46.41146, -23.91289 ], [ -46.41207, -23.91245 ], [ -46.41245, -23.91285 ], [ -46.41275, -23.91295 ], [ -46.41306, -23.91289 ], [ -46.41265, -23.91249 ], [ -46.41244, -23.91255 ], [ -46.41228, -23.91226 ], [ -46.41251, -23.91203 ], [ -46.41241, -23.91011 ], [ -46.41217, -23.90932 ], [ -46.41282, -23.90936 ], [ -46.41353, -23.90911 ], [ -46.41468, -23.91002 ], [ -46.41506, -23.91018 ], [ -46.41514, -23.91035 ], [ -46.41533, -23.91032 ], [ -46.41536, -23.91015 ], [ -46.41391, -23.90891 ], [ -46.41392, -23.90875 ], [ -46.41426, -23.90857 ], [ -46.41353, -23.90864 ], [ -46.41337, -23.90881 ], [ -46.41216, -23.90816 ], [ -46.41195, -23.90789 ], [ -46.41171, -23.90693 ], [ -46.41252, -23.90654 ], [ -46.41344, -23.90585 ], [ -46.41415, -23.9064 ], [ -46.41451, -23.90644 ], [ -46.41474, -23.90683 ], [ -46.41524, -23.90705 ], [ -46.41468, -23.9063 ], [ -46.41395, -23.90597 ], [ -46.41385, -23.90564 ], [ -46.41453, -23.90522 ], [ -46.41538, -23.90588 ], [ -46.41568, -23.90591 ], [ -46.41572, -23.90569 ], [ -46.41479, -23.90499 ], [ -46.41483, -23.90446 ], [ -46.41512, -23.9038 ], [ -46.41544, -23.90364 ], [ -46.41619, -23.90374 ], [ -46.41717, -23.90421 ], [ -46.41779, -23.90485 ], [ -46.41769, -23.90553 ], [ -46.41799, -23.90585 ], [ -46.41808, -23.90614 ], [ -46.41788, -23.90688 ], [ -46.41815, -23.90793 ], [ -46.41782, -23.90832 ], [ -46.41792, -23.90982 ], [ -46.41766, -23.90991 ], [ -46.41769, -23.9106 ], [ -46.41706, -23.9115 ], [ -46.41653, -23.91181 ], [ -46.41614, -23.91185 ], [ -46.41558, -23.91168 ], [ -46.41552, -23.9125 ], [ -46.41454, -23.91296 ], [ -46.41439, -23.91341 ], [ -46.41488, -23.91385 ], [ -46.41483, -23.91419 ], [ -46.4144, -23.91451 ], [ -46.41437, -23.91489 ], [ -46.41417, -23.91501 ], [ -46.41359, -23.91472 ], [ -46.41249, -23.91442 ], [ -46.41244, -23.91422 ], [ -46.41161, -23.91331 ], [ -46.41146, -23.91289 ] ] ] } },
{ "type": "Feature", "properties": { "km2": 7.19 }, "geometry": { "type": "Polygon", "coordinates": [ [ [ -46.40714, -23.93924 ], [ -46.40716, -23.939 ], [ -46.4065, -23.93889 ], [ -46.40633, -23.93898 ], [ -46.40604, -23.9389 ], [ -46.40602, -23.93918 ], [ -46.40587, -23.93928 ], [ -46.40563, -23.93905 ], [ -46.40571, -23.93935 ], [ -46.40554, -23.93918 ], [ -46.40558, -23.93941 ], [ -46.40541, -23.93933 ], [ -46.40541, -23.93953 ], [ -46.40502, -23.93963 ], [ -46.40454, -23.94011 ], [ -46.40451, -23.94056 ], [ -46.4043, -23.94095 ], [ -46.40441, -23.94103 ], [ -46.40432, -23.94129 ], [ -46.40442, -23.94125 ], [ -46.40461, -23.94138 ], [ -46.40457, -23.94152 ], [ -46.40479, -23.94155 ], [ -46.40483, -23.94179 ], [ -46.40622, -23.94233 ], [ -46.40682, -23.9432 ], [ -46.40685, -23.9437 ], [ -46.40661, -23.94392 ], [ -46.40628, -23.944 ], [ -46.40603, -23.94428 ], [ -46.40541, -23.94434 ], [ -46.40535, -23.94423 ], [ -46.4039, -23.94473 ], [ -46.40375, -23.94476 ], [ -46.40366, -23.94463 ], [ -46.40306, -23.94485 ], [ -46.40287, -23.94505 ], [ -46.40309, -23.94534 ], [ -46.40276, -23.94519 ], [ -46.40209, -23.94617 ], [ -46.40281, -23.94489 ], [ -46.40307, -23.94474 ], [ -46.40303, -23.94465 ], [ -46.40342, -23.94467 ], [ -46.4039, -23.9445 ], [ -46.40403, -23.9446 ], [ -46.40462, -23.94426 ], [ -46.40488, -23.94429 ], [ -46.4055, -23.94407 ], [ -46.40587, -23.94411 ], [ -46.40649, -23.94381 ], [ -46.40645, -23.94354 ], [ -46.40654, -23.94349 ], [ -46.40641, -23.94348 ], [ -46.40661, -23.94343 ], [ -46.40666, -23.94326 ], [ -46.40623, -23.9427 ], [ -46.40554, -23.94218 ], [ -46.40535, -23.94225 ], [ -46.40478, -23.94205 ], [ -46.4048, -23.94193 ], [ -46.40466, -23.94186 ], [ -46.40443, -23.94192 ], [ -46.4045, -23.94179 ], [ -46.40413, -23.94143 ], [ -46.40405, -23.9417 ], [ -46.40405, -23.94142 ], [ -46.40424, -23.93984 ], [ -46.40416, -23.93971 ], [ -46.40404, -23.93993 ], [ -46.40193, -23.9392 ], [ -46.40187, -23.93942 ], [ -46.40173, -23.93892 ], [ -46.40154, -23.93879 ], [ -46.40082, -23.93882 ], [ -46.40072, -23.93893 ], [ -46.40061, -23.93878 ], [ -46.39956, -23.93834 ], [ -46.39257, -23.93785 ], [ -46.39132, -23.93757 ], [ -46.39015, -23.93711 ], [ -46.38749, -23.93575 ], [ -46.38707, -23.9358 ], [ -46.38683, -23.93611 ], [ -46.38629, -23.93615 ], [ -46.38334, -23.93545 ], [ -46.38198, -23.93469 ], [ -46.38177, -23.9344 ], [ -46.38115, -23.93403 ], [ -46.37818, -23.93134 ], [ -46.37763, -23.93131 ], [ -46.37578, -23.93174 ], [ -46.37527, -23.93175 ], [ -46.37288, -23.9315 ], [ -46.37192, -23.93126 ], [ -46.37065, -23.93135 ], [ -46.36968, -23.93179 ], [ -46.36899, -23.93231 ], [ -46.3687, -23.93264 ], [ -46.36811, -23.93436 ], [ -46.36759, -23.93462 ], [ -46.36722, -23.93465 ], [ -46.36671, -23.93516 ], [ -46.3671, -23.93455 ], [ -46.3666, -23.93402 ], [ -46.36731, -23.9345 ], [ -46.36788, -23.93441 ], [ -46.36804, -23.93427 ], [ -46.36871, -23.93234 ], [ -46.36941, -23.93163 ], [ -46.3712, -23.93074 ], [ -46.37253, -23.93066 ], [ -46.37471, -23.93122 ], [ -46.3752, -23.93105 ], [ -46.37649, -23.93013 ], [ -46.37689, -23.93 ], [ -46.37727, -23.9301 ], [ -46.37884, -23.93105 ], [ -46.38055, -23.9315 ], [ -46.38157, -23.93274 ], [ -46.38196, -23.93412 ], [ -46.38215, -23.9344 ], [ -46.38256, -23.93467 ], [ -46.38289, -23.93459 ], [ -46.38331, -23.9342 ], [ -46.38351, -23.93079 ], [ -46.38356, -23.9304 ], [ -46.38379, -23.93012 ], [ -46.3854, -23.92911 ], [ -46.38585, -23.92924 ], [ -46.38858, -23.9291 ], [ -46.38923, -23.92887 ], [ -46.39092, -23.92722 ], [ -46.39133, -23.92713 ], [ -46.39184, -23.92673 ], [ -46.39327, -23.92597 ], [ -46.39436, -23.9255 ], [ -46.39564, -23.92521 ], [ -46.39608, -23.92492 ], [ -46.39705, -23.92592 ], [ -46.39647, -23.92648 ], [ -46.39487, -23.92715 ], [ -46.39267, -23.92771 ], [ -46.39208, -23.928 ], [ -46.39134, -23.92869 ], [ -46.39078, -23.92945 ], [ -46.39014, -23.93095 ], [ -46.38994, -23.93192 ], [ -46.39022, -23.933 ], [ -46.39064, -23.93324 ], [ -46.39186, -23.93356 ], [ -46.39223, -23.93352 ], [ -46.39494, -23.93396 ], [ -46.39512, -23.93503 ], [ -46.39591, -23.93522 ], [ -46.3976, -23.93522 ], [ -46.39878, -23.93509 ], [ -46.39987, -23.93481 ], [ -46.4032, -23.93226 ], [ -46.40344, -23.9322 ], [ -46.40368, -23.93233 ], [ -46.40396, -23.93218 ], [ -46.40498, -23.93234 ], [ -46.40536, -23.93235 ], [ -46.40548, -23.93222 ], [ -46.40575, -23.93235 ], [ -46.40626, -23.93228 ], [ -46.40638, -23.9326 ], [ -46.40659, -23.93267 ], [ -46.40694, -23.93268 ], [ -46.40712, -23.93233 ], [ -46.40922, -23.93231 ], [ -46.40992, -23.93273 ], [ -46.41024, -23.93241 ], [ -46.41035, -23.93255 ], [ -46.41071, -23.93237 ], [ -46.4119, -23.93248 ], [ -46.41209, -23.93272 ], [ -46.41272, -23.93245 ], [ -46.41298, -23.93304 ], [ -46.41306, -23.93301 ], [ -46.4129, -23.93244 ], [ -46.41376, -23.93234 ], [ -46.41378, -23.93304 ], [ -46.41395, -23.93303 ], [ -46.41394, -23.9324 ], [ -46.41445, -23.93229 ], [ -46.4147, -23.93262 ], [ -46.41576, -23.9323 ], [ -46.4169, -23.93253 ], [ -46.41732, -23.93241 ], [ -46.41789, -23.93305 ], [ -46.42057, -23.93301 ], [ -46.42179, -23.93316 ], [ -46.42231, -23.93309 ], [ -46.42393, -23.93247 ], [ -46.42339, -23.9329 ], [ -46.42294, -23.93293 ], [ -46.42251, -23.93316 ], [ -46.42225, -23.93337 ], [ -46.42226, -23.93353 ], [ -46.42419, -23.93435 ], [ -46.42671, -23.93168 ], [ -46.42702, -23.93179 ], [ -46.42504, -23.93444 ], [ -46.42507, -23.93469 ], [ -46.42633, -23.93517 ], [ -46.42666, -23.93552 ], [ -46.43127, -23.93701 ], [ -46.43301, -23.93687 ], [ -46.43423, -23.93635 ], [ -46.43746, -23.93611 ], [ -46.43733, -23.93535 ], [ -46.4374, -23.93514 ], [ -46.43781, -23.93615 ], [ -46.44119, -23.93662 ], [ -46.44329, -23.93733 ], [ -46.44374, -23.93706 ], [ -46.44396, -23.93603 ], [ -46.44366, -23.93484 ], [ -46.44324, -23.93447 ], [ -46.44321, -23.93427 ], [ -46.44334, -23.93381 ], [ -46.44379, -23.93328 ], [ -46.4439, -23.93148 ], [ -46.44343, -23.93082 ], [ -46.44339, -23.93042 ], [ -46.44389, -23.92996 ], [ -46.44396, -23.92955 ], [ -46.444, -23.93 ], [ -46.44363, -23.93028 ], [ -46.44352, -23.93057 ], [ -46.444, -23.93141 ], [ -46.44394, -23.93331 ], [ -46.44339, -23.93391 ], [ -46.44338, -23.93431 ], [ -46.44377, -23.93462 ], [ -46.4441, -23.93608 ], [ -46.44364, -23.9377 ], [ -46.44484, -23.94009 ], [ -46.44518, -23.94134 ], [ -46.44613, -23.94158 ], [ -46.44696, -23.94142 ], [ -46.4481, -23.94066 ], [ -46.45061, -23.93736 ], [ -46.45134, -23.93624 ], [ -46.45332, -23.93252 ], [ -46.45336, -23.93203 ], [ -46.45225, -23.92844 ], [ -46.45164, -23.92585 ], [ -46.45063, -23.92342 ], [ -46.45025, -23.92169 ], [ -46.44969, -23.91993 ], [ -46.44907, -23.91873 ], [ -46.44877, -23.91838 ], [ -46.44819, -23.91806 ], [ -46.44748, -23.91793 ], [ -46.44559, -23.91832 ], [ -46.44548, -23.91855 ], [ -46.44441, -23.91853 ], [ -46.44018, -23.91959 ], [ -46.43892, -23.91955 ], [ -46.43641, -23.91879 ], [ -46.43546, -23.91822 ], [ -46.43426, -23.91716 ], [ -46.43364, -23.91689 ], [ -46.43321, -23.91691 ], [ -46.43272, -23.91724 ], [ -46.43214, -23.91804 ], [ -46.43153, -23.91842 ], [ -46.43014, -23.91818 ], [ -46.42988, -23.91798 ], [ -46.42978, -23.91771 ], [ -46.42808, -23.91728 ], [ -46.42699, -23.91738 ], [ -46.42574, -23.91794 ], [ -46.42553, -23.91785 ], [ -46.42484, -23.91828 ], [ -46.42433, -23.91791 ], [ -46.42385, -23.91728 ], [ -46.4234, -23.91701 ], [ -46.42336, -23.91687 ], [ -46.42383, -23.91694 ], [ -46.42407, -23.91659 ], [ -46.42385, -23.91532 ], [ -46.42408, -23.91451 ], [ -46.42382, -23.91416 ], [ -46.42313, -23.91374 ], [ -46.42299, -23.91306 ], [ -46.42306, -23.91278 ], [ -46.42342, -23.91236 ], [ -46.42379, -23.91217 ], [ -46.42365, -23.91179 ], [ -46.42377, -23.91176 ], [ -46.42404, -23.91106 ], [ -46.42431, -23.91096 ], [ -46.42459, -23.91105 ], [ -46.4246, -23.91049 ], [ -46.42478, -23.91078 ], [ -46.4247, -23.91101 ], [ -46.42406, -23.91128 ], [ -46.42393, -23.91226 ], [ -46.42326, -23.91267 ], [ -46.42315, -23.91295 ], [ -46.42327, -23.91342 ], [ -46.42376, -23.91393 ], [ -46.42411, -23.91404 ], [ -46.42433, -23.91436 ], [ -46.4245, -23.91538 ], [ -46.42491, -23.91553 ], [ -46.42499, -23.91517 ], [ -46.4252, -23.91491 ], [ -46.42557, -23.91473 ], [ -46.42698, -23.91449 ], [ -46.42781, -23.91403 ], [ -46.42808, -23.91407 ], [ -46.42832, -23.91443 ], [ -46.42873, -23.91434 ], [ -46.42918, -23.91464 ], [ -46.43, -23.91438 ], [ -46.43022, -23.91422 ], [ -46.43049, -23.91339 ], [ -46.43225, -23.91055 ], [ -46.43301, -23.90898 ], [ -46.43288, -23.90871 ], [ -46.43214, -23.90833 ], [ -46.43298, -23.90866 ], [ -46.43316, -23.9086 ], [ -46.43383, -23.90789 ], [ -46.43431, -23.9078 ], [ -46.43426, -23.90744 ], [ -46.4344, -23.90709 ], [ -46.43438, -23.90742 ], [ -46.43459, -23.90777 ], [ -46.43764, -23.90917 ], [ -46.43879, -23.90946 ], [ -46.43933, -23.90975 ], [ -46.44062, -23.91015 ], [ -46.44088, -23.91 ], [ -46.44099, -23.90914 ], [ -46.441, -23.91003 ], [ -46.44151, -23.90983 ], [ -46.4417, -23.90957 ], [ -46.44171, -23.90924 ], [ -46.44112, -23.90819 ], [ -46.44082, -23.90783 ], [ -46.43927, -23.90677 ], [ -46.43901, -23.90626 ], [ -46.43907, -23.90577 ], [ -46.43932, -23.90537 ], [ -46.43985, -23.90485 ], [ -46.44073, -23.90442 ], [ -46.44099, -23.90399 ], [ -46.44147, -23.90257 ], [ -46.44117, -23.90229 ], [ -46.44018, -23.902 ], [ -46.44123, -23.90209 ], [ -46.44066, -23.90178 ], [ -46.43947, -23.90171 ], [ -46.43903, -23.90187 ], [ -46.4382, -23.90311 ], [ -46.43777, -23.90329 ], [ -46.43801, -23.90309 ], [ -46.43851, -23.90195 ], [ -46.43846, -23.90164 ], [ -46.43802, -23.90097 ], [ -46.43812, -23.90059 ], [ -46.43903, -23.90147 ], [ -46.44091, -23.90159 ], [ -46.4414, -23.90176 ], [ -46.44178, -23.90206 ], [ -46.44193, -23.90235 ], [ -46.44199, -23.90351 ], [ -46.44146, -23.90425 ], [ -46.44142, -23.90459 ], [ -46.44185, -23.90493 ], [ -46.44268, -23.90474 ], [ -46.44304, -23.90487 ], [ -46.44329, -23.90533 ], [ -46.44369, -23.90554 ], [ -46.44454, -23.90567 ], [ -46.44475, -23.90657 ], [ -46.44494, -23.90656 ], [ -46.44703, -23.90466 ], [ -46.44679, -23.9043 ], [ -46.44652, -23.90326 ], [ -46.446, -23.90233 ], [ -46.44561, -23.90083 ], [ -46.44567, -23.90046 ], [ -46.4461, -23.90203 ], [ -46.44667, -23.90309 ], [ -46.44717, -23.90303 ], [ -46.44817, -23.90335 ], [ -46.44723, -23.90316 ], [ -46.44677, -23.90326 ], [ -46.44705, -23.90422 ], [ -46.44761, -23.90488 ], [ -46.44768, -23.90518 ], [ -46.44721, -23.90479 ], [ -46.44497, -23.90694 ], [ -46.44473, -23.90696 ], [ -46.4444, -23.90652 ], [ -46.44447, -23.90593 ], [ -46.44438, -23.90581 ], [ -46.44408, -23.90591 ], [ -46.44381, -23.90584 ], [ -46.44322, -23.90549 ], [ -46.44294, -23.90502 ], [ -46.44275, -23.90495 ], [ -46.44162, -23.90513 ], [ -46.44114, -23.90477 ], [ -46.44089, -23.90485 ], [ -46.43986, -23.90573 ], [ -46.43962, -23.90599 ], [ -46.43954, -23.9063 ], [ -46.44145, -23.9077 ], [ -46.44198, -23.90845 ], [ -46.44213, -23.90925 ], [ -46.44202, -23.90983 ], [ -46.44123, -23.91036 ], [ -46.44016, -23.91055 ], [ -46.43961, -23.91044 ], [ -46.43932, -23.91024 ], [ -46.43699, -23.90947 ], [ -46.43464, -23.90835 ], [ -46.43405, -23.90836 ], [ -46.43378, -23.90858 ], [ -46.43285, -23.91064 ], [ -46.43063, -23.9144 ], [ -46.43072, -23.91461 ], [ -46.43308, -23.9153 ], [ -46.43696, -23.91818 ], [ -46.43881, -23.91871 ], [ -46.43915, -23.91857 ], [ -46.43975, -23.91789 ], [ -46.44001, -23.91755 ], [ -46.43982, -23.9174 ], [ -46.44031, -23.91681 ], [ -46.44106, -23.91698 ], [ -46.44117, -23.9173 ], [ -46.4399, -23.91863 ], [ -46.44076, -23.91867 ], [ -46.44162, -23.91847 ], [ -46.44284, -23.91775 ], [ -46.44295, -23.9174 ], [ -46.44289, -23.91708 ], [ -46.44235, -23.91738 ], [ -46.44274, -23.91641 ], [ -46.44317, -23.91581 ], [ -46.44417, -23.91526 ], [ -46.44621, -23.91485 ], [ -46.44917, -23.91542 ], [ -46.44966, -23.91501 ], [ -46.45052, -23.91336 ], [ -46.45051, -23.91263 ], [ -46.45023, -23.91204 ], [ -46.44959, -23.91181 ], [ -46.4494, -23.91185 ], [ -46.44891, -23.91219 ], [ -46.44815, -23.91315 ], [ -46.44776, -23.91346 ], [ -46.44715, -23.91355 ], [ -46.44681, -23.91335 ], [ -46.44653, -23.91298 ], [ -46.44644, -23.91243 ], [ -46.44544, -23.91234 ], [ -46.44438, -23.912 ], [ -46.44433, -23.91181 ], [ -46.4466, -23.91207 ], [ -46.447, -23.91166 ], [ -46.44712, -23.91124 ], [ -46.44653, -23.91152 ], [ -46.44707, -23.91088 ], [ -46.44683, -23.91014 ], [ -46.4461, -23.90967 ], [ -46.44669, -23.90984 ], [ -46.44698, -23.90893 ], [ -46.44838, -23.90828 ], [ -46.44851, -23.90807 ], [ -46.4481, -23.90745 ], [ -46.44828, -23.90741 ], [ -46.44877, -23.90789 ], [ -46.44963, -23.90769 ], [ -46.45086, -23.90763 ], [ -46.45226, -23.90815 ], [ -46.45291, -23.9082 ], [ -46.45404, -23.90747 ], [ -46.45411, -23.90732 ], [ -46.45396, -23.90726 ], [ -46.45448, -23.90707 ], [ -46.45491, -23.90673 ], [ -46.45584, -23.90651 ], [ -46.45583, -23.90621 ], [ -46.45624, -23.90671 ], [ -46.45602, -23.90738 ], [ -46.45612, -23.90796 ], [ -46.45653, -23.90807 ], [ -46.45707, -23.90747 ], [ -46.45774, -23.90756 ], [ -46.45697, -23.90763 ], [ -46.45652, -23.90837 ], [ -46.45632, -23.90836 ], [ -46.45598, -23.90806 ], [ -46.45572, -23.90693 ], [ -46.45523, -23.90691 ], [ -46.45334, -23.90834 ], [ -46.45293, -23.9085 ], [ -46.45207, -23.90844 ], [ -46.45182, -23.90822 ], [ -46.45077, -23.90794 ], [ -46.44944, -23.90816 ], [ -46.4491, -23.90825 ], [ -46.44752, -23.9093 ], [ -46.44729, -23.9095 ], [ -46.4472, -23.90984 ], [ -46.44767, -23.9111 ], [ -46.44768, -23.91147 ], [ -46.44708, -23.91255 ], [ -46.44712, -23.91296 ], [ -46.44732, -23.91308 ], [ -46.44775, -23.91294 ], [ -46.4483, -23.91199 ], [ -46.44904, -23.91152 ], [ -46.45002, -23.91143 ], [ -46.45039, -23.91155 ], [ -46.4507, -23.91184 ], [ -46.45096, -23.91276 ], [ -46.45099, -23.91356 ], [ -46.45035, -23.91591 ], [ -46.45023, -23.91681 ], [ -46.45145, -23.92036 ], [ -46.45205, -23.92322 ], [ -46.45299, -23.92583 ], [ -46.45364, -23.92644 ], [ -46.45559, -23.92765 ], [ -46.45621, -23.92893 ], [ -46.45656, -23.93058 ], [ -46.45647, -23.93156 ], [ -46.45537, -23.93286 ], [ -46.45508, -23.9335 ], [ -46.45415, -23.93673 ], [ -46.45295, -23.93875 ], [ -46.45194, -23.94011 ], [ -46.45085, -23.94107 ], [ -46.44879, -23.94226 ], [ -46.44692, -23.94279 ], [ -46.44636, -23.9428 ], [ -46.44434, -23.94206 ], [ -46.4392, -23.93909 ], [ -46.43891, -23.93907 ], [ -46.43879, -23.93944 ], [ -46.4384, -23.9393 ], [ -46.43795, -23.93866 ], [ -46.43568, -23.93826 ], [ -46.43405, -23.93848 ], [ -46.4333, -23.93881 ], [ -46.43252, -23.93938 ], [ -46.43242, -23.93972 ], [ -46.43194, -23.94036 ], [ -46.43169, -23.94109 ], [ -46.43182, -23.94181 ], [ -46.43104, -23.94421 ], [ -46.43079, -23.94572 ], [ -46.43016, -23.94662 ], [ -46.42775, -23.94866 ], [ -46.42694, -23.94949 ], [ -46.42496, -23.95217 ], [ -46.42287, -23.95597 ], [ -46.42054, -23.96094 ], [ -46.42034, -23.96105 ], [ -46.42008, -23.96163 ], [ -46.42016, -23.96219 ], [ -46.41432, -23.96155 ], [ -46.41473, -23.96003 ], [ -46.41681, -23.95548 ], [ -46.41786, -23.95276 ], [ -46.41865, -23.94943 ], [ -46.41904, -23.94848 ], [ -46.41994, -23.94764 ], [ -46.42178, -23.94515 ], [ -46.42366, -23.94401 ], [ -46.42433, -23.94286 ], [ -46.42524, -23.93982 ], [ -46.42499, -23.93836 ], [ -46.42442, -23.93716 ], [ -46.42409, -23.93693 ], [ -46.4239, -23.9364 ], [ -46.42335, -23.93657 ], [ -46.4232, -23.93698 ], [ -46.42282, -23.93721 ], [ -46.42258, -23.93709 ], [ -46.42275, -23.93679 ], [ -46.42262, -23.93648 ], [ -46.4221, -23.93614 ], [ -46.42134, -23.93598 ], [ -46.42074, -23.93612 ], [ -46.41984, -23.93601 ], [ -46.4173, -23.93712 ], [ -46.41709, -23.9375 ], [ -46.41621, -23.93833 ], [ -46.4153, -23.9386 ], [ -46.41365, -23.93969 ], [ -46.41354, -23.93998 ], [ -46.41321, -23.94002 ], [ -46.41311, -23.9402 ], [ -46.41186, -23.94007 ], [ -46.41149, -23.93997 ], [ -46.41146, -23.93986 ], [ -46.4113, -23.93998 ], [ -46.41105, -23.93994 ], [ -46.41079, -23.93987 ], [ -46.41074, -23.93967 ], [ -46.41055, -23.93991 ], [ -46.41037, -23.93963 ], [ -46.41027, -23.93984 ], [ -46.40902, -23.93963 ], [ -46.4084, -23.93965 ], [ -46.40714, -23.93924 ] ], [ [ -46.44445, -23.91674 ], [ -46.44346, -23.91705 ], [ -46.44337, -23.91736 ], [ -46.44363, -23.9174 ], [ -46.44445, -23.91674 ] ], [ [ -46.43148, -23.94104 ], [ -46.43126, -23.94109 ], [ -46.43096, -23.94191 ], [ -46.43125, -23.94217 ], [ -46.43157, -23.94187 ], [ -46.43148, -23.94104 ] ], [ [ -46.43144, -23.94235 ], [ -46.43125, -23.94254 ], [ -46.43131, -23.94296 ], [ -46.4315, -23.94245 ], [ -46.43144, -23.94235 ] ], [ [ -46.4312, -23.91572 ], [ -46.43078, -23.9157 ], [ -46.43043, -23.91579 ], [ -46.43009, -23.91615 ], [ -46.43013, -23.91626 ], [ -46.43095, -23.91638 ], [ -46.4312, -23.91572 ] ], [ [ -46.44313, -23.93777 ], [ -46.4426, -23.9373 ], [ -46.44236, -23.93734 ], [ -46.44255, -23.93774 ], [ -46.44288, -23.93793 ], [ -46.44313, -23.93777 ] ], [ [ -46.40916, -23.93629 ], [ -46.40942, -23.93618 ], [ -46.40944, -23.93559 ], [ -46.40895, -23.93488 ], [ -46.40855, -23.93483 ], [ -46.40743, -23.93538 ], [ -46.4074, -23.93571 ], [ -46.40752, -23.93585 ], [ -46.40916, -23.93629 ] ] ] } },
{ "type": "Feature", "properties": { "km2": 0.125 }, "geometry": { "type": "Polygon", "coordinates": [ [ [ -46.38393, -23.91605 ], [ -46.38668, -23.91796 ], [ -46.3867, -23.91831 ], [ -46.3839, -23.919 ], [ -46.3832, -23.91889 ], [ -46.38257, -23.91848 ], [ -46.38157, -23.91738 ], [ -46.38129, -23.91674 ], [ -46.38133, -23.91631 ], [ -46.3815, -23.9161 ], [ -46.38233, -23.91591 ], [ -46.38326, -23.91591 ], [ -46.38393, -23.91605 ] ] ] } },
{ "type": "Feature", "properties": { "km2": 0.908 }, "geometry": { "type": "Polygon", "coordinates": [ [ [ -46.39079, -23.9176 ], [ -46.39135, -23.91673 ], [ -46.39163, -23.91607 ], [ -46.39174, -23.91539 ], [ -46.3918, -23.9146 ], [ -46.39143, -23.91356 ], [ -46.39164, -23.91357 ], [ -46.39202, -23.91391 ], [ -46.39267, -23.91417 ], [ -46.39166, -23.91332 ], [ -46.39172, -23.91287 ], [ -46.39224, -23.9127 ], [ -46.39301, -23.91205 ], [ -46.39391, -23.91175 ], [ -46.39252, -23.91207 ], [ -46.39187, -23.91246 ], [ -46.39164, -23.91226 ], [ -46.3915, -23.91145 ], [ -46.39129, -23.91162 ], [ -46.39095, -23.91246 ], [ -46.39035, -23.91166 ], [ -46.3889, -23.91023 ], [ -46.38859, -23.90981 ], [ -46.38855, -23.90946 ], [ -46.3902, -23.90846 ], [ -46.39082, -23.90763 ], [ -46.39136, -23.90726 ], [ -46.39166, -23.90685 ], [ -46.39215, -23.90677 ], [ -46.39258, -23.90696 ], [ -46.39311, -23.90744 ], [ -46.39423, -23.90946 ], [ -46.39477, -23.91007 ], [ -46.39663, -23.91068 ], [ -46.39673, -23.91092 ], [ -46.39655, -23.91129 ], [ -46.39668, -23.91177 ], [ -46.39702, -23.91208 ], [ -46.3971, -23.91263 ], [ -46.39732, -23.91265 ], [ -46.39739, -23.91238 ], [ -46.39687, -23.9115 ], [ -46.39707, -23.91083 ], [ -46.39725, -23.91076 ], [ -46.39782, -23.91156 ], [ -46.39782, -23.91117 ], [ -46.39749, -23.91059 ], [ -46.39972, -23.91053 ], [ -46.40022, -23.91064 ], [ -46.40079, -23.91201 ], [ -46.40093, -23.91291 ], [ -46.40058, -23.9141 ], [ -46.40006, -23.91415 ], [ -46.40045, -23.91468 ], [ -46.39999, -23.91617 ], [ -46.40008, -23.91643 ], [ -46.4007, -23.91672 ], [ -46.40083, -23.91728 ], [ -46.40069, -23.91771 ], [ -46.40011, -23.91793 ], [ -46.39893, -23.9176 ], [ -46.39745, -23.9176 ], [ -46.39405, -23.91793 ], [ -46.39128, -23.9178 ], [ -46.39079, -23.9176 ] ] ] } },
{ "type": "Feature", "properties": { "km2": 2.851 }, "geometry": { "type": "Polygon", "coordinates": [ [ [ -46.33541, -23.91876 ], [ -46.33302, -23.91778 ], [ -46.33014, -23.91867 ], [ -46.32953, -23.91856 ], [ -46.32834, -23.91719 ], [ -46.32636, -23.91369 ], [ -46.32604, -23.91263 ], [ -46.32608, -23.9115 ], [ -46.3269, -23.90986 ], [ -46.32788, -23.90863 ], [ -46.32929, -23.9074 ], [ -46.33038, -23.90679 ], [ -46.33224, -23.90625 ], [ -46.33258, -23.90594 ], [ -46.33153, -23.90544 ], [ -46.33043, -23.90524 ], [ -46.3306, -23.90391 ], [ -46.33114, -23.90353 ], [ -46.3321, -23.90181 ], [ -46.33303, -23.90158 ], [ -46.33366, -23.90181 ], [ -46.33614, -23.90177 ], [ -46.33784, -23.90188 ], [ -46.33887, -23.90215 ], [ -46.33958, -23.9026 ], [ -46.34122, -23.90305 ], [ -46.34156, -23.90326 ], [ -46.34284, -23.90302 ], [ -46.34393, -23.90311 ], [ -46.34579, -23.90395 ], [ -46.34741, -23.90533 ], [ -46.34661, -23.90594 ], [ -46.34756, -23.90705 ], [ -46.34847, -23.90728 ], [ -46.34996, -23.9072 ], [ -46.3504, -23.90738 ], [ -46.35004, -23.90773 ], [ -46.35177, -23.9084 ], [ -46.35181, -23.90862 ], [ -46.35091, -23.90822 ], [ -46.35086, -23.90866 ], [ -46.3491, -23.90846 ], [ -46.34744, -23.90796 ], [ -46.34546, -23.90762 ], [ -46.34169, -23.90869 ], [ -46.3431, -23.91074 ], [ -46.34358, -23.91165 ], [ -46.34376, -23.91234 ], [ -46.3436, -23.91319 ], [ -46.34403, -23.91447 ], [ -46.34434, -23.9149 ], [ -46.34503, -23.91502 ], [ -46.34569, -23.91536 ], [ -46.33541, -23.91876 ] ] ] } },
{ "type": "Feature", "properties": { "km2": 2.851 }, "geometry": { "type": "Polygon", "coordinates": [ [ [ -46.33541, -23.91876 ], [ -46.33414, -23.91817 ], [ -46.33294, -23.91785 ], [ -46.33014, -23.91867 ], [ -46.32953, -23.91856 ], [ -46.32834, -23.91719 ], [ -46.32643, -23.91391 ], [ -46.32604, -23.91263 ], [ -46.32608, -23.9115 ], [ -46.3269, -23.90986 ], [ -46.3278, -23.9087 ], [ -46.32915, -23.90748 ], [ -46.33018, -23.90684 ], [ -46.33205, -23.9064 ], [ -46.33241, -23.90612 ], [ -46.33212, -23.90577 ], [ -46.33153, -23.90544 ], [ -46.33043, -23.90524 ], [ -46.3306, -23.90391 ], [ -46.33111, -23.9036 ], [ -46.3321, -23.90181 ], [ -46.33303, -23.90158 ], [ -46.33366, -23.90181 ], [ -46.33418, -23.90172 ], [ -46.33492, -23.90184 ], [ -46.33614, -23.90177 ], [ -46.33784, -23.90188 ], [ -46.33887, -23.90215 ], [ -46.33958, -23.9026 ], [ -46.34061, -23.90297 ], [ -46.34122, -23.90305 ], [ -46.34156, -23.90326 ], [ -46.34284, -23.90302 ], [ -46.34393, -23.90311 ], [ -46.34579, -23.90395 ], [ -46.34686, -23.90468 ], [ -46.34745, -23.90538 ], [ -46.34694, -23.90554 ], [ -46.34661, -23.90594 ], [ -46.34756, -23.90705 ], [ -46.34847, -23.90728 ], [ -46.3499, -23.90718 ], [ -46.3504, -23.90738 ], [ -46.3502, -23.90739 ], [ -46.35004, -23.90773 ], [ -46.35033, -23.90771 ], [ -46.35177, -23.9084 ], [ -46.35188, -23.9086 ], [ -46.35163, -23.90866 ], [ -46.35154, -23.90845 ], [ -46.35126, -23.90835 ], [ -46.35077, -23.90878 ], [ -46.35038, -23.90846 ], [ -46.35046, -23.90879 ], [ -46.34958, -23.90839 ], [ -46.34937, -23.90843 ], [ -46.34927, -23.90869 ], [ -46.34833, -23.9084 ], [ -46.34814, -23.90814 ], [ -46.34795, -23.9082 ], [ -46.34699, -23.9078 ], [ -46.3464, -23.90783 ], [ -46.34609, -23.90758 ], [ -46.34597, -23.90771 ], [ -46.3454, -23.90778 ], [ -46.34504, -23.90765 ], [ -46.34479, -23.9078 ], [ -46.34328, -23.90806 ], [ -46.34169, -23.90869 ], [ -46.34169, -23.90892 ], [ -46.34213, -23.90969 ], [ -46.34229, -23.90969 ], [ -46.3425, -23.91009 ], [ -46.34343, -23.91112 ], [ -46.34368, -23.91201 ], [ -46.34348, -23.91287 ], [ -46.34372, -23.91413 ], [ -46.34434, -23.9149 ], [ -46.34503, -23.91502 ], [ -46.34569, -23.91536 ], [ -46.33541, -23.91876 ] ], [ [ -46.33164, -23.9069 ], [ -46.33159, -23.9071 ], [ -46.33195, -23.90719 ], [ -46.33224, -23.90709 ], [ -46.33259, -23.90693 ], [ -46.33289, -23.90659 ], [ -46.33288, -23.90634 ], [ -46.33267, -23.90629 ], [ -46.33228, -23.90676 ], [ -46.33164, -23.9069 ] ] ] } },
{ "type": "Feature", "properties": { "km2": 2.861 }, "geometry": { "type": "Polygon", "coordinates": [ [ [ -46.33541, -23.91876 ], [ -46.33414, -23.91817 ], [ -46.33294, -23.91785 ], [ -46.33014, -23.91867 ], [ -46.32953, -23.91856 ], [ -46.32834, -23.91719 ], [ -46.32643, -23.91391 ], [ -46.32604, -23.91263 ], [ -46.32608, -23.9115 ], [ -46.3269, -23.90986 ], [ -46.3278, -23.9087 ], [ -46.32915, -23.90748 ], [ -46.33018, -23.90684 ], [ -46.33217, -23.9063 ], [ -46.33241, -23.90612 ], [ -46.33212, -23.90577 ], [ -46.33153, -23.90544 ], [ -46.33043, -23.90524 ], [ -46.3306, -23.90391 ], [ -46.33111, -23.9036 ], [ -46.3321, -23.90181 ], [ -46.33303, -23.90158 ], [ -46.33366, -23.90181 ], [ -46.33418, -23.90172 ], [ -46.33492, -23.90184 ], [ -46.33614, -23.90177 ], [ -46.33784, -23.90188 ], [ -46.33887, -23.90215 ], [ -46.33958, -23.9026 ], [ -46.34061, -23.90297 ], [ -46.34122, -23.90305 ], [ -46.34156, -23.90326 ], [ -46.34291, -23.90303 ], [ -46.34393, -23.90311 ], [ -46.34481, -23.90345 ], [ -46.34699, -23.90466 ], [ -46.34741, -23.90533 ], [ -46.34694, -23.90554 ], [ -46.34661, -23.90594 ], [ -46.34756, -23.90705 ], [ -46.34847, -23.90728 ], [ -46.3499, -23.90718 ], [ -46.3504, -23.90738 ], [ -46.35004, -23.90773 ], [ -46.35193, -23.90842 ], [ -46.35169, -23.90867 ], [ -46.35091, -23.90822 ], [ -46.35084, -23.90872 ], [ -46.34876, -23.90854 ], [ -46.34678, -23.90777 ], [ -46.34479, -23.9078 ], [ -46.34169, -23.90869 ], [ -46.3435, -23.91138 ], [ -46.34368, -23.91201 ], [ -46.34363, -23.91346 ], [ -46.34381, -23.91417 ], [ -46.34434, -23.9149 ], [ -46.34532, -23.91514 ], [ -46.34569, -23.91536 ], [ -46.33541, -23.91876 ] ] ] } },
{ "type": "Feature", "properties": { "km2": 0.07 }, "geometry": { "type": "Polygon", "coordinates": [ [ [ -46.35577, -23.88024 ], [ -46.35534, -23.88045 ], [ -46.35497, -23.88088 ], [ -46.35419, -23.88113 ], [ -46.35342, -23.88119 ], [ -46.35301, -23.88102 ], [ -46.35186, -23.87999 ], [ -46.35178, -23.87963 ], [ -46.35268, -23.87814 ], [ -46.35431, -23.8795 ], [ -46.35556, -23.88002 ], [ -46.35577, -23.88024 ] ] ] } },
{ "type": "Feature", "properties": { "km2": 0.035 }, "geometry": { "type": "Polygon", "coordinates": [ [ [ -46.35486, -23.88251 ], [ -46.35382, -23.8816 ], [ -46.35405, -23.88146 ], [ -46.35627, -23.88099 ], [ -46.35701, -23.88159 ], [ -46.35716, -23.88194 ], [ -46.35596, -23.88213 ], [ -46.35579, -23.88238 ], [ -46.35514, -23.88262 ], [ -46.35486, -23.88251 ] ] ] } },
{ "type": "Feature", "properties": { "km2": 0.053 }, "geometry": { "type": "Polygon", "coordinates": [ [ [ -46.35111, -23.87211 ], [ -46.35081, -23.87252 ], [ -46.35016, -23.87252 ], [ -46.34975, -23.87233 ], [ -46.34905, -23.87173 ], [ -46.34764, -23.87096 ], [ -46.34723, -23.87043 ], [ -46.34667, -23.86871 ], [ -46.34639, -23.86838 ], [ -46.346, -23.86819 ], [ -46.3457, -23.86778 ], [ -46.34605, -23.8675 ], [ -46.34629, -23.8675 ], [ -46.34666, -23.86778 ], [ -46.34689, -23.86818 ], [ -46.34705, -23.86904 ], [ -46.34749, -23.87023 ], [ -46.34811, -23.87087 ], [ -46.34875, -23.87116 ], [ -46.34923, -23.87115 ], [ -46.34959, -23.87086 ], [ -46.34962, -23.87 ], [ -46.35016, -23.86909 ], [ -46.35027, -23.86865 ], [ -46.35004, -23.86809 ], [ -46.35037, -23.86801 ], [ -46.3505, -23.86841 ], [ -46.35048, -23.86908 ], [ -46.35006, -23.86991 ], [ -46.35002, -23.87097 ], [ -46.34962, -23.87147 ], [ -46.35111, -23.87211 ] ] ] } },
{ "type": "Feature", "properties": { "km2": 0.058 }, "geometry": { "type": "Polygon", "coordinates": [ [ [ -46.3534, -23.87568 ], [ -46.35307, -23.87518 ], [ -46.35265, -23.87409 ], [ -46.3524, -23.87398 ], [ -46.35163, -23.87263 ], [ -46.3527, -23.87256 ], [ -46.35327, -23.87187 ], [ -46.35351, -23.87181 ], [ -46.35396, -23.87223 ], [ -46.35422, -23.87332 ], [ -46.35422, -23.87389 ], [ -46.3534, -23.87568 ] ] ] } },
{ "type": "Feature", "properties": { "km2": 0.057 }, "geometry": { "type": "Polygon", "coordinates": [ [ [ -46.31395, -23.87695 ], [ -46.31343, -23.87793 ], [ -46.31319, -23.87763 ], [ -46.31287, -23.87763 ], [ -46.31284, -23.87694 ], [ -46.31266, -23.87648 ], [ -46.31196, -23.87591 ], [ -46.31193, -23.87557 ], [ -46.31103, -23.87487 ], [ -46.31049, -23.87423 ], [ -46.31027, -23.87308 ], [ -46.3104, -23.87249 ], [ -46.31024, -23.87193 ], [ -46.3089, -23.87042 ], [ -46.30842, -23.87032 ], [ -46.30778, -23.87057 ], [ -46.30778, -23.87023 ], [ -46.30831, -23.87007 ], [ -46.30875, -23.87009 ], [ -46.31016, -23.87114 ], [ -46.31072, -23.87216 ], [ -46.31096, -23.8741 ], [ -46.31126, -23.87427 ], [ -46.3116, -23.87473 ], [ -46.31231, -23.87521 ], [ -46.31241, -23.87557 ], [ -46.31263, -23.87567 ], [ -46.31298, -23.87628 ], [ -46.31333, -23.8763 ], [ -46.31395, -23.87695 ] ] ] } },
{ "type": "Feature", "properties": { "km2": 0.147 }, "geometry": { "type": "Polygon", "coordinates": [ [ [ -46.31602, -23.88417 ], [ -46.31559, -23.88443 ], [ -46.3154, -23.88398 ], [ -46.31552, -23.88347 ], [ -46.31653, -23.88227 ], [ -46.31656, -23.88184 ], [ -46.31636, -23.88148 ], [ -46.31507, -23.88096 ], [ -46.31091, -23.87975 ], [ -46.31076, -23.8795 ], [ -46.31069, -23.87906 ], [ -46.31079, -23.87883 ], [ -46.31069, -23.87877 ], [ -46.30973, -23.87889 ], [ -46.30926, -23.8782 ], [ -46.30924, -23.87779 ], [ -46.30942, -23.87774 ], [ -46.30923, -23.87724 ], [ -46.30945, -23.87634 ], [ -46.3097, -23.87604 ], [ -46.3106, -23.87572 ], [ -46.31068, -23.87608 ], [ -46.31009, -23.87666 ], [ -46.31014, -23.87703 ], [ -46.30974, -23.87743 ], [ -46.31013, -23.87757 ], [ -46.3101, -23.87779 ], [ -46.3102, -23.87783 ], [ -46.30986, -23.87792 ], [ -46.30993, -23.87801 ], [ -46.31059, -23.8779 ], [ -46.31061, -23.87753 ], [ -46.31084, -23.87751 ], [ -46.31135, -23.87712 ], [ -46.31159, -23.87739 ], [ -46.31151, -23.87756 ], [ -46.31159, -23.87765 ], [ -46.31205, -23.87777 ], [ -46.3123, -23.87707 ], [ -46.31273, -23.87703 ], [ -46.31286, -23.8771 ], [ -46.31287, -23.8774 ], [ -46.31244, -23.87745 ], [ -46.31237, -23.87785 ], [ -46.31197, -23.87794 ], [ -46.31206, -23.87839 ], [ -46.3126, -23.87819 ], [ -46.31261, -23.878 ], [ -46.31285, -23.87793 ], [ -46.31287, -23.87763 ], [ -46.31319, -23.87763 ], [ -46.3134, -23.87794 ], [ -46.31329, -23.87819 ], [ -46.31391, -23.8783 ], [ -46.31381, -23.87849 ], [ -46.31421, -23.87892 ], [ -46.31427, -23.87922 ], [ -46.31465, -23.87932 ], [ -46.31486, -23.87919 ], [ -46.31494, -23.87893 ], [ -46.31474, -23.87847 ], [ -46.31438, -23.87842 ], [ -46.31435, -23.87829 ], [ -46.31343, -23.87793 ], [ -46.31395, -23.87695 ], [ -46.31429, -23.87697 ], [ -46.31429, -23.87715 ], [ -46.31463, -23.87741 ], [ -46.31463, -23.87755 ], [ -46.31529, -23.87809 ], [ -46.31543, -23.87887 ], [ -46.31521, -23.87933 ], [ -46.31486, -23.87958 ], [ -46.31462, -23.87964 ], [ -46.31406, -23.87947 ], [ -46.31358, -23.87893 ], [ -46.31293, -23.87851 ], [ -46.31191, -23.87886 ], [ -46.31143, -23.87927 ], [ -46.31139, -23.87944 ], [ -46.3116, -23.8796 ], [ -46.31314, -23.87992 ], [ -46.31633, -23.88103 ], [ -46.31667, -23.88129 ], [ -46.31702, -23.88176 ], [ -46.31703, -23.88211 ], [ -46.31691, -23.88244 ], [ -46.31602, -23.88353 ], [ -46.31594, -23.88378 ], [ -46.31602, -23.88417 ] ] ] } },
{ "type": "Feature", "properties": { "km2": 0.043 }, "geometry": { "type": "Polygon", "coordinates": [ [ [ -46.32657, -23.89064 ], [ -46.32582, -23.89127 ], [ -46.32554, -23.8921 ], [ -46.32536, -23.89222 ], [ -46.32513, -23.89214 ], [ -46.32427, -23.89027 ], [ -46.32399, -23.8902 ], [ -46.32359, -23.89038 ], [ -46.3232, -23.89013 ], [ -46.32238, -23.88931 ], [ -46.32228, -23.88894 ], [ -46.32293, -23.88916 ], [ -46.32384, -23.88992 ], [ -46.32402, -23.88995 ], [ -46.32452, -23.88953 ], [ -46.32468, -23.88965 ], [ -46.32466, -23.89009 ], [ -46.32494, -23.89061 ], [ -46.32516, -23.89053 ], [ -46.32547, -23.89 ], [ -46.32593, -23.89014 ], [ -46.32657, -23.89064 ] ] ] } },
{ "type": "Feature", "properties": { "km2": 0.086 }, "geometry": { "type": "Polygon", "coordinates": [ [ [ -46.32964, -23.89195 ], [ -46.32985, -23.89302 ], [ -46.32986, -23.89432 ], [ -46.3295, -23.89463 ], [ -46.32776, -23.89533 ], [ -46.32711, -23.89594 ], [ -46.32701, -23.89585 ], [ -46.3273, -23.89521 ], [ -46.32733, -23.89477 ], [ -46.32672, -23.89379 ], [ -46.32665, -23.89334 ], [ -46.32674, -23.8929 ], [ -46.32688, -23.89268 ], [ -46.32734, -23.8925 ], [ -46.32852, -23.8927 ], [ -46.32874, -23.89263 ], [ -46.32909, -23.89206 ], [ -46.32964, -23.89195 ] ] ] } },
{ "type": "Feature", "properties": { "km2": 17.16 }, "geometry": { "type": "Polygon", "coordinates": [ [ [ -46.35109, -23.87271 ], [ -46.35081, -23.87252 ], [ -46.35111, -23.87211 ], [ -46.35156, -23.87252 ], [ -46.35254, -23.87256 ], [ -46.35282, -23.87234 ], [ -46.35294, -23.87188 ], [ -46.35353, -23.87161 ], [ -46.35416, -23.87212 ], [ -46.35439, -23.87265 ], [ -46.35454, -23.87396 ], [ -46.35469, -23.87432 ], [ -46.35393, -23.87525 ], [ -46.35363, -23.87593 ], [ -46.35372, -23.87623 ], [ -46.35411, -23.87671 ], [ -46.3546, -23.87697 ], [ -46.35516, -23.87705 ], [ -46.35664, -23.87611 ], [ -46.35811, -23.87573 ], [ -46.35874, -23.87602 ], [ -46.36032, -23.87626 ], [ -46.36071, -23.87605 ], [ -46.36092, -23.87566 ], [ -46.36097, -23.87514 ], [ -46.36071, -23.87478 ], [ -46.35975, -23.87439 ], [ -46.359, -23.87379 ], [ -46.35909, -23.87366 ], [ -46.35899, -23.87344 ], [ -46.3568, -23.87135 ], [ -46.35636, -23.87059 ], [ -46.35506, -23.86945 ], [ -46.35429, -23.86853 ], [ -46.3546, -23.86823 ], [ -46.3548, -23.86839 ], [ -46.35696, -23.87046 ], [ -46.35707, -23.87075 ], [ -46.35803, -23.87184 ], [ -46.35828, -23.87188 ], [ -46.35849, -23.87173 ], [ -46.35864, -23.87221 ], [ -46.35898, -23.87261 ], [ -46.36024, -23.87367 ], [ -46.36037, -23.87345 ], [ -46.36058, -23.87338 ], [ -46.36066, -23.87351 ], [ -46.36045, -23.87363 ], [ -46.36049, -23.87391 ], [ -46.36093, -23.87428 ], [ -46.36158, -23.87514 ], [ -46.3628, -23.87358 ], [ -46.36381, -23.87178 ], [ -46.36518, -23.86981 ], [ -46.36489, -23.87102 ], [ -46.36353, -23.87313 ], [ -46.3631, -23.87431 ], [ -46.36234, -23.87504 ], [ -46.36153, -23.87673 ], [ -46.36052, -23.87699 ], [ -46.3574, -23.87712 ], [ -46.35675, -23.8773 ], [ -46.35632, -23.87758 ], [ -46.35616, -23.87791 ], [ -46.35661, -23.87898 ], [ -46.35852, -23.88091 ], [ -46.36007, -23.8822 ], [ -46.36182, -23.88328 ], [ -46.36362, -23.88396 ], [ -46.36474, -23.88416 ], [ -46.36809, -23.8839 ], [ -46.3708, -23.88346 ], [ -46.37209, -23.88311 ], [ -46.37314, -23.88248 ], [ -46.37359, -23.88192 ], [ -46.37376, -23.88111 ], [ -46.37393, -23.87883 ], [ -46.37176, -23.87457 ], [ -46.37063, -23.87399 ], [ -46.37116, -23.87323 ], [ -46.37123, -23.8726 ], [ -46.37113, -23.87217 ], [ -46.37075, -23.87149 ], [ -46.37105, -23.87093 ], [ -46.37248, -23.87044 ], [ -46.37313, -23.87034 ], [ -46.37417, -23.87044 ], [ -46.37475, -23.87083 ], [ -46.37806, -23.87111 ], [ -46.37811, -23.87087 ], [ -46.37881, -23.87096 ], [ -46.38054, -23.87149 ], [ -46.38104, -23.87194 ], [ -46.38116, -23.87232 ], [ -46.38109, -23.8726 ], [ -46.3816, -23.87401 ], [ -46.38133, -23.87439 ], [ -46.38149, -23.87478 ], [ -46.38115, -23.87489 ], [ -46.38083, -23.87481 ], [ -46.38004, -23.87412 ], [ -46.37896, -23.87363 ], [ -46.37883, -23.87407 ], [ -46.37838, -23.87474 ], [ -46.37802, -23.87495 ], [ -46.37751, -23.87559 ], [ -46.37743, -23.87612 ], [ -46.37766, -23.87626 ], [ -46.37779, -23.87719 ], [ -46.37763, -23.87855 ], [ -46.37774, -23.87889 ], [ -46.37822, -23.87918 ], [ -46.37837, -23.87945 ], [ -46.37837, -23.87999 ], [ -46.37857, -23.88037 ], [ -46.37853, -23.88159 ], [ -46.37803, -23.88043 ], [ -46.37771, -23.88005 ], [ -46.37749, -23.87987 ], [ -46.37734, -23.87989 ], [ -46.37723, -23.88009 ], [ -46.37742, -23.88029 ], [ -46.37758, -23.88093 ], [ -46.3775, -23.8812 ], [ -46.37766, -23.88162 ], [ -46.37744, -23.88199 ], [ -46.37763, -23.88215 ], [ -46.37737, -23.88272 ], [ -46.37727, -23.88366 ], [ -46.37756, -23.88481 ], [ -46.37734, -23.88545 ], [ -46.37756, -23.88755 ], [ -46.37812, -23.88784 ], [ -46.37823, -23.88851 ], [ -46.37848, -23.88896 ], [ -46.37891, -23.88936 ], [ -46.37932, -23.88929 ], [ -46.38044, -23.89016 ], [ -46.38099, -23.89011 ], [ -46.38119, -23.88968 ], [ -46.38168, -23.8899 ], [ -46.38162, -23.89025 ], [ -46.38185, -23.89076 ], [ -46.38228, -23.89123 ], [ -46.38265, -23.89202 ], [ -46.383, -23.89302 ], [ -46.38301, -23.89361 ], [ -46.38327, -23.89422 ], [ -46.38318, -23.89598 ], [ -46.38202, -23.898 ], [ -46.38056, -23.89902 ], [ -46.37822, -23.90147 ], [ -46.37836, -23.902 ], [ -46.37808, -23.90244 ], [ -46.37816, -23.90342 ], [ -46.379, -23.90646 ], [ -46.37923, -23.90671 ], [ -46.37913, -23.90686 ], [ -46.3792, -23.90705 ], [ -46.37998, -23.90715 ], [ -46.38, -23.9073 ], [ -46.37967, -23.90749 ], [ -46.37963, -23.90795 ], [ -46.37981, -23.90819 ], [ -46.37966, -23.90879 ], [ -46.38014, -23.90933 ], [ -46.38022, -23.90991 ], [ -46.38001, -23.91026 ], [ -46.38009, -23.91105 ], [ -46.37997, -23.9114 ], [ -46.38015, -23.91259 ], [ -46.3778, -23.91741 ], [ -46.3776, -23.9173 ], [ -46.37695, -23.91753 ], [ -46.37649, -23.91735 ], [ -46.3761, -23.91743 ], [ -46.37602, -23.91722 ], [ -46.37615, -23.91697 ], [ -46.37584, -23.9168 ], [ -46.37555, -23.91683 ], [ -46.37502, -23.91723 ], [ -46.37476, -23.91706 ], [ -46.3747, -23.91729 ], [ -46.37446, -23.91709 ], [ -46.37421, -23.91732 ], [ -46.37431, -23.91763 ], [ -46.37403, -23.9175 ], [ -46.3739, -23.91756 ], [ -46.37378, -23.91827 ], [ -46.37278, -23.91884 ], [ -46.37247, -23.91923 ], [ -46.37136, -23.91995 ], [ -46.37053, -23.91994 ], [ -46.36969, -23.9202 ], [ -46.36825, -23.92042 ], [ -46.36775, -23.92069 ], [ -46.36703, -23.92075 ], [ -46.36481, -23.9213 ], [ -46.36424, -23.92159 ], [ -46.36181, -23.92212 ], [ -46.36109, -23.92255 ], [ -46.36041, -23.92276 ], [ -46.35908, -23.92284 ], [ -46.35841, -23.92329 ], [ -46.35703, -23.92289 ], [ -46.35637, -23.92017 ], [ -46.3457, -23.92204 ], [ -46.3458, -23.92254 ], [ -46.34816, -23.92217 ], [ -46.34851, -23.92369 ], [ -46.34843, -23.9252 ], [ -46.34859, -23.92535 ], [ -46.34901, -23.92524 ], [ -46.34859, -23.92561 ], [ -46.34876, -23.9262 ], [ -46.34856, -23.9262 ], [ -46.34852, -23.92638 ], [ -46.34847, -23.92575 ], [ -46.34819, -23.92564 ], [ -46.34837, -23.9253 ], [ -46.34817, -23.9251 ], [ -46.34792, -23.92538 ], [ -46.34775, -23.92523 ], [ -46.348, -23.92446 ], [ -46.34803, -23.92359 ], [ -46.34765, -23.92312 ], [ -46.34698, -23.92278 ], [ -46.34446, -23.92281 ], [ -46.34323, -23.92323 ], [ -46.34309, -23.92377 ], [ -46.34293, -23.92385 ], [ -46.34261, -23.92385 ], [ -46.34247, -23.92367 ], [ -46.34229, -23.92377 ], [ -46.34226, -23.92387 ], [ -46.34269, -23.92422 ], [ -46.34256, -23.92435 ], [ -46.33562, -23.92692 ], [ -46.33481, -23.92856 ], [ -46.33443, -23.92874 ], [ -46.3313, -23.92809 ], [ -46.33248, -23.92999 ], [ -46.33118, -23.93057 ], [ -46.3291, -23.93128 ], [ -46.32688, -23.93171 ], [ -46.32286, -23.93199 ], [ -46.32115, -23.93226 ], [ -46.31429, -23.93469 ], [ -46.31162, -23.95014 ], [ -46.30528, -23.95956 ], [ -46.30545, -23.96014 ], [ -46.30561, -23.96027 ], [ -46.30555, -23.96034 ], [ -46.30503, -23.95994 ], [ -46.29332, -23.97424 ], [ -46.29357, -23.97502 ], [ -46.29265, -23.97599 ], [ -46.29203, -23.97647 ], [ -46.29179, -23.97649 ], [ -46.2908, -23.97977 ], [ -46.29191, -23.98515 ], [ -46.2928, -23.98506 ], [ -46.29325, -23.98612 ], [ -46.29373, -23.98602 ], [ -46.29373, -23.98617 ], [ -46.29336, -23.9864 ], [ -46.29356, -23.98657 ], [ -46.29322, -23.9867 ], [ -46.29359, -23.98664 ], [ -46.29364, -23.9869 ], [ -46.29374, -23.98685 ], [ -46.29384, -23.98697 ], [ -46.29358, -23.98726 ], [ -46.29424, -23.98667 ], [ -46.29444, -23.98709 ], [ -46.29436, -23.9873 ], [ -46.29444, -23.98744 ], [ -46.29417, -23.98758 ], [ -46.29438, -23.98776 ], [ -46.29451, -23.98752 ], [ -46.29473, -23.98751 ], [ -46.29465, -23.98763 ], [ -46.29491, -23.98784 ], [ -46.29493, -23.98758 ], [ -46.29954, -23.99023 ], [ -46.30192, -23.99136 ], [ -46.30381, -23.99164 ], [ -46.30536, -23.99137 ], [ -46.30669, -23.99424 ], [ -46.30653, -23.99436 ], [ -46.3065, -23.99465 ], [ -46.30622, -23.9951 ], [ -46.30636, -23.99555 ], [ -46.30595, -23.99583 ], [ -46.30544, -23.99595 ], [ -46.30347, -23.99596 ], [ -46.2995, -23.99535 ], [ -46.29889, -23.99547 ], [ -46.29512, -23.99358 ], [ -46.29489, -23.99326 ], [ -46.29485, -23.99291 ], [ -46.29278, -23.99141 ], [ -46.29145, -23.99162 ], [ -46.29142, -23.9915 ], [ -46.2925, -23.99119 ], [ -46.29144, -23.98994 ], [ -46.29084, -23.99016 ], [ -46.29078, -23.98964 ], [ -46.29067, -23.98955 ], [ -46.29083, -23.98927 ], [ -46.29093, -23.98936 ], [ -46.29103, -23.98927 ], [ -46.29076, -23.98901 ], [ -46.29066, -23.9891 ], [ -46.29078, -23.98921 ], [ -46.29066, -23.9893 ], [ -46.29033, -23.98899 ], [ -46.29008, -23.989 ], [ -46.28994, -23.98883 ], [ -46.29017, -23.98862 ], [ -46.28991, -23.98877 ], [ -46.28951, -23.98876 ], [ -46.28942, -23.98854 ], [ -46.28952, -23.98842 ], [ -46.28938, -23.98825 ], [ -46.28969, -23.98808 ], [ -46.28933, -23.98816 ], [ -46.28923, -23.98804 ], [ -46.28927, -23.98792 ], [ -46.28908, -23.98782 ], [ -46.28931, -23.98754 ], [ -46.28892, -23.98782 ], [ -46.28881, -23.98775 ], [ -46.28895, -23.98745 ], [ -46.28782, -23.9867 ], [ -46.2865, -23.98627 ], [ -46.28634, -23.98549 ], [ -46.2864, -23.98519 ], [ -46.28665, -23.98487 ], [ -46.28665, -23.98428 ], [ -46.28573, -23.98108 ], [ -46.28574, -23.97932 ], [ -46.28561, -23.97913 ], [ -46.28471, -23.97877 ], [ -46.28469, -23.97862 ], [ -46.28491, -23.97835 ], [ -46.2857, -23.97838 ], [ -46.28567, -23.97784 ], [ -46.28594, -23.97735 ], [ -46.28605, -23.97617 ], [ -46.28641, -23.97505 ], [ -46.28664, -23.97337 ], [ -46.28689, -23.9728 ], [ -46.28792, -23.97147 ], [ -46.28944, -23.968 ], [ -46.28978, -23.96688 ], [ -46.28996, -23.96677 ], [ -46.29071, -23.96711 ], [ -46.29908, -23.95848 ], [ -46.29843, -23.95782 ], [ -46.29833, -23.95739 ], [ -46.29846, -23.95702 ], [ -46.29981, -23.95559 ], [ -46.30229, -23.95422 ], [ -46.3041, -23.95238 ], [ -46.30444, -23.95183 ], [ -46.30461, -23.95098 ], [ -46.30607, -23.94889 ], [ -46.30617, -23.94845 ], [ -46.3071, -23.94656 ], [ -46.30698, -23.94413 ], [ -46.30767, -23.94173 ], [ -46.3077, -23.94083 ], [ -46.30827, -23.94006 ], [ -46.30837, -23.93945 ], [ -46.30813, -23.93884 ], [ -46.30817, -23.9386 ], [ -46.30864, -23.9373 ], [ -46.30912, -23.93691 ], [ -46.30891, -23.93672 ], [ -46.30777, -23.93651 ], [ -46.30744, -23.9366 ], [ -46.30709, -23.93638 ], [ -46.30722, -23.93593 ], [ -46.30666, -23.93496 ], [ -46.30668, -23.93443 ], [ -46.30617, -23.93437 ], [ -46.30568, -23.93356 ], [ -46.3055, -23.93301 ], [ -46.30588, -23.93285 ], [ -46.30602, -23.93258 ], [ -46.30602, -23.93229 ], [ -46.30568, -23.93215 ], [ -46.30611, -23.93047 ], [ -46.30627, -23.92835 ], [ -46.30664, -23.92828 ], [ -46.30774, -23.92597 ], [ -46.30802, -23.92496 ], [ -46.30761, -23.92423 ], [ -46.30454, -23.92253 ], [ -46.30421, -23.92222 ], [ -46.30384, -23.92179 ], [ -46.30291, -23.91988 ], [ -46.30171, -23.91896 ], [ -46.30317, -23.91808 ], [ -46.30373, -23.91851 ], [ -46.30439, -23.91878 ], [ -46.30478, -23.91874 ], [ -46.30528, -23.91927 ], [ -46.30561, -23.91928 ], [ -46.30544, -23.9187 ], [ -46.30578, -23.91842 ], [ -46.30806, -23.91907 ], [ -46.31027, -23.92004 ], [ -46.31188, -23.92095 ], [ -46.31173, -23.92139 ], [ -46.31198, -23.92205 ], [ -46.31179, -23.92277 ], [ -46.31204, -23.92297 ], [ -46.31207, -23.92319 ], [ -46.3118, -23.92404 ], [ -46.31186, -23.92444 ], [ -46.31298, -23.92459 ], [ -46.31356, -23.92441 ], [ -46.31373, -23.92452 ], [ -46.3142, -23.92438 ], [ -46.31633, -23.92434 ], [ -46.31636, -23.92526 ], [ -46.32278, -23.92519 ], [ -46.32291, -23.92426 ], [ -46.32259, -23.92412 ], [ -46.32228, -23.92362 ], [ -46.32159, -23.9214 ], [ -46.32129, -23.92104 ], [ -46.31636, -23.91967 ], [ -46.31608, -23.91946 ], [ -46.31607, -23.91928 ], [ -46.31643, -23.91918 ], [ -46.32103, -23.92015 ], [ -46.32157, -23.9204 ], [ -46.32196, -23.92081 ], [ -46.32228, -23.92142 ], [ -46.32249, -23.92225 ], [ -46.32292, -23.92273 ], [ -46.32453, -23.92378 ], [ -46.32573, -23.92424 ], [ -46.32616, -23.92417 ], [ -46.32696, -23.92442 ], [ -46.32719, -23.9246 ], [ -46.32718, -23.92507 ], [ -46.32738, -23.92518 ], [ -46.32838, -23.92521 ], [ -46.32845, -23.92534 ], [ -46.33112, -23.92417 ], [ -46.33108, -23.92394 ], [ -46.33254, -23.92269 ], [ -46.33293, -23.92248 ], [ -46.33343, -23.92257 ], [ -46.33346, -23.92244 ], [ -46.33315, -23.92222 ], [ -46.33305, -23.92183 ], [ -46.33324, -23.92151 ], [ -46.33462, -23.92017 ], [ -46.33541, -23.91876 ], [ -46.34569, -23.91536 ], [ -46.34668, -23.91523 ], [ -46.3477, -23.9158 ], [ -46.34904, -23.91603 ], [ -46.34986, -23.91587 ], [ -46.35, -23.91566 ], [ -46.35138, -23.9159 ], [ -46.35348, -23.91547 ], [ -46.35402, -23.9156 ], [ -46.35445, -23.91593 ], [ -46.35596, -23.91584 ], [ -46.35711, -23.91597 ], [ -46.35768, -23.91576 ], [ -46.35822, -23.91504 ], [ -46.35854, -23.91378 ], [ -46.35851, -23.91348 ], [ -46.35802, -23.91219 ], [ -46.35699, -23.91039 ], [ -46.35708, -23.91024 ], [ -46.3568, -23.91 ], [ -46.35671, -23.91008 ], [ -46.35654, -23.90996 ], [ -46.35602, -23.90946 ], [ -46.35599, -23.90917 ], [ -46.35589, -23.9091 ], [ -46.35582, -23.90919 ], [ -46.3557, -23.90904 ], [ -46.35564, -23.90885 ], [ -46.35581, -23.90864 ], [ -46.35542, -23.90812 ], [ -46.35543, -23.90799 ], [ -46.3557, -23.90782 ], [ -46.35546, -23.90754 ], [ -46.35545, -23.90707 ], [ -46.3548, -23.90655 ], [ -46.35431, -23.90697 ], [ -46.3543, -23.90673 ], [ -46.35464, -23.90652 ], [ -46.35461, -23.90636 ], [ -46.35489, -23.90628 ], [ -46.35464, -23.90596 ], [ -46.35527, -23.90581 ], [ -46.35565, -23.90602 ], [ -46.35601, -23.90588 ], [ -46.35657, -23.90588 ], [ -46.35775, -23.90534 ], [ -46.35763, -23.90495 ], [ -46.35828, -23.90526 ], [ -46.35869, -23.90512 ], [ -46.35912, -23.90449 ], [ -46.35939, -23.90379 ], [ -46.36019, -23.90386 ], [ -46.3612, -23.90365 ], [ -46.36183, -23.90425 ], [ -46.36196, -23.90466 ], [ -46.3626, -23.9048 ], [ -46.36301, -23.90438 ], [ -46.3641, -23.90471 ], [ -46.36397, -23.90521 ], [ -46.36422, -23.90545 ], [ -46.36407, -23.90567 ], [ -46.36421, -23.9059 ], [ -46.36547, -23.90572 ], [ -46.36574, -23.90583 ], [ -46.36633, -23.90537 ], [ -46.36623, -23.90451 ], [ -46.3664, -23.90415 ], [ -46.36751, -23.90378 ], [ -46.36832, -23.90321 ], [ -46.36878, -23.90349 ], [ -46.37009, -23.90335 ], [ -46.37055, -23.90344 ], [ -46.37066, -23.90381 ], [ -46.37028, -23.90492 ], [ -46.36947, -23.9059 ], [ -46.36978, -23.90589 ], [ -46.37029, -23.90562 ], [ -46.37274, -23.90289 ], [ -46.37284, -23.90193 ], [ -46.37264, -23.90075 ], [ -46.37267, -23.9002 ], [ -46.37348, -23.89902 ], [ -46.37364, -23.89854 ], [ -46.37368, -23.89807 ], [ -46.37347, -23.89792 ], [ -46.37347, -23.8977 ], [ -46.37379, -23.89715 ], [ -46.37368, -23.89545 ], [ -46.37378, -23.89291 ], [ -46.37423, -23.89076 ], [ -46.37353, -23.88899 ], [ -46.37242, -23.88766 ], [ -46.37167, -23.8874 ], [ -46.37117, -23.88697 ], [ -46.36993, -23.88648 ], [ -46.36757, -23.88607 ], [ -46.36745, -23.88649 ], [ -46.36684, -23.88618 ], [ -46.3665, -23.88581 ], [ -46.36457, -23.88562 ], [ -46.3629, -23.88529 ], [ -46.36262, -23.88529 ], [ -46.36237, -23.88545 ], [ -46.36235, -23.88517 ], [ -46.36111, -23.88471 ], [ -46.36073, -23.88473 ], [ -46.35853, -23.88354 ], [ -46.35783, -23.88294 ], [ -46.35698, -23.88265 ], [ -46.35509, -23.88307 ], [ -46.35502, -23.88324 ], [ -46.35536, -23.88413 ], [ -46.35626, -23.88443 ], [ -46.35643, -23.8851 ], [ -46.35628, -23.88529 ], [ -46.35623, -23.8848 ], [ -46.3552, -23.88433 ], [ -46.35478, -23.88384 ], [ -46.35472, -23.88345 ], [ -46.35486, -23.88294 ], [ -46.35367, -23.88198 ], [ -46.35321, -23.88178 ], [ -46.35286, -23.88176 ], [ -46.35229, -23.88197 ], [ -46.35223, -23.88178 ], [ -46.35286, -23.88149 ], [ -46.35173, -23.88024 ], [ -46.35137, -23.87964 ], [ -46.35146, -23.87928 ], [ -46.35213, -23.87868 ], [ -46.35218, -23.87799 ], [ -46.35165, -23.87686 ], [ -46.35028, -23.87665 ], [ -46.35039, -23.87648 ], [ -46.35158, -23.87661 ], [ -46.3519, -23.87682 ], [ -46.35229, -23.87771 ], [ -46.35296, -23.87794 ], [ -46.35296, -23.87774 ], [ -46.35393, -23.8785 ], [ -46.35458, -23.87875 ], [ -46.35512, -23.87926 ], [ -46.35535, -23.87934 ], [ -46.35539, -23.87921 ], [ -46.3552, -23.8784 ], [ -46.35377, -23.87713 ], [ -46.35317, -23.87633 ], [ -46.35181, -23.87427 ], [ -46.35109, -23.87271 ] ], [ [ -46.3534, -23.87568 ], [ -46.35422, -23.87389 ], [ -46.35422, -23.87332 ], [ -46.35396, -23.87223 ], [ -46.35351, -23.87181 ], [ -46.35327, -23.87187 ], [ -46.3527, -23.87256 ], [ -46.35163, -23.87263 ], [ -46.3524, -23.87398 ], [ -46.35265, -23.87409 ], [ -46.35307, -23.87518 ], [ -46.3534, -23.87568 ] ], [ [ -46.35486, -23.88251 ], [ -46.35514, -23.88262 ], [ -46.35579, -23.88238 ], [ -46.35596, -23.88213 ], [ -46.35716, -23.88194 ], [ -46.35701, -23.88159 ], [ -46.35627, -23.88099 ], [ -46.35405, -23.88146 ], [ -46.35382, -23.8816 ], [ -46.35486, -23.88251 ] ], [ [ -46.35577, -23.88024 ], [ -46.35556, -23.88002 ], [ -46.35431, -23.8795 ], [ -46.35268, -23.87814 ], [ -46.35178, -23.87963 ], [ -46.35186, -23.87999 ], [ -46.35301, -23.88102 ], [ -46.35342, -23.88119 ], [ -46.35419, -23.88113 ], [ -46.35497, -23.88088 ], [ -46.35534, -23.88045 ], [ -46.35577, -23.88024 ] ], [ [ -46.35562, -23.90734 ], [ -46.35617, -23.90757 ], [ -46.35637, -23.90739 ], [ -46.35603, -23.90729 ], [ -46.3561, -23.90717 ], [ -46.356, -23.90699 ], [ -46.35556, -23.90708 ], [ -46.35562, -23.90734 ] ], [ [ -46.35536, -23.90625 ], [ -46.35542, -23.90613 ], [ -46.35521, -23.90585 ], [ -46.35498, -23.90592 ], [ -46.35504, -23.90628 ], [ -46.35536, -23.90625 ] ], [ [ -46.37946, -23.89621 ], [ -46.37902, -23.89616 ], [ -46.37877, -23.89629 ], [ -46.3784, -23.89688 ], [ -46.37833, -23.89731 ], [ -46.37871, -23.898 ], [ -46.3791, -23.8983 ], [ -46.37971, -23.89853 ], [ -46.38003, -23.89839 ], [ -46.38008, -23.89821 ], [ -46.37987, -23.89768 ], [ -46.37956, -23.89753 ], [ -46.37978, -23.89725 ], [ -46.37983, -23.89681 ], [ -46.37972, -23.89647 ], [ -46.37946, -23.89621 ] ] ] } },
{ "type": "Feature", "properties": { "km2": 1.769 }, "geometry": { "type": "Polygon", "coordinates": [ [ [ -46.31367, -23.90256 ], [ -46.31382, -23.90265 ], [ -46.31366, -23.90308 ], [ -46.31297, -23.90367 ], [ -46.31305, -23.90394 ], [ -46.31348, -23.90423 ], [ -46.31364, -23.90454 ], [ -46.31355, -23.90488 ], [ -46.31335, -23.90507 ], [ -46.3122, -23.90551 ], [ -46.31289, -23.90666 ], [ -46.31298, -23.907 ], [ -46.31282, -23.90743 ], [ -46.31079, -23.90788 ], [ -46.31005, -23.90785 ], [ -46.30921, -23.90733 ], [ -46.30874, -23.90743 ], [ -46.30844, -23.90776 ], [ -46.30876, -23.91084 ], [ -46.30862, -23.91372 ], [ -46.30898, -23.91399 ], [ -46.30975, -23.91423 ], [ -46.31072, -23.91431 ], [ -46.3114, -23.91454 ], [ -46.31211, -23.91512 ], [ -46.31246, -23.91513 ], [ -46.31262, -23.91527 ], [ -46.31293, -23.91567 ], [ -46.3127, -23.91567 ], [ -46.31246, -23.91525 ], [ -46.31234, -23.91537 ], [ -46.31251, -23.91615 ], [ -46.31249, -23.9176 ], [ -46.31236, -23.918 ], [ -46.31256, -23.91816 ], [ -46.31627, -23.91722 ], [ -46.31649, -23.91703 ], [ -46.31767, -23.91702 ], [ -46.31786, -23.91696 ], [ -46.31803, -23.91669 ], [ -46.31811, -23.91643 ], [ -46.31791, -23.91497 ], [ -46.31799, -23.91398 ], [ -46.31811, -23.91378 ], [ -46.31788, -23.91327 ], [ -46.31741, -23.91316 ], [ -46.31749, -23.91354 ], [ -46.31732, -23.9134 ], [ -46.31724, -23.91308 ], [ -46.31553, -23.9126 ], [ -46.31491, -23.91214 ], [ -46.31461, -23.91165 ], [ -46.31454, -23.91106 ], [ -46.31475, -23.91002 ], [ -46.3153, -23.90862 ], [ -46.31629, -23.90809 ], [ -46.31765, -23.90793 ], [ -46.3191, -23.90752 ], [ -46.321, -23.90631 ], [ -46.31971, -23.90458 ], [ -46.31807, -23.90303 ], [ -46.31773, -23.90257 ], [ -46.31822, -23.90257 ], [ -46.3186, -23.90284 ], [ -46.32104, -23.90554 ], [ -46.32208, -23.90586 ], [ -46.32465, -23.9046 ], [ -46.32598, -23.90377 ], [ -46.32612, -23.90345 ], [ -46.32606, -23.90252 ], [ -46.32617, -23.90251 ], [ -46.32619, -23.90288 ], [ -46.32633, -23.90287 ], [ -46.32664, -23.90245 ], [ -46.3269, -23.90158 ], [ -46.32749, -23.90106 ], [ -46.32753, -23.90057 ], [ -46.32729, -23.89999 ], [ -46.3268, -23.89755 ], [ -46.32688, -23.89656 ], [ -46.32649, -23.89634 ], [ -46.32577, -23.89632 ], [ -46.32633, -23.89605 ], [ -46.32633, -23.89577 ], [ -46.32619, -23.89563 ], [ -46.32584, -23.89566 ], [ -46.32548, -23.89542 ], [ -46.32616, -23.89543 ], [ -46.32599, -23.89513 ], [ -46.32509, -23.89517 ], [ -46.32444, -23.89453 ], [ -46.32433, -23.89383 ], [ -46.32392, -23.89342 ], [ -46.32257, -23.89073 ], [ -46.32209, -23.8901 ], [ -46.32179, -23.8899 ], [ -46.32171, -23.88959 ], [ -46.31789, -23.88611 ], [ -46.31662, -23.88538 ], [ -46.31559, -23.88443 ], [ -46.31602, -23.88417 ], [ -46.31628, -23.8845 ], [ -46.3169, -23.88485 ], [ -46.31713, -23.88431 ], [ -46.31727, -23.88445 ], [ -46.3173, -23.88494 ], [ -46.31824, -23.88521 ], [ -46.31876, -23.88515 ], [ -46.32015, -23.88547 ], [ -46.3209, -23.88599 ], [ -46.3214, -23.8868 ], [ -46.32158, -23.88694 ], [ -46.32169, -23.88684 ], [ -46.32209, -23.88711 ], [ -46.32214, -23.88735 ], [ -46.32298, -23.88697 ], [ -46.32336, -23.88713 ], [ -46.32423, -23.88789 ], [ -46.32496, -23.88906 ], [ -46.32549, -23.88954 ], [ -46.32607, -23.8897 ], [ -46.3269, -23.89031 ], [ -46.32747, -23.89055 ], [ -46.32813, -23.89053 ], [ -46.32885, -23.8907 ], [ -46.33027, -23.89145 ], [ -46.33068, -23.89201 ], [ -46.33114, -23.89295 ], [ -46.33122, -23.8939 ], [ -46.33096, -23.89448 ], [ -46.33065, -23.89492 ], [ -46.32962, -23.89545 ], [ -46.32814, -23.89597 ], [ -46.32762, -23.89647 ], [ -46.32768, -23.89716 ], [ -46.32788, -23.89744 ], [ -46.32788, -23.89863 ], [ -46.32883, -23.90125 ], [ -46.32891, -23.90193 ], [ -46.32909, -23.90232 ], [ -46.32868, -23.90307 ], [ -46.32783, -23.90413 ], [ -46.32796, -23.90446 ], [ -46.32829, -23.90456 ], [ -46.32936, -23.90403 ], [ -46.3306, -23.90391 ], [ -46.33043, -23.90524 ], [ -46.32956, -23.90524 ], [ -46.32816, -23.90559 ], [ -46.32742, -23.90517 ], [ -46.32634, -23.90494 ], [ -46.32574, -23.90513 ], [ -46.32301, -23.90658 ], [ -46.32284, -23.90736 ], [ -46.32221, -23.90779 ], [ -46.32113, -23.90793 ], [ -46.32102, -23.90814 ], [ -46.3206, -23.90792 ], [ -46.31985, -23.90795 ], [ -46.31944, -23.90838 ], [ -46.31914, -23.90849 ], [ -46.31853, -23.90837 ], [ -46.31598, -23.90895 ], [ -46.31538, -23.90989 ], [ -46.31544, -23.91059 ], [ -46.3153, -23.91083 ], [ -46.31542, -23.91099 ], [ -46.31527, -23.91102 ], [ -46.31526, -23.91126 ], [ -46.31536, -23.91167 ], [ -46.31628, -23.91207 ], [ -46.3175, -23.91234 ], [ -46.31849, -23.91303 ], [ -46.31883, -23.91367 ], [ -46.3189, -23.9156 ], [ -46.31904, -23.91591 ], [ -46.31958, -23.91614 ], [ -46.31957, -23.91625 ], [ -46.31915, -23.91639 ], [ -46.31863, -23.91715 ], [ -46.31802, -23.91754 ], [ -46.31718, -23.91791 ], [ -46.31631, -23.91799 ], [ -46.31561, -23.9188 ], [ -46.3155, -23.91877 ], [ -46.31547, -23.91841 ], [ -46.31557, -23.91802 ], [ -46.31546, -23.91785 ], [ -46.31507, -23.91791 ], [ -46.3115, -23.91908 ], [ -46.31045, -23.91975 ], [ -46.31027, -23.92004 ], [ -46.30806, -23.91907 ], [ -46.30578, -23.91842 ], [ -46.3067, -23.918 ], [ -46.30761, -23.91787 ], [ -46.30824, -23.91825 ], [ -46.30918, -23.91818 ], [ -46.311, -23.91734 ], [ -46.31094, -23.91711 ], [ -46.30848, -23.91529 ], [ -46.30761, -23.91429 ], [ -46.30754, -23.90884 ], [ -46.30722, -23.90798 ], [ -46.3063, -23.90718 ], [ -46.30536, -23.90674 ], [ -46.3034, -23.90662 ], [ -46.30146, -23.90745 ], [ -46.29991, -23.90795 ], [ -46.29883, -23.90809 ], [ -46.29794, -23.90777 ], [ -46.29774, -23.9076 ], [ -46.29765, -23.90628 ], [ -46.29773, -23.90588 ], [ -46.29816, -23.90515 ], [ -46.2994, -23.90423 ], [ -46.29948, -23.90398 ], [ -46.29928, -23.90374 ], [ -46.29798, -23.90325 ], [ -46.2978, -23.90329 ], [ -46.29755, -23.90305 ], [ -46.29797, -23.90232 ], [ -46.29891, -23.90251 ], [ -46.30013, -23.90306 ], [ -46.30088, -23.90511 ], [ -46.30157, -23.90591 ], [ -46.30184, -23.90605 ], [ -46.30223, -23.90578 ], [ -46.30276, -23.90576 ], [ -46.3042, -23.9054 ], [ -46.30628, -23.90618 ], [ -46.30657, -23.90604 ], [ -46.30718, -23.90495 ], [ -46.30747, -23.90473 ], [ -46.30771, -23.90458 ], [ -46.30849, -23.90471 ], [ -46.30917, -23.90541 ], [ -46.30957, -23.90686 ], [ -46.30978, -23.90716 ], [ -46.31004, -23.90738 ], [ -46.31106, -23.90747 ], [ -46.31247, -23.90715 ], [ -46.3125, -23.90677 ], [ -46.31192, -23.90559 ], [ -46.31189, -23.90516 ], [ -46.31291, -23.90486 ], [ -46.31328, -23.90462 ], [ -46.31327, -23.9044 ], [ -46.31293, -23.90411 ], [ -46.31272, -23.90372 ], [ -46.31295, -23.90335 ], [ -46.31335, -23.9031 ], [ -46.31367, -23.90256 ] ], [ [ -46.32165, -23.90734 ], [ -46.32222, -23.90739 ], [ -46.32244, -23.90726 ], [ -46.32248, -23.90706 ], [ -46.3223, -23.90703 ], [ -46.32165, -23.90734 ] ], [ [ -46.32964, -23.89195 ], [ -46.32909, -23.89206 ], [ -46.32874, -23.89263 ], [ -46.32852, -23.8927 ], [ -46.32734, -23.8925 ], [ -46.32688, -23.89268 ], [ -46.32674, -23.8929 ], [ -46.32665, -23.89334 ], [ -46.32672, -23.89379 ], [ -46.32733, -23.89477 ], [ -46.3273, -23.89521 ], [ -46.32701, -23.89585 ], [ -46.32711, -23.89594 ], [ -46.32776, -23.89533 ], [ -46.3295, -23.89463 ], [ -46.32986, -23.89432 ], [ -46.32985, -23.89302 ], [ -46.32964, -23.89195 ] ], [ [ -46.32315, -23.8876 ], [ -46.32328, -23.88737 ], [ -46.3231, -23.88722 ], [ -46.32285, -23.88727 ], [ -46.32284, -23.88748 ], [ -46.32315, -23.8876 ] ], [ [ -46.32345, -23.88759 ], [ -46.32337, -23.88771 ], [ -46.32387, -23.88842 ], [ -46.32417, -23.8886 ], [ -46.32437, -23.88854 ], [ -46.3242, -23.88819 ], [ -46.32345, -23.88759 ] ], [ [ -46.31896, -23.88581 ], [ -46.31888, -23.88593 ], [ -46.31914, -23.88607 ], [ -46.31899, -23.88619 ], [ -46.31924, -23.8864 ], [ -46.31982, -23.88646 ], [ -46.3199, -23.88632 ], [ -46.31969, -23.88586 ], [ -46.31896, -23.88581 ] ], [ [ -46.32657, -23.89064 ], [ -46.32593, -23.89014 ], [ -46.32547, -23.89 ], [ -46.32516, -23.89053 ], [ -46.32494, -23.89061 ], [ -46.32466, -23.89009 ], [ -46.32468, -23.88965 ], [ -46.32452, -23.88953 ], [ -46.32402, -23.88995 ], [ -46.32384, -23.88992 ], [ -46.32293, -23.88916 ], [ -46.32228, -23.88894 ], [ -46.32238, -23.88931 ], [ -46.3232, -23.89013 ], [ -46.32359, -23.89038 ], [ -46.32399, -23.8902 ], [ -46.32427, -23.89027 ], [ -46.32513, -23.89214 ], [ -46.32536, -23.89222 ], [ -46.32554, -23.8921 ], [ -46.32582, -23.89127 ], [ -46.32657, -23.89064 ] ], [ [ -46.30032, -23.90512 ], [ -46.29863, -23.90674 ], [ -46.29863, -23.90705 ], [ -46.29907, -23.90722 ], [ -46.29953, -23.90711 ], [ -46.29964, -23.90691 ], [ -46.29986, -23.90703 ], [ -46.3011, -23.90638 ], [ -46.30111, -23.90611 ], [ -46.30032, -23.90512 ] ] ] } },
{ "type": "Feature", "properties": { "km2": 0.031 }, "geometry": { "type": "Polygon", "coordinates": [ [ [ -46.30032, -23.90512 ], [ -46.30111, -23.90611 ], [ -46.3011, -23.90638 ], [ -46.29986, -23.90703 ], [ -46.29964, -23.90691 ], [ -46.29953, -23.90711 ], [ -46.29907, -23.90722 ], [ -46.29863, -23.90705 ], [ -46.29863, -23.90674 ], [ -46.30032, -23.90512 ] ] ] } },
{ "type": "Feature", "properties": { "km2": 0.037 }, "geometry": { "type": "Polygon", "coordinates": [ [ [ -46.27887, -23.90198 ], [ -46.27902, -23.90111 ], [ -46.27915, -23.90105 ], [ -46.28034, -23.90155 ], [ -46.28083, -23.90197 ], [ -46.28083, -23.90228 ], [ -46.28026, -23.90301 ], [ -46.27965, -23.90319 ], [ -46.27898, -23.90316 ], [ -46.27831, -23.90338 ], [ -46.27816, -23.90321 ], [ -46.27819, -23.90305 ], [ -46.27892, -23.90282 ], [ -46.27887, -23.90198 ] ] ] } },
{ "type": "Feature", "properties": { "km2": 0.021 }, "geometry": { "type": "Polygon", "coordinates": [ [ [ -46.28618, -23.91652 ], [ -46.28618, -23.9163 ], [ -46.28685, -23.91603 ], [ -46.28692, -23.91569 ], [ -46.2867, -23.91525 ], [ -46.2869, -23.91491 ], [ -46.28709, -23.91508 ], [ -46.28746, -23.91509 ], [ -46.28739, -23.91519 ], [ -46.28781, -23.91597 ], [ -46.28732, -23.91687 ], [ -46.28699, -23.91718 ], [ -46.28618, -23.91652 ] ] ] } },
{ "type": "Feature", "properties": { "km2": 0.06 }, "geometry": { "type": "Polygon", "coordinates": [ [ [ -46.27808, -23.92044 ], [ -46.27797, -23.9206 ], [ -46.27747, -23.92078 ], [ -46.27594, -23.92087 ], [ -46.27517, -23.92066 ], [ -46.2748, -23.92035 ], [ -46.2748, -23.92009 ], [ -46.27489, -23.9198 ], [ -46.27613, -23.91901 ], [ -46.27642, -23.91868 ], [ -46.27707, -23.91857 ], [ -46.27757, -23.91912 ], [ -46.27808, -23.92044 ] ] ] } },
{ "type": "Feature", "properties": { "km2": 2.984 }, "geometry": { "type": "MultiPolygon", "coordinates": [ [ [ [ -46.29095, -23.9132 ], [ -46.29113, -23.91332 ], [ -46.29153, -23.91315 ], [ -46.29138, -23.91344 ], [ -46.29158, -23.91366 ], [ -46.29256, -23.91301 ], [ -46.29281, -23.91296 ], [ -46.292, -23.91353 ], [ -46.29243, -23.91364 ], [ -46.29276, -23.9139 ], [ -46.29278, -23.91429 ], [ -46.29262, -23.9145 ], [ -46.29199, -23.91482 ], [ -46.29101, -23.91505 ], [ -46.29181, -23.91568 ], [ -46.29196, -23.91623 ], [ -46.291, -23.91823 ], [ -46.29105, -23.91845 ], [ -46.29126, -23.91862 ], [ -46.29164, -23.91876 ], [ -46.29208, -23.91861 ], [ -46.29383, -23.91654 ], [ -46.2949, -23.91574 ], [ -46.29697, -23.91554 ], [ -46.29871, -23.91576 ], [ -46.29905, -23.9156 ], [ -46.29959, -23.91568 ], [ -46.29978, -23.91554 ], [ -46.30056, -23.91557 ], [ -46.30092, -23.91538 ], [ -46.3012, -23.91548 ], [ -46.30142, -23.9158 ], [ -46.3022, -23.91637 ], [ -46.30239, -23.91671 ], [ -46.30297, -23.91691 ], [ -46.30302, -23.91768 ], [ -46.30317, -23.91808 ], [ -46.30171, -23.91896 ], [ -46.30079, -23.91815 ], [ -46.29952, -23.91788 ], [ -46.2993, -23.91772 ], [ -46.29816, -23.91787 ], [ -46.29781, -23.91808 ], [ -46.29766, -23.91774 ], [ -46.29742, -23.9176 ], [ -46.29662, -23.9179 ], [ -46.29601, -23.91974 ], [ -46.2955, -23.92085 ], [ -46.2964, -23.92104 ], [ -46.29705, -23.92027 ], [ -46.29747, -23.92011 ], [ -46.29785, -23.92024 ], [ -46.29803, -23.92048 ], [ -46.29665, -23.92542 ], [ -46.29632, -23.92556 ], [ -46.29601, -23.92542 ], [ -46.29553, -23.92435 ], [ -46.29564, -23.92376 ], [ -46.29605, -23.92317 ], [ -46.296, -23.92271 ], [ -46.29629, -23.9221 ], [ -46.29602, -23.92145 ], [ -46.29552, -23.92122 ], [ -46.29517, -23.92144 ], [ -46.29449, -23.92255 ], [ -46.29352, -23.92349 ], [ -46.29498, -23.92443 ], [ -46.2951, -23.92484 ], [ -46.29495, -23.92523 ], [ -46.29461, -23.92557 ], [ -46.29314, -23.92641 ], [ -46.29151, -23.92692 ], [ -46.29072, -23.92743 ], [ -46.29066, -23.92764 ], [ -46.2907, -23.92788 ], [ -46.29098, -23.92821 ], [ -46.29201, -23.92859 ], [ -46.29258, -23.92896 ], [ -46.29375, -23.92903 ], [ -46.29411, -23.92931 ], [ -46.29433, -23.92971 ], [ -46.29437, -23.93075 ], [ -46.29392, -23.93127 ], [ -46.2935, -23.93112 ], [ -46.29262, -23.93004 ], [ -46.29196, -23.92981 ], [ -46.29183, -23.92999 ], [ -46.29216, -23.93055 ], [ -46.29251, -23.93159 ], [ -46.29252, -23.93182 ], [ -46.29216, -23.93243 ], [ -46.29222, -23.93284 ], [ -46.29242, -23.93296 ], [ -46.29193, -23.93343 ], [ -46.2919, -23.93369 ], [ -46.29249, -23.93404 ], [ -46.29252, -23.93426 ], [ -46.29215, -23.93451 ], [ -46.29169, -23.93438 ], [ -46.29156, -23.9342 ], [ -46.2917, -23.93294 ], [ -46.2908, -23.93318 ], [ -46.29047, -23.93291 ], [ -46.29071, -23.93232 ], [ -46.29109, -23.93208 ], [ -46.2921, -23.9319 ], [ -46.29223, -23.9315 ], [ -46.29201, -23.93081 ], [ -46.29142, -23.93012 ], [ -46.29141, -23.92969 ], [ -46.29161, -23.9293 ], [ -46.29153, -23.9291 ], [ -46.29124, -23.92879 ], [ -46.29038, -23.92833 ], [ -46.29024, -23.92814 ], [ -46.29021, -23.9277 ], [ -46.29051, -23.92713 ], [ -46.29117, -23.92653 ], [ -46.29298, -23.92606 ], [ -46.29436, -23.92526 ], [ -46.29468, -23.92493 ], [ -46.29458, -23.92452 ], [ -46.29399, -23.92418 ], [ -46.29318, -23.92399 ], [ -46.29271, -23.92434 ], [ -46.29211, -23.92506 ], [ -46.29192, -23.9251 ], [ -46.29178, -23.92488 ], [ -46.29168, -23.9241 ], [ -46.29106, -23.9235 ], [ -46.28892, -23.92385 ], [ -46.28838, -23.92366 ], [ -46.28763, -23.92318 ], [ -46.28689, -23.92241 ], [ -46.28643, -23.92225 ], [ -46.28524, -23.92221 ], [ -46.28456, -23.92199 ], [ -46.28364, -23.92148 ], [ -46.28292, -23.92144 ], [ -46.28281, -23.92161 ], [ -46.28283, -23.9221 ], [ -46.28376, -23.92359 ], [ -46.28377, -23.92386 ], [ -46.28321, -23.92377 ], [ -46.28284, -23.92328 ], [ -46.28252, -23.92268 ], [ -46.28236, -23.92161 ], [ -46.28218, -23.92136 ], [ -46.28133, -23.92099 ], [ -46.28091, -23.92096 ], [ -46.28049, -23.9213 ], [ -46.27999, -23.92308 ], [ -46.27967, -23.92357 ], [ -46.27872, -23.92418 ], [ -46.27696, -23.92461 ], [ -46.27672, -23.92479 ], [ -46.27638, -23.92536 ], [ -46.27635, -23.92584 ], [ -46.27648, -23.92611 ], [ -46.27731, -23.92656 ], [ -46.2782, -23.92673 ], [ -46.27832, -23.9268 ], [ -46.27826, -23.92692 ], [ -46.27737, -23.92691 ], [ -46.27654, -23.92651 ], [ -46.2761, -23.92594 ], [ -46.27614, -23.92514 ], [ -46.27643, -23.92459 ], [ -46.27681, -23.92429 ], [ -46.27922, -23.92324 ], [ -46.27949, -23.92297 ], [ -46.27976, -23.92235 ], [ -46.27987, -23.9215 ], [ -46.27978, -23.92089 ], [ -46.27928, -23.92073 ], [ -46.27821, -23.92125 ], [ -46.27712, -23.92151 ], [ -46.27534, -23.92148 ], [ -46.2742, -23.92092 ], [ -46.27338, -23.91975 ], [ -46.27202, -23.91915 ], [ -46.27122, -23.91918 ], [ -46.27056, -23.91941 ], [ -46.26996, -23.91923 ], [ -46.26837, -23.91911 ], [ -46.26797, -23.91887 ], [ -46.26685, -23.91934 ], [ -46.26523, -23.91951 ], [ -46.26371, -23.92024 ], [ -46.2636, -23.92059 ], [ -46.26374, -23.92146 ], [ -46.26359, -23.92216 ], [ -46.26313, -23.92301 ], [ -46.26227, -23.92364 ], [ -46.26178, -23.92383 ], [ -46.26133, -23.92381 ], [ -46.26019, -23.92354 ], [ -46.25867, -23.92255 ], [ -46.25755, -23.92386 ], [ -46.25634, -23.92467 ], [ -46.25549, -23.9247 ], [ -46.25477, -23.9245 ], [ -46.25358, -23.92356 ], [ -46.25293, -23.92251 ], [ -46.25154, -23.9225 ], [ -46.25109, -23.92238 ], [ -46.24989, -23.92141 ], [ -46.24855, -23.92102 ], [ -46.24813, -23.92108 ], [ -46.24756, -23.9215 ], [ -46.24767, -23.92288 ], [ -46.24744, -23.92436 ], [ -46.24654, -23.92553 ], [ -46.24484, -23.92275 ], [ -46.24504, -23.92268 ], [ -46.24528, -23.922 ], [ -46.24553, -23.92028 ], [ -46.24606, -23.91947 ], [ -46.24629, -23.91946 ], [ -46.24644, -23.91923 ], [ -46.24707, -23.91901 ], [ -46.24718, -23.91884 ], [ -46.2474, -23.91894 ], [ -46.24766, -23.91878 ], [ -46.24849, -23.91869 ], [ -46.24894, -23.91881 ], [ -46.24923, -23.91869 ], [ -46.24949, -23.91889 ], [ -46.25059, -23.9192 ], [ -46.25157, -23.91871 ], [ -46.25409, -23.91886 ], [ -46.25524, -23.91938 ], [ -46.25567, -23.91991 ], [ -46.25595, -23.92116 ], [ -46.25743, -23.9203 ], [ -46.25875, -23.92005 ], [ -46.25937, -23.92022 ], [ -46.26, -23.92072 ], [ -46.26132, -23.92123 ], [ -46.26185, -23.92073 ], [ -46.26326, -23.9189 ], [ -46.26395, -23.91838 ], [ -46.26511, -23.91785 ], [ -46.26587, -23.91764 ], [ -46.26615, -23.91774 ], [ -46.26697, -23.91769 ], [ -46.26819, -23.91729 ], [ -46.26835, -23.91691 ], [ -46.27114, -23.91682 ], [ -46.27303, -23.91731 ], [ -46.27452, -23.91719 ], [ -46.27513, -23.9168 ], [ -46.27688, -23.91606 ], [ -46.27791, -23.91615 ], [ -46.27878, -23.91597 ], [ -46.27937, -23.91615 ], [ -46.28025, -23.91679 ], [ -46.28069, -23.91692 ], [ -46.28083, -23.91735 ], [ -46.28063, -23.91812 ], [ -46.28086, -23.91854 ], [ -46.28083, -23.91893 ], [ -46.28157, -23.9197 ], [ -46.28466, -23.92031 ], [ -46.28578, -23.92097 ], [ -46.28766, -23.92135 ], [ -46.28814, -23.9218 ], [ -46.29027, -23.92251 ], [ -46.29179, -23.92228 ], [ -46.29264, -23.92188 ], [ -46.29292, -23.92107 ], [ -46.29284, -23.92036 ], [ -46.29234, -23.91959 ], [ -46.29156, -23.91937 ], [ -46.29067, -23.91875 ], [ -46.2905, -23.91827 ], [ -46.29058, -23.91772 ], [ -46.29138, -23.91643 ], [ -46.29149, -23.91595 ], [ -46.29085, -23.91558 ], [ -46.29016, -23.91551 ], [ -46.28999, -23.91538 ], [ -46.29052, -23.91537 ], [ -46.29084, -23.91505 ], [ -46.29072, -23.91498 ], [ -46.29147, -23.91459 ], [ -46.29234, -23.91436 ], [ -46.29251, -23.91413 ], [ -46.29241, -23.91396 ], [ -46.2917, -23.91407 ], [ -46.2912, -23.91395 ], [ -46.29083, -23.91335 ], [ -46.29095, -23.9132 ] ], [ [ -46.29226, -23.93436 ], [ -46.29215, -23.93403 ], [ -46.29185, -23.9339 ], [ -46.29175, -23.93427 ], [ -46.29226, -23.93436 ] ], [ [ -46.29205, -23.93322 ], [ -46.29218, -23.93313 ], [ -46.29213, -23.93299 ], [ -46.29197, -23.93309 ], [ -46.29205, -23.93322 ] ], [ [ -46.29195, -23.93221 ], [ -46.29107, -23.93238 ], [ -46.29076, -23.9326 ], [ -46.29069, -23.93285 ], [ -46.29102, -23.93293 ], [ -46.29185, -23.93264 ], [ -46.29195, -23.93221 ] ], [ [ -46.29388, -23.92928 ], [ -46.29281, -23.92933 ], [ -46.29211, -23.9292 ], [ -46.29199, -23.92939 ], [ -46.2921, -23.92958 ], [ -46.29312, -23.92998 ], [ -46.29389, -23.9309 ], [ -46.29412, -23.93093 ], [ -46.29414, -23.93009 ], [ -46.29388, -23.92928 ] ], [ [ -46.27808, -23.92044 ], [ -46.27757, -23.91912 ], [ -46.27707, -23.91857 ], [ -46.27642, -23.91868 ], [ -46.27613, -23.91901 ], [ -46.27489, -23.9198 ], [ -46.2748, -23.92009 ], [ -46.2748, -23.92035 ], [ -46.27517, -23.92066 ], [ -46.27594, -23.92087 ], [ -46.27747, -23.92078 ], [ -46.27797, -23.9206 ], [ -46.27808, -23.92044 ] ], [ [ -46.25226, -23.92232 ], [ -46.25319, -23.92203 ], [ -46.2531, -23.92157 ], [ -46.25172, -23.92137 ], [ -46.25119, -23.92142 ], [ -46.25077, -23.92163 ], [ -46.25081, -23.92182 ], [ -46.25123, -23.92218 ], [ -46.25163, -23.92229 ], [ -46.25226, -23.92232 ] ] ], [ [ [ -46.24078, -23.92718 ], [ -46.24046, -23.92787 ], [ -46.24028, -23.92938 ], [ -46.23995, -23.9305 ], [ -46.2395, -23.93095 ], [ -46.2389, -23.93132 ], [ -46.2373, -23.93158 ], [ -46.23512, -23.93143 ], [ -46.23443, -23.9315 ], [ -46.23404, -23.93168 ], [ -46.23347, -23.93274 ], [ -46.23343, -23.93379 ], [ -46.23372, -23.93456 ], [ -46.23414, -23.93496 ], [ -46.23585, -23.93568 ], [ -46.23679, -23.93558 ], [ -46.23773, -23.93505 ], [ -46.23867, -23.93494 ], [ -46.23962, -23.93521 ], [ -46.24052, -23.93576 ], [ -46.24099, -23.93641 ], [ -46.2411, -23.93716 ], [ -46.2409, -23.93764 ], [ -46.23972, -23.93885 ], [ -46.23941, -23.93951 ], [ -46.23948, -23.93984 ], [ -46.2398, -23.93997 ], [ -46.24063, -23.93968 ], [ -46.24178, -23.93895 ], [ -46.24262, -23.93897 ], [ -46.24301, -23.9393 ], [ -46.2431, -23.93991 ], [ -46.24281, -23.94048 ], [ -46.24167, -23.94131 ], [ -46.24175, -23.94165 ], [ -46.2422, -23.94203 ], [ -46.24285, -23.9423 ], [ -46.24315, -23.9421 ], [ -46.24357, -23.94116 ], [ -46.24398, -23.94069 ], [ -46.24431, -23.9405 ], [ -46.24552, -23.9406 ], [ -46.24575, -23.94123 ], [ -46.24568, -23.94161 ], [ -46.24453, -23.94268 ], [ -46.24439, -23.94335 ], [ -46.24483, -23.94395 ], [ -46.24533, -23.94403 ], [ -46.24593, -23.94363 ], [ -46.2463, -23.94285 ], [ -46.24652, -23.94278 ], [ -46.24698, -23.94309 ], [ -46.24726, -23.94364 ], [ -46.24696, -23.94379 ], [ -46.24703, -23.9435 ], [ -46.24675, -23.94311 ], [ -46.24656, -23.94304 ], [ -46.2462, -23.9436 ], [ -46.24558, -23.94419 ], [ -46.24489, -23.94414 ], [ -46.24462, -23.94399 ], [ -46.24419, -23.94338 ], [ -46.24416, -23.94294 ], [ -46.2443, -23.94249 ], [ -46.24519, -23.9418 ], [ -46.2454, -23.94143 ], [ -46.24539, -23.94109 ], [ -46.24512, -23.9409 ], [ -46.24452, -23.94079 ], [ -46.24388, -23.94112 ], [ -46.24307, -23.94261 ], [ -46.2427, -23.94265 ], [ -46.24158, -23.94212 ], [ -46.2414, -23.94171 ], [ -46.24134, -23.94105 ], [ -46.24232, -23.94041 ], [ -46.24262, -23.94004 ], [ -46.2428, -23.93957 ], [ -46.24259, -23.93927 ], [ -46.24188, -23.93933 ], [ -46.24072, -23.94003 ], [ -46.23978, -23.94037 ], [ -46.23899, -23.94 ], [ -46.23898, -23.9394 ], [ -46.24046, -23.93743 ], [ -46.24062, -23.93668 ], [ -46.24011, -23.93597 ], [ -46.23935, -23.93558 ], [ -46.23897, -23.93547 ], [ -46.23828, -23.93552 ], [ -46.23614, -23.93625 ], [ -46.23517, -23.9361 ], [ -46.23327, -23.93538 ], [ -46.23303, -23.93541 ], [ -46.23174, -23.93617 ], [ -46.2303, -23.93671 ], [ -46.23021, -23.93682 ], [ -46.23029, -23.93711 ], [ -46.23197, -23.9382 ], [ -46.23261, -23.93883 ], [ -46.23282, -23.93939 ], [ -46.23263, -23.94001 ], [ -46.23219, -23.94053 ], [ -46.22984, -23.94215 ], [ -46.22981, -23.94273 ], [ -46.23274, -23.94458 ], [ -46.23304, -23.94455 ], [ -46.23345, -23.94475 ], [ -46.23349, -23.94507 ], [ -46.23408, -23.94517 ], [ -46.23441, -23.94536 ], [ -46.23492, -23.94537 ], [ -46.23695, -23.94413 ], [ -46.2373, -23.94407 ], [ -46.2378, -23.9442 ], [ -46.23826, -23.94464 ], [ -46.23824, -23.94555 ], [ -46.23734, -23.94773 ], [ -46.23708, -23.94806 ], [ -46.23541, -23.94842 ], [ -46.23511, -23.94864 ], [ -46.23507, -23.94891 ], [ -46.23609, -23.95011 ], [ -46.23595, -23.95039 ], [ -46.23478, -23.94927 ], [ -46.23462, -23.94861 ], [ -46.2347, -23.9483 ], [ -46.23496, -23.94809 ], [ -46.23668, -23.94786 ], [ -46.23713, -23.94748 ], [ -46.2374, -23.94646 ], [ -46.23796, -23.94531 ], [ -46.2378, -23.94459 ], [ -46.23747, -23.94445 ], [ -46.23709, -23.94454 ], [ -46.23445, -23.94595 ], [ -46.23374, -23.94588 ], [ -46.23183, -23.9445 ], [ -46.2299, -23.94352 ], [ -46.22937, -23.94354 ], [ -46.22908, -23.94284 ], [ -46.22896, -23.94273 ], [ -46.22861, -23.94284 ], [ -46.22855, -23.94254 ], [ -46.22867, -23.94221 ], [ -46.22888, -23.94218 ], [ -46.23171, -23.94017 ], [ -46.23199, -23.93981 ], [ -46.23199, -23.93932 ], [ -46.23178, -23.93908 ], [ -46.23021, -23.93853 ], [ -46.22924, -23.93782 ], [ -46.22928, -23.93659 ], [ -46.22997, -23.9359 ], [ -46.23107, -23.9355 ], [ -46.23163, -23.93514 ], [ -46.23114, -23.93341 ], [ -46.23074, -23.9329 ], [ -46.23132, -23.93301 ], [ -46.23158, -23.93272 ], [ -46.23183, -23.93214 ], [ -46.23197, -23.93092 ], [ -46.23247, -23.93031 ], [ -46.23319, -23.92976 ], [ -46.23352, -23.92936 ], [ -46.23354, -23.92906 ], [ -46.23337, -23.92897 ], [ -46.23309, -23.92905 ], [ -46.2315, -23.92965 ], [ -46.23029, -23.92933 ], [ -46.22994, -23.92935 ], [ -46.22971, -23.92946 ], [ -46.22894, -23.9307 ], [ -46.22864, -23.93096 ], [ -46.22803, -23.93112 ], [ -46.22797, -23.93092 ], [ -46.22836, -23.93084 ], [ -46.22873, -23.93057 ], [ -46.22919, -23.9296 ], [ -46.22955, -23.92918 ], [ -46.23009, -23.92896 ], [ -46.23135, -23.9293 ], [ -46.23225, -23.92897 ], [ -46.23302, -23.92848 ], [ -46.23407, -23.92877 ], [ -46.23432, -23.92944 ], [ -46.2346, -23.9298 ], [ -46.23765, -23.92949 ], [ -46.23852, -23.92905 ], [ -46.2388, -23.92877 ], [ -46.239, -23.92843 ], [ -46.23905, -23.92768 ], [ -46.24078, -23.92718 ] ] ] ] } },
{ "type": "Feature", "properties": { "km2": 0.053 }, "geometry": { "type": "Polygon", "coordinates": [ [ [ -46.25207, -23.9187 ], [ -46.25172, -23.91872 ], [ -46.25173, -23.91816 ], [ -46.25214, -23.91758 ], [ -46.25293, -23.91745 ], [ -46.25444, -23.91761 ], [ -46.25492, -23.9174 ], [ -46.25497, -23.91714 ], [ -46.25482, -23.91689 ], [ -46.25354, -23.91601 ], [ -46.25341, -23.91539 ], [ -46.25357, -23.91487 ], [ -46.25388, -23.91446 ], [ -46.25407, -23.91431 ], [ -46.25452, -23.91427 ], [ -46.25557, -23.91508 ], [ -46.25593, -23.91515 ], [ -46.25631, -23.91488 ], [ -46.25645, -23.91392 ], [ -46.25662, -23.91358 ], [ -46.25709, -23.91347 ], [ -46.25803, -23.9135 ], [ -46.25906, -23.91299 ], [ -46.25895, -23.91275 ], [ -46.25777, -23.9122 ], [ -46.25745, -23.91186 ], [ -46.25749, -23.91163 ], [ -46.25764, -23.91156 ], [ -46.25786, -23.91156 ], [ -46.25822, -23.91179 ], [ -46.25852, -23.91169 ], [ -46.25869, -23.91118 ], [ -46.25919, -23.91056 ], [ -46.25917, -23.91018 ], [ -46.25863, -23.90932 ], [ -46.25858, -23.90905 ], [ -46.25799, -23.90867 ], [ -46.25815, -23.90834 ], [ -46.25882, -23.90828 ], [ -46.25887, -23.90811 ], [ -46.25856, -23.90788 ], [ -46.25785, -23.9079 ], [ -46.25785, -23.90763 ], [ -46.25834, -23.90737 ], [ -46.2581, -23.9071 ], [ -46.25816, -23.90641 ], [ -46.25756, -23.90586 ], [ -46.25696, -23.90634 ], [ -46.25608, -23.9065 ], [ -46.25695, -23.90631 ], [ -46.25737, -23.90588 ], [ -46.25754, -23.90582 ], [ -46.25781, -23.90593 ], [ -46.25831, -23.90638 ], [ -46.25895, -23.9063 ], [ -46.25911, -23.90635 ], [ -46.25959, -23.90596 ], [ -46.25905, -23.90644 ], [ -46.25902, -23.90635 ], [ -46.25827, -23.90646 ], [ -46.25818, -23.90708 ], [ -46.25839, -23.90737 ], [ -46.25832, -23.90755 ], [ -46.2579, -23.90774 ], [ -46.25794, -23.90787 ], [ -46.25867, -23.90782 ], [ -46.25893, -23.90796 ], [ -46.2589, -23.9083 ], [ -46.25809, -23.90851 ], [ -46.25809, -23.90866 ], [ -46.25854, -23.90886 ], [ -46.25871, -23.90902 ], [ -46.25891, -23.90964 ], [ -46.2592, -23.91005 ], [ -46.25934, -23.91063 ], [ -46.25883, -23.91116 ], [ -46.25877, -23.91132 ], [ -46.25888, -23.91135 ], [ -46.25852, -23.91184 ], [ -46.25815, -23.91188 ], [ -46.25771, -23.91166 ], [ -46.2576, -23.91184 ], [ -46.25832, -23.91234 ], [ -46.25887, -23.91253 ], [ -46.25932, -23.91302 ], [ -46.2581, -23.9136 ], [ -46.25684, -23.91365 ], [ -46.2567, -23.91384 ], [ -46.25662, -23.9147 ], [ -46.25641, -23.91509 ], [ -46.25605, -23.91531 ], [ -46.25561, -23.91533 ], [ -46.25462, -23.91457 ], [ -46.25406, -23.91463 ], [ -46.25373, -23.91508 ], [ -46.25367, -23.91562 ], [ -46.25408, -23.91613 ], [ -46.25504, -23.91672 ], [ -46.25528, -23.91728 ], [ -46.25512, -23.91767 ], [ -46.25419, -23.91787 ], [ -46.25304, -23.9177 ], [ -46.25234, -23.9178 ], [ -46.25203, -23.91819 ], [ -46.25207, -23.9187 ] ] ] } },
{ "type": "Feature", "properties": { "km2": 0.106 }, "geometry": { "type": "Polygon", "coordinates": [ [ [ -46.2656, -23.91471 ], [ -46.2657, -23.91419 ], [ -46.26605, -23.91388 ], [ -46.26649, -23.91373 ], [ -46.26688, -23.91366 ], [ -46.2698, -23.91383 ], [ -46.27012, -23.91359 ], [ -46.27004, -23.91336 ], [ -46.26963, -23.91313 ], [ -46.26811, -23.91269 ], [ -46.26769, -23.91241 ], [ -46.26748, -23.91187 ], [ -46.26785, -23.91046 ], [ -46.26781, -23.90995 ], [ -46.26769, -23.90968 ], [ -46.26752, -23.90961 ], [ -46.26728, -23.90965 ], [ -46.26647, -23.9105 ], [ -46.26571, -23.91107 ], [ -46.26494, -23.91127 ], [ -46.26375, -23.91125 ], [ -46.26313, -23.91074 ], [ -46.26273, -23.90813 ], [ -46.26283, -23.90795 ], [ -46.26333, -23.90796 ], [ -46.26454, -23.909 ], [ -46.26474, -23.90902 ], [ -46.26507, -23.90866 ], [ -46.26512, -23.90753 ], [ -46.26547, -23.90706 ], [ -46.26558, -23.90664 ], [ -46.26508, -23.90626 ], [ -46.26423, -23.90642 ], [ -46.26406, -23.9061 ], [ -46.26414, -23.90592 ], [ -46.26475, -23.9056 ], [ -46.26524, -23.90516 ], [ -46.26591, -23.90423 ], [ -46.26605, -23.90432 ], [ -46.26514, -23.90553 ], [ -46.26415, -23.90609 ], [ -46.26427, -23.90632 ], [ -46.26502, -23.90615 ], [ -46.26564, -23.90645 ], [ -46.26568, -23.90695 ], [ -46.26525, -23.90769 ], [ -46.26534, -23.90839 ], [ -46.26519, -23.90898 ], [ -46.26503, -23.9091 ], [ -46.26438, -23.90915 ], [ -46.2632, -23.90823 ], [ -46.26291, -23.90826 ], [ -46.26332, -23.91054 ], [ -46.26349, -23.91089 ], [ -46.26386, -23.91107 ], [ -46.26514, -23.91098 ], [ -46.26613, -23.91051 ], [ -46.2671, -23.90952 ], [ -46.26778, -23.90948 ], [ -46.26794, -23.90962 ], [ -46.26817, -23.9103 ], [ -46.26785, -23.91168 ], [ -46.26795, -23.9123 ], [ -46.2699, -23.91286 ], [ -46.2704, -23.91321 ], [ -46.27053, -23.91358 ], [ -46.27037, -23.91388 ], [ -46.27009, -23.91399 ], [ -46.2666, -23.914 ], [ -46.26612, -23.91431 ], [ -46.26608, -23.91478 ], [ -46.26639, -23.91535 ], [ -46.26725, -23.91595 ], [ -46.2699, -23.9164 ], [ -46.27073, -23.91688 ], [ -46.26835, -23.91691 ], [ -46.26811, -23.91658 ], [ -46.26652, -23.91602 ], [ -46.2659, -23.91545 ], [ -46.2656, -23.91471 ] ] ] } },
{ "type": "Feature", "properties": { "km2": 0.225 }, "geometry": { "type": "Polygon", "coordinates": [ [ [ -46.29455, -23.89354 ], [ -46.29244, -23.89549 ], [ -46.29154, -23.89566 ], [ -46.2911, -23.89554 ], [ -46.29081, -23.89519 ], [ -46.29068, -23.89477 ], [ -46.29083, -23.89413 ], [ -46.29116, -23.89397 ], [ -46.29112, -23.89475 ], [ -46.29125, -23.8952 ], [ -46.29172, -23.89532 ], [ -46.29239, -23.89496 ], [ -46.2937, -23.89387 ], [ -46.29409, -23.8933 ], [ -46.29419, -23.89268 ], [ -46.29442, -23.8923 ], [ -46.29511, -23.89193 ], [ -46.29488, -23.89077 ], [ -46.2952, -23.89018 ], [ -46.29454, -23.889 ], [ -46.29422, -23.88868 ], [ -46.29422, -23.88847 ], [ -46.2946, -23.88793 ], [ -46.29462, -23.88735 ], [ -46.29491, -23.88767 ], [ -46.29493, -23.88787 ], [ -46.29452, -23.88837 ], [ -46.29459, -23.88857 ], [ -46.29561, -23.89001 ], [ -46.29537, -23.89069 ], [ -46.29539, -23.89146 ], [ -46.29561, -23.89219 ], [ -46.29591, -23.89279 ], [ -46.29754, -23.89407 ], [ -46.298, -23.89484 ], [ -46.29788, -23.89636 ], [ -46.29744, -23.89746 ], [ -46.29715, -23.9001 ], [ -46.29657, -23.90081 ], [ -46.2954, -23.90127 ], [ -46.2959, -23.9016 ], [ -46.29664, -23.90175 ], [ -46.29797, -23.90232 ], [ -46.29755, -23.90305 ], [ -46.29687, -23.90281 ], [ -46.29646, -23.90286 ], [ -46.29609, -23.90251 ], [ -46.29457, -23.90191 ], [ -46.29411, -23.90194 ], [ -46.29348, -23.90228 ], [ -46.29277, -23.90236 ], [ -46.29239, -23.90209 ], [ -46.29194, -23.90199 ], [ -46.29081, -23.90214 ], [ -46.29039, -23.90182 ], [ -46.29051, -23.90123 ], [ -46.29108, -23.90028 ], [ -46.29126, -23.89964 ], [ -46.29125, -23.89893 ], [ -46.29115, -23.8986 ], [ -46.29022, -23.89847 ], [ -46.28972, -23.89772 ], [ -46.28973, -23.89755 ], [ -46.29049, -23.89826 ], [ -46.29126, -23.89852 ], [ -46.29152, -23.89909 ], [ -46.29151, -23.89996 ], [ -46.29082, -23.90135 ], [ -46.29085, -23.90176 ], [ -46.29108, -23.90182 ], [ -46.292, -23.9016 ], [ -46.29289, -23.90188 ], [ -46.29338, -23.90186 ], [ -46.29397, -23.90147 ], [ -46.29484, -23.9004 ], [ -46.29622, -23.89992 ], [ -46.2966, -23.89966 ], [ -46.2968, -23.89766 ], [ -46.29727, -23.89572 ], [ -46.29719, -23.89483 ], [ -46.29608, -23.89371 ], [ -46.29568, -23.89347 ], [ -46.29497, -23.89337 ], [ -46.29455, -23.89354 ] ], [ [ -46.29471, -23.89248 ], [ -46.29451, -23.89262 ], [ -46.29449, -23.89284 ], [ -46.29469, -23.89295 ], [ -46.29539, -23.89287 ], [ -46.29561, -23.89274 ], [ -46.29556, -23.89254 ], [ -46.29471, -23.89248 ] ] ] } },
{ "type": "Feature", "properties": { "km2": 0.215 }, "geometry": { "type": "Polygon", "coordinates": [ [ [ -46.21029, -23.9206 ], [ -46.21047, -23.92074 ], [ -46.21044, -23.92101 ], [ -46.21082, -23.92132 ], [ -46.21149, -23.92156 ], [ -46.21176, -23.92151 ], [ -46.21195, -23.9213 ], [ -46.21187, -23.91894 ], [ -46.21173, -23.91875 ], [ -46.21051, -23.91891 ], [ -46.21008, -23.91882 ], [ -46.21641, -23.91661 ], [ -46.21599, -23.91743 ], [ -46.2161, -23.91788 ], [ -46.21689, -23.91871 ], [ -46.21721, -23.91889 ], [ -46.21724, -23.91915 ], [ -46.21629, -23.92151 ], [ -46.21566, -23.9227 ], [ -46.21416, -23.92293 ], [ -46.21395, -23.9232 ], [ -46.21397, -23.92424 ], [ -46.21423, -23.92606 ], [ -46.21417, -23.92658 ], [ -46.21376, -23.92677 ], [ -46.21363, -23.92493 ], [ -46.21321, -23.92347 ], [ -46.21375, -23.92263 ], [ -46.21501, -23.92222 ], [ -46.21599, -23.91989 ], [ -46.21624, -23.91901 ], [ -46.21606, -23.91848 ], [ -46.2149, -23.91748 ], [ -46.2141, -23.9177 ], [ -46.21384, -23.91806 ], [ -46.21477, -23.91898 ], [ -46.21482, -23.91917 ], [ -46.21409, -23.92106 ], [ -46.21395, -23.92117 ], [ -46.21376, -23.92122 ], [ -46.21357, -23.9211 ], [ -46.21363, -23.91958 ], [ -46.2143, -23.91924 ], [ -46.21428, -23.91885 ], [ -46.21354, -23.91811 ], [ -46.21334, -23.91807 ], [ -46.21253, -23.91834 ], [ -46.21246, -23.9185 ], [ -46.21225, -23.9243 ], [ -46.21252, -23.92536 ], [ -46.21247, -23.92595 ], [ -46.21213, -23.9262 ], [ -46.21133, -23.92622 ], [ -46.21047, -23.92656 ], [ -46.20938, -23.92806 ], [ -46.20934, -23.92936 ], [ -46.20923, -23.92968 ], [ -46.20828, -23.93001 ], [ -46.20687, -23.93131 ], [ -46.20668, -23.93135 ], [ -46.20813, -23.92985 ], [ -46.20897, -23.92863 ], [ -46.20909, -23.92807 ], [ -46.20953, -23.92728 ], [ -46.21022, -23.92642 ], [ -46.21116, -23.92602 ], [ -46.21155, -23.92569 ], [ -46.21193, -23.92508 ], [ -46.21198, -23.92325 ], [ -46.21185, -23.92246 ], [ -46.21098, -23.92179 ], [ -46.20887, -23.92067 ], [ -46.21029, -23.9206 ] ] ] } },
{ "type": "Feature", "properties": { "km2": 0.064 }, "geometry": { "type": "Polygon", "coordinates": [ [ [ -46.19495, -23.89592 ], [ -46.19527, -23.89614 ], [ -46.19579, -23.89626 ], [ -46.19617, -23.89609 ], [ -46.19663, -23.89571 ], [ -46.19709, -23.89441 ], [ -46.19742, -23.89405 ], [ -46.19858, -23.89374 ], [ -46.19919, -23.89381 ], [ -46.20208, -23.8948 ], [ -46.2027, -23.89487 ], [ -46.20313, -23.89473 ], [ -46.20433, -23.89472 ], [ -46.20419, -23.895 ], [ -46.20317, -23.89494 ], [ -46.20225, -23.8953 ], [ -46.2014, -23.89488 ], [ -46.19903, -23.8942 ], [ -46.19839, -23.89406 ], [ -46.19781, -23.89414 ], [ -46.19737, -23.89455 ], [ -46.19722, -23.89499 ], [ -46.19727, -23.89537 ], [ -46.19738, -23.89588 ], [ -46.19825, -23.8967 ], [ -46.19822, -23.89687 ], [ -46.19804, -23.89687 ], [ -46.19736, -23.89635 ], [ -46.19673, -23.89633 ], [ -46.19646, -23.8965 ], [ -46.19602, -23.89726 ], [ -46.1951, -23.89786 ], [ -46.19495, -23.89592 ] ] ] } },
{ "type": "Feature", "properties": { "km2": 0.205 }, "geometry": { "type": "Polygon", "coordinates": [ [ [ -46.23181, -23.9081 ], [ -46.23165, -23.90726 ], [ -46.23099, -23.90629 ], [ -46.23113, -23.90536 ], [ -46.2317, -23.90501 ], [ -46.23552, -23.90463 ], [ -46.23609, -23.9044 ], [ -46.23634, -23.90406 ], [ -46.23619, -23.90348 ], [ -46.23585, -23.90301 ], [ -46.23419, -23.90134 ], [ -46.23281, -23.8989 ], [ -46.23269, -23.89834 ], [ -46.23208, -23.89733 ], [ -46.23084, -23.89605 ], [ -46.2303, -23.89577 ], [ -46.2292, -23.89585 ], [ -46.22956, -23.89566 ], [ -46.2308, -23.89573 ], [ -46.23182, -23.89622 ], [ -46.23208, -23.89614 ], [ -46.233, -23.89541 ], [ -46.23316, -23.89494 ], [ -46.2331, -23.8954 ], [ -46.23233, -23.89617 ], [ -46.23226, -23.89676 ], [ -46.23278, -23.89712 ], [ -46.23383, -23.89824 ], [ -46.23445, -23.89836 ], [ -46.23751, -23.89821 ], [ -46.2381, -23.89865 ], [ -46.23872, -23.89867 ], [ -46.23929, -23.89842 ], [ -46.23991, -23.89836 ], [ -46.24114, -23.89866 ], [ -46.24262, -23.89857 ], [ -46.24223, -23.899 ], [ -46.24164, -23.89911 ], [ -46.23981, -23.89894 ], [ -46.23861, -23.89921 ], [ -46.238, -23.89911 ], [ -46.23745, -23.89886 ], [ -46.23624, -23.89871 ], [ -46.23502, -23.89877 ], [ -46.23448, -23.89896 ], [ -46.23432, -23.89951 ], [ -46.23456, -23.90061 ], [ -46.23697, -23.90314 ], [ -46.23708, -23.9037 ], [ -46.23654, -23.90471 ], [ -46.23603, -23.90501 ], [ -46.23485, -23.90533 ], [ -46.23173, -23.90566 ], [ -46.2316, -23.90583 ], [ -46.23175, -23.90626 ], [ -46.23261, -23.90805 ], [ -46.23181, -23.9081 ] ] ] } },
{ "type": "Feature", "properties": { "km2": 4.809 }, "geometry": { "type": "Polygon", "coordinates": [ [ [ -46.21641, -23.91661 ], [ -46.21008, -23.91882 ], [ -46.20871, -23.91873 ], [ -46.20789, -23.91825 ], [ -46.20748, -23.91751 ], [ -46.20722, -23.91751 ], [ -46.20701, -23.91777 ], [ -46.2066, -23.91785 ], [ -46.20523, -23.91741 ], [ -46.20468, -23.91555 ], [ -46.20425, -23.91504 ], [ -46.20364, -23.91493 ], [ -46.20278, -23.91506 ], [ -46.20122, -23.91449 ], [ -46.20033, -23.91379 ], [ -46.20012, -23.91308 ], [ -46.19956, -23.91229 ], [ -46.19688, -23.91087 ], [ -46.19598, -23.91023 ], [ -46.19438, -23.90979 ], [ -46.19317, -23.90914 ], [ -46.19231, -23.90894 ], [ -46.19175, -23.90816 ], [ -46.19154, -23.90694 ], [ -46.19115, -23.90693 ], [ -46.19082, -23.90644 ], [ -46.19049, -23.90463 ], [ -46.1906, -23.90426 ], [ -46.19041, -23.90421 ], [ -46.19038, -23.90393 ], [ -46.19066, -23.90312 ], [ -46.19135, -23.90289 ], [ -46.19144, -23.90259 ], [ -46.19109, -23.90212 ], [ -46.19075, -23.90011 ], [ -46.19075, -23.89848 ], [ -46.19055, -23.89796 ], [ -46.19228, -23.89657 ], [ -46.19495, -23.89592 ], [ -46.19509, -23.89893 ], [ -46.1939, -23.90302 ], [ -46.19391, -23.90341 ], [ -46.19423, -23.90425 ], [ -46.19753, -23.90668 ], [ -46.19911, -23.90727 ], [ -46.20021, -23.90707 ], [ -46.20068, -23.90815 ], [ -46.20118, -23.90837 ], [ -46.20188, -23.90916 ], [ -46.20301, -23.90948 ], [ -46.20329, -23.91 ], [ -46.20416, -23.9106 ], [ -46.20477, -23.91095 ], [ -46.20607, -23.91138 ], [ -46.20744, -23.91216 ], [ -46.20779, -23.91243 ], [ -46.20599, -23.91166 ], [ -46.20562, -23.91181 ], [ -46.20556, -23.91204 ], [ -46.20559, -23.9124 ], [ -46.20729, -23.91368 ], [ -46.20862, -23.91378 ], [ -46.20998, -23.91343 ], [ -46.21057, -23.91306 ], [ -46.21091, -23.91266 ], [ -46.21119, -23.91203 ], [ -46.21133, -23.91201 ], [ -46.21145, -23.91225 ], [ -46.21186, -23.91201 ], [ -46.21219, -23.91202 ], [ -46.21314, -23.91099 ], [ -46.21349, -23.90993 ], [ -46.21426, -23.90847 ], [ -46.21451, -23.90815 ], [ -46.21496, -23.90788 ], [ -46.21637, -23.90747 ], [ -46.21685, -23.90752 ], [ -46.21751, -23.90784 ], [ -46.21857, -23.90798 ], [ -46.21922, -23.90783 ], [ -46.21968, -23.90716 ], [ -46.22021, -23.90711 ], [ -46.22118, -23.90658 ], [ -46.2214, -23.90598 ], [ -46.22159, -23.90589 ], [ -46.22179, -23.90549 ], [ -46.22266, -23.9052 ], [ -46.22309, -23.90536 ], [ -46.22356, -23.90525 ], [ -46.22387, -23.90546 ], [ -46.22422, -23.90537 ], [ -46.22493, -23.90543 ], [ -46.22537, -23.90573 ], [ -46.22554, -23.90574 ], [ -46.22555, -23.90551 ], [ -46.22685, -23.90562 ], [ -46.22726, -23.90585 ], [ -46.22761, -23.90576 ], [ -46.22933, -23.9071 ], [ -46.22994, -23.90782 ], [ -46.2306, -23.90892 ], [ -46.23098, -23.90911 ], [ -46.23101, -23.90947 ], [ -46.23118, -23.90951 ], [ -46.23181, -23.9081 ], [ -46.23283, -23.90802 ], [ -46.23452, -23.90853 ], [ -46.23483, -23.90839 ], [ -46.2363, -23.90916 ], [ -46.23669, -23.90963 ], [ -46.23716, -23.91064 ], [ -46.23748, -23.91058 ], [ -46.23763, -23.91074 ], [ -46.23759, -23.91089 ], [ -46.23799, -23.91101 ], [ -46.23818, -23.91124 ], [ -46.23835, -23.91186 ], [ -46.23849, -23.914 ], [ -46.2384, -23.91484 ], [ -46.23745, -23.91838 ], [ -46.23753, -23.91861 ], [ -46.23841, -23.91941 ], [ -46.23892, -23.91946 ], [ -46.23986, -23.91842 ], [ -46.24012, -23.91839 ], [ -46.23996, -23.9198 ], [ -46.24009, -23.92075 ], [ -46.2403, -23.92109 ], [ -46.24088, -23.92115 ], [ -46.24155, -23.92171 ], [ -46.24133, -23.92067 ], [ -46.24169, -23.92155 ], [ -46.24238, -23.92168 ], [ -46.24381, -23.92163 ], [ -46.24372, -23.92195 ], [ -46.24446, -23.92267 ], [ -46.24484, -23.92275 ], [ -46.24654, -23.92553 ], [ -46.24515, -23.92626 ], [ -46.24383, -23.92652 ], [ -46.24211, -23.92658 ], [ -46.24078, -23.92718 ], [ -46.23905, -23.92768 ], [ -46.23889, -23.92735 ], [ -46.23854, -23.92718 ], [ -46.2384, -23.92729 ], [ -46.23834, -23.92777 ], [ -46.23857, -23.9282 ], [ -46.23795, -23.92782 ], [ -46.23656, -23.92581 ], [ -46.23487, -23.92282 ], [ -46.23436, -23.92232 ], [ -46.23182, -23.91753 ], [ -46.22981, -23.9151 ], [ -46.22823, -23.91395 ], [ -46.22222, -23.91343 ], [ -46.22158, -23.91347 ], [ -46.22074, -23.91379 ], [ -46.22009, -23.91371 ], [ -46.21983, -23.91386 ], [ -46.21873, -23.91535 ], [ -46.21789, -23.91596 ], [ -46.21641, -23.91661 ] ] ] } },
{ "type": "Feature", "properties": { "km2": 0.151 }, "geometry": { "type": "Polygon", "coordinates": [ [ [ -46.24381, -23.92163 ], [ -46.243, -23.92164 ], [ -46.2432, -23.92145 ], [ -46.24314, -23.92098 ], [ -46.24266, -23.91997 ], [ -46.24291, -23.91938 ], [ -46.24332, -23.91914 ], [ -46.24404, -23.91897 ], [ -46.24621, -23.91885 ], [ -46.24671, -23.91857 ], [ -46.24703, -23.91812 ], [ -46.24714, -23.91759 ], [ -46.24689, -23.91713 ], [ -46.24651, -23.917 ], [ -46.24393, -23.91777 ], [ -46.24301, -23.91764 ], [ -46.2424, -23.91719 ], [ -46.24207, -23.91656 ], [ -46.24221, -23.91579 ], [ -46.24248, -23.91552 ], [ -46.24337, -23.91514 ], [ -46.24528, -23.91472 ], [ -46.24583, -23.91427 ], [ -46.24592, -23.91373 ], [ -46.24555, -23.91329 ], [ -46.24525, -23.9132 ], [ -46.24395, -23.91328 ], [ -46.24278, -23.91369 ], [ -46.2423, -23.91371 ], [ -46.24206, -23.91357 ], [ -46.24163, -23.91284 ], [ -46.24149, -23.91054 ], [ -46.24158, -23.91013 ], [ -46.24205, -23.90965 ], [ -46.24244, -23.90949 ], [ -46.24285, -23.90949 ], [ -46.24349, -23.9099 ], [ -46.24409, -23.91107 ], [ -46.2444, -23.91113 ], [ -46.24641, -23.91036 ], [ -46.24747, -23.91039 ], [ -46.24878, -23.91083 ], [ -46.24937, -23.91008 ], [ -46.24945, -23.91041 ], [ -46.2493, -23.91072 ], [ -46.24874, -23.91113 ], [ -46.24854, -23.91115 ], [ -46.24746, -23.9107 ], [ -46.24685, -23.91062 ], [ -46.24567, -23.91088 ], [ -46.245, -23.91125 ], [ -46.24428, -23.91144 ], [ -46.24374, -23.91118 ], [ -46.24337, -23.91025 ], [ -46.24284, -23.90979 ], [ -46.24232, -23.90985 ], [ -46.24188, -23.91034 ], [ -46.2418, -23.91114 ], [ -46.2419, -23.91244 ], [ -46.24217, -23.9131 ], [ -46.24272, -23.91329 ], [ -46.24386, -23.91295 ], [ -46.24529, -23.91283 ], [ -46.24594, -23.91314 ], [ -46.24627, -23.91375 ], [ -46.24629, -23.91406 ], [ -46.24611, -23.91442 ], [ -46.24554, -23.91499 ], [ -46.24281, -23.91575 ], [ -46.24246, -23.91621 ], [ -46.2426, -23.91687 ], [ -46.24329, -23.91733 ], [ -46.24373, -23.9174 ], [ -46.24428, -23.91733 ], [ -46.24601, -23.91664 ], [ -46.24652, -23.9166 ], [ -46.24729, -23.91698 ], [ -46.24748, -23.91733 ], [ -46.24746, -23.91806 ], [ -46.24698, -23.91899 ], [ -46.24602, -23.91939 ], [ -46.24421, -23.91941 ], [ -46.24332, -23.91974 ], [ -46.24321, -23.92008 ], [ -46.24369, -23.92083 ], [ -46.24381, -23.92163 ] ] ] } },
{ "type": "Feature", "properties": { "km2": 0.278 }, "geometry": { "type": "Polygon", "coordinates": [ [ [ -46.28632, -24.00062 ], [ -46.28654, -24.00042 ], [ -46.28653, -24.00077 ], [ -46.28671, -24.00098 ], [ -46.28715, -24.00091 ], [ -46.28759, -24.00033 ], [ -46.2893, -23.99886 ], [ -46.29032, -23.99895 ], [ -46.29159, -23.99992 ], [ -46.29205, -24.0 ], [ -46.29204, -23.99924 ], [ -46.29142, -23.9982 ], [ -46.29139, -23.9978 ], [ -46.29175, -23.9974 ], [ -46.29233, -23.99723 ], [ -46.29236, -23.9969 ], [ -46.29364, -23.99724 ], [ -46.29403, -23.99748 ], [ -46.29443, -23.99808 ], [ -46.29479, -23.99901 ], [ -46.29504, -23.99899 ], [ -46.29475, -23.99764 ], [ -46.29458, -23.99715 ], [ -46.29433, -23.99698 ], [ -46.2942, -23.99636 ], [ -46.29436, -23.99563 ], [ -46.29457, -23.99511 ], [ -46.29482, -23.99501 ], [ -46.29497, -23.99445 ], [ -46.29481, -23.99383 ], [ -46.29512, -23.99358 ], [ -46.29608, -23.99405 ], [ -46.29545, -23.99558 ], [ -46.29549, -23.99573 ], [ -46.29535, -23.99577 ], [ -46.2956, -23.99664 ], [ -46.29538, -23.99668 ], [ -46.29718, -24.00165 ], [ -46.29704, -24.00396 ], [ -46.29742, -24.00396 ], [ -46.29743, -24.00405 ], [ -46.29703, -24.00406 ], [ -46.29708, -24.0055 ], [ -46.29639, -24.00554 ], [ -46.29617, -24.0053 ], [ -46.29635, -24.00506 ], [ -46.29622, -24.00484 ], [ -46.29454, -24.00562 ], [ -46.29409, -24.00568 ], [ -46.29302, -24.00549 ], [ -46.29248, -24.00579 ], [ -46.29216, -24.00579 ], [ -46.29221, -24.005 ], [ -46.29285, -24.00502 ], [ -46.2931, -24.00491 ], [ -46.29442, -24.00505 ], [ -46.29584, -24.00447 ], [ -46.29638, -24.00387 ], [ -46.29643, -24.00181 ], [ -46.29598, -24.0004 ], [ -46.29568, -24.00026 ], [ -46.29, -24.00382 ], [ -46.28933, -24.0029 ], [ -46.28974, -24.00268 ], [ -46.2904, -24.00278 ], [ -46.2947, -24.00014 ], [ -46.29442, -23.99978 ], [ -46.29365, -24.00022 ], [ -46.29347, -24.00014 ], [ -46.29318, -23.99975 ], [ -46.29407, -23.99921 ], [ -46.29358, -23.99854 ], [ -46.29341, -23.99863 ], [ -46.29354, -23.99841 ], [ -46.29312, -23.99814 ], [ -46.29262, -23.99748 ], [ -46.29203, -23.99755 ], [ -46.29171, -23.99787 ], [ -46.29233, -23.99954 ], [ -46.29231, -23.99993 ], [ -46.29211, -24.0002 ], [ -46.29177, -24.00023 ], [ -46.29049, -23.99931 ], [ -46.28963, -23.999 ], [ -46.28914, -23.99915 ], [ -46.28876, -23.9997 ], [ -46.28763, -24.00048 ], [ -46.28724, -24.00105 ], [ -46.28662, -24.0011 ], [ -46.28607, -24.00058 ], [ -46.28632, -24.00062 ] ] ] } },
{ "type": "Feature", "properties": { "km2": 0.309 }, "geometry": { "type": "Polygon", "coordinates": [ [ [ -46.27197, -23.98261 ], [ -46.27173, -23.98244 ], [ -46.27162, -23.98203 ], [ -46.27185, -23.98105 ], [ -46.27179, -23.98053 ], [ -46.27151, -23.98003 ], [ -46.27122, -23.97982 ], [ -46.27088, -23.97974 ], [ -46.27036, -23.97998 ], [ -46.27034, -23.98046 ], [ -46.27061, -23.98145 ], [ -46.2704, -23.98218 ], [ -46.26995, -23.98255 ], [ -46.26916, -23.98273 ], [ -46.2679, -23.98248 ], [ -46.26741, -23.98214 ], [ -46.26727, -23.98157 ], [ -46.26742, -23.98063 ], [ -46.26734, -23.98036 ], [ -46.26676, -23.97987 ], [ -46.26682, -23.97972 ], [ -46.26722, -23.97985 ], [ -46.2675, -23.98037 ], [ -46.26748, -23.9819 ], [ -46.26764, -23.98218 ], [ -46.26789, -23.98231 ], [ -46.26922, -23.9825 ], [ -46.26983, -23.9824 ], [ -46.27009, -23.98222 ], [ -46.27031, -23.98189 ], [ -46.27036, -23.98151 ], [ -46.27013, -23.98056 ], [ -46.27015, -23.97988 ], [ -46.27062, -23.97956 ], [ -46.27109, -23.97955 ], [ -46.27143, -23.9797 ], [ -46.27187, -23.98015 ], [ -46.27213, -23.9808 ], [ -46.27206, -23.98195 ], [ -46.27217, -23.98224 ], [ -46.27241, -23.98224 ], [ -46.2735, -23.98168 ], [ -46.27508, -23.98177 ], [ -46.2761, -23.98133 ], [ -46.27662, -23.98134 ], [ -46.27699, -23.9816 ], [ -46.27722, -23.98222 ], [ -46.27724, -23.98379 ], [ -46.27742, -23.98399 ], [ -46.27798, -23.98411 ], [ -46.27831, -23.98402 ], [ -46.27851, -23.98376 ], [ -46.2787, -23.98294 ], [ -46.27924, -23.98243 ], [ -46.27896, -23.98196 ], [ -46.27909, -23.98115 ], [ -46.27949, -23.98094 ], [ -46.28014, -23.98129 ], [ -46.28027, -23.98109 ], [ -46.28025, -23.98066 ], [ -46.28071, -23.98022 ], [ -46.28084, -23.98028 ], [ -46.28076, -23.98043 ], [ -46.28049, -23.98052 ], [ -46.28026, -23.98079 ], [ -46.28042, -23.98108 ], [ -46.28033, -23.98143 ], [ -46.28006, -23.98142 ], [ -46.27939, -23.98107 ], [ -46.27919, -23.98121 ], [ -46.27909, -23.98153 ], [ -46.2793, -23.98214 ], [ -46.2808, -23.98219 ], [ -46.28147, -23.98246 ], [ -46.28379, -23.98432 ], [ -46.28431, -23.98535 ], [ -46.28427, -23.98586 ], [ -46.28452, -23.98579 ], [ -46.28608, -23.9863 ], [ -46.28684, -23.98635 ], [ -46.2876, -23.9866 ], [ -46.28782, -23.9867 ], [ -46.28747, -23.98722 ], [ -46.28852, -23.98779 ], [ -46.28796, -23.98869 ], [ -46.28723, -23.98855 ], [ -46.28526, -23.98889 ], [ -46.28511, -23.98878 ], [ -46.28497, -23.9881 ], [ -46.28513, -23.98807 ], [ -46.2851, -23.98794 ], [ -46.28372, -23.98812 ], [ -46.28367, -23.98827 ], [ -46.28342, -23.9883 ], [ -46.28338, -23.98792 ], [ -46.28312, -23.9875 ], [ -46.28289, -23.9874 ], [ -46.28272, -23.98667 ], [ -46.28274, -23.98637 ], [ -46.28334, -23.98548 ], [ -46.28226, -23.98442 ], [ -46.28115, -23.98546 ], [ -46.28105, -23.98633 ], [ -46.28089, -23.98634 ], [ -46.28033, -23.98584 ], [ -46.28205, -23.98418 ], [ -46.2819, -23.98416 ], [ -46.28195, -23.98389 ], [ -46.28182, -23.9838 ], [ -46.28208, -23.98372 ], [ -46.28072, -23.98268 ], [ -46.28028, -23.98274 ], [ -46.27961, -23.9834 ], [ -46.27939, -23.9839 ], [ -46.27878, -23.98437 ], [ -46.27876, -23.98496 ], [ -46.27858, -23.98497 ], [ -46.27863, -23.98452 ], [ -46.27831, -23.98495 ], [ -46.27804, -23.9847 ], [ -46.27813, -23.98454 ], [ -46.27727, -23.98439 ], [ -46.27679, -23.98387 ], [ -46.27668, -23.98415 ], [ -46.2766, -23.98391 ], [ -46.27639, -23.98448 ], [ -46.27595, -23.98497 ], [ -46.27585, -23.98495 ], [ -46.27632, -23.98428 ], [ -46.27643, -23.98387 ], [ -46.27643, -23.98277 ], [ -46.27673, -23.98195 ], [ -46.27651, -23.98172 ], [ -46.27503, -23.98221 ], [ -46.27363, -23.98199 ], [ -46.27236, -23.98265 ], [ -46.27197, -23.98261 ] ], [ [ -46.27864, -23.98371 ], [ -46.27895, -23.98331 ], [ -46.27891, -23.98323 ], [ -46.27875, -23.98336 ], [ -46.27864, -23.98371 ] ] ] } },
{ "type": "Feature", "properties": { "km2": 0.09 }, "geometry": { "type": "Polygon", "coordinates": [ [ [ -46.30095, -23.9997 ], [ -46.30246, -23.99957 ], [ -46.30217, -23.99966 ], [ -46.30198, -24.0005 ], [ -46.30133, -24.00121 ], [ -46.30111, -24.00244 ], [ -46.30013, -24.00307 ], [ -46.30014, -24.00341 ], [ -46.30046, -24.00384 ], [ -46.29999, -24.00358 ], [ -46.29991, -24.00317 ], [ -46.30074, -24.00162 ], [ -46.30066, -24.00093 ], [ -46.2992, -23.99942 ], [ -46.29889, -23.99547 ], [ -46.2995, -23.99535 ], [ -46.29969, -23.99679 ], [ -46.30029, -23.99686 ], [ -46.30029, -23.9972 ], [ -46.29978, -23.99722 ], [ -46.29968, -23.99745 ], [ -46.29977, -23.99778 ], [ -46.30004, -23.99776 ], [ -46.30019, -23.99848 ], [ -46.30049, -23.99899 ], [ -46.30054, -23.99956 ], [ -46.30095, -23.9997 ] ] ] } },
{ "type": "Feature", "properties": { "km2": 0.078 }, "geometry": { "type": "Polygon", "coordinates": [ [ [ -46.38355, -23.9489 ], [ -46.38343, -23.9482 ], [ -46.38284, -23.94757 ], [ -46.38257, -23.94752 ], [ -46.38244, -23.94704 ], [ -46.38256, -23.94679 ], [ -46.38318, -23.94639 ], [ -46.38361, -23.94636 ], [ -46.38391, -23.94598 ], [ -46.38449, -23.94561 ], [ -46.38501, -23.94475 ], [ -46.3849, -23.94448 ], [ -46.3851, -23.94451 ], [ -46.38531, -23.94398 ], [ -46.3856, -23.94378 ], [ -46.38617, -23.94353 ], [ -46.38755, -23.94382 ], [ -46.38867, -23.94353 ], [ -46.39054, -23.94241 ], [ -46.39138, -23.94125 ], [ -46.39126, -23.94122 ], [ -46.39139, -23.94099 ], [ -46.39121, -23.94054 ], [ -46.39026, -23.93938 ], [ -46.38924, -23.93878 ], [ -46.38872, -23.93816 ], [ -46.38721, -23.93714 ], [ -46.38629, -23.93615 ], [ -46.38683, -23.93611 ], [ -46.38859, -23.93754 ], [ -46.38878, -23.93789 ], [ -46.3896, -23.93839 ], [ -46.39148, -23.93995 ], [ -46.39187, -23.94045 ], [ -46.39189, -23.94103 ], [ -46.39089, -23.94216 ], [ -46.39064, -23.94262 ], [ -46.38959, -23.94344 ], [ -46.38777, -23.94408 ], [ -46.38651, -23.94414 ], [ -46.38589, -23.94395 ], [ -46.38556, -23.94416 ], [ -46.38545, -23.94457 ], [ -46.38512, -23.94505 ], [ -46.38445, -23.94582 ], [ -46.3841, -23.946 ], [ -46.38404, -23.94623 ], [ -46.38362, -23.94659 ], [ -46.38329, -23.9465 ], [ -46.38279, -23.9468 ], [ -46.38266, -23.94703 ], [ -46.38269, -23.94731 ], [ -46.38343, -23.94801 ], [ -46.3837, -23.94904 ], [ -46.38406, -23.94953 ], [ -46.38436, -23.94963 ], [ -46.38486, -23.94958 ], [ -46.38515, -23.94971 ], [ -46.38416, -23.94972 ], [ -46.38393, -23.94961 ], [ -46.38355, -23.9489 ] ] ] } },
{ "type": "Feature", "properties": { "km2": 0.024 }, "geometry": { "type": "Polygon", "coordinates": [ [ [ -46.40916, -23.93629 ], [ -46.40752, -23.93585 ], [ -46.4074, -23.93571 ], [ -46.40743, -23.93538 ], [ -46.40855, -23.93483 ], [ -46.40895, -23.93488 ], [ -46.40944, -23.93559 ], [ -46.40942, -23.93618 ], [ -46.40916, -23.93629 ] ] ] } },
{ "type": "Feature", "properties": { "km2": 0.033 }, "geometry": { "type": "Polygon", "coordinates": [ [ [ -46.47556, -24.00597 ], [ -46.47517, -24.00594 ], [ -46.47407, -24.0062 ], [ -46.47192, -24.00762 ], [ -46.47092, -24.00813 ], [ -46.47038, -24.0082 ], [ -46.46775, -24.00693 ], [ -46.46698, -24.00684 ], [ -46.46612, -24.00696 ], [ -46.46535, -24.00759 ], [ -46.46521, -24.00817 ], [ -46.46535, -24.00845 ], [ -46.46525, -24.00898 ], [ -46.46534, -24.00917 ], [ -46.46516, -24.00928 ], [ -46.46511, -24.00877 ], [ -46.46491, -24.00845 ], [ -46.46505, -24.00835 ], [ -46.46512, -24.00777 ], [ -46.46535, -24.00728 ], [ -46.46609, -24.00676 ], [ -46.46735, -24.00668 ], [ -46.46817, -24.00682 ], [ -46.46998, -24.00781 ], [ -46.47082, -24.00788 ], [ -46.47222, -24.00717 ], [ -46.47416, -24.0059 ], [ -46.47503, -24.00559 ], [ -46.47556, -24.00597 ] ] ] } },
{ "type": "Feature", "properties": { "km2": 0.026 }, "geometry": { "type": "Polygon", "coordinates": [ [ [ -46.48565, -24.00661 ], [ -46.48528, -24.00629 ], [ -46.48515, -24.0059 ], [ -46.48529, -24.00525 ], [ -46.48517, -24.00399 ], [ -46.48457, -24.00345 ], [ -46.48461, -24.00336 ], [ -46.48615, -24.00329 ], [ -46.48635, -24.00343 ], [ -46.48616, -24.00405 ], [ -46.48587, -24.00447 ], [ -46.48598, -24.00489 ], [ -46.48578, -24.00489 ], [ -46.48571, -24.00503 ], [ -46.48565, -24.00661 ] ] ] } },
{ "type": "Feature", "properties": { "km2": 0.026 }, "geometry": { "type": "Polygon", "coordinates": [ [ [ -46.49653, -24.01003 ], [ -46.49672, -24.01036 ], [ -46.49647, -24.01057 ], [ -46.4965, -24.01079 ], [ -46.49687, -24.01089 ], [ -46.49685, -24.01133 ], [ -46.49625, -24.011 ], [ -46.49577, -24.01098 ], [ -46.49557, -24.01119 ], [ -46.49471, -24.01093 ], [ -46.49423, -24.01066 ], [ -46.49404, -24.01032 ], [ -46.49411, -24.01011 ], [ -46.49444, -24.01004 ], [ -46.49515, -24.01005 ], [ -46.49567, -24.0103 ], [ -46.49653, -24.01003 ] ] ] } },
{ "type": "Feature", "properties": { "km2": 0.051 }, "geometry": { "type": "Polygon", "coordinates": [ [ [ -46.50781, -23.98611 ], [ -46.5082, -23.98669 ], [ -46.50805, -23.98668 ], [ -46.50805, -23.98684 ], [ -46.50762, -23.98703 ], [ -46.50737, -23.98632 ], [ -46.50649, -23.98617 ], [ -46.50663, -23.98644 ], [ -46.50653, -23.98675 ], [ -46.5058, -23.98722 ], [ -46.50531, -23.98716 ], [ -46.50479, -23.98677 ], [ -46.505, -23.98594 ], [ -46.50499, -23.98498 ], [ -46.5053, -23.9842 ], [ -46.50591, -23.98345 ], [ -46.50675, -23.98328 ], [ -46.50723, -23.98347 ], [ -46.508, -23.98404 ], [ -46.50864, -23.98515 ], [ -46.50845, -23.98531 ], [ -46.50776, -23.98429 ], [ -46.50679, -23.98356 ], [ -46.50635, -23.9835 ], [ -46.50598, -23.98374 ], [ -46.50575, -23.98415 ], [ -46.50532, -23.98525 ], [ -46.50539, -23.98551 ], [ -46.50519, -23.98631 ], [ -46.50529, -23.98642 ], [ -46.50553, -23.98635 ], [ -46.50609, -23.98589 ], [ -46.50666, -23.98577 ], [ -46.50781, -23.98611 ] ] ] } },
{ "type": "Feature", "properties": { "km2": 0.403 }, "geometry": { "type": "Polygon", "coordinates": [ [ [ -46.51006, -23.98372 ], [ -46.51015, -23.98401 ], [ -46.51064, -23.98429 ], [ -46.51065, -23.98477 ], [ -46.51023, -23.98544 ], [ -46.50895, -23.98592 ], [ -46.50907, -23.98615 ], [ -46.50924, -23.9862 ], [ -46.50966, -23.98726 ], [ -46.50925, -23.98827 ], [ -46.50821, -23.98904 ], [ -46.50647, -23.9894 ], [ -46.50611, -23.98971 ], [ -46.50599, -23.99018 ], [ -46.50639, -23.99148 ], [ -46.5063, -23.99185 ], [ -46.50591, -23.99254 ], [ -46.50463, -23.99279 ], [ -46.5046, -23.99322 ], [ -46.50575, -23.99432 ], [ -46.50611, -23.99484 ], [ -46.50692, -23.99712 ], [ -46.50711, -23.99729 ], [ -46.50743, -23.99722 ], [ -46.5078, -23.99657 ], [ -46.50793, -23.99605 ], [ -46.50791, -23.99504 ], [ -46.50808, -23.99477 ], [ -46.5084, -23.99451 ], [ -46.51046, -23.99369 ], [ -46.51112, -23.99391 ], [ -46.51135, -23.99411 ], [ -46.51151, -23.99438 ], [ -46.51154, -23.99483 ], [ -46.51146, -23.99516 ], [ -46.51107, -23.99565 ], [ -46.51027, -23.99597 ], [ -46.5103, -23.99653 ], [ -46.51135, -23.99782 ], [ -46.51188, -23.99823 ], [ -46.51228, -23.99829 ], [ -46.51264, -23.99816 ], [ -46.51352, -23.99711 ], [ -46.51444, -23.99639 ], [ -46.51528, -23.99638 ], [ -46.51582, -23.99674 ], [ -46.51591, -23.99719 ], [ -46.51528, -23.9975 ], [ -46.51579, -23.99704 ], [ -46.51574, -23.99683 ], [ -46.51537, -23.99656 ], [ -46.51446, -23.99651 ], [ -46.51358, -23.99727 ], [ -46.51297, -23.99809 ], [ -46.51213, -23.99848 ], [ -46.51251, -23.99907 ], [ -46.51291, -24.00022 ], [ -46.51316, -24.00024 ], [ -46.51375, -23.99985 ], [ -46.51419, -23.99998 ], [ -46.51451, -24.00036 ], [ -46.51488, -24.00132 ], [ -46.51574, -24.00201 ], [ -46.51573, -24.00256 ], [ -46.51531, -24.00359 ], [ -46.51544, -24.00386 ], [ -46.51565, -24.00388 ], [ -46.51638, -24.00339 ], [ -46.51671, -24.00333 ], [ -46.51726, -24.0035 ], [ -46.5176, -24.00485 ], [ -46.51773, -24.00632 ], [ -46.51739, -24.00698 ], [ -46.51637, -24.00797 ], [ -46.51625, -24.00857 ], [ -46.51663, -24.00942 ], [ -46.51679, -24.0095 ], [ -46.51775, -24.00899 ], [ -46.51802, -24.00896 ], [ -46.51874, -24.00944 ], [ -46.51868, -24.00991 ], [ -46.51797, -24.01115 ], [ -46.51807, -24.01143 ], [ -46.51874, -24.0116 ], [ -46.52034, -24.01138 ], [ -46.52072, -24.01128 ], [ -46.52147, -24.01076 ], [ -46.52178, -24.01073 ], [ -46.52224, -24.01088 ], [ -46.52244, -24.01136 ], [ -46.52236, -24.01154 ], [ -46.52162, -24.01168 ], [ -46.52149, -24.01181 ], [ -46.52141, -24.01215 ], [ -46.52151, -24.01235 ], [ -46.522, -24.01261 ], [ -46.52354, -24.01272 ], [ -46.52511, -24.01305 ], [ -46.52545, -24.01292 ], [ -46.52553, -24.01277 ], [ -46.52551, -24.01247 ], [ -46.52492, -24.01129 ], [ -46.52526, -24.01058 ], [ -46.52616, -24.0108 ], [ -46.52678, -24.01186 ], [ -46.52725, -24.01228 ], [ -46.52753, -24.01275 ], [ -46.52779, -24.01287 ], [ -46.52988, -24.01222 ], [ -46.53069, -24.01184 ], [ -46.5311, -24.01194 ], [ -46.53122, -24.0131 ], [ -46.53091, -24.01371 ], [ -46.52969, -24.01447 ], [ -46.52812, -24.01487 ], [ -46.52806, -24.01498 ], [ -46.52829, -24.01535 ], [ -46.52997, -24.01675 ], [ -46.53046, -24.0166 ], [ -46.53074, -24.01628 ], [ -46.53121, -24.0152 ], [ -46.53167, -24.01506 ], [ -46.53201, -24.01524 ], [ -46.53258, -24.01615 ], [ -46.53272, -24.01644 ], [ -46.53272, -24.01713 ], [ -46.53254, -24.01742 ], [ -46.53188, -24.01792 ], [ -46.53176, -24.01861 ], [ -46.53191, -24.01966 ], [ -46.53085, -24.02015 ], [ -46.53023, -24.02093 ], [ -46.52909, -24.02168 ], [ -46.52895, -24.02173 ], [ -46.52882, -24.02153 ], [ -46.53024, -24.02062 ], [ -46.53083, -24.01991 ], [ -46.53149, -24.0194 ], [ -46.53162, -24.01915 ], [ -46.5315, -24.01885 ], [ -46.53152, -24.01835 ], [ -46.53174, -24.01777 ], [ -46.53244, -24.01713 ], [ -46.53253, -24.01687 ], [ -46.53246, -24.01655 ], [ -46.53173, -24.01543 ], [ -46.53136, -24.01545 ], [ -46.53079, -24.01665 ], [ -46.53054, -24.017 ], [ -46.5302, -24.0171 ], [ -46.52985, -24.01699 ], [ -46.52808, -24.01548 ], [ -46.52785, -24.01511 ], [ -46.52805, -24.01469 ], [ -46.52898, -24.01446 ], [ -46.53068, -24.01364 ], [ -46.53093, -24.01339 ], [ -46.5309, -24.01221 ], [ -46.53062, -24.01212 ], [ -46.53021, -24.01239 ], [ -46.52842, -24.01301 ], [ -46.52758, -24.01301 ], [ -46.52658, -24.01208 ], [ -46.52575, -24.01105 ], [ -46.52533, -24.01083 ], [ -46.52519, -24.01114 ], [ -46.52521, -24.01149 ], [ -46.52589, -24.01248 ], [ -46.52591, -24.01297 ], [ -46.52566, -24.01329 ], [ -46.52522, -24.01337 ], [ -46.52307, -24.01291 ], [ -46.52121, -24.01293 ], [ -46.52093, -24.01275 ], [ -46.5208, -24.01251 ], [ -46.5209, -24.01222 ], [ -46.52171, -24.01129 ], [ -46.52168, -24.011 ], [ -46.52149, -24.01101 ], [ -46.52111, -24.01134 ], [ -46.52016, -24.01166 ], [ -46.51932, -24.01183 ], [ -46.51812, -24.01181 ], [ -46.51772, -24.0113 ], [ -46.51772, -24.01094 ], [ -46.51793, -24.01038 ], [ -46.51837, -24.00983 ], [ -46.51834, -24.00935 ], [ -46.51787, -24.00925 ], [ -46.51716, -24.00978 ], [ -46.51676, -24.0098 ], [ -46.51611, -24.00931 ], [ -46.51589, -24.00883 ], [ -46.51586, -24.00849 ], [ -46.51607, -24.00786 ], [ -46.51632, -24.00748 ], [ -46.51701, -24.00693 ], [ -46.51731, -24.00646 ], [ -46.51741, -24.00568 ], [ -46.51712, -24.00393 ], [ -46.51659, -24.00364 ], [ -46.51636, -24.00368 ], [ -46.51573, -24.00435 ], [ -46.51532, -24.00438 ], [ -46.51513, -24.00426 ], [ -46.51489, -24.00378 ], [ -46.51542, -24.00235 ], [ -46.51538, -24.00215 ], [ -46.5145, -24.00137 ], [ -46.51414, -24.00049 ], [ -46.51385, -24.00023 ], [ -46.51316, -24.00059 ], [ -46.51273, -24.00064 ], [ -46.51209, -23.99885 ], [ -46.51062, -23.9975 ], [ -46.50991, -23.99661 ], [ -46.5098, -23.99608 ], [ -46.51, -23.99562 ], [ -46.51073, -23.99547 ], [ -46.5111, -23.99518 ], [ -46.51122, -23.99459 ], [ -46.51095, -23.99421 ], [ -46.51074, -23.99408 ], [ -46.51024, -23.99406 ], [ -46.50837, -23.99504 ], [ -46.50822, -23.99545 ], [ -46.50824, -23.99651 ], [ -46.50782, -23.99738 ], [ -46.50739, -23.99769 ], [ -46.50713, -23.99766 ], [ -46.50647, -23.9972 ], [ -46.50612, -23.99585 ], [ -46.50563, -23.9947 ], [ -46.50523, -23.99421 ], [ -46.50384, -23.99341 ], [ -46.50385, -23.99291 ], [ -46.50417, -23.99266 ], [ -46.50467, -23.99237 ], [ -46.5053, -23.9923 ], [ -46.50586, -23.99192 ], [ -46.50586, -23.99111 ], [ -46.50559, -23.99019 ], [ -46.50571, -23.98949 ], [ -46.50603, -23.9892 ], [ -46.50783, -23.98873 ], [ -46.50873, -23.98807 ], [ -46.50896, -23.98772 ], [ -46.50906, -23.98719 ], [ -46.50847, -23.98621 ], [ -46.50845, -23.98531 ], [ -46.50907, -23.98497 ], [ -46.50998, -23.98486 ], [ -46.51009, -23.98461 ], [ -46.50893, -23.9836 ], [ -46.50658, -23.98284 ], [ -46.50503, -23.98219 ], [ -46.50533, -23.98147 ], [ -46.50677, -23.98234 ], [ -46.50893, -23.98298 ], [ -46.51006, -23.98372 ] ] ] } },
{ "type": "Feature", "properties": { "km2": 1.0 }, "geometry": { "type": "Polygon", "coordinates": [ [ [ -46.50503, -23.98219 ], [ -46.50377, -23.98159 ], [ -46.50194, -23.98104 ], [ -46.50167, -23.98044 ], [ -46.49914, -23.97878 ], [ -46.49865, -23.97801 ], [ -46.49603, -23.97483 ], [ -46.49387, -23.97177 ], [ -46.49152, -23.96709 ], [ -46.49075, -23.96617 ], [ -46.48949, -23.9654 ], [ -46.48878, -23.96538 ], [ -46.48689, -23.96581 ], [ -46.48491, -23.96591 ], [ -46.48187, -23.96515 ], [ -46.48062, -23.96457 ], [ -46.47958, -23.96374 ], [ -46.47931, -23.96332 ], [ -46.47897, -23.96224 ], [ -46.47891, -23.96099 ], [ -46.48004, -23.95934 ], [ -46.48026, -23.95797 ], [ -46.48, -23.95766 ], [ -46.47665, -23.95524 ], [ -46.47529, -23.95454 ], [ -46.47485, -23.95527 ], [ -46.47482, -23.95569 ], [ -46.47577, -23.95613 ], [ -46.47475, -23.95606 ], [ -46.47428, -23.95739 ], [ -46.47421, -23.95794 ], [ -46.47325, -23.95873 ], [ -46.47264, -23.95874 ], [ -46.47373, -23.95749 ], [ -46.4749, -23.95419 ], [ -46.47438, -23.95339 ], [ -46.47332, -23.95398 ], [ -46.47255, -23.95384 ], [ -46.47217, -23.9536 ], [ -46.47238, -23.95347 ], [ -46.47361, -23.95347 ], [ -46.47407, -23.95327 ], [ -46.47423, -23.95299 ], [ -46.47356, -23.95062 ], [ -46.47234, -23.9492 ], [ -46.47127, -23.94754 ], [ -46.47107, -23.94685 ], [ -46.47133, -23.94587 ], [ -46.47519, -23.94138 ], [ -46.47573, -23.94037 ], [ -46.47413, -23.9395 ], [ -46.47345, -23.9394 ], [ -46.47204, -23.93997 ], [ -46.47122, -23.94011 ], [ -46.46938, -23.94001 ], [ -46.46861, -23.93969 ], [ -46.46642, -23.93824 ], [ -46.46497, -23.93597 ], [ -46.46052, -23.93442 ], [ -46.45846, -23.9335 ], [ -46.45667, -23.93296 ], [ -46.45537, -23.93286 ], [ -46.45642, -23.93162 ], [ -46.45668, -23.93189 ], [ -46.45933, -23.93274 ], [ -46.46166, -23.93381 ], [ -46.46532, -23.93509 ], [ -46.46593, -23.93559 ], [ -46.46759, -23.93808 ], [ -46.46801, -23.93834 ], [ -46.47013, -23.93891 ], [ -46.47143, -23.93896 ], [ -46.47264, -23.93877 ], [ -46.47272, -23.93843 ], [ -46.47309, -23.93832 ], [ -46.47439, -23.93843 ], [ -46.47563, -23.93907 ], [ -46.47619, -23.93964 ], [ -46.47659, -23.94028 ], [ -46.47684, -23.94029 ], [ -46.47726, -23.94024 ], [ -46.47737, -23.94012 ], [ -46.47679, -23.93915 ], [ -46.47662, -23.9383 ], [ -46.47683, -23.93804 ], [ -46.47747, -23.93821 ], [ -46.4769, -23.93817 ], [ -46.4768, -23.93858 ], [ -46.47686, -23.93906 ], [ -46.47749, -23.93993 ], [ -46.47748, -23.94023 ], [ -46.4767, -23.94049 ], [ -46.47673, -23.94096 ], [ -46.47628, -23.94186 ], [ -46.47511, -23.94285 ], [ -46.4723, -23.94593 ], [ -46.47202, -23.94652 ], [ -46.47193, -23.94722 ], [ -46.47271, -23.94854 ], [ -46.47358, -23.94946 ], [ -46.47406, -23.94978 ], [ -46.47433, -23.95019 ], [ -46.47492, -23.95233 ], [ -46.47614, -23.95397 ], [ -46.47942, -23.95642 ], [ -46.48075, -23.95766 ], [ -46.48107, -23.95838 ], [ -46.4811, -23.95895 ], [ -46.48024, -23.96056 ], [ -46.4797, -23.96117 ], [ -46.47986, -23.9614 ], [ -46.48082, -23.9617 ], [ -46.4811, -23.96211 ], [ -46.48216, -23.96259 ], [ -46.48251, -23.96293 ], [ -46.48315, -23.96312 ], [ -46.48318, -23.9634 ], [ -46.48466, -23.96385 ], [ -46.48436, -23.96397 ], [ -46.48428, -23.96414 ], [ -46.4838, -23.96397 ], [ -46.48374, -23.96432 ], [ -46.48404, -23.96459 ], [ -46.48524, -23.96498 ], [ -46.48616, -23.96512 ], [ -46.48824, -23.96479 ], [ -46.49007, -23.96484 ], [ -46.49072, -23.9651 ], [ -46.49208, -23.96637 ], [ -46.49239, -23.96632 ], [ -46.49299, -23.96697 ], [ -46.49329, -23.96758 ], [ -46.49304, -23.96791 ], [ -46.49393, -23.97017 ], [ -46.49594, -23.97279 ], [ -46.49648, -23.97393 ], [ -46.49795, -23.97549 ], [ -46.50037, -23.97863 ], [ -46.50283, -23.98062 ], [ -46.50438, -23.98103 ], [ -46.50533, -23.98147 ], [ -46.50503, -23.98219 ] ], [ [ -46.48044, -23.96264 ], [ -46.48015, -23.96257 ], [ -46.48021, -23.96285 ], [ -46.4807, -23.96318 ], [ -46.4807, -23.96304 ], [ -46.48044, -23.96264 ] ] ] } },
{ "type": "Feature", "properties": { "km2": 0.057 }, "geometry": { "type": "Polygon", "coordinates": [ [ [ -46.48715, -24.00025 ], [ -46.48719, -24.0005 ], [ -46.48852, -24.00164 ], [ -46.48906, -24.00247 ], [ -46.48929, -24.00255 ], [ -46.4898, -24.00242 ], [ -46.48983, -24.00226 ], [ -46.48941, -24.00143 ], [ -46.48917, -24.00123 ], [ -46.48917, -24.00085 ], [ -46.48939, -24.00078 ], [ -46.49013, -24.00096 ], [ -46.49035, -24.00123 ], [ -46.49068, -24.00131 ], [ -46.49172, -24.00219 ], [ -46.49209, -24.0027 ], [ -46.49187, -24.00374 ], [ -46.49199, -24.00392 ], [ -46.49228, -24.00386 ], [ -46.49392, -24.0028 ], [ -46.49497, -24.00275 ], [ -46.49602, -24.00228 ], [ -46.496, -24.002 ], [ -46.49464, -24.00141 ], [ -46.4946, -24.00107 ], [ -46.4961, -23.9999 ], [ -46.49614, -23.99961 ], [ -46.49603, -23.99954 ], [ -46.49584, -23.99964 ], [ -46.49593, -23.99948 ], [ -46.4961, -23.99947 ], [ -46.49621, -23.99958 ], [ -46.49619, -23.99993 ], [ -46.49522, -24.00062 ], [ -46.4947, -24.00117 ], [ -46.49477, -24.00139 ], [ -46.49618, -24.00189 ], [ -46.49628, -24.00225 ], [ -46.49538, -24.00284 ], [ -46.49398, -24.00289 ], [ -46.49275, -24.00365 ], [ -46.49256, -24.00388 ], [ -46.49287, -24.00392 ], [ -46.49279, -24.00401 ], [ -46.49205, -24.00409 ], [ -46.49166, -24.00385 ], [ -46.49194, -24.00305 ], [ -46.4919, -24.00262 ], [ -46.49061, -24.00155 ], [ -46.4895, -24.00103 ], [ -46.48936, -24.00111 ], [ -46.48987, -24.00183 ], [ -46.49, -24.00249 ], [ -46.49044, -24.00287 ], [ -46.49121, -24.00395 ], [ -46.49143, -24.00489 ], [ -46.49127, -24.00505 ], [ -46.49099, -24.00507 ], [ -46.49071, -24.0048 ], [ -46.49105, -24.00503 ], [ -46.49122, -24.00498 ], [ -46.49129, -24.00467 ], [ -46.49112, -24.00396 ], [ -46.49012, -24.00278 ], [ -46.48952, -24.00279 ], [ -46.48951, -24.00309 ], [ -46.49014, -24.00433 ], [ -46.49003, -24.00432 ], [ -46.48938, -24.00315 ], [ -46.48891, -24.00272 ], [ -46.48837, -24.00183 ], [ -46.48689, -24.00056 ], [ -46.48606, -23.99948 ], [ -46.48562, -23.99947 ], [ -46.48564, -24.00016 ], [ -46.48539, -24.00016 ], [ -46.48543, -23.99921 ], [ -46.48557, -23.99907 ], [ -46.48588, -23.99905 ], [ -46.48715, -24.00025 ] ] ] } },
{ "type": "Feature", "properties": { "km2": 0.087 }, "geometry": { "type": "Polygon", "coordinates": [ [ [ -46.47671, -24.00544 ], [ -46.47851, -24.0055 ], [ -46.47942, -24.00539 ], [ -46.4818, -24.00463 ], [ -46.48218, -24.00477 ], [ -46.48274, -24.0064 ], [ -46.48303, -24.00682 ], [ -46.48325, -24.00685 ], [ -46.48449, -24.00553 ], [ -46.48452, -24.00519 ], [ -46.48104, -24.002 ], [ -46.48069, -24.00184 ], [ -46.48105, -24.00185 ], [ -46.48324, -24.00385 ], [ -46.48364, -24.00399 ], [ -46.48323, -24.00244 ], [ -46.4852, -24.00268 ], [ -46.48547, -24.00261 ], [ -46.4856, -24.00241 ], [ -46.48544, -24.00212 ], [ -46.485, -24.00192 ], [ -46.48486, -24.00163 ], [ -46.48492, -24.00129 ], [ -46.48521, -24.0009 ], [ -46.48539, -24.00016 ], [ -46.48564, -24.00016 ], [ -46.48565, -24.00046 ], [ -46.48518, -24.00141 ], [ -46.48527, -24.00165 ], [ -46.48573, -24.00192 ], [ -46.48584, -24.00223 ], [ -46.48567, -24.00283 ], [ -46.48502, -24.00287 ], [ -46.4838, -24.0027 ], [ -46.48358, -24.00283 ], [ -46.484, -24.00426 ], [ -46.48473, -24.00487 ], [ -46.48483, -24.00521 ], [ -46.48419, -24.00648 ], [ -46.48348, -24.00725 ], [ -46.483, -24.00719 ], [ -46.48247, -24.00665 ], [ -46.48222, -24.00628 ], [ -46.48186, -24.00505 ], [ -46.48167, -24.00505 ], [ -46.48158, -24.00524 ], [ -46.48188, -24.00605 ], [ -46.48157, -24.00596 ], [ -46.48123, -24.0063 ], [ -46.48111, -24.0062 ], [ -46.48141, -24.00578 ], [ -46.48141, -24.00545 ], [ -46.48119, -24.00532 ], [ -46.48085, -24.00526 ], [ -46.48011, -24.00562 ], [ -46.47917, -24.00588 ], [ -46.47757, -24.00604 ], [ -46.47668, -24.006 ], [ -46.47671, -24.00544 ] ] ] } },
{ "type": "Feature", "properties": { "km2": 0.469 }, "geometry": { "type": "Polygon", "coordinates": [ [ [ -46.46387, -23.99933 ], [ -46.46452, -23.99867 ], [ -46.46672, -23.99745 ], [ -46.46791, -23.99598 ], [ -46.46882, -23.99518 ], [ -46.46985, -23.99472 ], [ -46.47057, -23.99477 ], [ -46.47103, -23.99506 ], [ -46.4714, -23.99553 ], [ -46.47133, -23.99568 ], [ -46.47153, -23.99602 ], [ -46.47148, -23.99639 ], [ -46.47158, -23.99651 ], [ -46.47133, -23.99726 ], [ -46.47083, -23.99754 ], [ -46.46997, -23.99943 ], [ -46.4695, -24.00019 ], [ -46.46923, -24.00036 ], [ -46.46874, -24.00142 ], [ -46.46859, -24.00242 ], [ -46.46984, -24.00264 ], [ -46.4724, -24.00201 ], [ -46.47373, -24.00205 ], [ -46.47492, -24.00356 ], [ -46.47566, -24.00501 ], [ -46.47602, -24.0053 ], [ -46.47671, -24.00544 ], [ -46.47668, -24.006 ], [ -46.47556, -24.00597 ], [ -46.47503, -24.00559 ], [ -46.47495, -24.00528 ], [ -46.47453, -24.00505 ], [ -46.4739, -24.00498 ], [ -46.47396, -24.00478 ], [ -46.47454, -24.0049 ], [ -46.4747, -24.00471 ], [ -46.47457, -24.00441 ], [ -46.47364, -24.00337 ], [ -46.47275, -24.0026 ], [ -46.4724, -24.00261 ], [ -46.47112, -24.00316 ], [ -46.46993, -24.00341 ], [ -46.46893, -24.00338 ], [ -46.4683, -24.00315 ], [ -46.46794, -24.00295 ], [ -46.46755, -24.00238 ], [ -46.4675, -24.00182 ], [ -46.46498, -23.99975 ], [ -46.46374, -24.00095 ], [ -46.46344, -24.00142 ], [ -46.46324, -24.00183 ], [ -46.4638, -24.00218 ], [ -46.46363, -24.00242 ], [ -46.46318, -24.00195 ], [ -46.46204, -24.00403 ], [ -46.46136, -24.00485 ], [ -46.46111, -24.00472 ], [ -46.46099, -24.00409 ], [ -46.46244, -24.00142 ], [ -46.46382, -23.99973 ], [ -46.46387, -23.99933 ] ], [ [ -46.46522, -23.99957 ], [ -46.46759, -24.00148 ], [ -46.46804, -24.00104 ], [ -46.46831, -24.00035 ], [ -46.46956, -23.99844 ], [ -46.47031, -23.99575 ], [ -46.47021, -23.99532 ], [ -46.46985, -23.99528 ], [ -46.46894, -23.99594 ], [ -46.46793, -23.9975 ], [ -46.46607, -23.99907 ], [ -46.46522, -23.99957 ] ] ] } },
{ "type": "Feature", "properties": { "km2": 0.139 }, "geometry": { "type": "Polygon", "coordinates": [ [ [ -46.46522, -23.99957 ], [ -46.46607, -23.99907 ], [ -46.46793, -23.9975 ], [ -46.46894, -23.99594 ], [ -46.46985, -23.99528 ], [ -46.47021, -23.99532 ], [ -46.47031, -23.99575 ], [ -46.46956, -23.99844 ], [ -46.46831, -24.00035 ], [ -46.46804, -24.00104 ], [ -46.46759, -24.00148 ], [ -46.46522, -23.99957 ] ] ] } },
{ "type": "Feature", "properties": { "km2": 1.156 }, "geometry": { "type": "Polygon", "coordinates": [ [ [ -46.45818, -23.99085 ], [ -46.46445, -23.99307 ], [ -46.46491, -23.99359 ], [ -46.4652, -23.99425 ], [ -46.4652, -23.995 ], [ -46.46504, -23.99557 ], [ -46.46378, -23.99704 ], [ -46.46382, -23.99798 ], [ -46.46432, -23.99864 ], [ -46.46452, -23.99867 ], [ -46.46387, -23.99933 ], [ -46.4629, -23.99815 ], [ -46.46285, -23.99753 ], [ -46.46438, -23.99446 ], [ -46.46417, -23.99383 ], [ -46.46077, -23.99275 ], [ -46.45822, -23.99175 ], [ -46.45742, -23.99154 ], [ -46.45478, -23.99122 ], [ -46.45296, -23.9905 ], [ -46.45237, -23.99013 ], [ -46.45082, -23.98785 ], [ -46.45007, -23.9871 ], [ -46.44991, -23.9871 ], [ -46.44964, -23.98772 ], [ -46.44964, -23.98668 ], [ -46.44928, -23.98644 ], [ -46.44901, -23.98642 ], [ -46.44874, -23.9868 ], [ -46.44847, -23.98664 ], [ -46.44841, -23.98631 ], [ -46.44776, -23.98603 ], [ -46.44522, -23.98273 ], [ -46.445, -23.98274 ], [ -46.44418, -23.98397 ], [ -46.44335, -23.98475 ], [ -46.44183, -23.98577 ], [ -46.44109, -23.98606 ], [ -46.43866, -23.98624 ], [ -46.43413, -23.98569 ], [ -46.43365, -23.98528 ], [ -46.43289, -23.98425 ], [ -46.43238, -23.98212 ], [ -46.43238, -23.98046 ], [ -46.43263, -23.97995 ], [ -46.43266, -23.97901 ], [ -46.43226, -23.97809 ], [ -46.43176, -23.97794 ], [ -46.43039, -23.97877 ], [ -46.42952, -23.97906 ], [ -46.42677, -23.9796 ], [ -46.42585, -23.97926 ], [ -46.42439, -23.97817 ], [ -46.42316, -23.97762 ], [ -46.4225, -23.97753 ], [ -46.42287, -23.97582 ], [ -46.42453, -23.97692 ], [ -46.42535, -23.97661 ], [ -46.42612, -23.97545 ], [ -46.42649, -23.97413 ], [ -46.42655, -23.97337 ], [ -46.42715, -23.97196 ], [ -46.42773, -23.97145 ], [ -46.42842, -23.97129 ], [ -46.42917, -23.97147 ], [ -46.43026, -23.97214 ], [ -46.43125, -23.97309 ], [ -46.43244, -23.97609 ], [ -46.43327, -23.97699 ], [ -46.43357, -23.97767 ], [ -46.43422, -23.97835 ], [ -46.43447, -23.97906 ], [ -46.43397, -23.98092 ], [ -46.43388, -23.98215 ], [ -46.43356, -23.98353 ], [ -46.43369, -23.98386 ], [ -46.43399, -23.98408 ], [ -46.4358, -23.98478 ], [ -46.43719, -23.98513 ], [ -46.4392, -23.98544 ], [ -46.44002, -23.98526 ], [ -46.4415, -23.9849 ], [ -46.44264, -23.98393 ], [ -46.44434, -23.98146 ], [ -46.44546, -23.98146 ], [ -46.44646, -23.98186 ], [ -46.44785, -23.98297 ], [ -46.44835, -23.98392 ], [ -46.44805, -23.98385 ], [ -46.44793, -23.98399 ], [ -46.448, -23.98439 ], [ -46.44951, -23.98524 ], [ -46.45181, -23.98754 ], [ -46.45337, -23.98949 ], [ -46.45434, -23.99015 ], [ -46.45608, -23.99057 ], [ -46.45818, -23.99085 ] ], [ [ -46.42535, -23.97706 ], [ -46.42642, -23.97768 ], [ -46.42746, -23.97804 ], [ -46.42932, -23.97778 ], [ -46.43157, -23.97682 ], [ -46.43127, -23.97619 ], [ -46.43076, -23.97572 ], [ -46.43041, -23.97519 ], [ -46.43016, -23.97433 ], [ -46.42958, -23.97345 ], [ -46.42898, -23.9728 ], [ -46.42816, -23.97222 ], [ -46.42755, -23.9723 ], [ -46.42727, -23.97262 ], [ -46.42707, -23.97466 ], [ -46.4268, -23.97546 ], [ -46.42632, -23.97615 ], [ -46.42535, -23.97706 ] ] ] } },
{ "type": "Feature", "properties": { "km2": 0.044 }, "geometry": { "type": "Polygon", "coordinates": [ [ [ -46.4434, -23.99826 ], [ -46.4424, -23.99819 ], [ -46.4423, -23.99813 ], [ -46.44233, -23.99765 ], [ -46.4417, -23.99771 ], [ -46.44154, -23.99723 ], [ -46.44163, -23.99598 ], [ -46.44187, -23.99515 ], [ -46.44266, -23.99403 ], [ -46.44441, -23.99259 ], [ -46.44494, -23.99197 ], [ -46.44652, -23.98953 ], [ -46.447, -23.98848 ], [ -46.44787, -23.98758 ], [ -46.44847, -23.98664 ], [ -46.44874, -23.9868 ], [ -46.44859, -23.98737 ], [ -46.44725, -23.98855 ], [ -46.44622, -23.99059 ], [ -46.44564, -23.99146 ], [ -46.44476, -23.99261 ], [ -46.44299, -23.99396 ], [ -46.44255, -23.99448 ], [ -46.4419, -23.99577 ], [ -46.44173, -23.99706 ], [ -46.44182, -23.99742 ], [ -46.44248, -23.99745 ], [ -46.44258, -23.9976 ], [ -46.44253, -23.99803 ], [ -46.44325, -23.99812 ], [ -46.4434, -23.99826 ] ] ] } },
{ "type": "Feature", "properties": { "km2": 0.045 }, "geometry": { "type": "Polygon", "coordinates": [ [ [ -46.43338, -23.9925 ], [ -46.43309, -23.99273 ], [ -46.43266, -23.99206 ], [ -46.43223, -23.99175 ], [ -46.43011, -23.99075 ], [ -46.42944, -23.98953 ], [ -46.43019, -23.9893 ], [ -46.43004, -23.98885 ], [ -46.43017, -23.98852 ], [ -46.43041, -23.98861 ], [ -46.43077, -23.99 ], [ -46.43297, -23.99163 ], [ -46.43336, -23.99221 ], [ -46.43338, -23.9925 ] ] ] } },
{ "type": "Feature", "properties": { "km2": 0.164 }, "geometry": { "type": "Polygon", "coordinates": [ [ [ -46.43035, -23.99114 ], [ -46.4298, -23.99073 ], [ -46.42956, -23.99027 ], [ -46.42925, -23.98999 ], [ -46.42895, -23.98926 ], [ -46.42892, -23.98872 ], [ -46.42937, -23.98799 ], [ -46.42959, -23.98736 ], [ -46.43008, -23.98508 ], [ -46.42999, -23.98414 ], [ -46.42947, -23.98303 ], [ -46.42809, -23.98156 ], [ -46.42694, -23.98114 ], [ -46.42625, -23.9806 ], [ -46.42594, -23.98009 ], [ -46.42517, -23.9809 ], [ -46.42468, -23.98056 ], [ -46.42416, -23.98073 ], [ -46.42406, -23.98097 ], [ -46.42438, -23.98148 ], [ -46.42461, -23.98172 ], [ -46.42489, -23.9818 ], [ -46.42451, -23.98181 ], [ -46.4243, -23.98159 ], [ -46.42393, -23.98158 ], [ -46.42415, -23.98136 ], [ -46.424, -23.98099 ], [ -46.42408, -23.98062 ], [ -46.4247, -23.98036 ], [ -46.42505, -23.9807 ], [ -46.42521, -23.9807 ], [ -46.42591, -23.97991 ], [ -46.42585, -23.97926 ], [ -46.42638, -23.97948 ], [ -46.42633, -23.97995 ], [ -46.42669, -23.98062 ], [ -46.42837, -23.98145 ], [ -46.42914, -23.98204 ], [ -46.43021, -23.98373 ], [ -46.43037, -23.98451 ], [ -46.43024, -23.98603 ], [ -46.42959, -23.98798 ], [ -46.42923, -23.9886 ], [ -46.4292, -23.98909 ], [ -46.4293, -23.98927 ], [ -46.42984, -23.9892 ], [ -46.42996, -23.9884 ], [ -46.43008, -23.98818 ], [ -46.43033, -23.98809 ], [ -46.43097, -23.98992 ], [ -46.43322, -23.9917 ], [ -46.43366, -23.99288 ], [ -46.43464, -23.99761 ], [ -46.43418, -23.99752 ], [ -46.434, -23.9976 ], [ -46.43378, -23.9974 ], [ -46.43384, -23.99723 ], [ -46.43344, -23.9963 ], [ -46.43291, -23.99284 ], [ -46.43257, -23.99221 ], [ -46.43219, -23.9924 ], [ -46.43214, -23.99229 ], [ -46.4324, -23.99205 ], [ -46.43035, -23.99114 ] ], [ [ -46.43346, -23.99267 ], [ -46.43323, -23.99279 ], [ -46.43309, -23.99316 ], [ -46.43327, -23.99362 ], [ -46.4335, -23.99601 ], [ -46.43382, -23.99704 ], [ -46.43428, -23.99746 ], [ -46.43446, -23.99747 ], [ -46.43447, -23.99733 ], [ -46.43346, -23.99267 ] ], [ [ -46.43338, -23.9925 ], [ -46.43336, -23.99221 ], [ -46.43297, -23.99163 ], [ -46.43077, -23.99 ], [ -46.43041, -23.98861 ], [ -46.43017, -23.98852 ], [ -46.43004, -23.98885 ], [ -46.43019, -23.9893 ], [ -46.42944, -23.98953 ], [ -46.43011, -23.99075 ], [ -46.43223, -23.99175 ], [ -46.43266, -23.99206 ], [ -46.43309, -23.99273 ], [ -46.43338, -23.9925 ] ] ] } },
{ "type": "Feature", "properties": { "km2": 0.029 }, "geometry": { "type": "Polygon", "coordinates": [ [ [ -46.43346, -23.99267 ], [ -46.43447, -23.99733 ], [ -46.43446, -23.99747 ], [ -46.43428, -23.99746 ], [ -46.43382, -23.99704 ], [ -46.4335, -23.99601 ], [ -46.43327, -23.99362 ], [ -46.43309, -23.99316 ], [ -46.43323, -23.99279 ], [ -46.43346, -23.99267 ] ] ] } },
{ "type": "Feature", "properties": { "km2": 0.222 }, "geometry": { "type": "Polygon", "coordinates": [ [ [ -46.42535, -23.97706 ], [ -46.42632, -23.97615 ], [ -46.4268, -23.97546 ], [ -46.42707, -23.97466 ], [ -46.42727, -23.97262 ], [ -46.42755, -23.9723 ], [ -46.42816, -23.97222 ], [ -46.42898, -23.9728 ], [ -46.42958, -23.97345 ], [ -46.43016, -23.97433 ], [ -46.43041, -23.97519 ], [ -46.43076, -23.97572 ], [ -46.43127, -23.97619 ], [ -46.43157, -23.97682 ], [ -46.42932, -23.97778 ], [ -46.42746, -23.97804 ], [ -46.42642, -23.97768 ], [ -46.42535, -23.97706 ] ] ] } },
{ "type": "Feature", "properties": { "km2": 0.093 }, "geometry": { "type": "Polygon", "coordinates": [ [ [ -46.44476, -23.96497 ], [ -46.4442, -23.96537 ], [ -46.44351, -23.96562 ], [ -46.44295, -23.96567 ], [ -46.44231, -23.96558 ], [ -46.43603, -23.9638 ], [ -46.43507, -23.96314 ], [ -46.43379, -23.96113 ], [ -46.43411, -23.96108 ], [ -46.43522, -23.96271 ], [ -46.43603, -23.96347 ], [ -46.43781, -23.96411 ], [ -46.44183, -23.96517 ], [ -46.44301, -23.9653 ], [ -46.44379, -23.96522 ], [ -46.44419, -23.96493 ], [ -46.44418, -23.96457 ], [ -46.4439, -23.96421 ], [ -46.44335, -23.96384 ], [ -46.44125, -23.96333 ], [ -46.44096, -23.96316 ], [ -46.44083, -23.96267 ], [ -46.44082, -23.96194 ], [ -46.44101, -23.96103 ], [ -46.44186, -23.95974 ], [ -46.44208, -23.95898 ], [ -46.44199, -23.95793 ], [ -46.44177, -23.95757 ], [ -46.44193, -23.95735 ], [ -46.44201, -23.95662 ], [ -46.44215, -23.95667 ], [ -46.44208, -23.9573 ], [ -46.4423, -23.95798 ], [ -46.4424, -23.95908 ], [ -46.442, -23.96059 ], [ -46.44128, -23.96194 ], [ -46.4412, -23.96266 ], [ -46.44143, -23.9629 ], [ -46.44273, -23.96315 ], [ -46.44372, -23.96359 ], [ -46.44437, -23.96404 ], [ -46.44467, -23.96451 ], [ -46.44476, -23.96497 ] ] ] } },
{ "type": "Feature", "properties": { "km2": 0.068 }, "geometry": { "type": "Polygon", "coordinates": [ [ [ -46.44967, -23.96236 ], [ -46.44998, -23.96176 ], [ -46.45007, -23.96217 ], [ -46.45245, -23.96373 ], [ -46.45308, -23.96299 ], [ -46.45331, -23.9625 ], [ -46.45337, -23.96104 ], [ -46.45355, -23.96069 ], [ -46.4544, -23.95995 ], [ -46.45488, -23.95915 ], [ -46.45532, -23.95883 ], [ -46.45572, -23.95906 ], [ -46.45582, -23.95934 ], [ -46.45554, -23.96038 ], [ -46.45542, -23.96233 ], [ -46.45513, -23.9636 ], [ -46.45573, -23.96446 ], [ -46.45613, -23.9642 ], [ -46.45704, -23.96259 ], [ -46.45743, -23.96114 ], [ -46.45896, -23.96059 ], [ -46.45931, -23.96061 ], [ -46.45962, -23.96095 ], [ -46.45953, -23.96127 ], [ -46.45859, -23.96198 ], [ -46.4582, -23.96258 ], [ -46.45945, -23.96349 ], [ -46.45949, -23.96378 ], [ -46.45936, -23.96398 ], [ -46.45966, -23.96393 ], [ -46.45908, -23.96423 ], [ -46.45907, -23.96446 ], [ -46.45938, -23.96479 ], [ -46.45995, -23.96492 ], [ -46.4601, -23.96521 ], [ -46.46011, -23.96559 ], [ -46.45987, -23.96582 ], [ -46.45945, -23.96585 ], [ -46.45923, -23.96636 ], [ -46.45891, -23.96667 ], [ -46.45919, -23.96782 ], [ -46.459, -23.96753 ], [ -46.45879, -23.96666 ], [ -46.45938, -23.96575 ], [ -46.45996, -23.96565 ], [ -46.46001, -23.96515 ], [ -46.45997, -23.96504 ], [ -46.45913, -23.96482 ], [ -46.45892, -23.96433 ], [ -46.4593, -23.96386 ], [ -46.45934, -23.96358 ], [ -46.45797, -23.96264 ], [ -46.45835, -23.962 ], [ -46.45932, -23.96119 ], [ -46.45938, -23.96091 ], [ -46.45923, -23.96082 ], [ -46.45845, -23.96089 ], [ -46.45761, -23.96126 ], [ -46.45717, -23.96285 ], [ -46.45643, -23.96415 ], [ -46.45602, -23.96461 ], [ -46.45586, -23.96464 ], [ -46.45503, -23.96386 ], [ -46.45497, -23.96356 ], [ -46.45516, -23.96283 ], [ -46.45523, -23.96062 ], [ -46.4555, -23.95933 ], [ -46.45539, -23.95913 ], [ -46.45502, -23.95929 ], [ -46.45447, -23.96023 ], [ -46.45375, -23.96098 ], [ -46.45362, -23.96234 ], [ -46.45339, -23.96302 ], [ -46.4527, -23.9639 ], [ -46.45229, -23.96389 ], [ -46.45004, -23.96239 ], [ -46.44983, -23.96229 ], [ -46.44967, -23.96236 ] ] ] } },
{ "type": "Feature", "properties": { "km2": 0.43 }, "geometry": { "type": "Polygon", "coordinates": [ [ [ -46.43745, -23.95329 ], [ -46.43831, -23.95284 ], [ -46.43971, -23.95654 ], [ -46.44046, -23.95705 ], [ -46.44091, -23.95705 ], [ -46.44113, -23.95668 ], [ -46.44113, -23.95519 ], [ -46.44147, -23.95464 ], [ -46.44216, -23.95409 ], [ -46.44578, -23.9518 ], [ -46.44656, -23.95146 ], [ -46.44817, -23.95115 ], [ -46.44889, -23.95147 ], [ -46.44912, -23.95202 ], [ -46.44894, -23.95278 ], [ -46.44619, -23.95721 ], [ -46.44602, -23.9578 ], [ -46.44613, -23.95809 ], [ -46.4486, -23.95884 ], [ -46.44989, -23.95947 ], [ -46.45016, -23.95995 ], [ -46.45027, -23.96074 ], [ -46.44998, -23.96176 ], [ -46.44842, -23.96521 ], [ -46.44814, -23.96746 ], [ -46.44842, -23.96737 ], [ -46.45038, -23.96484 ], [ -46.45078, -23.96458 ], [ -46.45134, -23.96468 ], [ -46.45153, -23.9655 ], [ -46.45123, -23.96601 ], [ -46.45115, -23.9665 ], [ -46.45123, -23.96703 ], [ -46.45173, -23.96772 ], [ -46.45239, -23.96835 ], [ -46.45453, -23.96893 ], [ -46.45501, -23.96935 ], [ -46.45516, -23.96976 ], [ -46.45473, -23.97035 ], [ -46.45351, -23.97136 ], [ -46.45235, -23.97195 ], [ -46.45087, -23.97229 ], [ -46.45083, -23.97246 ], [ -46.45191, -23.97375 ], [ -46.45229, -23.97394 ], [ -46.45317, -23.97391 ], [ -46.45447, -23.97321 ], [ -46.45518, -23.97317 ], [ -46.45636, -23.97366 ], [ -46.45765, -23.9745 ], [ -46.45821, -23.9746 ], [ -46.46128, -23.9745 ], [ -46.46165, -23.9746 ], [ -46.46151, -23.97513 ], [ -46.46121, -23.9754 ], [ -46.46016, -23.97568 ], [ -46.45984, -23.97613 ], [ -46.4598, -23.97642 ], [ -46.4595, -23.9767 ], [ -46.46134, -23.97623 ], [ -46.46283, -23.97524 ], [ -46.46316, -23.97535 ], [ -46.46337, -23.9756 ], [ -46.46315, -23.97613 ], [ -46.46258, -23.97675 ], [ -46.46256, -23.97694 ], [ -46.46248, -23.97671 ], [ -46.46298, -23.97615 ], [ -46.46311, -23.97562 ], [ -46.46301, -23.97549 ], [ -46.46266, -23.97551 ], [ -46.46179, -23.97626 ], [ -46.46072, -23.97654 ], [ -46.45986, -23.97699 ], [ -46.45919, -23.97687 ], [ -46.45919, -23.97666 ], [ -46.4598, -23.97558 ], [ -46.4613, -23.97493 ], [ -46.46123, -23.97478 ], [ -46.45774, -23.97482 ], [ -46.45646, -23.97403 ], [ -46.45477, -23.97345 ], [ -46.45458, -23.97345 ], [ -46.45392, -23.97393 ], [ -46.45283, -23.97427 ], [ -46.45177, -23.97399 ], [ -46.45031, -23.97242 ], [ -46.45042, -23.97209 ], [ -46.45209, -23.9717 ], [ -46.45289, -23.97133 ], [ -46.45462, -23.9698 ], [ -46.45462, -23.96954 ], [ -46.4543, -23.96935 ], [ -46.45246, -23.96887 ], [ -46.45179, -23.9685 ], [ -46.45127, -23.96787 ], [ -46.4507, -23.96682 ], [ -46.45074, -23.96627 ], [ -46.45098, -23.96558 ], [ -46.45098, -23.96519 ], [ -46.45085, -23.96503 ], [ -46.4505, -23.96523 ], [ -46.4495, -23.96678 ], [ -46.44952, -23.96717 ], [ -46.44884, -23.96787 ], [ -46.4483, -23.9683 ], [ -46.44785, -23.96788 ], [ -46.44769, -23.96699 ], [ -46.44791, -23.96523 ], [ -46.44952, -23.96111 ], [ -46.44956, -23.96013 ], [ -46.44945, -23.95984 ], [ -46.44909, -23.95958 ], [ -46.44596, -23.95882 ], [ -46.44535, -23.95829 ], [ -46.44566, -23.95697 ], [ -46.44694, -23.95489 ], [ -46.44838, -23.95211 ], [ -46.44821, -23.95168 ], [ -46.44784, -23.95164 ], [ -46.44656, -23.95199 ], [ -46.44314, -23.95433 ], [ -46.44233, -23.95521 ], [ -46.44201, -23.95578 ], [ -46.44193, -23.95735 ], [ -46.44177, -23.95757 ], [ -46.44024, -23.95774 ], [ -46.43939, -23.95715 ], [ -46.43868, -23.95636 ], [ -46.43814, -23.95533 ], [ -46.43765, -23.95354 ], [ -46.43745, -23.95329 ] ] ] } },
{ "type": "Feature", "properties": { "km2": 0.502 }, "geometry": { "type": "Polygon", "coordinates": [ [ [ -46.42775, -23.94866 ], [ -46.43016, -23.94662 ], [ -46.43091, -23.94772 ], [ -46.43302, -23.94852 ], [ -46.43351, -23.94897 ], [ -46.43355, -23.9494 ], [ -46.43336, -23.94983 ], [ -46.43235, -23.95044 ], [ -46.43055, -23.95062 ], [ -46.43006, -23.9504 ], [ -46.42958, -23.95038 ], [ -46.42883, -23.95068 ], [ -46.42757, -23.95238 ], [ -46.42748, -23.95305 ], [ -46.42767, -23.95346 ], [ -46.4283, -23.95372 ], [ -46.42907, -23.95382 ], [ -46.43081, -23.95372 ], [ -46.43201, -23.95342 ], [ -46.43278, -23.95295 ], [ -46.43379, -23.95203 ], [ -46.43529, -23.95166 ], [ -46.43669, -23.95172 ], [ -46.43739, -23.95197 ], [ -46.43774, -23.95134 ], [ -46.43832, -23.94885 ], [ -46.43877, -23.94797 ], [ -46.44096, -23.94823 ], [ -46.44162, -23.94852 ], [ -46.44241, -23.94921 ], [ -46.44241, -23.94968 ], [ -46.44302, -23.9505 ], [ -46.4431, -23.95174 ], [ -46.44272, -23.95203 ], [ -46.44184, -23.95233 ], [ -46.44175, -23.95252 ], [ -46.44108, -23.95287 ], [ -46.44066, -23.95293 ], [ -46.43954, -23.95276 ], [ -46.43905, -23.95246 ], [ -46.43745, -23.95329 ], [ -46.43727, -23.95299 ], [ -46.43559, -23.95244 ], [ -46.4351, -23.9525 ], [ -46.4343, -23.95291 ], [ -46.43366, -23.95352 ], [ -46.43199, -23.95433 ], [ -46.42965, -23.95474 ], [ -46.42862, -23.9548 ], [ -46.42793, -23.95462 ], [ -46.4272, -23.95413 ], [ -46.42684, -23.95342 ], [ -46.42677, -23.95246 ], [ -46.42705, -23.95176 ], [ -46.4278, -23.9506 ], [ -46.42879, -23.94983 ], [ -46.43006, -23.94952 ], [ -46.4322, -23.94948 ], [ -46.43248, -23.94923 ], [ -46.42903, -23.94848 ], [ -46.42775, -23.94866 ] ] ] } },
{ "type": "Feature", "properties": { "km2": 0.026 }, "geometry": { "type": "Polygon", "coordinates": [ [ [ -46.41934, -23.90576 ], [ -46.41962, -23.90591 ], [ -46.41964, -23.90621 ], [ -46.41951, -23.90641 ], [ -46.41884, -23.90663 ], [ -46.41932, -23.90712 ], [ -46.41989, -23.90807 ], [ -46.41987, -23.90844 ], [ -46.41947, -23.90891 ], [ -46.41915, -23.90868 ], [ -46.41885, -23.90864 ], [ -46.41879, -23.9084 ], [ -46.41925, -23.90789 ], [ -46.41923, -23.90763 ], [ -46.41895, -23.90728 ], [ -46.41835, -23.90694 ], [ -46.41853, -23.90598 ], [ -46.41934, -23.90576 ] ] ] } },
{ "type": "Feature", "properties": { "km2": 0.041 }, "geometry": { "type": "Polygon", "coordinates": [ [ [ -46.46607, -23.9275 ], [ -46.46541, -23.92765 ], [ -46.46408, -23.9264 ], [ -46.46384, -23.92627 ], [ -46.46321, -23.92623 ], [ -46.46303, -23.92606 ], [ -46.46289, -23.9257 ], [ -46.46293, -23.9253 ], [ -46.46338, -23.92466 ], [ -46.46385, -23.92461 ], [ -46.46406, -23.92489 ], [ -46.46433, -23.92501 ], [ -46.46425, -23.92513 ], [ -46.46512, -23.92624 ], [ -46.46523, -23.92664 ], [ -46.46607, -23.9275 ] ] ] } },
{ "type": "Feature", "properties": { "km2": 0.341 }, "geometry": { "type": "Polygon", "coordinates": [ [ [ -46.46492, -23.89969 ], [ -46.46528, -23.89952 ], [ -46.465, -23.89918 ], [ -46.46466, -23.8989 ], [ -46.46372, -23.89868 ], [ -46.46326, -23.89814 ], [ -46.4631, -23.89765 ], [ -46.46281, -23.89742 ], [ -46.46275, -23.89762 ], [ -46.46304, -23.89801 ], [ -46.46308, -23.89828 ], [ -46.46335, -23.89844 ], [ -46.46367, -23.89893 ], [ -46.46472, -23.89967 ], [ -46.4636, -23.89899 ], [ -46.46339, -23.89863 ], [ -46.46314, -23.89849 ], [ -46.46232, -23.89684 ], [ -46.46228, -23.89633 ], [ -46.46191, -23.89617 ], [ -46.46032, -23.89616 ], [ -46.45988, -23.89596 ], [ -46.45933, -23.89512 ], [ -46.45633, -23.89184 ], [ -46.4554, -23.89059 ], [ -46.45348, -23.88907 ], [ -46.45302, -23.88857 ], [ -46.45281, -23.88815 ], [ -46.45281, -23.8875 ], [ -46.45352, -23.88775 ], [ -46.45329, -23.88792 ], [ -46.45359, -23.8885 ], [ -46.45569, -23.89016 ], [ -46.45709, -23.89212 ], [ -46.45798, -23.89278 ], [ -46.45947, -23.89469 ], [ -46.46011, -23.89573 ], [ -46.46138, -23.89605 ], [ -46.46222, -23.89585 ], [ -46.46294, -23.89629 ], [ -46.46312, -23.89646 ], [ -46.46345, -23.89782 ], [ -46.46476, -23.89868 ], [ -46.46548, -23.89947 ], [ -46.46622, -23.89981 ], [ -46.46678, -23.90025 ], [ -46.46848, -23.9004 ], [ -46.47006, -23.90033 ], [ -46.47358, -23.90131 ], [ -46.47422, -23.90134 ], [ -46.47478, -23.90159 ], [ -46.47655, -23.90287 ], [ -46.47911, -23.90445 ], [ -46.4798, -23.90502 ], [ -46.48049, -23.90573 ], [ -46.48049, -23.90601 ], [ -46.48086, -23.90659 ], [ -46.48349, -23.91005 ], [ -46.48568, -23.91076 ], [ -46.48793, -23.91076 ], [ -46.48851, -23.91094 ], [ -46.4896, -23.9117 ], [ -46.49165, -23.91382 ], [ -46.49292, -23.9141 ], [ -46.49386, -23.91404 ], [ -46.49492, -23.9142 ], [ -46.49788, -23.91585 ], [ -46.4992, -23.91708 ], [ -46.50019, -23.9192 ], [ -46.49997, -23.92103 ], [ -46.50017, -23.92143 ], [ -46.50172, -23.92173 ], [ -46.5018, -23.92112 ], [ -46.50226, -23.92028 ], [ -46.50306, -23.92001 ], [ -46.50407, -23.92009 ], [ -46.50504, -23.92062 ], [ -46.50735, -23.92303 ], [ -46.5089, -23.92411 ], [ -46.51033, -23.92551 ], [ -46.50998, -23.92543 ], [ -46.50879, -23.9244 ], [ -46.50739, -23.92355 ], [ -46.50602, -23.92211 ], [ -46.50526, -23.92103 ], [ -46.50463, -23.92054 ], [ -46.50374, -23.92019 ], [ -46.50327, -23.92011 ], [ -46.50281, -23.92025 ], [ -46.50221, -23.92066 ], [ -46.50198, -23.9211 ], [ -46.502, -23.92152 ], [ -46.50184, -23.92192 ], [ -46.50019, -23.92159 ], [ -46.49982, -23.92118 ], [ -46.49991, -23.91924 ], [ -46.49973, -23.91866 ], [ -46.49902, -23.91733 ], [ -46.49802, -23.9164 ], [ -46.4957, -23.91487 ], [ -46.49403, -23.9143 ], [ -46.49241, -23.91413 ], [ -46.49149, -23.91386 ], [ -46.49093, -23.91348 ], [ -46.48899, -23.91142 ], [ -46.4884, -23.91111 ], [ -46.48413, -23.91108 ], [ -46.48258, -23.90986 ], [ -46.48223, -23.90943 ], [ -46.48149, -23.90801 ], [ -46.48049, -23.90689 ], [ -46.47854, -23.90624 ], [ -46.47759, -23.90519 ], [ -46.47703, -23.90376 ], [ -46.47521, -23.90229 ], [ -46.47436, -23.90203 ], [ -46.47356, -23.90159 ], [ -46.47031, -23.90083 ], [ -46.46956, -23.90073 ], [ -46.46853, -23.90086 ], [ -46.46695, -23.90052 ], [ -46.46586, -23.89997 ], [ -46.46492, -23.89969 ] ], [ [ -46.47376, -23.90155 ], [ -46.47433, -23.90194 ], [ -46.47499, -23.90202 ], [ -46.47452, -23.90168 ], [ -46.47376, -23.90155 ] ], [ [ -46.46255, -23.89634 ], [ -46.46261, -23.89682 ], [ -46.46305, -23.89718 ], [ -46.46284, -23.89649 ], [ -46.46255, -23.89634 ] ], [ [ -46.48029, -23.90596 ], [ -46.48046, -23.90586 ], [ -46.47992, -23.90524 ], [ -46.47818, -23.90407 ], [ -46.47814, -23.90418 ], [ -46.47885, -23.90473 ], [ -46.47973, -23.90567 ], [ -46.48029, -23.90596 ] ], [ [ -46.48061, -23.90671 ], [ -46.47877, -23.90488 ], [ -46.47765, -23.90396 ], [ -46.47719, -23.90375 ], [ -46.47764, -23.90497 ], [ -46.47841, -23.90594 ], [ -46.47981, -23.90665 ], [ -46.48061, -23.90671 ] ] ] } },
{ "type": "Feature", "properties": { "km2": 0.023 }, "geometry": { "type": "Polygon", "coordinates": [ [ [ -46.4707, -23.86574 ], [ -46.4703, -23.86549 ], [ -46.47018, -23.86511 ], [ -46.47033, -23.86464 ], [ -46.46994, -23.86446 ], [ -46.46988, -23.8641 ], [ -46.47017, -23.86386 ], [ -46.47, -23.86351 ], [ -46.47002, -23.86325 ], [ -46.4704, -23.86304 ], [ -46.47081, -23.86333 ], [ -46.47078, -23.86374 ], [ -46.47098, -23.86395 ], [ -46.4709, -23.86424 ], [ -46.47108, -23.86475 ], [ -46.47085, -23.8657 ], [ -46.4707, -23.86574 ] ] ] } },
{ "type": "Feature", "properties": { "km2": 0.426 }, "geometry": { "type": "Polygon", "coordinates": [ [ [ -46.41094, -23.88208 ], [ -46.41034, -23.88164 ], [ -46.41082, -23.88127 ], [ -46.41139, -23.88055 ], [ -46.41141, -23.87965 ], [ -46.41118, -23.87882 ], [ -46.41127, -23.87763 ], [ -46.41377, -23.87256 ], [ -46.41424, -23.8713 ], [ -46.4146, -23.87071 ], [ -46.41671, -23.86901 ], [ -46.41742, -23.86821 ], [ -46.41803, -23.86709 ], [ -46.41815, -23.86727 ], [ -46.41768, -23.8682 ], [ -46.41689, -23.86914 ], [ -46.41501, -23.87082 ], [ -46.41378, -23.87366 ], [ -46.41542, -23.87363 ], [ -46.4172, -23.87444 ], [ -46.41794, -23.87497 ], [ -46.41912, -23.87637 ], [ -46.41984, -23.87691 ], [ -46.42129, -23.8777 ], [ -46.42168, -23.87807 ], [ -46.42192, -23.87846 ], [ -46.4224, -23.87991 ], [ -46.42301, -23.87924 ], [ -46.42278, -23.87903 ], [ -46.42291, -23.87884 ], [ -46.42308, -23.87871 ], [ -46.4233, -23.87889 ], [ -46.42324, -23.8793 ], [ -46.42246, -23.88023 ], [ -46.42269, -23.88099 ], [ -46.42298, -23.88122 ], [ -46.42372, -23.88129 ], [ -46.42615, -23.88026 ], [ -46.42872, -23.8794 ], [ -46.4312, -23.87942 ], [ -46.43192, -23.87925 ], [ -46.43359, -23.87836 ], [ -46.43401, -23.8785 ], [ -46.43483, -23.87848 ], [ -46.43796, -23.87918 ], [ -46.43923, -23.87949 ], [ -46.4408, -23.88009 ], [ -46.4421, -23.8799 ], [ -46.44229, -23.87966 ], [ -46.44255, -23.87959 ], [ -46.44291, -23.87981 ], [ -46.44288, -23.88004 ], [ -46.44355, -23.88044 ], [ -46.44381, -23.88087 ], [ -46.44426, -23.88108 ], [ -46.4465, -23.88055 ], [ -46.44674, -23.88065 ], [ -46.44713, -23.88055 ], [ -46.44825, -23.881 ], [ -46.44877, -23.88158 ], [ -46.44956, -23.88208 ], [ -46.45053, -23.88305 ], [ -46.45218, -23.88411 ], [ -46.45291, -23.88482 ], [ -46.45335, -23.88494 ], [ -46.45396, -23.88613 ], [ -46.45402, -23.88657 ], [ -46.45347, -23.88752 ], [ -46.45358, -23.88764 ], [ -46.45352, -23.88775 ], [ -46.45291, -23.88747 ], [ -46.45359, -23.8864 ], [ -46.45357, -23.88601 ], [ -46.45325, -23.88546 ], [ -46.45208, -23.88433 ], [ -46.45022, -23.88323 ], [ -46.44929, -23.88232 ], [ -46.44863, -23.88195 ], [ -46.44791, -23.88124 ], [ -46.44743, -23.88098 ], [ -46.44686, -23.88094 ], [ -46.44587, -23.88119 ], [ -46.44525, -23.88119 ], [ -46.4443, -23.88168 ], [ -46.44425, -23.88191 ], [ -46.44399, -23.88209 ], [ -46.44333, -23.88221 ], [ -46.44151, -23.88159 ], [ -46.44103, -23.88125 ], [ -46.44079, -23.88081 ], [ -46.44006, -23.88037 ], [ -46.43863, -23.87983 ], [ -46.43763, -23.87964 ], [ -46.43716, -23.87937 ], [ -46.43539, -23.87902 ], [ -46.43423, -23.87889 ], [ -46.43304, -23.87897 ], [ -46.43191, -23.87972 ], [ -46.43129, -23.87995 ], [ -46.42913, -23.8798 ], [ -46.42598, -23.88084 ], [ -46.42375, -23.88184 ], [ -46.42281, -23.88174 ], [ -46.4224, -23.88145 ], [ -46.42214, -23.88105 ], [ -46.42135, -23.87871 ], [ -46.42112, -23.8784 ], [ -46.4191, -23.87721 ], [ -46.41725, -23.87542 ], [ -46.41674, -23.87508 ], [ -46.41471, -23.87429 ], [ -46.4137, -23.87451 ], [ -46.41339, -23.87475 ], [ -46.41192, -23.87796 ], [ -46.41201, -23.88078 ], [ -46.41145, -23.88162 ], [ -46.41094, -23.88208 ] ], [ [ -46.45342, -23.88694 ], [ -46.45368, -23.88674 ], [ -46.45367, -23.88656 ], [ -46.45351, -23.88678 ], [ -46.45342, -23.88694 ] ], [ [ -46.4427, -23.88029 ], [ -46.44236, -23.88015 ], [ -46.44235, -23.87998 ], [ -46.44204, -23.88005 ], [ -46.44229, -23.88015 ], [ -46.4421, -23.8803 ], [ -46.44253, -23.8804 ], [ -46.4427, -23.88029 ] ], [ [ -46.44227, -23.881 ], [ -46.44186, -23.88077 ], [ -46.44159, -23.88024 ], [ -46.44075, -23.88031 ], [ -46.44136, -23.88084 ], [ -46.44227, -23.881 ] ], [ [ -46.44206, -23.88142 ], [ -46.44238, -23.8817 ], [ -46.44333, -23.88207 ], [ -46.44367, -23.88198 ], [ -46.44408, -23.88161 ], [ -46.44315, -23.88154 ], [ -46.44206, -23.88142 ] ], [ [ -46.44361, -23.88102 ], [ -46.44357, -23.88076 ], [ -46.44332, -23.88054 ], [ -46.44254, -23.88052 ], [ -46.44173, -23.88029 ], [ -46.44198, -23.88074 ], [ -46.44361, -23.88102 ] ] ] } },
{ "type": "Feature", "properties": { "km2": 9.317 }, "geometry": { "type": "Polygon", "coordinates": [ [ [ -46.41963, -23.78963 ], [ -46.41996, -23.7894 ], [ -46.42005, -23.78891 ], [ -46.42101, -23.78884 ], [ -46.4211, -23.78889 ], [ -46.42112, -23.78952 ], [ -46.42144, -23.78977 ], [ -46.42164, -23.78975 ], [ -46.42177, -23.78938 ], [ -46.42174, -23.78897 ], [ -46.42197, -23.78883 ], [ -46.42244, -23.78774 ], [ -46.42313, -23.78752 ], [ -46.42331, -23.78724 ], [ -46.42383, -23.78699 ], [ -46.42384, -23.78683 ], [ -46.42357, -23.78674 ], [ -46.42274, -23.78713 ], [ -46.42255, -23.78693 ], [ -46.42289, -23.7867 ], [ -46.42302, -23.78637 ], [ -46.42301, -23.78603 ], [ -46.42226, -23.78433 ], [ -46.42236, -23.78399 ], [ -46.42213, -23.78351 ], [ -46.42249, -23.7827 ], [ -46.42326, -23.78295 ], [ -46.4237, -23.78296 ], [ -46.42423, -23.78272 ], [ -46.42438, -23.7825 ], [ -46.42452, -23.78259 ], [ -46.42478, -23.78251 ], [ -46.42495, -23.78256 ], [ -46.42511, -23.78318 ], [ -46.42539, -23.78323 ], [ -46.42677, -23.78202 ], [ -46.42719, -23.78123 ], [ -46.42712, -23.7809 ], [ -46.42731, -23.7806 ], [ -46.42761, -23.78044 ], [ -46.42882, -23.78062 ], [ -46.42881, -23.78169 ], [ -46.42929, -23.78178 ], [ -46.42997, -23.78176 ], [ -46.43031, -23.7816 ], [ -46.43069, -23.78091 ], [ -46.43122, -23.78092 ], [ -46.43141, -23.7811 ], [ -46.43146, -23.78185 ], [ -46.43163, -23.7823 ], [ -46.43202, -23.78262 ], [ -46.43237, -23.78255 ], [ -46.43292, -23.78201 ], [ -46.43298, -23.78125 ], [ -46.43312, -23.7812 ], [ -46.43354, -23.78154 ], [ -46.43361, -23.7818 ], [ -46.4335, -23.78214 ], [ -46.43428, -23.78258 ], [ -46.4345, -23.78237 ], [ -46.43446, -23.78196 ], [ -46.43479, -23.78175 ], [ -46.4354, -23.78289 ], [ -46.43572, -23.78296 ], [ -46.43648, -23.78289 ], [ -46.43626, -23.78172 ], [ -46.43608, -23.78138 ], [ -46.43616, -23.78103 ], [ -46.4367, -23.78184 ], [ -46.43693, -23.78194 ], [ -46.43795, -23.78079 ], [ -46.4378, -23.78162 ], [ -46.4373, -23.78207 ], [ -46.43732, -23.78252 ], [ -46.43816, -23.78263 ], [ -46.43891, -23.78311 ], [ -46.43928, -23.78359 ], [ -46.44081, -23.78303 ], [ -46.44109, -23.78334 ], [ -46.44154, -23.78341 ], [ -46.44117, -23.78387 ], [ -46.44117, -23.78473 ], [ -46.44136, -23.78495 ], [ -46.44178, -23.78502 ], [ -46.44195, -23.7848 ], [ -46.44211, -23.7848 ], [ -46.44253, -23.78563 ], [ -46.44332, -23.78553 ], [ -46.4437, -23.78535 ], [ -46.4437, -23.78503 ], [ -46.44403, -23.78472 ], [ -46.44452, -23.78506 ], [ -46.44478, -23.78462 ], [ -46.44495, -23.78465 ], [ -46.44508, -23.78517 ], [ -46.44525, -23.7853 ], [ -46.4455, -23.78524 ], [ -46.44608, -23.78424 ], [ -46.44603, -23.78382 ], [ -46.44621, -23.78347 ], [ -46.44663, -23.78336 ], [ -46.44694, -23.78287 ], [ -46.44687, -23.78274 ], [ -46.44699, -23.78244 ], [ -46.44721, -23.78247 ], [ -46.44763, -23.78215 ], [ -46.44761, -23.78266 ], [ -46.44772, -23.7829 ], [ -46.44755, -23.78327 ], [ -46.44767, -23.78399 ], [ -46.44738, -23.78441 ], [ -46.44749, -23.78465 ], [ -46.4483, -23.78487 ], [ -46.44869, -23.78476 ], [ -46.44946, -23.78336 ], [ -46.45013, -23.78523 ], [ -46.45073, -23.78505 ], [ -46.45123, -23.78477 ], [ -46.45136, -23.78439 ], [ -46.45124, -23.78362 ], [ -46.4514, -23.78234 ], [ -46.45207, -23.78176 ], [ -46.45212, -23.78158 ], [ -46.45198, -23.78125 ], [ -46.45223, -23.7808 ], [ -46.45207, -23.78034 ], [ -46.45161, -23.78002 ], [ -46.45127, -23.77999 ], [ -46.45104, -23.78015 ], [ -46.45098, -23.7794 ], [ -46.45074, -23.77917 ], [ -46.44947, -23.77907 ], [ -46.44911, -23.77944 ], [ -46.44871, -23.78029 ], [ -46.44855, -23.77994 ], [ -46.44875, -23.77929 ], [ -46.4487, -23.77904 ], [ -46.44811, -23.77866 ], [ -46.44759, -23.77848 ], [ -46.447, -23.7786 ], [ -46.44682, -23.77853 ], [ -46.44674, -23.77818 ], [ -46.4462, -23.7778 ], [ -46.44527, -23.77773 ], [ -46.44438, -23.77807 ], [ -46.44392, -23.77769 ], [ -46.44362, -23.77765 ], [ -46.44182, -23.77758 ], [ -46.44155, -23.7777 ], [ -46.4415, -23.77704 ], [ -46.44217, -23.77677 ], [ -46.44239, -23.77645 ], [ -46.4427, -23.7771 ], [ -46.44309, -23.77721 ], [ -46.44366, -23.77707 ], [ -46.44384, -23.77687 ], [ -46.44395, -23.77637 ], [ -46.44409, -23.77675 ], [ -46.44442, -23.77691 ], [ -46.44485, -23.77682 ], [ -46.44508, -23.77667 ], [ -46.44485, -23.77574 ], [ -46.44507, -23.77547 ], [ -46.44542, -23.77555 ], [ -46.44564, -23.77584 ], [ -46.44596, -23.7764 ], [ -46.44596, -23.77701 ], [ -46.44624, -23.77726 ], [ -46.44729, -23.77753 ], [ -46.44765, -23.77749 ], [ -46.44781, -23.77721 ], [ -46.44798, -23.77736 ], [ -46.44778, -23.77772 ], [ -46.44792, -23.778 ], [ -46.44873, -23.77827 ], [ -46.44912, -23.77796 ], [ -46.44907, -23.77836 ], [ -46.44923, -23.77852 ], [ -46.44962, -23.77842 ], [ -46.45014, -23.77854 ], [ -46.45142, -23.77806 ], [ -46.45147, -23.77784 ], [ -46.45131, -23.77731 ], [ -46.45143, -23.77695 ], [ -46.45198, -23.7759 ], [ -46.45214, -23.77572 ], [ -46.4524, -23.77568 ], [ -46.45254, -23.77586 ], [ -46.45214, -23.77797 ], [ -46.45243, -23.77915 ], [ -46.45262, -23.77919 ], [ -46.45303, -23.77901 ], [ -46.45332, -23.77867 ], [ -46.45375, -23.77855 ], [ -46.45468, -23.77564 ], [ -46.45497, -23.77534 ], [ -46.45503, -23.77558 ], [ -46.45465, -23.77689 ], [ -46.45458, -23.77748 ], [ -46.45468, -23.77788 ], [ -46.45445, -23.77885 ], [ -46.4545, -23.77906 ], [ -46.45392, -23.7795 ], [ -46.45266, -23.78107 ], [ -46.45261, -23.78133 ], [ -46.45281, -23.78176 ], [ -46.45316, -23.78185 ], [ -46.45402, -23.78167 ], [ -46.45415, -23.78183 ], [ -46.45494, -23.78145 ], [ -46.45451, -23.78202 ], [ -46.4544, -23.78289 ], [ -46.4547, -23.78388 ], [ -46.45495, -23.78392 ], [ -46.4562, -23.78299 ], [ -46.45626, -23.78257 ], [ -46.45688, -23.78168 ], [ -46.45713, -23.78078 ], [ -46.45748, -23.78035 ], [ -46.45788, -23.77938 ], [ -46.45823, -23.77989 ], [ -46.45768, -23.78164 ], [ -46.45779, -23.78184 ], [ -46.45801, -23.782 ], [ -46.45937, -23.78205 ], [ -46.46039, -23.78173 ], [ -46.46033, -23.78192 ], [ -46.45932, -23.78236 ], [ -46.45777, -23.7827 ], [ -46.45723, -23.78297 ], [ -46.456, -23.78419 ], [ -46.45597, -23.78472 ], [ -46.45615, -23.78505 ], [ -46.45715, -23.78617 ], [ -46.4575, -23.7863 ], [ -46.45778, -23.7862 ], [ -46.45806, -23.78556 ], [ -46.45879, -23.78547 ], [ -46.45885, -23.78565 ], [ -46.45791, -23.78689 ], [ -46.45788, -23.78743 ], [ -46.45794, -23.78767 ], [ -46.45813, -23.78779 ], [ -46.45854, -23.78767 ], [ -46.45897, -23.78734 ], [ -46.45964, -23.78624 ], [ -46.45968, -23.7874 ], [ -46.4579, -23.78861 ], [ -46.45787, -23.78877 ], [ -46.45799, -23.78886 ], [ -46.45916, -23.78948 ], [ -46.45958, -23.78898 ], [ -46.46024, -23.78907 ], [ -46.46125, -23.78872 ], [ -46.46189, -23.78829 ], [ -46.46206, -23.78752 ], [ -46.46196, -23.78735 ], [ -46.4614, -23.78714 ], [ -46.46191, -23.78693 ], [ -46.46205, -23.78675 ], [ -46.46199, -23.78653 ], [ -46.46146, -23.78607 ], [ -46.46164, -23.78592 ], [ -46.46239, -23.78603 ], [ -46.46265, -23.78582 ], [ -46.46314, -23.78486 ], [ -46.46312, -23.78469 ], [ -46.46453, -23.78331 ], [ -46.46503, -23.78299 ], [ -46.46505, -23.78324 ], [ -46.46378, -23.78494 ], [ -46.46385, -23.78531 ], [ -46.46346, -23.78583 ], [ -46.4632, -23.78664 ], [ -46.46279, -23.78719 ], [ -46.46298, -23.78779 ], [ -46.46326, -23.78798 ], [ -46.46374, -23.78796 ], [ -46.4639, -23.78782 ], [ -46.46388, -23.78739 ], [ -46.46405, -23.78696 ], [ -46.4649, -23.78614 ], [ -46.46589, -23.78579 ], [ -46.46626, -23.7854 ], [ -46.46731, -23.78374 ], [ -46.46785, -23.78369 ], [ -46.46709, -23.78498 ], [ -46.46502, -23.78706 ], [ -46.46502, -23.78744 ], [ -46.46608, -23.78779 ], [ -46.46612, -23.78791 ], [ -46.46593, -23.78805 ], [ -46.46446, -23.78815 ], [ -46.46412, -23.78849 ], [ -46.46425, -23.78881 ], [ -46.46481, -23.78931 ], [ -46.46576, -23.78946 ], [ -46.46592, -23.78961 ], [ -46.46525, -23.79025 ], [ -46.46481, -23.78945 ], [ -46.46388, -23.78877 ], [ -46.46353, -23.78865 ], [ -46.46292, -23.78872 ], [ -46.46231, -23.78934 ], [ -46.46231, -23.78999 ], [ -46.46261, -23.79037 ], [ -46.46292, -23.79051 ], [ -46.46357, -23.79041 ], [ -46.46374, -23.79052 ], [ -46.46331, -23.79124 ], [ -46.46336, -23.79146 ], [ -46.46422, -23.79138 ], [ -46.46492, -23.79108 ], [ -46.46513, -23.79119 ], [ -46.46492, -23.79245 ], [ -46.46507, -23.79346 ], [ -46.46522, -23.79365 ], [ -46.46554, -23.79366 ], [ -46.46608, -23.79309 ], [ -46.46625, -23.79259 ], [ -46.46652, -23.79258 ], [ -46.46677, -23.7927 ], [ -46.46663, -23.79347 ], [ -46.46729, -23.79358 ], [ -46.46743, -23.79435 ], [ -46.46783, -23.79455 ], [ -46.4681, -23.79448 ], [ -46.46825, -23.79415 ], [ -46.46884, -23.79373 ], [ -46.46889, -23.79344 ], [ -46.46956, -23.79348 ], [ -46.46973, -23.79337 ], [ -46.47019, -23.79366 ], [ -46.47055, -23.79348 ], [ -46.47134, -23.79381 ], [ -46.47164, -23.7938 ], [ -46.47201, -23.79358 ], [ -46.47196, -23.79325 ], [ -46.47037, -23.79249 ], [ -46.46999, -23.79216 ], [ -46.46961, -23.79213 ], [ -46.46894, -23.79269 ], [ -46.46863, -23.79259 ], [ -46.46832, -23.7922 ], [ -46.46841, -23.79208 ], [ -46.46906, -23.79204 ], [ -46.46939, -23.79172 ], [ -46.46947, -23.79128 ], [ -46.46934, -23.79069 ], [ -46.4688, -23.79025 ], [ -46.46813, -23.79007 ], [ -46.46874, -23.78983 ], [ -46.46914, -23.7892 ], [ -46.46922, -23.79026 ], [ -46.47022, -23.79126 ], [ -46.47054, -23.79129 ], [ -46.4708, -23.79109 ], [ -46.4708, -23.78947 ], [ -46.47103, -23.78933 ], [ -46.471, -23.78982 ], [ -46.47134, -23.79086 ], [ -46.47171, -23.79095 ], [ -46.47208, -23.7908 ], [ -46.47274, -23.79002 ], [ -46.47279, -23.79015 ], [ -46.47239, -23.7911 ], [ -46.47203, -23.79163 ], [ -46.47227, -23.79205 ], [ -46.47262, -23.79234 ], [ -46.47308, -23.79247 ], [ -46.47414, -23.79144 ], [ -46.47428, -23.79157 ], [ -46.47413, -23.7922 ], [ -46.47382, -23.79254 ], [ -46.4738, -23.79284 ], [ -46.47403, -23.79291 ], [ -46.47433, -23.79273 ], [ -46.47459, -23.7928 ], [ -46.47448, -23.79316 ], [ -46.47476, -23.79384 ], [ -46.47514, -23.79382 ], [ -46.47577, -23.79331 ], [ -46.47631, -23.7932 ], [ -46.47661, -23.7933 ], [ -46.4768, -23.79363 ], [ -46.47683, -23.79341 ], [ -46.4767, -23.79324 ], [ -46.47592, -23.79302 ], [ -46.4759, -23.79282 ], [ -46.47718, -23.79221 ], [ -46.47715, -23.79184 ], [ -46.47703, -23.79153 ], [ -46.47626, -23.79104 ], [ -46.47614, -23.79079 ], [ -46.47689, -23.7907 ], [ -46.47734, -23.79093 ], [ -46.47766, -23.79094 ], [ -46.47766, -23.79032 ], [ -46.47792, -23.78957 ], [ -46.47774, -23.78905 ], [ -46.47738, -23.78863 ], [ -46.47789, -23.78838 ], [ -46.47799, -23.78808 ], [ -46.47756, -23.78765 ], [ -46.47765, -23.78721 ], [ -46.47717, -23.78651 ], [ -46.47604, -23.78635 ], [ -46.47697, -23.78608 ], [ -46.47703, -23.78585 ], [ -46.47689, -23.78553 ], [ -46.47705, -23.78531 ], [ -46.47666, -23.78359 ], [ -46.47678, -23.7834 ], [ -46.47732, -23.78311 ], [ -46.47719, -23.78362 ], [ -46.47767, -23.78531 ], [ -46.47847, -23.7865 ], [ -46.4783, -23.78681 ], [ -46.47855, -23.78737 ], [ -46.47898, -23.78755 ], [ -46.47932, -23.78732 ], [ -46.4802, -23.78637 ], [ -46.48083, -23.78505 ], [ -46.48097, -23.78497 ], [ -46.48102, -23.78514 ], [ -46.48099, -23.78573 ], [ -46.48119, -23.786 ], [ -46.48113, -23.78631 ], [ -46.48069, -23.78669 ], [ -46.48063, -23.78727 ], [ -46.48005, -23.78752 ], [ -46.47935, -23.78811 ], [ -46.47887, -23.78944 ], [ -46.47885, -23.78985 ], [ -46.47898, -23.79002 ], [ -46.4795, -23.78972 ], [ -46.48017, -23.78897 ], [ -46.4803, -23.78902 ], [ -46.48015, -23.78977 ], [ -46.48028, -23.79004 ], [ -46.48066, -23.79002 ], [ -46.48154, -23.78915 ], [ -46.48269, -23.78881 ], [ -46.48405, -23.78723 ], [ -46.48374, -23.78866 ], [ -46.48393, -23.78892 ], [ -46.48333, -23.78906 ], [ -46.48242, -23.78976 ], [ -46.48163, -23.79004 ], [ -46.48054, -23.79078 ], [ -46.47986, -23.79104 ], [ -46.47938, -23.79101 ], [ -46.47877, -23.79116 ], [ -46.47839, -23.79218 ], [ -46.47845, -23.79259 ], [ -46.47872, -23.79271 ], [ -46.47922, -23.79237 ], [ -46.47998, -23.79131 ], [ -46.48015, -23.79126 ], [ -46.48037, -23.79171 ], [ -46.48026, -23.79209 ], [ -46.48102, -23.79243 ], [ -46.48128, -23.79211 ], [ -46.4814, -23.79246 ], [ -46.48187, -23.79253 ], [ -46.48107, -23.79298 ], [ -46.48062, -23.79295 ], [ -46.48036, -23.7931 ], [ -46.4804, -23.79339 ], [ -46.48061, -23.79362 ], [ -46.4809, -23.79351 ], [ -46.48096, -23.7936 ], [ -46.48102, -23.7945 ], [ -46.48131, -23.79458 ], [ -46.48154, -23.79408 ], [ -46.48188, -23.79417 ], [ -46.48233, -23.79397 ], [ -46.48203, -23.79488 ], [ -46.48201, -23.79526 ], [ -46.4822, -23.79554 ], [ -46.48268, -23.79542 ], [ -46.48282, -23.79571 ], [ -46.48319, -23.79583 ], [ -46.4834, -23.79574 ], [ -46.4835, -23.79547 ], [ -46.48331, -23.79498 ], [ -46.48359, -23.79451 ], [ -46.48401, -23.79425 ], [ -46.48395, -23.79521 ], [ -46.48447, -23.79521 ], [ -46.48475, -23.79587 ], [ -46.48537, -23.79592 ], [ -46.48589, -23.79553 ], [ -46.48593, -23.79485 ], [ -46.48546, -23.79399 ], [ -46.48547, -23.79338 ], [ -46.4851, -23.79283 ], [ -46.48533, -23.79247 ], [ -46.48553, -23.7906 ], [ -46.48579, -23.79025 ], [ -46.48601, -23.79073 ], [ -46.48587, -23.79127 ], [ -46.48604, -23.79151 ], [ -46.48588, -23.7918 ], [ -46.48591, -23.79231 ], [ -46.48631, -23.79268 ], [ -46.48646, -23.79398 ], [ -46.48664, -23.79424 ], [ -46.48722, -23.7942 ], [ -46.48714, -23.79457 ], [ -46.48825, -23.79565 ], [ -46.48881, -23.79605 ], [ -46.48927, -23.79607 ], [ -46.48938, -23.79582 ], [ -46.48919, -23.79446 ], [ -46.48923, -23.79332 ], [ -46.48943, -23.79316 ], [ -46.48961, -23.79256 ], [ -46.48954, -23.79202 ], [ -46.48911, -23.79139 ], [ -46.48885, -23.79064 ], [ -46.48829, -23.79005 ], [ -46.48825, -23.78932 ], [ -46.48845, -23.78863 ], [ -46.48834, -23.78819 ], [ -46.48872, -23.78852 ], [ -46.48877, -23.78943 ], [ -46.48936, -23.78984 ], [ -46.4901, -23.79064 ], [ -46.49031, -23.79104 ], [ -46.49059, -23.79093 ], [ -46.49105, -23.79043 ], [ -46.49161, -23.78943 ], [ -46.49218, -23.78881 ], [ -46.49244, -23.78822 ], [ -46.49254, -23.78845 ], [ -46.49233, -23.78941 ], [ -46.49255, -23.78977 ], [ -46.49381, -23.78939 ], [ -46.49359, -23.7901 ], [ -46.49324, -23.79057 ], [ -46.49198, -23.7913 ], [ -46.49159, -23.79183 ], [ -46.49134, -23.79293 ], [ -46.49189, -23.79366 ], [ -46.49189, -23.79405 ], [ -46.49179, -23.7943 ], [ -46.49065, -23.79477 ], [ -46.49011, -23.79566 ], [ -46.49024, -23.79595 ], [ -46.49048, -23.79608 ], [ -46.49107, -23.79591 ], [ -46.4918, -23.79549 ], [ -46.4916, -23.7959 ], [ -46.49129, -23.79617 ], [ -46.49082, -23.79637 ], [ -46.49044, -23.79671 ], [ -46.49006, -23.79677 ], [ -46.48988, -23.79697 ], [ -46.48968, -23.79747 ], [ -46.48979, -23.79768 ], [ -46.48975, -23.79818 ], [ -46.49013, -23.7982 ], [ -46.49121, -23.79778 ], [ -46.49142, -23.79783 ], [ -46.49149, -23.79828 ], [ -46.49215, -23.79859 ], [ -46.49228, -23.7984 ], [ -46.49224, -23.79783 ], [ -46.49252, -23.79744 ], [ -46.49303, -23.79713 ], [ -46.49361, -23.79632 ], [ -46.4933, -23.79727 ], [ -46.49317, -23.79871 ], [ -46.49373, -23.79922 ], [ -46.49481, -23.79977 ], [ -46.4949, -23.7991 ], [ -46.4954, -23.79971 ], [ -46.49557, -23.79975 ], [ -46.49566, -23.79964 ], [ -46.49563, -23.79753 ], [ -46.49551, -23.7965 ], [ -46.49514, -23.79595 ], [ -46.49547, -23.79599 ], [ -46.49568, -23.79587 ], [ -46.49587, -23.79556 ], [ -46.49588, -23.79494 ], [ -46.49614, -23.79469 ], [ -46.49668, -23.7947 ], [ -46.49677, -23.79478 ], [ -46.49657, -23.79493 ], [ -46.49642, -23.7965 ], [ -46.4964, -23.79913 ], [ -46.49692, -23.80029 ], [ -46.49695, -23.80089 ], [ -46.49671, -23.80139 ], [ -46.49631, -23.80167 ], [ -46.49609, -23.802 ], [ -46.49622, -23.80225 ], [ -46.49576, -23.80254 ], [ -46.49561, -23.80238 ], [ -46.49409, -23.80353 ], [ -46.49311, -23.80396 ], [ -46.49254, -23.80487 ], [ -46.49212, -23.80511 ], [ -46.49197, -23.80386 ], [ -46.49133, -23.80472 ], [ -46.49121, -23.80524 ], [ -46.49101, -23.80529 ], [ -46.49041, -23.80511 ], [ -46.49032, -23.80476 ], [ -46.49059, -23.8045 ], [ -46.49059, -23.80404 ], [ -46.49086, -23.80359 ], [ -46.49049, -23.80253 ], [ -46.49018, -23.80231 ], [ -46.48972, -23.80316 ], [ -46.48936, -23.80356 ], [ -46.48954, -23.80452 ], [ -46.48935, -23.80466 ], [ -46.48857, -23.80479 ], [ -46.4885, -23.80499 ], [ -46.48862, -23.80541 ], [ -46.48777, -23.80579 ], [ -46.48733, -23.80727 ], [ -46.48713, -23.807 ], [ -46.48699, -23.80725 ], [ -46.48668, -23.80717 ], [ -46.48688, -23.80675 ], [ -46.48652, -23.8067 ], [ -46.48674, -23.80641 ], [ -46.48654, -23.80576 ], [ -46.48684, -23.80501 ], [ -46.48676, -23.80468 ], [ -46.48565, -23.80418 ], [ -46.48562, -23.80399 ], [ -46.48595, -23.80318 ], [ -46.48642, -23.80353 ], [ -46.48665, -23.80354 ], [ -46.48769, -23.80279 ], [ -46.4879, -23.8023 ], [ -46.48745, -23.80204 ], [ -46.48722, -23.80172 ], [ -46.48788, -23.80133 ], [ -46.48785, -23.8012 ], [ -46.4875, -23.80102 ], [ -46.48686, -23.80102 ], [ -46.48645, -23.80241 ], [ -46.48542, -23.80302 ], [ -46.48528, -23.803 ], [ -46.48502, -23.80233 ], [ -46.48524, -23.80149 ], [ -46.48518, -23.80125 ], [ -46.48554, -23.80099 ], [ -46.48572, -23.80065 ], [ -46.48557, -23.80029 ], [ -46.48513, -23.80032 ], [ -46.48471, -23.80084 ], [ -46.48477, -23.80119 ], [ -46.48495, -23.80126 ], [ -46.48503, -23.80154 ], [ -46.48476, -23.80186 ], [ -46.4846, -23.80236 ], [ -46.48413, -23.80266 ], [ -46.48402, -23.80293 ], [ -46.48433, -23.80332 ], [ -46.48368, -23.80374 ], [ -46.48384, -23.8044 ], [ -46.48337, -23.80464 ], [ -46.48258, -23.80537 ], [ -46.48233, -23.80535 ], [ -46.482, -23.80491 ], [ -46.48207, -23.80422 ], [ -46.48197, -23.80384 ], [ -46.48162, -23.80367 ], [ -46.48094, -23.80373 ], [ -46.48021, -23.80286 ], [ -46.48078, -23.80291 ], [ -46.4813, -23.80276 ], [ -46.48157, -23.80246 ], [ -46.48153, -23.8018 ], [ -46.48217, -23.80185 ], [ -46.48237, -23.80154 ], [ -46.48192, -23.79999 ], [ -46.48135, -23.80026 ], [ -46.48136, -23.80066 ], [ -46.48083, -23.80103 ], [ -46.48075, -23.80145 ], [ -46.48039, -23.80173 ], [ -46.48011, -23.80252 ], [ -46.47965, -23.80246 ], [ -46.47947, -23.80234 ], [ -46.47943, -23.80177 ], [ -46.47883, -23.80127 ], [ -46.47919, -23.80116 ], [ -46.47943, -23.80092 ], [ -46.47944, -23.80005 ], [ -46.48026, -23.7998 ], [ -46.48056, -23.7994 ], [ -46.48057, -23.7989 ], [ -46.47985, -23.79849 ], [ -46.4788, -23.79914 ], [ -46.47881, -23.7987 ], [ -46.4783, -23.79952 ], [ -46.47832, -23.80008 ], [ -46.47772, -23.80019 ], [ -46.47758, -23.80034 ], [ -46.47744, -23.80111 ], [ -46.47685, -23.80011 ], [ -46.47648, -23.79982 ], [ -46.47686, -23.79869 ], [ -46.47668, -23.79838 ], [ -46.47648, -23.79845 ], [ -46.47625, -23.7986 ], [ -46.47617, -23.79922 ], [ -46.47596, -23.79959 ], [ -46.47636, -23.80008 ], [ -46.47615, -23.80075 ], [ -46.47618, -23.80105 ], [ -46.47641, -23.80123 ], [ -46.47707, -23.8014 ], [ -46.47709, -23.80153 ], [ -46.47669, -23.80186 ], [ -46.47719, -23.80203 ], [ -46.47756, -23.8025 ], [ -46.47686, -23.80261 ], [ -46.47669, -23.80275 ], [ -46.47684, -23.8032 ], [ -46.47674, -23.80337 ], [ -46.47748, -23.80349 ], [ -46.47733, -23.80369 ], [ -46.47737, -23.80403 ], [ -46.47792, -23.80422 ], [ -46.47824, -23.80424 ], [ -46.47892, -23.80389 ], [ -46.47894, -23.80415 ], [ -46.47841, -23.80487 ], [ -46.4777, -23.80498 ], [ -46.47756, -23.80518 ], [ -46.47779, -23.80553 ], [ -46.47841, -23.80572 ], [ -46.47842, -23.8063 ], [ -46.47815, -23.80676 ], [ -46.47866, -23.80751 ], [ -46.47851, -23.80807 ], [ -46.47817, -23.80862 ], [ -46.47821, -23.80884 ], [ -46.4777, -23.80899 ], [ -46.47775, -23.80926 ], [ -46.47797, -23.80934 ], [ -46.47771, -23.80983 ], [ -46.47671, -23.81075 ], [ -46.47629, -23.81098 ], [ -46.47619, -23.81058 ], [ -46.47633, -23.81019 ], [ -46.47628, -23.80922 ], [ -46.47606, -23.809 ], [ -46.47578, -23.809 ], [ -46.47602, -23.80848 ], [ -46.47629, -23.80824 ], [ -46.47657, -23.80739 ], [ -46.47639, -23.8069 ], [ -46.47587, -23.8068 ], [ -46.47618, -23.80609 ], [ -46.47611, -23.80576 ], [ -46.47574, -23.8054 ], [ -46.47544, -23.80539 ], [ -46.47494, -23.80562 ], [ -46.47471, -23.80554 ], [ -46.47466, -23.80537 ], [ -46.47506, -23.8048 ], [ -46.47498, -23.80451 ], [ -46.47485, -23.80439 ], [ -46.47448, -23.80452 ], [ -46.47413, -23.80437 ], [ -46.47349, -23.80382 ], [ -46.47344, -23.80353 ], [ -46.47362, -23.80328 ], [ -46.4745, -23.80327 ], [ -46.47447, -23.80302 ], [ -46.47374, -23.80229 ], [ -46.47322, -23.8019 ], [ -46.47285, -23.80236 ], [ -46.47299, -23.80267 ], [ -46.47292, -23.80299 ], [ -46.47268, -23.80323 ], [ -46.47231, -23.80325 ], [ -46.47153, -23.80362 ], [ -46.47142, -23.80443 ], [ -46.47129, -23.80453 ], [ -46.47117, -23.80514 ], [ -46.47102, -23.80523 ], [ -46.47077, -23.80613 ], [ -46.4708, -23.80658 ], [ -46.47055, -23.80683 ], [ -46.46991, -23.80699 ], [ -46.46955, -23.80692 ], [ -46.46882, -23.80614 ], [ -46.46876, -23.80585 ], [ -46.46925, -23.80586 ], [ -46.46959, -23.80567 ], [ -46.46951, -23.80528 ], [ -46.46839, -23.80478 ], [ -46.46859, -23.80448 ], [ -46.46913, -23.80421 ], [ -46.46965, -23.8042 ], [ -46.46992, -23.8039 ], [ -46.46995, -23.80328 ], [ -46.46974, -23.80282 ], [ -46.46939, -23.80253 ], [ -46.4689, -23.80252 ], [ -46.4684, -23.80316 ], [ -46.46791, -23.8029 ], [ -46.46736, -23.80301 ], [ -46.46718, -23.80321 ], [ -46.46715, -23.80353 ], [ -46.46637, -23.80379 ], [ -46.4665, -23.80447 ], [ -46.46691, -23.80467 ], [ -46.46679, -23.80497 ], [ -46.46596, -23.80485 ], [ -46.46527, -23.80491 ], [ -46.46513, -23.80503 ], [ -46.46521, -23.80526 ], [ -46.46587, -23.8057 ], [ -46.46578, -23.80639 ], [ -46.46417, -23.80657 ], [ -46.46344, -23.80689 ], [ -46.46339, -23.80722 ], [ -46.46371, -23.80779 ], [ -46.46378, -23.8089 ], [ -46.46372, -23.80909 ], [ -46.46323, -23.8092 ], [ -46.46302, -23.80946 ], [ -46.46369, -23.8097 ], [ -46.46388, -23.80997 ], [ -46.46439, -23.81131 ], [ -46.46447, -23.81207 ], [ -46.46434, -23.81234 ], [ -46.46376, -23.81258 ], [ -46.46346, -23.8125 ], [ -46.46275, -23.81167 ], [ -46.46202, -23.81123 ], [ -46.46186, -23.81138 ], [ -46.46145, -23.81107 ], [ -46.46034, -23.8111 ], [ -46.46019, -23.81077 ], [ -46.46051, -23.81062 ], [ -46.46013, -23.81034 ], [ -46.45955, -23.81017 ], [ -46.45932, -23.80981 ], [ -46.45939, -23.80945 ], [ -46.4598, -23.80931 ], [ -46.45987, -23.80911 ], [ -46.45957, -23.80871 ], [ -46.45892, -23.80885 ], [ -46.45805, -23.80871 ], [ -46.45726, -23.80833 ], [ -46.45683, -23.80797 ], [ -46.45583, -23.80762 ], [ -46.45544, -23.80762 ], [ -46.45507, -23.80741 ], [ -46.45469, -23.80677 ], [ -46.45475, -23.80654 ], [ -46.45649, -23.80585 ], [ -46.45764, -23.80566 ], [ -46.45745, -23.80519 ], [ -46.45763, -23.80481 ], [ -46.45752, -23.80449 ], [ -46.45707, -23.80397 ], [ -46.45751, -23.80409 ], [ -46.45778, -23.8038 ], [ -46.45788, -23.80402 ], [ -46.45812, -23.80398 ], [ -46.45881, -23.80437 ], [ -46.45892, -23.80469 ], [ -46.45912, -23.80483 ], [ -46.45982, -23.80477 ], [ -46.46034, -23.8044 ], [ -46.46035, -23.80467 ], [ -46.46054, -23.80492 ], [ -46.46075, -23.80493 ], [ -46.46099, -23.80479 ], [ -46.46113, -23.80411 ], [ -46.46144, -23.80393 ], [ -46.46129, -23.80383 ], [ -46.46083, -23.80391 ], [ -46.46108, -23.80344 ], [ -46.46108, -23.80309 ], [ -46.46176, -23.80332 ], [ -46.46196, -23.80328 ], [ -46.46227, -23.80289 ], [ -46.46275, -23.80258 ], [ -46.46299, -23.80269 ], [ -46.46283, -23.80302 ], [ -46.46292, -23.80321 ], [ -46.46319, -23.80315 ], [ -46.46345, -23.80273 ], [ -46.46336, -23.80258 ], [ -46.46295, -23.80259 ], [ -46.46253, -23.80228 ], [ -46.46173, -23.80231 ], [ -46.46169, -23.80214 ], [ -46.46197, -23.80176 ], [ -46.46234, -23.8018 ], [ -46.46273, -23.80159 ], [ -46.46335, -23.80164 ], [ -46.46349, -23.80152 ], [ -46.46347, -23.80117 ], [ -46.46203, -23.80035 ], [ -46.462, -23.80023 ], [ -46.46228, -23.80004 ], [ -46.46322, -23.80008 ], [ -46.46391, -23.79997 ], [ -46.46343, -23.79963 ], [ -46.46356, -23.79921 ], [ -46.46343, -23.79893 ], [ -46.46417, -23.79904 ], [ -46.46422, -23.79873 ], [ -46.46329, -23.79805 ], [ -46.46262, -23.79796 ], [ -46.46232, -23.7977 ], [ -46.46178, -23.79779 ], [ -46.46159, -23.79802 ], [ -46.46159, -23.79823 ], [ -46.46195, -23.79858 ], [ -46.46198, -23.79882 ], [ -46.46166, -23.7993 ], [ -46.46121, -23.79932 ], [ -46.46109, -23.7991 ], [ -46.4609, -23.79908 ], [ -46.46081, -23.79922 ], [ -46.46085, -23.79946 ], [ -46.46119, -23.7996 ], [ -46.46115, -23.79995 ], [ -46.4599, -23.80013 ], [ -46.45919, -23.79966 ], [ -46.45923, -23.79929 ], [ -46.45867, -23.7994 ], [ -46.45774, -23.8006 ], [ -46.45749, -23.8005 ], [ -46.45742, -23.79823 ], [ -46.45822, -23.79757 ], [ -46.45851, -23.79677 ], [ -46.45918, -23.79618 ], [ -46.45905, -23.79572 ], [ -46.45763, -23.79475 ], [ -46.45754, -23.79457 ], [ -46.45763, -23.79421 ], [ -46.45753, -23.79409 ], [ -46.45665, -23.79442 ], [ -46.45535, -23.79437 ], [ -46.45412, -23.79455 ], [ -46.45333, -23.79499 ], [ -46.45245, -23.79502 ], [ -46.45229, -23.79513 ], [ -46.45234, -23.7954 ], [ -46.4526, -23.79554 ], [ -46.45294, -23.79661 ], [ -46.45272, -23.79691 ], [ -46.45199, -23.79719 ], [ -46.45169, -23.79774 ], [ -46.45132, -23.7981 ], [ -46.45161, -23.7992 ], [ -46.45091, -23.79958 ], [ -46.45049, -23.80048 ], [ -46.45049, -23.80118 ], [ -46.45083, -23.80156 ], [ -46.45012, -23.80159 ], [ -46.44977, -23.80189 ], [ -46.44886, -23.80317 ], [ -46.44817, -23.8037 ], [ -46.44784, -23.80412 ], [ -46.44731, -23.80388 ], [ -46.44564, -23.8037 ], [ -46.44613, -23.80313 ], [ -46.44637, -23.80255 ], [ -46.44714, -23.80213 ], [ -46.44724, -23.80171 ], [ -46.44761, -23.80108 ], [ -46.44788, -23.80005 ], [ -46.44818, -23.79975 ], [ -46.44811, -23.79964 ], [ -46.44783, -23.79976 ], [ -46.44767, -23.7997 ], [ -46.44757, -23.79953 ], [ -46.44763, -23.799 ], [ -46.4472, -23.79847 ], [ -46.44661, -23.79837 ], [ -46.44613, -23.79885 ], [ -46.44441, -23.79897 ], [ -46.44403, -23.79914 ], [ -46.44353, -23.79966 ], [ -46.44252, -23.79975 ], [ -46.44226, -23.79993 ], [ -46.44137, -23.79993 ], [ -46.44229, -23.79919 ], [ -46.44242, -23.79871 ], [ -46.44279, -23.79874 ], [ -46.44341, -23.79795 ], [ -46.44459, -23.79712 ], [ -46.44488, -23.79759 ], [ -46.44506, -23.79751 ], [ -46.44524, -23.79739 ], [ -46.44536, -23.79679 ], [ -46.44557, -23.79671 ], [ -46.44585, -23.79693 ], [ -46.44626, -23.79621 ], [ -46.44676, -23.79613 ], [ -46.44689, -23.79581 ], [ -46.44677, -23.79561 ], [ -46.44638, -23.79543 ], [ -46.44544, -23.79458 ], [ -46.44318, -23.79403 ], [ -46.44282, -23.79412 ], [ -46.44206, -23.79453 ], [ -46.44172, -23.79445 ], [ -46.44104, -23.79491 ], [ -46.44052, -23.79557 ], [ -46.43977, -23.79581 ], [ -46.43909, -23.79587 ], [ -46.43868, -23.79612 ], [ -46.43866, -23.79637 ], [ -46.43821, -23.79658 ], [ -46.43783, -23.7966 ], [ -46.43852, -23.79628 ], [ -46.43858, -23.79596 ], [ -46.44022, -23.7946 ], [ -46.44077, -23.79385 ], [ -46.44095, -23.79312 ], [ -46.44122, -23.79267 ], [ -46.44238, -23.79184 ], [ -46.44362, -23.79144 ], [ -46.44394, -23.79161 ], [ -46.44472, -23.79162 ], [ -46.44525, -23.79132 ], [ -46.44561, -23.79187 ], [ -46.44588, -23.79198 ], [ -46.44707, -23.79181 ], [ -46.4472, -23.79107 ], [ -46.44756, -23.79084 ], [ -46.44781, -23.79085 ], [ -46.44795, -23.79103 ], [ -46.44781, -23.79163 ], [ -46.44788, -23.79195 ], [ -46.44827, -23.79201 ], [ -46.44863, -23.79146 ], [ -46.44886, -23.79144 ], [ -46.44952, -23.79099 ], [ -46.44983, -23.79117 ], [ -46.44989, -23.79157 ], [ -46.4502, -23.79021 ], [ -46.44984, -23.78924 ], [ -46.45, -23.78906 ], [ -46.45072, -23.78894 ], [ -46.45161, -23.78827 ], [ -46.45172, -23.78809 ], [ -46.4516, -23.78775 ], [ -46.45112, -23.78774 ], [ -46.45102, -23.78758 ], [ -46.45069, -23.78756 ], [ -46.45045, -23.78767 ], [ -46.44991, -23.7884 ], [ -46.4499, -23.78776 ], [ -46.44964, -23.7876 ], [ -46.44926, -23.78761 ], [ -46.44902, -23.7879 ], [ -46.44897, -23.78843 ], [ -46.44864, -23.78873 ], [ -46.44778, -23.78813 ], [ -46.44757, -23.78816 ], [ -46.44749, -23.78835 ], [ -46.44729, -23.78833 ], [ -46.44729, -23.78869 ], [ -46.4468, -23.78864 ], [ -46.44572, -23.78884 ], [ -46.4456, -23.78868 ], [ -46.44578, -23.78791 ], [ -46.4457, -23.78776 ], [ -46.44539, -23.78771 ], [ -46.4453, -23.7878 ], [ -46.44544, -23.78818 ], [ -46.44503, -23.78862 ], [ -46.44502, -23.78885 ], [ -46.44425, -23.78884 ], [ -46.44384, -23.78861 ], [ -46.4434, -23.78947 ], [ -46.44321, -23.78954 ], [ -46.4427, -23.78896 ], [ -46.44253, -23.78894 ], [ -46.44226, -23.78908 ], [ -46.44224, -23.78943 ], [ -46.44206, -23.78969 ], [ -46.4416, -23.78963 ], [ -46.44121, -23.78977 ], [ -46.44098, -23.78971 ], [ -46.44085, -23.78951 ], [ -46.44084, -23.78906 ], [ -46.44037, -23.78883 ], [ -46.4407, -23.78813 ], [ -46.44063, -23.78785 ], [ -46.44042, -23.78783 ], [ -46.43972, -23.78818 ], [ -46.43969, -23.78886 ], [ -46.43985, -23.78924 ], [ -46.43938, -23.78985 ], [ -46.43921, -23.78983 ], [ -46.43834, -23.78891 ], [ -46.4381, -23.78879 ], [ -46.43758, -23.78884 ], [ -46.43717, -23.7883 ], [ -46.43681, -23.78847 ], [ -46.43557, -23.78859 ], [ -46.43666, -23.78832 ], [ -46.43693, -23.78798 ], [ -46.43735, -23.78773 ], [ -46.43771, -23.78721 ], [ -46.43743, -23.7866 ], [ -46.43651, -23.78623 ], [ -46.43596, -23.78553 ], [ -46.43453, -23.78598 ], [ -46.43306, -23.78582 ], [ -46.43236, -23.78612 ], [ -46.43152, -23.78625 ], [ -46.4313, -23.78656 ], [ -46.43113, -23.78812 ], [ -46.43089, -23.78848 ], [ -46.43073, -23.78852 ], [ -46.43006, -23.78792 ], [ -46.42966, -23.78784 ], [ -46.4287, -23.78837 ], [ -46.42761, -23.7887 ], [ -46.42749, -23.78885 ], [ -46.42746, -23.79021 ], [ -46.42756, -23.79058 ], [ -46.42786, -23.79093 ], [ -46.42776, -23.79125 ], [ -46.42733, -23.79147 ], [ -46.42727, -23.79182 ], [ -46.42747, -23.79257 ], [ -46.42778, -23.7926 ], [ -46.42792, -23.79275 ], [ -46.42788, -23.79363 ], [ -46.42766, -23.79424 ], [ -46.42728, -23.79463 ], [ -46.42723, -23.79494 ], [ -46.42707, -23.79497 ], [ -46.42657, -23.79443 ], [ -46.4266, -23.79413 ], [ -46.42579, -23.7926 ], [ -46.42583, -23.79219 ], [ -46.42557, -23.79188 ], [ -46.42434, -23.79144 ], [ -46.42395, -23.79147 ], [ -46.42292, -23.79174 ], [ -46.42219, -23.79235 ], [ -46.42189, -23.79246 ], [ -46.42163, -23.79277 ], [ -46.42154, -23.7924 ], [ -46.42204, -23.79178 ], [ -46.42198, -23.79118 ], [ -46.42209, -23.79109 ], [ -46.42198, -23.79081 ], [ -46.42172, -23.79072 ], [ -46.42121, -23.79092 ], [ -46.42122, -23.79116 ], [ -46.42065, -23.79152 ], [ -46.42036, -23.79193 ], [ -46.41982, -23.79203 ], [ -46.41958, -23.7924 ], [ -46.41928, -23.79243 ], [ -46.419, -23.79265 ], [ -46.41856, -23.7927 ], [ -46.41849, -23.7924 ], [ -46.41959, -23.7914 ], [ -46.41978, -23.79106 ], [ -46.41967, -23.79047 ], [ -46.41931, -23.79026 ], [ -46.41963, -23.78963 ] ], [ [ -46.42264, -23.79059 ], [ -46.42321, -23.79031 ], [ -46.42332, -23.79007 ], [ -46.42333, -23.78966 ], [ -46.42275, -23.78921 ], [ -46.42219, -23.78994 ], [ -46.4224, -23.7905 ], [ -46.42264, -23.79059 ] ], [ [ -46.44688, -23.7966 ], [ -46.44675, -23.79657 ], [ -46.44686, -23.7967 ], [ -46.44688, -23.7966 ] ], [ [ -46.44884, -23.79206 ], [ -46.44899, -23.79229 ], [ -46.44925, -23.79208 ], [ -46.44901, -23.79179 ], [ -46.44884, -23.79206 ] ], [ [ -46.4513, -23.78985 ], [ -46.45113, -23.79027 ], [ -46.45066, -23.7907 ], [ -46.45079, -23.79106 ], [ -46.45096, -23.79111 ], [ -46.45185, -23.79055 ], [ -46.45214, -23.78997 ], [ -46.45287, -23.79025 ], [ -46.45308, -23.79016 ], [ -46.45303, -23.79005 ], [ -46.45256, -23.78995 ], [ -46.4523, -23.78955 ], [ -46.45209, -23.78947 ], [ -46.4513, -23.78985 ] ], [ [ -46.45979, -23.79608 ], [ -46.4593, -23.79633 ], [ -46.4593, -23.79655 ], [ -46.45955, -23.79688 ], [ -46.46001, -23.79702 ], [ -46.46038, -23.79676 ], [ -46.46041, -23.79641 ], [ -46.46027, -23.79614 ], [ -46.45979, -23.79608 ] ], [ [ -46.4629, -23.80831 ], [ -46.46285, -23.80801 ], [ -46.46246, -23.80787 ], [ -46.46226, -23.80832 ], [ -46.4623, -23.80849 ], [ -46.46248, -23.80854 ], [ -46.4629, -23.80831 ] ], [ [ -46.49499, -23.8018 ], [ -46.4948, -23.80162 ], [ -46.49461, -23.80175 ], [ -46.49485, -23.8019 ], [ -46.49499, -23.8018 ] ], [ [ -46.49642, -23.80143 ], [ -46.49626, -23.80099 ], [ -46.49609, -23.80095 ], [ -46.49593, -23.80108 ], [ -46.4962, -23.80157 ], [ -46.49642, -23.80143 ] ], [ [ -46.48868, -23.7978 ], [ -46.48878, -23.79764 ], [ -46.48829, -23.79665 ], [ -46.48737, -23.79577 ], [ -46.48677, -23.79571 ], [ -46.48632, -23.79603 ], [ -46.48632, -23.79654 ], [ -46.4867, -23.7969 ], [ -46.48745, -23.79689 ], [ -46.48814, -23.7972 ], [ -46.48868, -23.7978 ] ], [ [ -46.48261, -23.80061 ], [ -46.48303, -23.80069 ], [ -46.48331, -23.80049 ], [ -46.48344, -23.79979 ], [ -46.48326, -23.79975 ], [ -46.48277, -23.80021 ], [ -46.48261, -23.80061 ] ], [ [ -46.4701, -23.80158 ], [ -46.47031, -23.80143 ], [ -46.47037, -23.80121 ], [ -46.47025, -23.80097 ], [ -46.46993, -23.80079 ], [ -46.46935, -23.80093 ], [ -46.46929, -23.80118 ], [ -46.4698, -23.80153 ], [ -46.4701, -23.80158 ] ], [ [ -46.47204, -23.80289 ], [ -46.47221, -23.80298 ], [ -46.47236, -23.80282 ], [ -46.47212, -23.80274 ], [ -46.47204, -23.80289 ] ], [ [ -46.44804, -23.7984 ], [ -46.44878, -23.79869 ], [ -46.44896, -23.79858 ], [ -46.44925, -23.79814 ], [ -46.44912, -23.79776 ], [ -46.44805, -23.79773 ], [ -46.44793, -23.79812 ], [ -46.44804, -23.7984 ] ], [ [ -46.45647, -23.78612 ], [ -46.45583, -23.78563 ], [ -46.45528, -23.78542 ], [ -46.45518, -23.78512 ], [ -46.45485, -23.7849 ], [ -46.4542, -23.7848 ], [ -46.45373, -23.78491 ], [ -46.45407, -23.78569 ], [ -46.45456, -23.78575 ], [ -46.45456, -23.78636 ], [ -46.45507, -23.78661 ], [ -46.45506, -23.78684 ], [ -46.45536, -23.78701 ], [ -46.45554, -23.78729 ], [ -46.45664, -23.78763 ], [ -46.45679, -23.78739 ], [ -46.45678, -23.78693 ], [ -46.45647, -23.78612 ] ], [ [ -46.45174, -23.78303 ], [ -46.45225, -23.78436 ], [ -46.45252, -23.78448 ], [ -46.45297, -23.78436 ], [ -46.45318, -23.7841 ], [ -46.45318, -23.78354 ], [ -46.45272, -23.7825 ], [ -46.4522, -23.78255 ], [ -46.45174, -23.78303 ] ], [ [ -46.42781, -23.78123 ], [ -46.42789, -23.78149 ], [ -46.42821, -23.78136 ], [ -46.428, -23.78096 ], [ -46.42781, -23.78123 ] ] ] } },
{ "type": "Feature", "properties": { "km2": 0.025 }, "geometry": { "type": "Polygon", "coordinates": [ [ [ -46.48868, -23.7978 ], [ -46.48814, -23.7972 ], [ -46.48745, -23.79689 ], [ -46.4867, -23.7969 ], [ -46.48632, -23.79654 ], [ -46.48632, -23.79603 ], [ -46.48677, -23.79571 ], [ -46.48737, -23.79577 ], [ -46.48829, -23.79665 ], [ -46.48878, -23.79764 ], [ -46.48868, -23.7978 ] ] ] } },
{ "type": "Feature", "properties": { "km2": 0.046 }, "geometry": { "type": "Polygon", "coordinates": [ [ [ -46.49556, -23.80823 ], [ -46.49564, -23.80688 ], [ -46.49584, -23.80651 ], [ -46.49613, -23.80616 ], [ -46.49673, -23.80577 ], [ -46.4969, -23.8051 ], [ -46.49703, -23.805 ], [ -46.49742, -23.80515 ], [ -46.49792, -23.80571 ], [ -46.49791, -23.80594 ], [ -46.49754, -23.80648 ], [ -46.49785, -23.80729 ], [ -46.49777, -23.80755 ], [ -46.49741, -23.80735 ], [ -46.49707, -23.80671 ], [ -46.49635, -23.80718 ], [ -46.49662, -23.80759 ], [ -46.49612, -23.80845 ], [ -46.49592, -23.80853 ], [ -46.49567, -23.80845 ], [ -46.49556, -23.80823 ] ] ] } },
{ "type": "Feature", "properties": { "km2": 6.586 }, "geometry": { "type": "MultiPolygon", "coordinates": [ [ [ [ -46.47228, -23.84411 ], [ -46.47257, -23.8436 ], [ -46.47268, -23.84357 ], [ -46.47289, -23.84394 ], [ -46.47265, -23.84425 ], [ -46.47263, -23.84467 ], [ -46.47236, -23.84465 ], [ -46.47223, -23.84449 ], [ -46.47228, -23.84411 ] ] ], [ [ [ -46.46993, -23.86998 ], [ -46.4694, -23.86955 ], [ -46.46949, -23.8688 ], [ -46.47012, -23.86851 ], [ -46.47123, -23.86871 ], [ -46.47079, -23.86869 ], [ -46.46986, -23.86896 ], [ -46.46982, -23.86939 ], [ -46.47006, -23.86981 ], [ -46.46993, -23.86998 ] ] ], [ [ [ -46.50049, -23.82453 ], [ -46.49966, -23.8248 ], [ -46.49877, -23.82544 ], [ -46.49873, -23.82576 ], [ -46.49926, -23.82625 ], [ -46.49859, -23.82599 ], [ -46.49818, -23.82617 ], [ -46.49722, -23.82717 ], [ -46.49674, -23.82814 ], [ -46.49666, -23.82856 ], [ -46.49712, -23.82884 ], [ -46.49743, -23.82927 ], [ -46.49727, -23.83002 ], [ -46.49678, -23.82957 ], [ -46.49649, -23.82962 ], [ -46.49619, -23.83001 ], [ -46.49595, -23.82993 ], [ -46.49568, -23.82941 ], [ -46.49463, -23.82867 ], [ -46.49392, -23.82797 ], [ -46.49345, -23.82825 ], [ -46.49331, -23.82856 ], [ -46.49367, -23.82952 ], [ -46.49283, -23.82911 ], [ -46.49251, -23.82873 ], [ -46.49215, -23.82886 ], [ -46.49204, -23.82919 ], [ -46.49054, -23.82926 ], [ -46.49035, -23.82939 ], [ -46.49028, -23.82987 ], [ -46.48979, -23.82999 ], [ -46.48946, -23.83042 ], [ -46.48912, -23.8306 ], [ -46.48898, -23.83112 ], [ -46.48866, -23.83138 ], [ -46.48894, -23.83177 ], [ -46.48895, -23.83209 ], [ -46.48942, -23.83223 ], [ -46.48952, -23.8321 ], [ -46.49022, -23.83219 ], [ -46.49062, -23.83252 ], [ -46.49202, -23.83286 ], [ -46.49225, -23.8328 ], [ -46.49268, -23.83334 ], [ -46.4936, -23.83373 ], [ -46.49443, -23.83353 ], [ -46.49427, -23.83386 ], [ -46.49449, -23.83437 ], [ -46.49497, -23.83465 ], [ -46.4954, -23.83456 ], [ -46.49529, -23.83479 ], [ -46.4955, -23.83491 ], [ -46.49503, -23.83501 ], [ -46.49501, -23.83516 ], [ -46.49534, -23.83542 ], [ -46.49511, -23.83575 ], [ -46.49508, -23.83604 ], [ -46.49529, -23.83611 ], [ -46.49583, -23.83596 ], [ -46.49613, -23.83617 ], [ -46.49675, -23.8361 ], [ -46.49632, -23.83645 ], [ -46.49695, -23.8372 ], [ -46.49689, -23.83744 ], [ -46.49701, -23.83748 ], [ -46.49688, -23.83755 ], [ -46.49689, -23.83796 ], [ -46.4965, -23.8378 ], [ -46.49615, -23.83788 ], [ -46.49643, -23.83757 ], [ -46.49614, -23.83718 ], [ -46.49583, -23.83717 ], [ -46.49538, -23.83681 ], [ -46.4951, -23.83685 ], [ -46.49479, -23.83708 ], [ -46.49492, -23.83669 ], [ -46.49474, -23.83627 ], [ -46.49429, -23.8365 ], [ -46.4938, -23.83634 ], [ -46.49382, -23.83608 ], [ -46.49366, -23.83587 ], [ -46.49313, -23.83609 ], [ -46.49336, -23.83566 ], [ -46.4933, -23.8353 ], [ -46.49302, -23.83526 ], [ -46.49278, -23.8355 ], [ -46.49267, -23.83527 ], [ -46.49171, -23.83504 ], [ -46.49158, -23.83532 ], [ -46.49164, -23.83554 ], [ -46.49133, -23.83584 ], [ -46.49153, -23.83615 ], [ -46.4911, -23.83603 ], [ -46.4913, -23.83653 ], [ -46.49105, -23.83678 ], [ -46.49104, -23.83733 ], [ -46.49119, -23.8375 ], [ -46.49046, -23.83758 ], [ -46.49035, -23.83768 ], [ -46.49049, -23.83787 ], [ -46.49018, -23.83781 ], [ -46.48989, -23.83821 ], [ -46.48943, -23.83795 ], [ -46.48928, -23.83805 ], [ -46.48989, -23.83855 ], [ -46.4904, -23.8393 ], [ -46.49072, -23.83945 ], [ -46.49083, -23.83939 ], [ -46.49098, -23.83956 ], [ -46.49076, -23.8395 ], [ -46.49083, -23.83969 ], [ -46.49012, -23.83936 ], [ -46.48956, -23.83948 ], [ -46.48922, -23.83903 ], [ -46.48874, -23.83876 ], [ -46.48836, -23.83894 ], [ -46.48836, -23.83914 ], [ -46.48889, -23.83921 ], [ -46.48891, -23.83987 ], [ -46.48868, -23.83974 ], [ -46.48834, -23.83986 ], [ -46.48833, -23.84034 ], [ -46.48762, -23.84033 ], [ -46.48748, -23.84158 ], [ -46.48799, -23.84182 ], [ -46.48818, -23.84154 ], [ -46.48851, -23.84142 ], [ -46.48854, -23.84125 ], [ -46.48884, -23.84118 ], [ -46.48912, -23.84138 ], [ -46.48909, -23.84179 ], [ -46.48921, -23.84208 ], [ -46.48955, -23.84178 ], [ -46.48984, -23.84193 ], [ -46.4902, -23.84191 ], [ -46.49034, -23.84225 ], [ -46.49007, -23.84235 ], [ -46.48999, -23.84251 ], [ -46.49036, -23.84257 ], [ -46.49085, -23.84241 ], [ -46.49082, -23.84267 ], [ -46.49096, -23.84284 ], [ -46.49124, -23.84279 ], [ -46.49152, -23.84231 ], [ -46.4919, -23.84257 ], [ -46.49227, -23.84247 ], [ -46.49253, -23.84186 ], [ -46.49284, -23.84169 ], [ -46.49277, -23.84153 ], [ -46.49301, -23.84152 ], [ -46.49328, -23.84176 ], [ -46.49363, -23.84155 ], [ -46.49356, -23.84175 ], [ -46.49317, -23.84193 ], [ -46.49272, -23.84237 ], [ -46.49278, -23.84291 ], [ -46.49361, -23.84296 ], [ -46.49418, -23.84255 ], [ -46.49466, -23.84263 ], [ -46.49421, -23.84274 ], [ -46.49415, -23.84293 ], [ -46.49343, -23.84321 ], [ -46.49321, -23.84363 ], [ -46.49369, -23.84434 ], [ -46.49406, -23.84445 ], [ -46.49421, -23.84467 ], [ -46.49483, -23.84438 ], [ -46.49501, -23.84446 ], [ -46.49499, -23.8446 ], [ -46.49424, -23.84488 ], [ -46.49439, -23.84541 ], [ -46.49489, -23.84597 ], [ -46.49464, -23.84582 ], [ -46.49442, -23.84548 ], [ -46.49424, -23.84541 ], [ -46.4941, -23.84487 ], [ -46.49383, -23.84462 ], [ -46.49348, -23.84454 ], [ -46.4931, -23.84473 ], [ -46.49311, -23.84439 ], [ -46.49281, -23.84375 ], [ -46.4918, -23.84345 ], [ -46.49125, -23.8437 ], [ -46.49106, -23.84365 ], [ -46.49082, -23.84392 ], [ -46.49077, -23.84425 ], [ -46.49055, -23.8443 ], [ -46.49047, -23.8436 ], [ -46.4902, -23.84361 ], [ -46.48975, -23.84322 ], [ -46.48939, -23.84339 ], [ -46.48926, -23.84362 ], [ -46.48931, -23.84397 ], [ -46.4901, -23.84474 ], [ -46.48953, -23.84506 ], [ -46.48928, -23.84549 ], [ -46.48931, -23.84558 ], [ -46.4896, -23.84557 ], [ -46.48965, -23.84576 ], [ -46.49003, -23.84576 ], [ -46.4903, -23.84526 ], [ -46.49067, -23.84497 ], [ -46.49094, -23.84521 ], [ -46.49098, -23.84557 ], [ -46.49072, -23.84555 ], [ -46.49044, -23.84573 ], [ -46.49042, -23.84593 ], [ -46.49024, -23.84596 ], [ -46.4897, -23.84647 ], [ -46.49018, -23.84687 ], [ -46.4905, -23.84675 ], [ -46.49023, -23.84734 ], [ -46.49125, -23.84717 ], [ -46.49068, -23.8481 ], [ -46.49035, -23.84825 ], [ -46.49037, -23.8487 ], [ -46.49082, -23.84888 ], [ -46.49087, -23.84923 ], [ -46.4911, -23.84923 ], [ -46.49116, -23.84887 ], [ -46.4917, -23.84891 ], [ -46.49161, -23.84921 ], [ -46.49196, -23.84974 ], [ -46.49248, -23.84982 ], [ -46.49236, -23.84989 ], [ -46.49233, -23.85019 ], [ -46.49316, -23.85042 ], [ -46.49358, -23.85025 ], [ -46.4935, -23.85077 ], [ -46.49359, -23.85091 ], [ -46.49381, -23.85094 ], [ -46.49399, -23.85081 ], [ -46.49414, -23.85093 ], [ -46.49479, -23.85092 ], [ -46.49482, -23.85116 ], [ -46.49568, -23.85145 ], [ -46.49572, -23.85161 ], [ -46.4964, -23.85174 ], [ -46.49653, -23.85189 ], [ -46.49566, -23.85174 ], [ -46.49554, -23.85184 ], [ -46.49517, -23.85172 ], [ -46.49479, -23.85181 ], [ -46.49464, -23.85166 ], [ -46.49354, -23.85153 ], [ -46.49365, -23.85179 ], [ -46.49353, -23.85199 ], [ -46.49419, -23.85241 ], [ -46.49446, -23.85305 ], [ -46.49504, -23.85292 ], [ -46.49514, -23.85306 ], [ -46.49558, -23.85292 ], [ -46.49584, -23.85298 ], [ -46.4955, -23.85305 ], [ -46.49558, -23.85331 ], [ -46.49531, -23.8532 ], [ -46.49511, -23.85329 ], [ -46.49496, -23.85359 ], [ -46.49502, -23.85387 ], [ -46.49541, -23.854 ], [ -46.49559, -23.85425 ], [ -46.49577, -23.85413 ], [ -46.4962, -23.85476 ], [ -46.49585, -23.85465 ], [ -46.49588, -23.85486 ], [ -46.49638, -23.85488 ], [ -46.49586, -23.85517 ], [ -46.49515, -23.85456 ], [ -46.49475, -23.85445 ], [ -46.49445, -23.85483 ], [ -46.49418, -23.85471 ], [ -46.49394, -23.85482 ], [ -46.49445, -23.85566 ], [ -46.49406, -23.85562 ], [ -46.49383, -23.85576 ], [ -46.49385, -23.85627 ], [ -46.4942, -23.85646 ], [ -46.49414, -23.85693 ], [ -46.49521, -23.85675 ], [ -46.49525, -23.85648 ], [ -46.49548, -23.85668 ], [ -46.49588, -23.85657 ], [ -46.49579, -23.85615 ], [ -46.49605, -23.8559 ], [ -46.49614, -23.85618 ], [ -46.49637, -23.85629 ], [ -46.49664, -23.85603 ], [ -46.49665, -23.85643 ], [ -46.49631, -23.85669 ], [ -46.49647, -23.85696 ], [ -46.49669, -23.85694 ], [ -46.49694, -23.85664 ], [ -46.4974, -23.85684 ], [ -46.49826, -23.85657 ], [ -46.49844, -23.85636 ], [ -46.49831, -23.85611 ], [ -46.49873, -23.85622 ], [ -46.49911, -23.85612 ], [ -46.49924, -23.85626 ], [ -46.49895, -23.85658 ], [ -46.49887, -23.85701 ], [ -46.49832, -23.85745 ], [ -46.49918, -23.85851 ], [ -46.49926, -23.85892 ], [ -46.49953, -23.85905 ], [ -46.49918, -23.85919 ], [ -46.49915, -23.85938 ], [ -46.49893, -23.85953 ], [ -46.49822, -23.85883 ], [ -46.49661, -23.85813 ], [ -46.49615, -23.85772 ], [ -46.49586, -23.85791 ], [ -46.49529, -23.85783 ], [ -46.49505, -23.8581 ], [ -46.49535, -23.85847 ], [ -46.49487, -23.85891 ], [ -46.4947, -23.85957 ], [ -46.49441, -23.85976 ], [ -46.49452, -23.86002 ], [ -46.4942, -23.85966 ], [ -46.49397, -23.85903 ], [ -46.49352, -23.85924 ], [ -46.49343, -23.8591 ], [ -46.49372, -23.85888 ], [ -46.49373, -23.85871 ], [ -46.49405, -23.85871 ], [ -46.49436, -23.85834 ], [ -46.49463, -23.85831 ], [ -46.49462, -23.85812 ], [ -46.4945, -23.85808 ], [ -46.49456, -23.8578 ], [ -46.49422, -23.85773 ], [ -46.49413, -23.8575 ], [ -46.49376, -23.85726 ], [ -46.49364, -23.85681 ], [ -46.49351, -23.85674 ], [ -46.49327, -23.85676 ], [ -46.49296, -23.85733 ], [ -46.49285, -23.85691 ], [ -46.49259, -23.85656 ], [ -46.49335, -23.85588 ], [ -46.49323, -23.85558 ], [ -46.49289, -23.85535 ], [ -46.49251, -23.85538 ], [ -46.49257, -23.85481 ], [ -46.49246, -23.85457 ], [ -46.49207, -23.85447 ], [ -46.49169, -23.8551 ], [ -46.49176, -23.85541 ], [ -46.4915, -23.8557 ], [ -46.49148, -23.85588 ], [ -46.4918, -23.85604 ], [ -46.49163, -23.85685 ], [ -46.49172, -23.85759 ], [ -46.49158, -23.85827 ], [ -46.49145, -23.85838 ], [ -46.49113, -23.85818 ], [ -46.49052, -23.85832 ], [ -46.49012, -23.85895 ], [ -46.49018, -23.85933 ], [ -46.48971, -23.85927 ], [ -46.48974, -23.8599 ], [ -46.48907, -23.86055 ], [ -46.48935, -23.85994 ], [ -46.48919, -23.85981 ], [ -46.48909, -23.85939 ], [ -46.48934, -23.85904 ], [ -46.4893, -23.85885 ], [ -46.48852, -23.85914 ], [ -46.48801, -23.85917 ], [ -46.48751, -23.85901 ], [ -46.48801, -23.85882 ], [ -46.48803, -23.85857 ], [ -46.48872, -23.85863 ], [ -46.48914, -23.85841 ], [ -46.49015, -23.85819 ], [ -46.49031, -23.85805 ], [ -46.48998, -23.85756 ], [ -46.49049, -23.85763 ], [ -46.4905, -23.85787 ], [ -46.49093, -23.85751 ], [ -46.49061, -23.85693 ], [ -46.49072, -23.85677 ], [ -46.49025, -23.85622 ], [ -46.49003, -23.85566 ], [ -46.48954, -23.85548 ], [ -46.48935, -23.85553 ], [ -46.48955, -23.85533 ], [ -46.48907, -23.85498 ], [ -46.48962, -23.85498 ], [ -46.49059, -23.85546 ], [ -46.49082, -23.85539 ], [ -46.49076, -23.85488 ], [ -46.4905, -23.85487 ], [ -46.49016, -23.85465 ], [ -46.49024, -23.85433 ], [ -46.49088, -23.85414 ], [ -46.4914, -23.85444 ], [ -46.49163, -23.85416 ], [ -46.49134, -23.85385 ], [ -46.49147, -23.85345 ], [ -46.49085, -23.85318 ], [ -46.49098, -23.85308 ], [ -46.49097, -23.85283 ], [ -46.49081, -23.85264 ], [ -46.4908, -23.85221 ], [ -46.49069, -23.8521 ], [ -46.49049, -23.85209 ], [ -46.49001, -23.85247 ], [ -46.48989, -23.85274 ], [ -46.48962, -23.85283 ], [ -46.48952, -23.85263 ], [ -46.48919, -23.85277 ], [ -46.48921, -23.8526 ], [ -46.4891, -23.85258 ], [ -46.48894, -23.85284 ], [ -46.4888, -23.85286 ], [ -46.4888, -23.85261 ], [ -46.48862, -23.85246 ], [ -46.48882, -23.85149 ], [ -46.48858, -23.84992 ], [ -46.48772, -23.84958 ], [ -46.48829, -23.84971 ], [ -46.48881, -23.8496 ], [ -46.48817, -23.84884 ], [ -46.48777, -23.8486 ], [ -46.48781, -23.84836 ], [ -46.48752, -23.84822 ], [ -46.48682, -23.8484 ], [ -46.48657, -23.84814 ], [ -46.48682, -23.84795 ], [ -46.48678, -23.8478 ], [ -46.48659, -23.84778 ], [ -46.48614, -23.84734 ], [ -46.48555, -23.84723 ], [ -46.48549, -23.84737 ], [ -46.48535, -23.84736 ], [ -46.4853, -23.84715 ], [ -46.48479, -23.84691 ], [ -46.48431, -23.84718 ], [ -46.48427, -23.84762 ], [ -46.48493, -23.84806 ], [ -46.48528, -23.84808 ], [ -46.48535, -23.84832 ], [ -46.48558, -23.84836 ], [ -46.48542, -23.84867 ], [ -46.48514, -23.84841 ], [ -46.48489, -23.84844 ], [ -46.48482, -23.84855 ], [ -46.48517, -23.84893 ], [ -46.48563, -23.84925 ], [ -46.48601, -23.84918 ], [ -46.4866, -23.84964 ], [ -46.48681, -23.84996 ], [ -46.48728, -23.85024 ], [ -46.48822, -23.85053 ], [ -46.48751, -23.85146 ], [ -46.48761, -23.85167 ], [ -46.48799, -23.85167 ], [ -46.48816, -23.85181 ], [ -46.4878, -23.85212 ], [ -46.48797, -23.85227 ], [ -46.4881, -23.85275 ], [ -46.48765, -23.8526 ], [ -46.48763, -23.8529 ], [ -46.48676, -23.85202 ], [ -46.48555, -23.8515 ], [ -46.48551, -23.85172 ], [ -46.48599, -23.85193 ], [ -46.48599, -23.85225 ], [ -46.48592, -23.85233 ], [ -46.48572, -23.8521 ], [ -46.48543, -23.8521 ], [ -46.48561, -23.85253 ], [ -46.48541, -23.85272 ], [ -46.48553, -23.85296 ], [ -46.48591, -23.85323 ], [ -46.48618, -23.85326 ], [ -46.48571, -23.85361 ], [ -46.48587, -23.85385 ], [ -46.48656, -23.85343 ], [ -46.48673, -23.85345 ], [ -46.48674, -23.85377 ], [ -46.48706, -23.85407 ], [ -46.4864, -23.85395 ], [ -46.48647, -23.8546 ], [ -46.48637, -23.85488 ], [ -46.48606, -23.85447 ], [ -46.48556, -23.85464 ], [ -46.48503, -23.85448 ], [ -46.48468, -23.85527 ], [ -46.48432, -23.85533 ], [ -46.48486, -23.85436 ], [ -46.4849, -23.854 ], [ -46.48449, -23.85371 ], [ -46.484, -23.8538 ], [ -46.48408, -23.8534 ], [ -46.48431, -23.85312 ], [ -46.48324, -23.85278 ], [ -46.4828, -23.85239 ], [ -46.48252, -23.85261 ], [ -46.48262, -23.85339 ], [ -46.48211, -23.85311 ], [ -46.48179, -23.85313 ], [ -46.48175, -23.85332 ], [ -46.48197, -23.85363 ], [ -46.48129, -23.8536 ], [ -46.48135, -23.8539 ], [ -46.48114, -23.85388 ], [ -46.48084, -23.85361 ], [ -46.4806, -23.85372 ], [ -46.48032, -23.85411 ], [ -46.48029, -23.85439 ], [ -46.48091, -23.85461 ], [ -46.48123, -23.85438 ], [ -46.48173, -23.85427 ], [ -46.48195, -23.85454 ], [ -46.48163, -23.85473 ], [ -46.4817, -23.85495 ], [ -46.48205, -23.85487 ], [ -46.48243, -23.85534 ], [ -46.48268, -23.85531 ], [ -46.48281, -23.85546 ], [ -46.48226, -23.85555 ], [ -46.48212, -23.85575 ], [ -46.48222, -23.85599 ], [ -46.48254, -23.8561 ], [ -46.48222, -23.85637 ], [ -46.4814, -23.85669 ], [ -46.48134, -23.85728 ], [ -46.48122, -23.85685 ], [ -46.48053, -23.85698 ], [ -46.48093, -23.85666 ], [ -46.4808, -23.85625 ], [ -46.4805, -23.85604 ], [ -46.48067, -23.85576 ], [ -46.48015, -23.85539 ], [ -46.48067, -23.85496 ], [ -46.48046, -23.85476 ], [ -46.47996, -23.85473 ], [ -46.47996, -23.85497 ], [ -46.47959, -23.85471 ], [ -46.47916, -23.85487 ], [ -46.4788, -23.85539 ], [ -46.47929, -23.85603 ], [ -46.47899, -23.85622 ], [ -46.47796, -23.85619 ], [ -46.47783, -23.85645 ], [ -46.47754, -23.85623 ], [ -46.47728, -23.85634 ], [ -46.47717, -23.85665 ], [ -46.4778, -23.85719 ], [ -46.47821, -23.85716 ], [ -46.47725, -23.8577 ], [ -46.47591, -23.8581 ], [ -46.47584, -23.85827 ], [ -46.47597, -23.85851 ], [ -46.47707, -23.85817 ], [ -46.47768, -23.85824 ], [ -46.47772, -23.8587 ], [ -46.47794, -23.85858 ], [ -46.47803, -23.85828 ], [ -46.47815, -23.8584 ], [ -46.47854, -23.85843 ], [ -46.47862, -23.85858 ], [ -46.47815, -23.85872 ], [ -46.47797, -23.85895 ], [ -46.47806, -23.85911 ], [ -46.4785, -23.85921 ], [ -46.479, -23.85902 ], [ -46.47914, -23.8592 ], [ -46.47982, -23.85946 ], [ -46.4802, -23.85952 ], [ -46.48013, -23.85929 ], [ -46.48028, -23.85909 ], [ -46.48096, -23.8596 ], [ -46.48132, -23.85961 ], [ -46.48134, -23.85997 ], [ -46.48159, -23.85983 ], [ -46.48182, -23.86004 ], [ -46.4815, -23.86029 ], [ -46.48159, -23.86046 ], [ -46.48199, -23.86046 ], [ -46.48189, -23.86064 ], [ -46.48201, -23.86074 ], [ -46.48287, -23.86057 ], [ -46.48313, -23.86029 ], [ -46.48314, -23.86055 ], [ -46.48336, -23.86082 ], [ -46.48396, -23.86104 ], [ -46.48459, -23.86092 ], [ -46.48419, -23.86132 ], [ -46.48434, -23.86158 ], [ -46.48401, -23.86161 ], [ -46.48362, -23.86209 ], [ -46.48377, -23.86146 ], [ -46.48229, -23.86094 ], [ -46.48229, -23.86122 ], [ -46.48209, -23.86128 ], [ -46.48213, -23.86198 ], [ -46.48192, -23.86241 ], [ -46.48195, -23.86208 ], [ -46.48171, -23.86127 ], [ -46.48135, -23.86086 ], [ -46.48111, -23.861 ], [ -46.48102, -23.86128 ], [ -46.48118, -23.86158 ], [ -46.48108, -23.8619 ], [ -46.48082, -23.86192 ], [ -46.48062, -23.86215 ], [ -46.48079, -23.86271 ], [ -46.48139, -23.86314 ], [ -46.48146, -23.86333 ], [ -46.48115, -23.86325 ], [ -46.48043, -23.86279 ], [ -46.48011, -23.86229 ], [ -46.47968, -23.86232 ], [ -46.4801, -23.862 ], [ -46.48044, -23.86132 ], [ -46.48036, -23.86111 ], [ -46.48055, -23.86099 ], [ -46.48063, -23.86075 ], [ -46.48035, -23.86055 ], [ -46.47975, -23.86059 ], [ -46.47953, -23.86045 ], [ -46.47901, -23.85999 ], [ -46.47913, -23.85973 ], [ -46.47894, -23.85954 ], [ -46.4787, -23.85952 ], [ -46.47847, -23.85974 ], [ -46.47798, -23.85974 ], [ -46.47844, -23.86015 ], [ -46.47826, -23.86038 ], [ -46.47857, -23.86059 ], [ -46.47875, -23.86107 ], [ -46.47851, -23.86119 ], [ -46.47834, -23.86106 ], [ -46.47808, -23.86114 ], [ -46.4778, -23.86102 ], [ -46.47734, -23.8607 ], [ -46.47723, -23.86026 ], [ -46.47694, -23.86043 ], [ -46.47691, -23.86064 ], [ -46.47672, -23.86077 ], [ -46.47648, -23.86069 ], [ -46.47637, -23.86045 ], [ -46.4765, -23.86006 ], [ -46.47626, -23.85991 ], [ -46.47645, -23.85971 ], [ -46.47627, -23.85948 ], [ -46.47586, -23.85939 ], [ -46.47579, -23.8596 ], [ -46.47603, -23.85987 ], [ -46.47596, -23.86011 ], [ -46.47555, -23.8603 ], [ -46.47543, -23.86064 ], [ -46.47564, -23.86073 ], [ -46.47602, -23.86064 ], [ -46.47567, -23.86095 ], [ -46.47568, -23.8611 ], [ -46.47645, -23.86131 ], [ -46.4768, -23.86186 ], [ -46.47648, -23.86189 ], [ -46.47642, -23.86213 ], [ -46.47665, -23.8626 ], [ -46.47642, -23.86262 ], [ -46.47628, -23.86256 ], [ -46.47602, -23.86199 ], [ -46.47563, -23.86166 ], [ -46.4757, -23.86208 ], [ -46.47536, -23.862 ], [ -46.47523, -23.86181 ], [ -46.47526, -23.8614 ], [ -46.47508, -23.86144 ], [ -46.47496, -23.86172 ], [ -46.47465, -23.86182 ], [ -46.47404, -23.86154 ], [ -46.47388, -23.86124 ], [ -46.47393, -23.86104 ], [ -46.47424, -23.8611 ], [ -46.47427, -23.86092 ], [ -46.4738, -23.86064 ], [ -46.47378, -23.86043 ], [ -46.47449, -23.86021 ], [ -46.47437, -23.85993 ], [ -46.47379, -23.85941 ], [ -46.4739, -23.8591 ], [ -46.47372, -23.85878 ], [ -46.47349, -23.85889 ], [ -46.47353, -23.85907 ], [ -46.47324, -23.85953 ], [ -46.47351, -23.85963 ], [ -46.47355, -23.85985 ], [ -46.47275, -23.85982 ], [ -46.4727, -23.85927 ], [ -46.47256, -23.85912 ], [ -46.47227, -23.85992 ], [ -46.47255, -23.8603 ], [ -46.47172, -23.86028 ], [ -46.4718, -23.86056 ], [ -46.47145, -23.86068 ], [ -46.47142, -23.86085 ], [ -46.47147, -23.86103 ], [ -46.47174, -23.86118 ], [ -46.47151, -23.86137 ], [ -46.47175, -23.86148 ], [ -46.47181, -23.86168 ], [ -46.47204, -23.86162 ], [ -46.47211, -23.86202 ], [ -46.47257, -23.86243 ], [ -46.47278, -23.86237 ], [ -46.47281, -23.86212 ], [ -46.47311, -23.86216 ], [ -46.47372, -23.86261 ], [ -46.47364, -23.86283 ], [ -46.47348, -23.86277 ], [ -46.47313, -23.86308 ], [ -46.47421, -23.86414 ], [ -46.47494, -23.86456 ], [ -46.47499, -23.86481 ], [ -46.4747, -23.86481 ], [ -46.47468, -23.86511 ], [ -46.47425, -23.86528 ], [ -46.47366, -23.86513 ], [ -46.47366, -23.86549 ], [ -46.47274, -23.86534 ], [ -46.47305, -23.86586 ], [ -46.473, -23.86624 ], [ -46.47334, -23.86678 ], [ -46.47314, -23.86712 ], [ -46.47316, -23.86745 ], [ -46.4735, -23.86768 ], [ -46.47373, -23.86758 ], [ -46.47432, -23.86843 ], [ -46.47404, -23.86873 ], [ -46.47389, -23.86863 ], [ -46.47359, -23.86886 ], [ -46.473, -23.86831 ], [ -46.47285, -23.86833 ], [ -46.47227, -23.86765 ], [ -46.47107, -23.86714 ], [ -46.47026, -23.86731 ], [ -46.46996, -23.86751 ], [ -46.46946, -23.86723 ], [ -46.46917, -23.86735 ], [ -46.46913, -23.86803 ], [ -46.46894, -23.86852 ], [ -46.46847, -23.86868 ], [ -46.46838, -23.86845 ], [ -46.46873, -23.86808 ], [ -46.46878, -23.86768 ], [ -46.46801, -23.86598 ], [ -46.46805, -23.86541 ], [ -46.46793, -23.86518 ], [ -46.46828, -23.86446 ], [ -46.46806, -23.86414 ], [ -46.468, -23.8629 ], [ -46.46851, -23.86311 ], [ -46.46875, -23.86298 ], [ -46.46879, -23.86278 ], [ -46.46852, -23.8626 ], [ -46.46895, -23.86221 ], [ -46.46885, -23.86169 ], [ -46.469, -23.86165 ], [ -46.46913, -23.86134 ], [ -46.46857, -23.86092 ], [ -46.46814, -23.86103 ], [ -46.46807, -23.86077 ], [ -46.46827, -23.86045 ], [ -46.46801, -23.86026 ], [ -46.46797, -23.85999 ], [ -46.46784, -23.85997 ], [ -46.46798, -23.85962 ], [ -46.46778, -23.85951 ], [ -46.46756, -23.85962 ], [ -46.46669, -23.8595 ], [ -46.46654, -23.85895 ], [ -46.46663, -23.85867 ], [ -46.46701, -23.85854 ], [ -46.46714, -23.85877 ], [ -46.4675, -23.85871 ], [ -46.46748, -23.85848 ], [ -46.4671, -23.85844 ], [ -46.4666, -23.85815 ], [ -46.46626, -23.85816 ], [ -46.46617, -23.85802 ], [ -46.46623, -23.85739 ], [ -46.46609, -23.8574 ], [ -46.46599, -23.85802 ], [ -46.46579, -23.85812 ], [ -46.46522, -23.85763 ], [ -46.46493, -23.85762 ], [ -46.46419, -23.85724 ], [ -46.46332, -23.85739 ], [ -46.46322, -23.85775 ], [ -46.46331, -23.85823 ], [ -46.46313, -23.85854 ], [ -46.46276, -23.85864 ], [ -46.4628, -23.85915 ], [ -46.46316, -23.85994 ], [ -46.46315, -23.86027 ], [ -46.46264, -23.86081 ], [ -46.46248, -23.86178 ], [ -46.46206, -23.8621 ], [ -46.46197, -23.86202 ], [ -46.46208, -23.86184 ], [ -46.46205, -23.86139 ], [ -46.46187, -23.86128 ], [ -46.46137, -23.86134 ], [ -46.46133, -23.86117 ], [ -46.46174, -23.8607 ], [ -46.46171, -23.86059 ], [ -46.46154, -23.86044 ], [ -46.46115, -23.86042 ], [ -46.46191, -23.86017 ], [ -46.46207, -23.85998 ], [ -46.46264, -23.85989 ], [ -46.46275, -23.85981 ], [ -46.46269, -23.85949 ], [ -46.46216, -23.85904 ], [ -46.46113, -23.85912 ], [ -46.46127, -23.85886 ], [ -46.46099, -23.85866 ], [ -46.46009, -23.85869 ], [ -46.45996, -23.85899 ], [ -46.45976, -23.85876 ], [ -46.45983, -23.85849 ], [ -46.45963, -23.85827 ], [ -46.4603, -23.85817 ], [ -46.46047, -23.85834 ], [ -46.46081, -23.85839 ], [ -46.46125, -23.85828 ], [ -46.46149, -23.85798 ], [ -46.46016, -23.8566 ], [ -46.4593, -23.85648 ], [ -46.45857, -23.85604 ], [ -46.45882, -23.85604 ], [ -46.4593, -23.85634 ], [ -46.46023, -23.85612 ], [ -46.46054, -23.85613 ], [ -46.46112, -23.85645 ], [ -46.46163, -23.85641 ], [ -46.46206, -23.85676 ], [ -46.46202, -23.85699 ], [ -46.46178, -23.8571 ], [ -46.46172, -23.85749 ], [ -46.46221, -23.85831 ], [ -46.46284, -23.85831 ], [ -46.46299, -23.8582 ], [ -46.46298, -23.85729 ], [ -46.46365, -23.85688 ], [ -46.46362, -23.85643 ], [ -46.4641, -23.85659 ], [ -46.46458, -23.85699 ], [ -46.46479, -23.85696 ], [ -46.46487, -23.85674 ], [ -46.46476, -23.85642 ], [ -46.46439, -23.85633 ], [ -46.46423, -23.85602 ], [ -46.46336, -23.85568 ], [ -46.46309, -23.85542 ], [ -46.46292, -23.85519 ], [ -46.46317, -23.85507 ], [ -46.46317, -23.85494 ], [ -46.46285, -23.85476 ], [ -46.46257, -23.85479 ], [ -46.46266, -23.85466 ], [ -46.46247, -23.8545 ], [ -46.46179, -23.85468 ], [ -46.4617, -23.85443 ], [ -46.46152, -23.85442 ], [ -46.46155, -23.85425 ], [ -46.46122, -23.85375 ], [ -46.46131, -23.85374 ], [ -46.46192, -23.85412 ], [ -46.46261, -23.85413 ], [ -46.46309, -23.85461 ], [ -46.4633, -23.85396 ], [ -46.46377, -23.8546 ], [ -46.46358, -23.85486 ], [ -46.46362, -23.85518 ], [ -46.46403, -23.85498 ], [ -46.46404, -23.8552 ], [ -46.46436, -23.85539 ], [ -46.46458, -23.85508 ], [ -46.46508, -23.85548 ], [ -46.46521, -23.85498 ], [ -46.46539, -23.85492 ], [ -46.46572, -23.85528 ], [ -46.46635, -23.85562 ], [ -46.46629, -23.85664 ], [ -46.46672, -23.8562 ], [ -46.46702, -23.85631 ], [ -46.46703, -23.85608 ], [ -46.46735, -23.85596 ], [ -46.46743, -23.85563 ], [ -46.46727, -23.85541 ], [ -46.46811, -23.85604 ], [ -46.46786, -23.85637 ], [ -46.4682, -23.85687 ], [ -46.46839, -23.85678 ], [ -46.46844, -23.85599 ], [ -46.46872, -23.85599 ], [ -46.46905, -23.85628 ], [ -46.46913, -23.85667 ], [ -46.46929, -23.85672 ], [ -46.46939, -23.85645 ], [ -46.46953, -23.8564 ], [ -46.46975, -23.85662 ], [ -46.47025, -23.85632 ], [ -46.47087, -23.85635 ], [ -46.47094, -23.85619 ], [ -46.47076, -23.85606 ], [ -46.46966, -23.85605 ], [ -46.46936, -23.85584 ], [ -46.46925, -23.85497 ], [ -46.4691, -23.85484 ], [ -46.46876, -23.85493 ], [ -46.46856, -23.85477 ], [ -46.46868, -23.85453 ], [ -46.46824, -23.85419 ], [ -46.46824, -23.85381 ], [ -46.46906, -23.85391 ], [ -46.46884, -23.85354 ], [ -46.46842, -23.85327 ], [ -46.46835, -23.85304 ], [ -46.46813, -23.8529 ], [ -46.4679, -23.853 ], [ -46.467, -23.85373 ], [ -46.46715, -23.85333 ], [ -46.46693, -23.85323 ], [ -46.46718, -23.853 ], [ -46.467, -23.85256 ], [ -46.46728, -23.85235 ], [ -46.46782, -23.85241 ], [ -46.46775, -23.85213 ], [ -46.46752, -23.85204 ], [ -46.46795, -23.85178 ], [ -46.46821, -23.85241 ], [ -46.46859, -23.85253 ], [ -46.46873, -23.85231 ], [ -46.46905, -23.85236 ], [ -46.46933, -23.85263 ], [ -46.46971, -23.85277 ], [ -46.46984, -23.85305 ], [ -46.47073, -23.85325 ], [ -46.47163, -23.85369 ], [ -46.47197, -23.85416 ], [ -46.47243, -23.85445 ], [ -46.47236, -23.85459 ], [ -46.47259, -23.85482 ], [ -46.47262, -23.85512 ], [ -46.47285, -23.85512 ], [ -46.47311, -23.85468 ], [ -46.473, -23.85449 ], [ -46.47311, -23.85431 ], [ -46.47382, -23.85434 ], [ -46.47375, -23.85396 ], [ -46.47297, -23.85385 ], [ -46.47286, -23.85349 ], [ -46.47309, -23.8531 ], [ -46.47301, -23.85274 ], [ -46.47255, -23.85337 ], [ -46.47225, -23.85314 ], [ -46.47223, -23.85298 ], [ -46.47249, -23.85288 ], [ -46.47233, -23.85272 ], [ -46.47102, -23.85245 ], [ -46.47039, -23.85244 ], [ -46.47023, -23.85217 ], [ -46.46957, -23.85197 ], [ -46.4696, -23.85171 ], [ -46.46945, -23.85147 ], [ -46.46965, -23.85126 ], [ -46.46954, -23.85105 ], [ -46.46849, -23.85084 ], [ -46.46886, -23.85061 ], [ -46.46844, -23.85048 ], [ -46.46868, -23.85025 ], [ -46.46892, -23.85037 ], [ -46.46903, -23.8506 ], [ -46.46927, -23.85058 ], [ -46.46913, -23.85013 ], [ -46.4694, -23.85033 ], [ -46.46959, -23.85019 ], [ -46.46952, -23.8504 ], [ -46.46963, -23.85067 ], [ -46.47024, -23.85077 ], [ -46.4704, -23.85057 ], [ -46.4707, -23.85065 ], [ -46.47101, -23.85053 ], [ -46.47193, -23.85096 ], [ -46.47208, -23.85083 ], [ -46.47199, -23.85045 ], [ -46.47169, -23.85033 ], [ -46.47182, -23.85017 ], [ -46.47167, -23.84998 ], [ -46.47119, -23.8496 ], [ -46.47068, -23.84963 ], [ -46.47088, -23.84927 ], [ -46.47047, -23.84908 ], [ -46.47111, -23.84905 ], [ -46.47118, -23.84873 ], [ -46.47147, -23.84895 ], [ -46.47165, -23.84891 ], [ -46.47176, -23.84918 ], [ -46.47201, -23.84923 ], [ -46.4723, -23.84903 ], [ -46.47304, -23.84939 ], [ -46.47315, -23.84883 ], [ -46.47364, -23.84915 ], [ -46.47354, -23.84884 ], [ -46.47295, -23.84838 ], [ -46.47216, -23.84841 ], [ -46.47141, -23.84814 ], [ -46.47216, -23.848 ], [ -46.47233, -23.84757 ], [ -46.47194, -23.84744 ], [ -46.47221, -23.84691 ], [ -46.47252, -23.84708 ], [ -46.47273, -23.84704 ], [ -46.47295, -23.84726 ], [ -46.47334, -23.8471 ], [ -46.47345, -23.8473 ], [ -46.47377, -23.84719 ], [ -46.47363, -23.84748 ], [ -46.47381, -23.84801 ], [ -46.47403, -23.84793 ], [ -46.47427, -23.84803 ], [ -46.47414, -23.84814 ], [ -46.4742, -23.84838 ], [ -46.4749, -23.84909 ], [ -46.47489, -23.8492 ], [ -46.4746, -23.8492 ], [ -46.4745, -23.84971 ], [ -46.47511, -23.85045 ], [ -46.47571, -23.85068 ], [ -46.47629, -23.85017 ], [ -46.47629, -23.85062 ], [ -46.47647, -23.85106 ], [ -46.47677, -23.85112 ], [ -46.47678, -23.85132 ], [ -46.47713, -23.85123 ], [ -46.47739, -23.85146 ], [ -46.47789, -23.85108 ], [ -46.47802, -23.85141 ], [ -46.47775, -23.85164 ], [ -46.47871, -23.85155 ], [ -46.47875, -23.85127 ], [ -46.47857, -23.85105 ], [ -46.47883, -23.85073 ], [ -46.47855, -23.8504 ], [ -46.47761, -23.85066 ], [ -46.47739, -23.85041 ], [ -46.47753, -23.8503 ], [ -46.47769, -23.85045 ], [ -46.47792, -23.85031 ], [ -46.47794, -23.84995 ], [ -46.47761, -23.84953 ], [ -46.47735, -23.84944 ], [ -46.47695, -23.84902 ], [ -46.47654, -23.84891 ], [ -46.47626, -23.84913 ], [ -46.47626, -23.84858 ], [ -46.47668, -23.84865 ], [ -46.47683, -23.84854 ], [ -46.47666, -23.84822 ], [ -46.47674, -23.84797 ], [ -46.4762, -23.84799 ], [ -46.47594, -23.84785 ], [ -46.4763, -23.84746 ], [ -46.47668, -23.84728 ], [ -46.4771, -23.84736 ], [ -46.47747, -23.84766 ], [ -46.47753, -23.84737 ], [ -46.47737, -23.84712 ], [ -46.4768, -23.84686 ], [ -46.47641, -23.84687 ], [ -46.47626, -23.84709 ], [ -46.47577, -23.84704 ], [ -46.4753, -23.84722 ], [ -46.47528, -23.84701 ], [ -46.47468, -23.84678 ], [ -46.4754, -23.84664 ], [ -46.47547, -23.84645 ], [ -46.47533, -23.84637 ], [ -46.47501, -23.84653 ], [ -46.47478, -23.84634 ], [ -46.4743, -23.8464 ], [ -46.47436, -23.84621 ], [ -46.47409, -23.84609 ], [ -46.47368, -23.84613 ], [ -46.47371, -23.84598 ], [ -46.47409, -23.84594 ], [ -46.47441, -23.84575 ], [ -46.4744, -23.84544 ], [ -46.47401, -23.84536 ], [ -46.4742, -23.84513 ], [ -46.47457, -23.84518 ], [ -46.47454, -23.84474 ], [ -46.47541, -23.84563 ], [ -46.47587, -23.84584 ], [ -46.47618, -23.8454 ], [ -46.47624, -23.84507 ], [ -46.47613, -23.84477 ], [ -46.47629, -23.84457 ], [ -46.47657, -23.84461 ], [ -46.47679, -23.8441 ], [ -46.47625, -23.84387 ], [ -46.47632, -23.84309 ], [ -46.47598, -23.84211 ], [ -46.47556, -23.84217 ], [ -46.47554, -23.84239 ], [ -46.47535, -23.84258 ], [ -46.47424, -23.84266 ], [ -46.47422, -23.84285 ], [ -46.47383, -23.84319 ], [ -46.47396, -23.84353 ], [ -46.47331, -23.84222 ], [ -46.47364, -23.84193 ], [ -46.47362, -23.84177 ], [ -46.47321, -23.84136 ], [ -46.47269, -23.84015 ], [ -46.47255, -23.84016 ], [ -46.47258, -23.84053 ], [ -46.47296, -23.84138 ], [ -46.47312, -23.84209 ], [ -46.47283, -23.84262 ], [ -46.47214, -23.84301 ], [ -46.47236, -23.8433 ], [ -46.4721, -23.84403 ], [ -46.47186, -23.84435 ], [ -46.47158, -23.84448 ], [ -46.47123, -23.84431 ], [ -46.47082, -23.84375 ], [ -46.47062, -23.84392 ], [ -46.47068, -23.84425 ], [ -46.47113, -23.8445 ], [ -46.4714, -23.84507 ], [ -46.47134, -23.84602 ], [ -46.47097, -23.8466 ], [ -46.46985, -23.84692 ], [ -46.46928, -23.84735 ], [ -46.46887, -23.84745 ], [ -46.46893, -23.84781 ], [ -46.46863, -23.84818 ], [ -46.46856, -23.84795 ], [ -46.46817, -23.84766 ], [ -46.46834, -23.84758 ], [ -46.46849, -23.84714 ], [ -46.46916, -23.84696 ], [ -46.4689, -23.84637 ], [ -46.46914, -23.84635 ], [ -46.46917, -23.84616 ], [ -46.4694, -23.84625 ], [ -46.46973, -23.84611 ], [ -46.46988, -23.84587 ], [ -46.46971, -23.84477 ], [ -46.46927, -23.84441 ], [ -46.46935, -23.84335 ], [ -46.46901, -23.84294 ], [ -46.46829, -23.84282 ], [ -46.46795, -23.84289 ], [ -46.46751, -23.84317 ], [ -46.46713, -23.84366 ], [ -46.46654, -23.84393 ], [ -46.46653, -23.84445 ], [ -46.46666, -23.84477 ], [ -46.4659, -23.84435 ], [ -46.46578, -23.8444 ], [ -46.46578, -23.84454 ], [ -46.46623, -23.84504 ], [ -46.46615, -23.84543 ], [ -46.46592, -23.84532 ], [ -46.46542, -23.84536 ], [ -46.46419, -23.84608 ], [ -46.46391, -23.84646 ], [ -46.46319, -23.84651 ], [ -46.463, -23.8468 ], [ -46.46319, -23.8471 ], [ -46.46273, -23.84729 ], [ -46.46273, -23.84808 ], [ -46.46249, -23.84798 ], [ -46.4625, -23.84824 ], [ -46.46268, -23.84847 ], [ -46.46213, -23.84864 ], [ -46.4619, -23.84858 ], [ -46.46189, -23.84833 ], [ -46.46149, -23.8478 ], [ -46.4616, -23.84715 ], [ -46.46134, -23.84674 ], [ -46.46178, -23.84684 ], [ -46.46215, -23.84673 ], [ -46.46242, -23.84651 ], [ -46.46233, -23.84607 ], [ -46.46332, -23.84579 ], [ -46.46343, -23.84556 ], [ -46.46336, -23.84532 ], [ -46.46425, -23.84435 ], [ -46.464, -23.84399 ], [ -46.4634, -23.84372 ], [ -46.46298, -23.84335 ], [ -46.4627, -23.84245 ], [ -46.46367, -23.84299 ], [ -46.46457, -23.84309 ], [ -46.46516, -23.84336 ], [ -46.46446, -23.84237 ], [ -46.46463, -23.84225 ], [ -46.46504, -23.84239 ], [ -46.46534, -23.84235 ], [ -46.46537, -23.84215 ], [ -46.46522, -23.84196 ], [ -46.46538, -23.84151 ], [ -46.46574, -23.84112 ], [ -46.46626, -23.84107 ], [ -46.46616, -23.84087 ], [ -46.46584, -23.84085 ], [ -46.4655, -23.84103 ], [ -46.46525, -23.84092 ], [ -46.46586, -23.84046 ], [ -46.46648, -23.84043 ], [ -46.4665, -23.84019 ], [ -46.46626, -23.84014 ], [ -46.46601, -23.84026 ], [ -46.46575, -23.83984 ], [ -46.46554, -23.83974 ], [ -46.46558, -23.83949 ], [ -46.46633, -23.83964 ], [ -46.46654, -23.83931 ], [ -46.4662, -23.83892 ], [ -46.46637, -23.83864 ], [ -46.4662, -23.83839 ], [ -46.4653, -23.83808 ], [ -46.46503, -23.83819 ], [ -46.46495, -23.83876 ], [ -46.46433, -23.8385 ], [ -46.46396, -23.83856 ], [ -46.46378, -23.83889 ], [ -46.46336, -23.83819 ], [ -46.46316, -23.83824 ], [ -46.46292, -23.83869 ], [ -46.46282, -23.83863 ], [ -46.46283, -23.83815 ], [ -46.46262, -23.83809 ], [ -46.46188, -23.83843 ], [ -46.46242, -23.83789 ], [ -46.46287, -23.83791 ], [ -46.46386, -23.83737 ], [ -46.46384, -23.83726 ], [ -46.46359, -23.8372 ], [ -46.46286, -23.83742 ], [ -46.46215, -23.83743 ], [ -46.46229, -23.83725 ], [ -46.46222, -23.83708 ], [ -46.46271, -23.83717 ], [ -46.46276, -23.83677 ], [ -46.46305, -23.83687 ], [ -46.46316, -23.83678 ], [ -46.46306, -23.83663 ], [ -46.46271, -23.83659 ], [ -46.46251, -23.83597 ], [ -46.46196, -23.83577 ], [ -46.46214, -23.83566 ], [ -46.46213, -23.83552 ], [ -46.46155, -23.83516 ], [ -46.46152, -23.83489 ], [ -46.46178, -23.83476 ], [ -46.46228, -23.83504 ], [ -46.46268, -23.83508 ], [ -46.46285, -23.83472 ], [ -46.46285, -23.83423 ], [ -46.46341, -23.83399 ], [ -46.46338, -23.83436 ], [ -46.46377, -23.83434 ], [ -46.4636, -23.8349 ], [ -46.46394, -23.8355 ], [ -46.46366, -23.83576 ], [ -46.4638, -23.83594 ], [ -46.46402, -23.83597 ], [ -46.46393, -23.83623 ], [ -46.46432, -23.83667 ], [ -46.46475, -23.83695 ], [ -46.46482, -23.83677 ], [ -46.46443, -23.8361 ], [ -46.46457, -23.83591 ], [ -46.46423, -23.83537 ], [ -46.46462, -23.83525 ], [ -46.46466, -23.83561 ], [ -46.46494, -23.83559 ], [ -46.46509, -23.83528 ], [ -46.46535, -23.83517 ], [ -46.46551, -23.83542 ], [ -46.46608, -23.83515 ], [ -46.46616, -23.83525 ], [ -46.46575, -23.8358 ], [ -46.46597, -23.83597 ], [ -46.46632, -23.83594 ], [ -46.46675, -23.83531 ], [ -46.4666, -23.83579 ], [ -46.46688, -23.83634 ], [ -46.46611, -23.83642 ], [ -46.46577, -23.83674 ], [ -46.46594, -23.83716 ], [ -46.46644, -23.83752 ], [ -46.46772, -23.83791 ], [ -46.46789, -23.8387 ], [ -46.46836, -23.83909 ], [ -46.46847, -23.83894 ], [ -46.46833, -23.83879 ], [ -46.4685, -23.83843 ], [ -46.46829, -23.83788 ], [ -46.46803, -23.83761 ], [ -46.46797, -23.8373 ], [ -46.46741, -23.83672 ], [ -46.46722, -23.83637 ], [ -46.46739, -23.83621 ], [ -46.46711, -23.83582 ], [ -46.46727, -23.83548 ], [ -46.46731, -23.83593 ], [ -46.46744, -23.83595 ], [ -46.46753, -23.83552 ], [ -46.4677, -23.83532 ], [ -46.46773, -23.83626 ], [ -46.46787, -23.83615 ], [ -46.468, -23.83629 ], [ -46.46802, -23.83595 ], [ -46.46829, -23.83609 ], [ -46.46839, -23.83638 ], [ -46.46855, -23.83643 ], [ -46.46867, -23.83632 ], [ -46.46883, -23.83653 ], [ -46.46948, -23.83649 ], [ -46.46951, -23.8366 ], [ -46.46902, -23.83703 ], [ -46.46902, -23.83726 ], [ -46.46919, -23.83729 ], [ -46.46979, -23.83789 ], [ -46.4705, -23.83813 ], [ -46.47077, -23.83794 ], [ -46.47069, -23.83757 ], [ -46.4709, -23.83721 ], [ -46.47116, -23.83716 ], [ -46.47115, -23.83699 ], [ -46.47066, -23.83672 ], [ -46.47052, -23.83652 ], [ -46.47056, -23.83626 ], [ -46.47006, -23.83609 ], [ -46.47042, -23.83576 ], [ -46.47047, -23.83558 ], [ -46.4703, -23.83544 ], [ -46.47071, -23.83539 ], [ -46.47067, -23.83569 ], [ -46.4708, -23.83592 ], [ -46.47176, -23.83684 ], [ -46.47196, -23.83724 ], [ -46.47216, -23.83803 ], [ -46.47155, -23.83794 ], [ -46.47152, -23.83829 ], [ -46.47197, -23.83892 ], [ -46.47244, -23.83906 ], [ -46.47254, -23.83975 ], [ -46.47267, -23.83973 ], [ -46.47276, -23.83867 ], [ -46.47249, -23.8382 ], [ -46.47248, -23.83745 ], [ -46.47302, -23.83713 ], [ -46.47304, -23.8369 ], [ -46.47366, -23.83676 ], [ -46.47376, -23.83735 ], [ -46.47422, -23.83727 ], [ -46.4744, -23.83761 ], [ -46.47475, -23.83788 ], [ -46.47509, -23.83794 ], [ -46.47522, -23.83827 ], [ -46.47485, -23.83859 ], [ -46.4748, -23.83939 ], [ -46.47492, -23.83952 ], [ -46.47508, -23.83943 ], [ -46.47554, -23.83998 ], [ -46.47597, -23.83984 ], [ -46.476, -23.83905 ], [ -46.47588, -23.83895 ], [ -46.47604, -23.83886 ], [ -46.47634, -23.83898 ], [ -46.47668, -23.83941 ], [ -46.47723, -23.83968 ], [ -46.47742, -23.83947 ], [ -46.47716, -23.83898 ], [ -46.47662, -23.83864 ], [ -46.47638, -23.83829 ], [ -46.47626, -23.83803 ], [ -46.47637, -23.83761 ], [ -46.47682, -23.83841 ], [ -46.47754, -23.83885 ], [ -46.47748, -23.8385 ], [ -46.4779, -23.83798 ], [ -46.47786, -23.83822 ], [ -46.47807, -23.83836 ], [ -46.47809, -23.83853 ], [ -46.47797, -23.83852 ], [ -46.47796, -23.8387 ], [ -46.47825, -23.83877 ], [ -46.47821, -23.83888 ], [ -46.47834, -23.83895 ], [ -46.47853, -23.83892 ], [ -46.47829, -23.83938 ], [ -46.47801, -23.83936 ], [ -46.47813, -23.83958 ], [ -46.47863, -23.83952 ], [ -46.4783, -23.84006 ], [ -46.47857, -23.84109 ], [ -46.47888, -23.84113 ], [ -46.47888, -23.84073 ], [ -46.47943, -23.84051 ], [ -46.47983, -23.84017 ], [ -46.48013, -23.83967 ], [ -46.48022, -23.83936 ], [ -46.47986, -23.83855 ], [ -46.48027, -23.8392 ], [ -46.48094, -23.83823 ], [ -46.48069, -23.83884 ], [ -46.48032, -23.83927 ], [ -46.47999, -23.8402 ], [ -46.47968, -23.84061 ], [ -46.47947, -23.84157 ], [ -46.47968, -23.84164 ], [ -46.48038, -23.84115 ], [ -46.48086, -23.8407 ], [ -46.48106, -23.84028 ], [ -46.48105, -23.84075 ], [ -46.4803, -23.84171 ], [ -46.48061, -23.84215 ], [ -46.48093, -23.8421 ], [ -46.48126, -23.8429 ], [ -46.48155, -23.84309 ], [ -46.48141, -23.84213 ], [ -46.48169, -23.8421 ], [ -46.48181, -23.84147 ], [ -46.48193, -23.84166 ], [ -46.48186, -23.84227 ], [ -46.48195, -23.84257 ], [ -46.48226, -23.84282 ], [ -46.48253, -23.84231 ], [ -46.4826, -23.84156 ], [ -46.48298, -23.84059 ], [ -46.48279, -23.84139 ], [ -46.48278, -23.84201 ], [ -46.48296, -23.84225 ], [ -46.48274, -23.8424 ], [ -46.4829, -23.84292 ], [ -46.48283, -23.84322 ], [ -46.4832, -23.8435 ], [ -46.48367, -23.84354 ], [ -46.48409, -23.84284 ], [ -46.48402, -23.84204 ], [ -46.48383, -23.84191 ], [ -46.48428, -23.84153 ], [ -46.48441, -23.84153 ], [ -46.48432, -23.84229 ], [ -46.48456, -23.84251 ], [ -46.48444, -23.84272 ], [ -46.48452, -23.84296 ], [ -46.48508, -23.84292 ], [ -46.48486, -23.84222 ], [ -46.48517, -23.84131 ], [ -46.48441, -23.84132 ], [ -46.48479, -23.84094 ], [ -46.48474, -23.84076 ], [ -46.48454, -23.84064 ], [ -46.48409, -23.84076 ], [ -46.48408, -23.84059 ], [ -46.48482, -23.84022 ], [ -46.48474, -23.83958 ], [ -46.48372, -23.83967 ], [ -46.48323, -23.8401 ], [ -46.48298, -23.84007 ], [ -46.48368, -23.83943 ], [ -46.48367, -23.83903 ], [ -46.4834, -23.83877 ], [ -46.48202, -23.83967 ], [ -46.48249, -23.83879 ], [ -46.48237, -23.83832 ], [ -46.48163, -23.83795 ], [ -46.48223, -23.83781 ], [ -46.48349, -23.83826 ], [ -46.48371, -23.83795 ], [ -46.48271, -23.83713 ], [ -46.48221, -23.837 ], [ -46.48194, -23.83713 ], [ -46.48116, -23.83667 ], [ -46.48071, -23.83655 ], [ -46.48131, -23.83641 ], [ -46.48184, -23.83563 ], [ -46.48187, -23.83527 ], [ -46.48207, -23.83525 ], [ -46.4821, -23.83569 ], [ -46.48244, -23.83594 ], [ -46.48233, -23.83622 ], [ -46.4826, -23.83633 ], [ -46.48296, -23.83609 ], [ -46.48281, -23.83636 ], [ -46.48369, -23.83695 ], [ -46.48383, -23.83724 ], [ -46.48431, -23.83738 ], [ -46.48443, -23.83789 ], [ -46.48505, -23.83843 ], [ -46.48535, -23.8384 ], [ -46.48613, -23.83868 ], [ -46.48619, -23.83845 ], [ -46.48552, -23.83798 ], [ -46.48526, -23.8374 ], [ -46.48564, -23.83739 ], [ -46.48577, -23.83711 ], [ -46.48572, -23.8366 ], [ -46.48647, -23.83621 ], [ -46.48655, -23.83594 ], [ -46.48639, -23.83567 ], [ -46.48561, -23.8351 ], [ -46.48569, -23.83489 ], [ -46.48547, -23.83481 ], [ -46.48526, -23.83491 ], [ -46.48411, -23.83395 ], [ -46.48459, -23.83394 ], [ -46.48591, -23.83272 ], [ -46.48598, -23.83156 ], [ -46.48552, -23.83107 ], [ -46.48575, -23.83057 ], [ -46.48571, -23.82991 ], [ -46.48657, -23.82923 ], [ -46.48698, -23.82937 ], [ -46.4871, -23.82919 ], [ -46.48564, -23.82868 ], [ -46.48637, -23.8281 ], [ -46.48697, -23.82867 ], [ -46.48785, -23.82843 ], [ -46.48789, -23.82805 ], [ -46.48767, -23.82791 ], [ -46.48763, -23.82752 ], [ -46.48719, -23.82732 ], [ -46.4869, -23.8275 ], [ -46.4856, -23.82655 ], [ -46.48531, -23.82681 ], [ -46.48484, -23.8268 ], [ -46.48425, -23.82749 ], [ -46.48278, -23.82809 ], [ -46.48252, -23.82797 ], [ -46.4831, -23.82754 ], [ -46.48338, -23.82716 ], [ -46.48336, -23.82688 ], [ -46.48297, -23.82664 ], [ -46.48208, -23.82645 ], [ -46.48101, -23.82571 ], [ -46.48008, -23.82589 ], [ -46.47957, -23.82571 ], [ -46.47847, -23.826 ], [ -46.47795, -23.8263 ], [ -46.47765, -23.82632 ], [ -46.47744, -23.82654 ], [ -46.47634, -23.82685 ], [ -46.47615, -23.8267 ], [ -46.4758, -23.82672 ], [ -46.47601, -23.82609 ], [ -46.47658, -23.82576 ], [ -46.47685, -23.82571 ], [ -46.47712, -23.82584 ], [ -46.47745, -23.8256 ], [ -46.47786, -23.82491 ], [ -46.47867, -23.82465 ], [ -46.47882, -23.82442 ], [ -46.47924, -23.82456 ], [ -46.48003, -23.82439 ], [ -46.4806, -23.82463 ], [ -46.48136, -23.82475 ], [ -46.4821, -23.82432 ], [ -46.48237, -23.82444 ], [ -46.48226, -23.82527 ], [ -46.48322, -23.82533 ], [ -46.48429, -23.82514 ], [ -46.48468, -23.82544 ], [ -46.48523, -23.82487 ], [ -46.48519, -23.82413 ], [ -46.48543, -23.82287 ], [ -46.48497, -23.82214 ], [ -46.48544, -23.8222 ], [ -46.48607, -23.82301 ], [ -46.48593, -23.82331 ], [ -46.48599, -23.8238 ], [ -46.48632, -23.82431 ], [ -46.48632, -23.82473 ], [ -46.48651, -23.82479 ], [ -46.48667, -23.82469 ], [ -46.48674, -23.82445 ], [ -46.48704, -23.82425 ], [ -46.48762, -23.82422 ], [ -46.48774, -23.82409 ], [ -46.48763, -23.82364 ], [ -46.48801, -23.82349 ], [ -46.48805, -23.82457 ], [ -46.48773, -23.82505 ], [ -46.4873, -23.82522 ], [ -46.48722, -23.82551 ], [ -46.48768, -23.82562 ], [ -46.48827, -23.82621 ], [ -46.48946, -23.82607 ], [ -46.48956, -23.82681 ], [ -46.48977, -23.82713 ], [ -46.48933, -23.82785 ], [ -46.48944, -23.82798 ], [ -46.48984, -23.82796 ], [ -46.49007, -23.82766 ], [ -46.49079, -23.82722 ], [ -46.49093, -23.82654 ], [ -46.4911, -23.82653 ], [ -46.49129, -23.82696 ], [ -46.49148, -23.82708 ], [ -46.49204, -23.82677 ], [ -46.49212, -23.82661 ], [ -46.49259, -23.82658 ], [ -46.4929, -23.82677 ], [ -46.49315, -23.82643 ], [ -46.4932, -23.82618 ], [ -46.49308, -23.82597 ], [ -46.4937, -23.82532 ], [ -46.49378, -23.82533 ], [ -46.49358, -23.82665 ], [ -46.49366, -23.82691 ], [ -46.49393, -23.82715 ], [ -46.49422, -23.82709 ], [ -46.49481, -23.82666 ], [ -46.49514, -23.82587 ], [ -46.49557, -23.82562 ], [ -46.49541, -23.82581 ], [ -46.49511, -23.82685 ], [ -46.49527, -23.82749 ], [ -46.49515, -23.82791 ], [ -46.49522, -23.82809 ], [ -46.49564, -23.82832 ], [ -46.49583, -23.82826 ], [ -46.49584, -23.8279 ], [ -46.49689, -23.82598 ], [ -46.49722, -23.82574 ], [ -46.49732, -23.82536 ], [ -46.49789, -23.82508 ], [ -46.49837, -23.82442 ], [ -46.49973, -23.82372 ], [ -46.50068, -23.82366 ], [ -46.5011, -23.82337 ], [ -46.50133, -23.8239 ], [ -46.50214, -23.8239 ], [ -46.50754, -23.82361 ], [ -46.50918, -23.82328 ], [ -46.50997, -23.82269 ], [ -46.51033, -23.82208 ], [ -46.51156, -23.81917 ], [ -46.51244, -23.81775 ], [ -46.51299, -23.81734 ], [ -46.51472, -23.8165 ], [ -46.51553, -23.8165 ], [ -46.5171, -23.81675 ], [ -46.51957, -23.81758 ], [ -46.52092, -23.81779 ], [ -46.52247, -23.8184 ], [ -46.52296, -23.81846 ], [ -46.52293, -23.81886 ], [ -46.52231, -23.81887 ], [ -46.52127, -23.8182 ], [ -46.51995, -23.81808 ], [ -46.51884, -23.81761 ], [ -46.51683, -23.81701 ], [ -46.51536, -23.81681 ], [ -46.51473, -23.81695 ], [ -46.513, -23.81792 ], [ -46.51246, -23.81847 ], [ -46.51172, -23.81981 ], [ -46.51059, -23.82246 ], [ -46.50978, -23.82335 ], [ -46.50802, -23.82406 ], [ -46.50567, -23.82406 ], [ -46.50049, -23.82453 ] ], [ [ -46.49429, -23.82796 ], [ -46.49452, -23.82796 ], [ -46.49465, -23.82775 ], [ -46.49459, -23.82759 ], [ -46.49426, -23.82769 ], [ -46.49429, -23.82796 ] ], [ [ -46.46748, -23.85723 ], [ -46.46765, -23.85714 ], [ -46.46748, -23.85685 ], [ -46.4674, -23.85711 ], [ -46.46748, -23.85723 ] ], [ [ -46.46775, -23.85799 ], [ -46.4679, -23.8581 ], [ -46.46806, -23.85794 ], [ -46.46791, -23.85787 ], [ -46.46775, -23.85799 ] ], [ [ -46.47099, -23.84311 ], [ -46.47086, -23.84322 ], [ -46.47108, -23.84333 ], [ -46.47108, -23.84321 ], [ -46.47099, -23.84311 ] ], [ [ -46.47149, -23.8426 ], [ -46.47136, -23.84251 ], [ -46.4713, -23.8426 ], [ -46.47141, -23.84268 ], [ -46.47149, -23.8426 ] ], [ [ -46.48742, -23.84016 ], [ -46.48753, -23.83979 ], [ -46.48735, -23.83965 ], [ -46.48691, -23.83984 ], [ -46.48719, -23.84016 ], [ -46.48742, -23.84016 ] ], [ [ -46.48552, -23.84013 ], [ -46.48518, -23.84006 ], [ -46.48501, -23.84027 ], [ -46.48547, -23.8406 ], [ -46.48552, -23.84013 ] ], [ [ -46.48656, -23.84735 ], [ -46.4868, -23.84743 ], [ -46.4869, -23.84719 ], [ -46.48722, -23.84704 ], [ -46.4869, -23.84657 ], [ -46.48711, -23.84591 ], [ -46.48697, -23.84587 ], [ -46.48673, -23.84623 ], [ -46.48642, -23.84611 ], [ -46.48637, -23.84566 ], [ -46.4861, -23.84532 ], [ -46.48562, -23.84516 ], [ -46.48532, -23.84531 ], [ -46.48477, -23.84533 ], [ -46.4845, -23.84571 ], [ -46.48447, -23.84606 ], [ -46.4851, -23.8465 ], [ -46.48591, -23.84672 ], [ -46.48612, -23.84701 ], [ -46.48637, -23.84702 ], [ -46.48656, -23.84735 ] ], [ [ -46.47908, -23.84693 ], [ -46.47968, -23.84726 ], [ -46.48036, -23.84675 ], [ -46.48061, -23.84673 ], [ -46.48074, -23.84599 ], [ -46.48064, -23.84576 ], [ -46.48001, -23.84565 ], [ -46.47976, -23.84543 ], [ -46.47979, -23.84522 ], [ -46.47961, -23.84522 ], [ -46.47941, -23.84558 ], [ -46.47909, -23.84582 ], [ -46.47901, -23.84657 ], [ -46.47883, -23.84671 ], [ -46.47901, -23.84676 ], [ -46.47908, -23.84693 ] ], [ [ -46.47408, -23.8388 ], [ -46.47455, -23.83861 ], [ -46.47466, -23.83834 ], [ -46.47443, -23.83813 ], [ -46.47405, -23.83814 ], [ -46.47386, -23.83827 ], [ -46.47379, -23.83855 ], [ -46.47408, -23.8388 ] ], [ [ -46.47308, -23.83834 ], [ -46.47331, -23.83847 ], [ -46.47351, -23.83841 ], [ -46.47362, -23.83794 ], [ -46.47353, -23.83777 ], [ -46.47338, -23.83769 ], [ -46.47312, -23.83788 ], [ -46.47308, -23.83834 ] ], [ [ -46.46886, -23.84259 ], [ -46.46937, -23.84279 ], [ -46.46937, -23.84208 ], [ -46.4692, -23.84188 ], [ -46.46885, -23.84186 ], [ -46.46872, -23.84197 ], [ -46.46886, -23.84259 ] ], [ [ -46.46345, -23.8382 ], [ -46.46369, -23.83828 ], [ -46.46444, -23.83808 ], [ -46.46463, -23.83797 ], [ -46.46458, -23.83778 ], [ -46.46411, -23.83761 ], [ -46.46345, -23.8382 ] ], [ [ -46.48424, -23.85174 ], [ -46.48467, -23.85219 ], [ -46.48486, -23.85215 ], [ -46.48487, -23.85178 ], [ -46.48421, -23.85153 ], [ -46.48424, -23.85174 ] ], [ [ -46.48379, -23.84991 ], [ -46.48392, -23.85002 ], [ -46.48444, -23.85002 ], [ -46.48466, -23.84991 ], [ -46.48396, -23.84952 ], [ -46.48379, -23.84991 ] ], [ [ -46.48288, -23.85174 ], [ -46.48314, -23.85207 ], [ -46.4833, -23.8519 ], [ -46.48317, -23.85136 ], [ -46.48295, -23.85127 ], [ -46.48283, -23.85144 ], [ -46.48288, -23.85174 ] ], [ [ -46.48178, -23.8523 ], [ -46.48233, -23.85256 ], [ -46.48261, -23.85226 ], [ -46.4824, -23.85191 ], [ -46.48185, -23.85183 ], [ -46.48174, -23.85196 ], [ -46.48201, -23.85219 ], [ -46.48178, -23.8523 ] ], [ [ -46.47554, -23.8525 ], [ -46.4757, -23.85262 ], [ -46.47618, -23.85256 ], [ -46.47659, -23.85216 ], [ -46.4763, -23.85179 ], [ -46.47551, -23.85165 ], [ -46.47532, -23.8518 ], [ -46.47538, -23.85201 ], [ -46.47579, -23.85187 ], [ -46.476, -23.85189 ], [ -46.47614, -23.85206 ], [ -46.47554, -23.8525 ] ], [ [ -46.46938, -23.8577 ], [ -46.46954, -23.85784 ], [ -46.46982, -23.85751 ], [ -46.46999, -23.85704 ], [ -46.46985, -23.85678 ], [ -46.46959, -23.85679 ], [ -46.46956, -23.85745 ], [ -46.46938, -23.8577 ] ], [ [ -46.46903, -23.85896 ], [ -46.46921, -23.85867 ], [ -46.46865, -23.85865 ], [ -46.46857, -23.85874 ], [ -46.46903, -23.85896 ] ], [ [ -46.4669, -23.8578 ], [ -46.46714, -23.85775 ], [ -46.46694, -23.85729 ], [ -46.4666, -23.85727 ], [ -46.4669, -23.8578 ] ], [ [ -46.46551, -23.85651 ], [ -46.46543, -23.85673 ], [ -46.46562, -23.85692 ], [ -46.4661, -23.85669 ], [ -46.46595, -23.85649 ], [ -46.46604, -23.85626 ], [ -46.46574, -23.85591 ], [ -46.46553, -23.85588 ], [ -46.46537, -23.85606 ], [ -46.46551, -23.85651 ] ], [ [ -46.4707, -23.86574 ], [ -46.47085, -23.8657 ], [ -46.47108, -23.86475 ], [ -46.4709, -23.86424 ], [ -46.47098, -23.86395 ], [ -46.47078, -23.86374 ], [ -46.47081, -23.86333 ], [ -46.4704, -23.86304 ], [ -46.47002, -23.86325 ], [ -46.47, -23.86351 ], [ -46.47017, -23.86386 ], [ -46.46988, -23.8641 ], [ -46.46994, -23.86446 ], [ -46.47033, -23.86464 ], [ -46.47018, -23.86511 ], [ -46.4703, -23.86549 ], [ -46.4707, -23.86574 ] ], [ [ -46.471, -23.86694 ], [ -46.47128, -23.86688 ], [ -46.47124, -23.86647 ], [ -46.47089, -23.8663 ], [ -46.47049, -23.86639 ], [ -46.47045, -23.86658 ], [ -46.4706, -23.86678 ], [ -46.471, -23.86694 ] ], [ [ -46.47228, -23.86462 ], [ -46.47243, -23.86426 ], [ -46.47207, -23.86402 ], [ -46.47189, -23.86415 ], [ -46.47228, -23.86462 ] ], [ [ -46.48732, -23.84181 ], [ -46.48701, -23.84178 ], [ -46.48738, -23.84212 ], [ -46.48742, -23.84197 ], [ -46.48732, -23.84181 ] ], [ [ -46.48944, -23.84452 ], [ -46.48926, -23.84442 ], [ -46.48908, -23.84446 ], [ -46.48923, -23.84469 ], [ -46.48944, -23.84452 ] ], [ [ -46.48619, -23.84497 ], [ -46.48604, -23.84498 ], [ -46.48606, -23.84522 ], [ -46.48618, -23.84515 ], [ -46.48619, -23.84497 ] ], [ [ -46.47434, -23.85365 ], [ -46.47414, -23.85367 ], [ -46.47432, -23.8539 ], [ -46.47447, -23.85378 ], [ -46.47434, -23.85365 ] ], [ [ -46.47891, -23.85203 ], [ -46.47873, -23.85221 ], [ -46.47896, -23.85237 ], [ -46.47908, -23.8522 ], [ -46.47891, -23.85203 ] ], [ [ -46.47567, -23.8508 ], [ -46.47546, -23.85094 ], [ -46.47542, -23.85112 ], [ -46.47576, -23.85102 ], [ -46.47567, -23.8508 ] ], [ [ -46.48371, -23.84829 ], [ -46.48339, -23.84839 ], [ -46.48339, -23.84858 ], [ -46.48356, -23.84871 ], [ -46.48378, -23.84859 ], [ -46.48371, -23.84829 ] ], [ [ -46.48042, -23.85112 ], [ -46.48023, -23.85086 ], [ -46.48001, -23.85103 ], [ -46.48023, -23.85128 ], [ -46.48037, -23.85127 ], [ -46.48042, -23.85112 ] ], [ [ -46.48758, -23.84751 ], [ -46.48752, -23.84769 ], [ -46.48777, -23.84768 ], [ -46.48758, -23.84751 ] ], [ [ -46.47319, -23.85208 ], [ -46.47301, -23.85222 ], [ -46.47334, -23.85226 ], [ -46.47336, -23.8522 ], [ -46.47319, -23.85208 ] ], [ [ -46.47685, -23.84045 ], [ -46.47678, -23.84016 ], [ -46.47657, -23.84016 ], [ -46.47662, -23.8405 ], [ -46.47685, -23.84045 ] ], [ [ -46.47783, -23.8407 ], [ -46.47788, -23.84059 ], [ -46.4777, -23.84043 ], [ -46.47763, -23.84052 ], [ -46.47783, -23.8407 ] ], [ [ -46.47268, -23.86506 ], [ -46.47274, -23.8649 ], [ -46.47263, -23.86484 ], [ -46.47257, -23.86503 ], [ -46.47268, -23.86506 ] ], [ [ -46.47116, -23.86196 ], [ -46.47116, -23.86168 ], [ -46.47102, -23.86166 ], [ -46.47098, -23.86172 ], [ -46.47116, -23.86196 ] ], [ [ -46.47105, -23.86129 ], [ -46.4713, -23.86108 ], [ -46.47092, -23.86102 ], [ -46.47091, -23.86126 ], [ -46.47105, -23.86129 ] ], [ [ -46.46691, -23.83988 ], [ -46.46715, -23.83979 ], [ -46.46714, -23.83964 ], [ -46.46678, -23.83956 ], [ -46.4667, -23.83969 ], [ -46.46691, -23.83988 ] ], [ [ -46.46742, -23.83906 ], [ -46.4672, -23.83898 ], [ -46.46725, -23.83909 ], [ -46.46742, -23.83906 ] ] ] ] } },
{ "type": "Feature", "properties": { "km2": 0.026 }, "geometry": { "type": "Polygon", "coordinates": [ [ [ -46.47908, -23.84693 ], [ -46.47901, -23.84676 ], [ -46.47883, -23.84671 ], [ -46.47901, -23.84657 ], [ -46.47909, -23.84582 ], [ -46.47941, -23.84558 ], [ -46.47961, -23.84522 ], [ -46.47979, -23.84522 ], [ -46.47976, -23.84543 ], [ -46.48001, -23.84565 ], [ -46.48064, -23.84576 ], [ -46.48074, -23.84599 ], [ -46.48061, -23.84673 ], [ -46.48036, -23.84675 ], [ -46.47968, -23.84726 ], [ -46.47908, -23.84693 ] ] ] } },
{ "type": "Feature", "properties": { "km2": 0.036 }, "geometry": { "type": "Polygon", "coordinates": [ [ [ -46.48656, -23.84735 ], [ -46.48637, -23.84702 ], [ -46.48612, -23.84701 ], [ -46.48591, -23.84672 ], [ -46.4851, -23.8465 ], [ -46.48447, -23.84606 ], [ -46.4845, -23.84571 ], [ -46.48477, -23.84533 ], [ -46.48532, -23.84531 ], [ -46.48562, -23.84516 ], [ -46.4861, -23.84532 ], [ -46.48637, -23.84566 ], [ -46.48642, -23.84611 ], [ -46.48673, -23.84623 ], [ -46.48697, -23.84587 ], [ -46.48711, -23.84591 ], [ -46.4869, -23.84657 ], [ -46.48722, -23.84704 ], [ -46.4869, -23.84719 ], [ -46.4868, -23.84743 ], [ -46.48656, -23.84735 ] ] ] } },
{ "type": "Feature", "properties": { "km2": 97.943 }, "geometry": { "type": "MultiPolygon", "coordinates": [ [ [ [ -46.53193, -23.80067 ], [ -46.53272, -23.80214 ], [ -46.53306, -23.80217 ], [ -46.5339, -23.80171 ], [ -46.53434, -23.80104 ], [ -46.53466, -23.80114 ], [ -46.53479, -23.80138 ], [ -46.53439, -23.80243 ], [ -46.53393, -23.80294 ], [ -46.53371, -23.80344 ], [ -46.53376, -23.80372 ], [ -46.53421, -23.80443 ], [ -46.53343, -23.80499 ], [ -46.53329, -23.80548 ], [ -46.53349, -23.80581 ], [ -46.53494, -23.80599 ], [ -46.53551, -23.80578 ], [ -46.53569, -23.80545 ], [ -46.53583, -23.80449 ], [ -46.53656, -23.80199 ], [ -46.53697, -23.80146 ], [ -46.5374, -23.80114 ], [ -46.53761, -23.80254 ], [ -46.53712, -23.80379 ], [ -46.537, -23.80544 ], [ -46.53715, -23.8057 ], [ -46.5377, -23.80596 ], [ -46.53821, -23.80585 ], [ -46.5386, -23.80558 ], [ -46.53879, -23.80501 ], [ -46.53875, -23.80284 ], [ -46.53927, -23.80147 ], [ -46.53981, -23.80072 ], [ -46.54004, -23.80065 ], [ -46.54026, -23.80077 ], [ -46.5403, -23.80112 ], [ -46.53986, -23.80283 ], [ -46.53986, -23.80324 ], [ -46.54027, -23.80393 ], [ -46.5416, -23.80489 ], [ -46.5421, -23.80502 ], [ -46.5427, -23.80488 ], [ -46.54302, -23.80496 ], [ -46.54295, -23.80445 ], [ -46.54348, -23.80332 ], [ -46.54338, -23.80271 ], [ -46.54365, -23.80261 ], [ -46.54458, -23.80279 ], [ -46.5448, -23.80322 ], [ -46.54545, -23.80385 ], [ -46.54649, -23.80412 ], [ -46.54732, -23.80528 ], [ -46.54836, -23.80565 ], [ -46.54886, -23.80565 ], [ -46.54899, -23.80552 ], [ -46.54899, -23.80525 ], [ -46.54869, -23.80488 ], [ -46.54737, -23.80431 ], [ -46.54594, -23.80298 ], [ -46.54573, -23.80222 ], [ -46.54531, -23.80157 ], [ -46.54527, -23.80127 ], [ -46.54614, -23.79966 ], [ -46.54645, -23.79962 ], [ -46.54654, -23.79983 ], [ -46.54633, -23.80053 ], [ -46.54654, -23.80142 ], [ -46.54703, -23.8023 ], [ -46.54741, -23.80272 ], [ -46.54774, -23.80275 ], [ -46.54839, -23.80245 ], [ -46.54899, -23.80261 ], [ -46.54981, -23.80217 ], [ -46.55058, -23.80194 ], [ -46.55084, -23.8016 ], [ -46.551, -23.80113 ], [ -46.55097, -23.80067 ], [ -46.55076, -23.80033 ], [ -46.55009, -23.79998 ], [ -46.55017, -23.79975 ], [ -46.55079, -23.79957 ], [ -46.55139, -23.7991 ], [ -46.55174, -23.79903 ], [ -46.55162, -23.79972 ], [ -46.55193, -23.80036 ], [ -46.5521, -23.80142 ], [ -46.55234, -23.80165 ], [ -46.55263, -23.80167 ], [ -46.55292, -23.80153 ], [ -46.55321, -23.8011 ], [ -46.5542, -23.79893 ], [ -46.55454, -23.79846 ], [ -46.55424, -23.80061 ], [ -46.5535, -23.80292 ], [ -46.55365, -23.80339 ], [ -46.55377, -23.80329 ], [ -46.55393, -23.80254 ], [ -46.55499, -23.80171 ], [ -46.55617, -23.80199 ], [ -46.55674, -23.80192 ], [ -46.55712, -23.80173 ], [ -46.55735, -23.80142 ], [ -46.55736, -23.80104 ], [ -46.55827, -23.79959 ], [ -46.55825, -23.79935 ], [ -46.55804, -23.7991 ], [ -46.55763, -23.79901 ], [ -46.55683, -23.79927 ], [ -46.5566, -23.79913 ], [ -46.55668, -23.79885 ], [ -46.55827, -23.79702 ], [ -46.5598, -23.79574 ], [ -46.55967, -23.79553 ], [ -46.5594, -23.79546 ], [ -46.55825, -23.79552 ], [ -46.55777, -23.79585 ], [ -46.55734, -23.7964 ], [ -46.55685, -23.79658 ], [ -46.55671, -23.79644 ], [ -46.55673, -23.79554 ], [ -46.55645, -23.7952 ], [ -46.55551, -23.79484 ], [ -46.55469, -23.79487 ], [ -46.5546, -23.79469 ], [ -46.55482, -23.79446 ], [ -46.55551, -23.79412 ], [ -46.55619, -23.79421 ], [ -46.55654, -23.79391 ], [ -46.55705, -23.79445 ], [ -46.55753, -23.79456 ], [ -46.5581, -23.79435 ], [ -46.55834, -23.79371 ], [ -46.55854, -23.79351 ], [ -46.55901, -23.79409 ], [ -46.55931, -23.79412 ], [ -46.55954, -23.79356 ], [ -46.55989, -23.79375 ], [ -46.56018, -23.79369 ], [ -46.56029, -23.79279 ], [ -46.56046, -23.79252 ], [ -46.56084, -23.7928 ], [ -46.56104, -23.79314 ], [ -46.56159, -23.79306 ], [ -46.56194, -23.79272 ], [ -46.5612, -23.79165 ], [ -46.56117, -23.79133 ], [ -46.56138, -23.7911 ], [ -46.56216, -23.79114 ], [ -46.56238, -23.79181 ], [ -46.56274, -23.79194 ], [ -46.56422, -23.79113 ], [ -46.56482, -23.79127 ], [ -46.56525, -23.79123 ], [ -46.56524, -23.79043 ], [ -46.56535, -23.79022 ], [ -46.56556, -23.79025 ], [ -46.56575, -23.79053 ], [ -46.56625, -23.79085 ], [ -46.56696, -23.79065 ], [ -46.56755, -23.79029 ], [ -46.56801, -23.79021 ], [ -46.5687, -23.78982 ], [ -46.56853, -23.78926 ], [ -46.56804, -23.78888 ], [ -46.5687, -23.78862 ], [ -46.56892, -23.78835 ], [ -46.56876, -23.78787 ], [ -46.56889, -23.78741 ], [ -46.56865, -23.78708 ], [ -46.56838, -23.78696 ], [ -46.56888, -23.78623 ], [ -46.56891, -23.78578 ], [ -46.56846, -23.78533 ], [ -46.56773, -23.78517 ], [ -46.56697, -23.78544 ], [ -46.56662, -23.78607 ], [ -46.56551, -23.78743 ], [ -46.56521, -23.78758 ], [ -46.56516, -23.78728 ], [ -46.56551, -23.78615 ], [ -46.56531, -23.78519 ], [ -46.565, -23.78492 ], [ -46.56421, -23.78463 ], [ -46.56296, -23.78476 ], [ -46.56218, -23.78508 ], [ -46.5616, -23.78559 ], [ -46.56144, -23.7856 ], [ -46.56084, -23.78513 ], [ -46.55976, -23.78513 ], [ -46.55931, -23.78541 ], [ -46.55904, -23.78642 ], [ -46.55882, -23.78646 ], [ -46.55789, -23.78605 ], [ -46.55725, -23.78608 ], [ -46.55688, -23.78624 ], [ -46.55681, -23.78641 ], [ -46.55716, -23.78699 ], [ -46.5574, -23.78806 ], [ -46.55641, -23.78762 ], [ -46.55603, -23.78771 ], [ -46.55576, -23.7882 ], [ -46.55621, -23.7889 ], [ -46.55683, -23.78945 ], [ -46.55689, -23.78992 ], [ -46.55608, -23.78953 ], [ -46.55553, -23.78957 ], [ -46.55512, -23.79052 ], [ -46.55444, -23.79099 ], [ -46.55347, -23.79231 ], [ -46.55316, -23.79243 ], [ -46.55299, -23.7923 ], [ -46.553, -23.79145 ], [ -46.55317, -23.79079 ], [ -46.55361, -23.79017 ], [ -46.55397, -23.78936 ], [ -46.55417, -23.78836 ], [ -46.55414, -23.78806 ], [ -46.55392, -23.78773 ], [ -46.55307, -23.78751 ], [ -46.55355, -23.78626 ], [ -46.55341, -23.78585 ], [ -46.55311, -23.78567 ], [ -46.55252, -23.78564 ], [ -46.55216, -23.78573 ], [ -46.55167, -23.78608 ], [ -46.55106, -23.7875 ], [ -46.55072, -23.78868 ], [ -46.55017, -23.78923 ], [ -46.55011, -23.78872 ], [ -46.55043, -23.78735 ], [ -46.55013, -23.78677 ], [ -46.55042, -23.78626 ], [ -46.55043, -23.78597 ], [ -46.55016, -23.78548 ], [ -46.54903, -23.78518 ], [ -46.54844, -23.78534 ], [ -46.54811, -23.78587 ], [ -46.54833, -23.7872 ], [ -46.54818, -23.78733 ], [ -46.54712, -23.78719 ], [ -46.5461, -23.788 ], [ -46.54589, -23.78781 ], [ -46.5459, -23.78748 ], [ -46.54687, -23.78581 ], [ -46.54685, -23.78565 ], [ -46.54643, -23.78532 ], [ -46.54553, -23.78582 ], [ -46.54529, -23.78621 ], [ -46.54493, -23.78809 ], [ -46.54407, -23.78956 ], [ -46.54394, -23.79009 ], [ -46.54404, -23.79055 ], [ -46.54441, -23.79109 ], [ -46.54444, -23.79144 ], [ -46.54348, -23.79146 ], [ -46.54327, -23.79165 ], [ -46.54278, -23.79305 ], [ -46.54275, -23.794 ], [ -46.54229, -23.79427 ], [ -46.54215, -23.79472 ], [ -46.54192, -23.7949 ], [ -46.54186, -23.79472 ], [ -46.54213, -23.79411 ], [ -46.5423, -23.79177 ], [ -46.54214, -23.7909 ], [ -46.54187, -23.79036 ], [ -46.5416, -23.79019 ], [ -46.54078, -23.79014 ], [ -46.54004, -23.79022 ], [ -46.5387, -23.79063 ], [ -46.53843, -23.79055 ], [ -46.53816, -23.79015 ], [ -46.53842, -23.78957 ], [ -46.5387, -23.78937 ], [ -46.54003, -23.78922 ], [ -46.5417, -23.78867 ], [ -46.54214, -23.78824 ], [ -46.5421, -23.78669 ], [ -46.54308, -23.78612 ], [ -46.54343, -23.78573 ], [ -46.54343, -23.78548 ], [ -46.54326, -23.78448 ], [ -46.5431, -23.78418 ], [ -46.54277, -23.78392 ], [ -46.54176, -23.78365 ], [ -46.54165, -23.78345 ], [ -46.54211, -23.78266 ], [ -46.54164, -23.78211 ], [ -46.54104, -23.78107 ], [ -46.5405, -23.78091 ], [ -46.53813, -23.78222 ], [ -46.53756, -23.78287 ], [ -46.53719, -23.7831 ], [ -46.53482, -23.7839 ], [ -46.53446, -23.78461 ], [ -46.53405, -23.78497 ], [ -46.53379, -23.78503 ], [ -46.53317, -23.78487 ], [ -46.53234, -23.78497 ], [ -46.53236, -23.78459 ], [ -46.5327, -23.78415 ], [ -46.5335, -23.78375 ], [ -46.5341, -23.78305 ], [ -46.53469, -23.7826 ], [ -46.5364, -23.78163 ], [ -46.53719, -23.78104 ], [ -46.53722, -23.78072 ], [ -46.53703, -23.78021 ], [ -46.53568, -23.77834 ], [ -46.53519, -23.77838 ], [ -46.53464, -23.77896 ], [ -46.53415, -23.77973 ], [ -46.53391, -23.77973 ], [ -46.53335, -23.7785 ], [ -46.53365, -23.77775 ], [ -46.53348, -23.77681 ], [ -46.53333, -23.7766 ], [ -46.53267, -23.7765 ], [ -46.53227, -23.77625 ], [ -46.53137, -23.77598 ], [ -46.53078, -23.77611 ], [ -46.53003, -23.77661 ], [ -46.5297, -23.77641 ], [ -46.5301, -23.7753 ], [ -46.53048, -23.77472 ], [ -46.53329, -23.77147 ], [ -46.5365, -23.77085 ], [ -46.53722, -23.77113 ], [ -46.53777, -23.77081 ], [ -46.53934, -23.77144 ], [ -46.53985, -23.77248 ], [ -46.53998, -23.77317 ], [ -46.54013, -23.77335 ], [ -46.54077, -23.77348 ], [ -46.54118, -23.77379 ], [ -46.54132, -23.77453 ], [ -46.54121, -23.77557 ], [ -46.54141, -23.77575 ], [ -46.54191, -23.77589 ], [ -46.54263, -23.77591 ], [ -46.54315, -23.77542 ], [ -46.54406, -23.77502 ], [ -46.54421, -23.77486 ], [ -46.5444, -23.77415 ], [ -46.54572, -23.77324 ], [ -46.5459, -23.77255 ], [ -46.54609, -23.77242 ], [ -46.54692, -23.77334 ], [ -46.54731, -23.77505 ], [ -46.54796, -23.77646 ], [ -46.5488, -23.77763 ], [ -46.54907, -23.77927 ], [ -46.55094, -23.78014 ], [ -46.55443, -23.77988 ], [ -46.5549, -23.78 ], [ -46.55525, -23.78052 ], [ -46.55536, -23.77955 ], [ -46.5555, -23.77928 ], [ -46.55658, -23.77845 ], [ -46.55698, -23.7778 ], [ -46.55687, -23.77723 ], [ -46.55656, -23.77698 ], [ -46.55628, -23.77701 ], [ -46.5557, -23.77749 ], [ -46.55506, -23.77736 ], [ -46.55514, -23.77689 ], [ -46.55584, -23.77625 ], [ -46.55573, -23.77558 ], [ -46.55511, -23.77516 ], [ -46.55436, -23.77505 ], [ -46.55342, -23.77563 ], [ -46.5532, -23.77565 ], [ -46.5531, -23.77538 ], [ -46.55344, -23.77445 ], [ -46.55333, -23.77428 ], [ -46.553, -23.77416 ], [ -46.55253, -23.7742 ], [ -46.55195, -23.77464 ], [ -46.55153, -23.77459 ], [ -46.5515, -23.77418 ], [ -46.55224, -23.77327 ], [ -46.55207, -23.77276 ], [ -46.55131, -23.77201 ], [ -46.55044, -23.77185 ], [ -46.54997, -23.77121 ], [ -46.5486, -23.7707 ], [ -46.54781, -23.76985 ], [ -46.54698, -23.76927 ], [ -46.54673, -23.76887 ], [ -46.54669, -23.76833 ], [ -46.54688, -23.76796 ], [ -46.54742, -23.76779 ], [ -46.54972, -23.76955 ], [ -46.55053, -23.76993 ], [ -46.55117, -23.76987 ], [ -46.55141, -23.76973 ], [ -46.552, -23.76836 ], [ -46.55216, -23.76737 ], [ -46.55212, -23.7667 ], [ -46.55253, -23.76626 ], [ -46.55286, -23.76506 ], [ -46.5529, -23.76436 ], [ -46.55313, -23.76426 ], [ -46.55325, -23.76447 ], [ -46.55318, -23.76498 ], [ -46.5534, -23.76639 ], [ -46.55372, -23.76696 ], [ -46.55423, -23.76715 ], [ -46.55415, -23.76735 ], [ -46.55342, -23.76793 ], [ -46.55311, -23.76862 ], [ -46.55322, -23.76939 ], [ -46.55366, -23.76984 ], [ -46.55319, -23.7703 ], [ -46.55307, -23.77081 ], [ -46.55368, -23.772 ], [ -46.55396, -23.77229 ], [ -46.5555, -23.77355 ], [ -46.55705, -23.77446 ], [ -46.5574, -23.7745 ], [ -46.55791, -23.77443 ], [ -46.55852, -23.77391 ], [ -46.55867, -23.77294 ], [ -46.55909, -23.77211 ], [ -46.55947, -23.77185 ], [ -46.55957, -23.77203 ], [ -46.55936, -23.77421 ], [ -46.55947, -23.77463 ], [ -46.55987, -23.77521 ], [ -46.56053, -23.77531 ], [ -46.56203, -23.7752 ], [ -46.56314, -23.77501 ], [ -46.56352, -23.77479 ], [ -46.56364, -23.77459 ], [ -46.56357, -23.77424 ], [ -46.56285, -23.77414 ], [ -46.56284, -23.77403 ], [ -46.56379, -23.77337 ], [ -46.5639, -23.77311 ], [ -46.5638, -23.77282 ], [ -46.56256, -23.77273 ], [ -46.56261, -23.77258 ], [ -46.56322, -23.77217 ], [ -46.56346, -23.77178 ], [ -46.56279, -23.7702 ], [ -46.562, -23.76926 ], [ -46.56223, -23.7681 ], [ -46.56172, -23.76689 ], [ -46.56202, -23.76647 ], [ -46.56186, -23.76587 ], [ -46.56145, -23.765 ], [ -46.56094, -23.76445 ], [ -46.56027, -23.76404 ], [ -46.55941, -23.76376 ], [ -46.55932, -23.76316 ], [ -46.55949, -23.76292 ], [ -46.56036, -23.76328 ], [ -46.56088, -23.76318 ], [ -46.56106, -23.7629 ], [ -46.5612, -23.7613 ], [ -46.56137, -23.7609 ], [ -46.562, -23.7599 ], [ -46.56239, -23.75898 ], [ -46.5628, -23.75876 ], [ -46.56302, -23.75901 ], [ -46.56224, -23.76062 ], [ -46.56267, -23.76185 ], [ -46.56256, -23.76353 ], [ -46.56302, -23.765 ], [ -46.56314, -23.76513 ], [ -46.5639, -23.76512 ], [ -46.56366, -23.76567 ], [ -46.56372, -23.76597 ], [ -46.56405, -23.76625 ], [ -46.56447, -23.76628 ], [ -46.56741, -23.76519 ], [ -46.56815, -23.76468 ], [ -46.56826, -23.76479 ], [ -46.5682, -23.76539 ], [ -46.5684, -23.76564 ], [ -46.56977, -23.76624 ], [ -46.56923, -23.76649 ], [ -46.56858, -23.76628 ], [ -46.56804, -23.76634 ], [ -46.56557, -23.76703 ], [ -46.56465, -23.76761 ], [ -46.56439, -23.76802 ], [ -46.56465, -23.77 ], [ -46.56499, -23.7706 ], [ -46.56523, -23.77057 ], [ -46.56626, -23.76987 ], [ -46.56651, -23.76978 ], [ -46.56662, -23.76987 ], [ -46.56602, -23.77105 ], [ -46.56605, -23.77132 ], [ -46.56642, -23.7716 ], [ -46.56579, -23.77188 ], [ -46.56564, -23.77226 ], [ -46.5662, -23.77296 ], [ -46.56698, -23.77343 ], [ -46.56751, -23.77334 ], [ -46.56923, -23.77172 ], [ -46.56948, -23.77117 ], [ -46.56969, -23.77111 ], [ -46.57012, -23.7713 ], [ -46.57076, -23.77117 ], [ -46.571, -23.77055 ], [ -46.57156, -23.77096 ], [ -46.57199, -23.77093 ], [ -46.57269, -23.77059 ], [ -46.57289, -23.77014 ], [ -46.57325, -23.77032 ], [ -46.57442, -23.76996 ], [ -46.5747, -23.76999 ], [ -46.5742, -23.77082 ], [ -46.57407, -23.77128 ], [ -46.57341, -23.77136 ], [ -46.57264, -23.77165 ], [ -46.5722, -23.772 ], [ -46.57194, -23.77272 ], [ -46.57117, -23.7725 ], [ -46.57072, -23.77263 ], [ -46.57047, -23.77304 ], [ -46.57055, -23.77358 ], [ -46.56999, -23.77342 ], [ -46.56953, -23.77355 ], [ -46.56937, -23.77385 ], [ -46.56947, -23.77447 ], [ -46.56897, -23.77432 ], [ -46.56856, -23.77506 ], [ -46.56858, -23.77555 ], [ -46.56903, -23.77611 ], [ -46.56929, -23.77616 ], [ -46.57036, -23.77587 ], [ -46.57116, -23.77727 ], [ -46.57129, -23.77729 ], [ -46.57237, -23.77631 ], [ -46.57304, -23.77526 ], [ -46.57339, -23.77517 ], [ -46.57357, -23.77541 ], [ -46.57336, -23.77654 ], [ -46.5737, -23.77758 ], [ -46.57435, -23.77772 ], [ -46.57503, -23.77747 ], [ -46.57565, -23.77843 ], [ -46.5761, -23.7787 ], [ -46.57643, -23.77846 ], [ -46.57648, -23.77715 ], [ -46.57678, -23.7766 ], [ -46.57769, -23.77404 ], [ -46.57805, -23.77368 ], [ -46.57822, -23.77405 ], [ -46.57825, -23.77566 ], [ -46.57785, -23.77682 ], [ -46.57774, -23.77776 ], [ -46.57775, -23.77801 ], [ -46.57805, -23.77838 ], [ -46.57875, -23.77845 ], [ -46.57992, -23.77787 ], [ -46.57999, -23.77808 ], [ -46.57966, -23.77958 ], [ -46.57973, -23.77973 ], [ -46.58009, -23.77982 ], [ -46.58042, -23.77927 ], [ -46.58108, -23.77861 ], [ -46.58108, -23.77746 ], [ -46.58143, -23.77728 ], [ -46.5823, -23.77714 ], [ -46.58232, -23.77816 ], [ -46.5827, -23.77816 ], [ -46.583, -23.7776 ], [ -46.5832, -23.77766 ], [ -46.58414, -23.77897 ], [ -46.5842, -23.77965 ], [ -46.58503, -23.78018 ], [ -46.58556, -23.78089 ], [ -46.58588, -23.78077 ], [ -46.58593, -23.78063 ], [ -46.58566, -23.7801 ], [ -46.58623, -23.7801 ], [ -46.58647, -23.77983 ], [ -46.5862, -23.77923 ], [ -46.5865, -23.77888 ], [ -46.58595, -23.77733 ], [ -46.5864, -23.77701 ], [ -46.58641, -23.77685 ], [ -46.58557, -23.7748 ], [ -46.58538, -23.77457 ], [ -46.58437, -23.77431 ], [ -46.58427, -23.77416 ], [ -46.58437, -23.77398 ], [ -46.58538, -23.77362 ], [ -46.58567, -23.77332 ], [ -46.5859, -23.7733 ], [ -46.58657, -23.7746 ], [ -46.58723, -23.77459 ], [ -46.5869, -23.77528 ], [ -46.58749, -23.7763 ], [ -46.58825, -23.77645 ], [ -46.58789, -23.77698 ], [ -46.58792, -23.77759 ], [ -46.58857, -23.77763 ], [ -46.58867, -23.77776 ], [ -46.58815, -23.7782 ], [ -46.58801, -23.77858 ], [ -46.58844, -23.77964 ], [ -46.58836, -23.77988 ], [ -46.58846, -23.7802 ], [ -46.58904, -23.7807 ], [ -46.58933, -23.78082 ], [ -46.5897, -23.78078 ], [ -46.59112, -23.77989 ], [ -46.59207, -23.77841 ], [ -46.59224, -23.77752 ], [ -46.59243, -23.77734 ], [ -46.59307, -23.77731 ], [ -46.59347, -23.77777 ], [ -46.59316, -23.77846 ], [ -46.59322, -23.77916 ], [ -46.5931, -23.7796 ], [ -46.59296, -23.7799 ], [ -46.5921, -23.78075 ], [ -46.59224, -23.78138 ], [ -46.59218, -23.78161 ], [ -46.59183, -23.78173 ], [ -46.59126, -23.78164 ], [ -46.59058, -23.78209 ], [ -46.59025, -23.78262 ], [ -46.5902, -23.78345 ], [ -46.58971, -23.78356 ], [ -46.58955, -23.78379 ], [ -46.58961, -23.78394 ], [ -46.59084, -23.78409 ], [ -46.59106, -23.78441 ], [ -46.59163, -23.78452 ], [ -46.59239, -23.78532 ], [ -46.59329, -23.7866 ], [ -46.59361, -23.78678 ], [ -46.59525, -23.78697 ], [ -46.59805, -23.78764 ], [ -46.5991, -23.78834 ], [ -46.59933, -23.78831 ], [ -46.5999, -23.78792 ], [ -46.60014, -23.78798 ], [ -46.60036, -23.7883 ], [ -46.60101, -23.78829 ], [ -46.60171, -23.78919 ], [ -46.60102, -23.78972 ], [ -46.60101, -23.79017 ], [ -46.60146, -23.79022 ], [ -46.60203, -23.79049 ], [ -46.60229, -23.79042 ], [ -46.60231, -23.78988 ], [ -46.60286, -23.78888 ], [ -46.60271, -23.78842 ], [ -46.60289, -23.78823 ], [ -46.60309, -23.78825 ], [ -46.60375, -23.78879 ], [ -46.60476, -23.78913 ], [ -46.60519, -23.78856 ], [ -46.60557, -23.7884 ], [ -46.60591, -23.78847 ], [ -46.6069, -23.78955 ], [ -46.60722, -23.79047 ], [ -46.60719, -23.79109 ], [ -46.60733, -23.79116 ], [ -46.60904, -23.7895 ], [ -46.60878, -23.78891 ], [ -46.6089, -23.78855 ], [ -46.6092, -23.78839 ], [ -46.60996, -23.7884 ], [ -46.6104, -23.78807 ], [ -46.61062, -23.78759 ], [ -46.6106, -23.78705 ], [ -46.61096, -23.78667 ], [ -46.6109, -23.78563 ], [ -46.61004, -23.78425 ], [ -46.60959, -23.78389 ], [ -46.60877, -23.78361 ], [ -46.60838, -23.78385 ], [ -46.60828, -23.7842 ], [ -46.60837, -23.7854 ], [ -46.60804, -23.78549 ], [ -46.60718, -23.7854 ], [ -46.60706, -23.7851 ], [ -46.60738, -23.78412 ], [ -46.60713, -23.78303 ], [ -46.60688, -23.78262 ], [ -46.60659, -23.78234 ], [ -46.60524, -23.78161 ], [ -46.60394, -23.78139 ], [ -46.60334, -23.78056 ], [ -46.60217, -23.77965 ], [ -46.60221, -23.77933 ], [ -46.60302, -23.7786 ], [ -46.60332, -23.77873 ], [ -46.60361, -23.77937 ], [ -46.60386, -23.77962 ], [ -46.60508, -23.77975 ], [ -46.60543, -23.77959 ], [ -46.60528, -23.77842 ], [ -46.60492, -23.77727 ], [ -46.60497, -23.77625 ], [ -46.60581, -23.77752 ], [ -46.60591, -23.77823 ], [ -46.60628, -23.77901 ], [ -46.60657, -23.77926 ], [ -46.60701, -23.77927 ], [ -46.60764, -23.77861 ], [ -46.60826, -23.7777 ], [ -46.6087, -23.77758 ], [ -46.60864, -23.77796 ], [ -46.608, -23.77905 ], [ -46.60771, -23.77982 ], [ -46.60776, -23.78009 ], [ -46.60832, -23.78077 ], [ -46.60854, -23.78077 ], [ -46.60906, -23.77989 ], [ -46.60926, -23.77979 ], [ -46.6096, -23.78046 ], [ -46.60978, -23.78057 ], [ -46.60997, -23.78038 ], [ -46.61045, -23.77907 ], [ -46.61041, -23.77834 ], [ -46.61144, -23.77639 ], [ -46.61158, -23.7766 ], [ -46.6117, -23.77753 ], [ -46.61141, -23.77821 ], [ -46.6117, -23.77881 ], [ -46.61194, -23.77886 ], [ -46.61287, -23.77862 ], [ -46.61317, -23.77868 ], [ -46.61449, -23.77946 ], [ -46.61642, -23.77898 ], [ -46.61729, -23.77855 ], [ -46.62087, -23.78027 ], [ -46.62138, -23.77949 ], [ -46.61667, -23.77704 ], [ -46.61662, -23.77684 ], [ -46.61723, -23.77653 ], [ -46.61858, -23.77721 ], [ -46.61883, -23.77715 ], [ -46.61924, -23.77646 ], [ -46.61971, -23.77503 ], [ -46.6187, -23.77441 ], [ -46.61654, -23.77363 ], [ -46.61682, -23.77343 ], [ -46.61857, -23.77367 ], [ -46.61881, -23.77351 ], [ -46.61905, -23.77285 ], [ -46.61942, -23.77327 ], [ -46.61984, -23.77335 ], [ -46.62043, -23.77268 ], [ -46.62193, -23.77261 ], [ -46.62283, -23.77223 ], [ -46.62313, -23.7718 ], [ -46.62312, -23.76979 ], [ -46.62282, -23.76881 ], [ -46.62233, -23.76818 ], [ -46.62163, -23.76783 ], [ -46.62054, -23.7675 ], [ -46.61993, -23.76749 ], [ -46.6194, -23.76726 ], [ -46.61872, -23.76617 ], [ -46.61824, -23.76569 ], [ -46.61769, -23.76544 ], [ -46.61617, -23.76544 ], [ -46.61597, -23.7655 ], [ -46.61581, -23.76594 ], [ -46.6161, -23.76691 ], [ -46.61596, -23.76748 ], [ -46.61555, -23.7687 ], [ -46.61529, -23.76892 ], [ -46.61514, -23.76851 ], [ -46.61527, -23.76679 ], [ -46.61497, -23.76631 ], [ -46.61449, -23.76602 ], [ -46.61347, -23.76604 ], [ -46.61185, -23.76639 ], [ -46.61104, -23.76669 ], [ -46.61137, -23.76765 ], [ -46.61011, -23.76774 ], [ -46.60968, -23.76796 ], [ -46.60923, -23.76852 ], [ -46.60905, -23.76926 ], [ -46.60901, -23.77138 ], [ -46.6089, -23.77139 ], [ -46.6087, -23.7711 ], [ -46.60836, -23.76969 ], [ -46.60811, -23.76936 ], [ -46.60749, -23.76922 ], [ -46.60584, -23.76946 ], [ -46.60518, -23.76969 ], [ -46.60427, -23.76965 ], [ -46.60627, -23.76891 ], [ -46.60786, -23.76812 ], [ -46.60812, -23.7679 ], [ -46.60824, -23.7675 ], [ -46.60821, -23.7671 ], [ -46.60806, -23.76691 ], [ -46.60728, -23.76659 ], [ -46.60516, -23.76605 ], [ -46.60316, -23.76579 ], [ -46.6017, -23.76591 ], [ -46.60008, -23.76559 ], [ -46.59973, -23.76563 ], [ -46.59939, -23.76584 ], [ -46.59925, -23.76637 ], [ -46.59891, -23.76637 ], [ -46.59852, -23.7658 ], [ -46.59761, -23.76574 ], [ -46.59645, -23.76507 ], [ -46.5967, -23.76493 ], [ -46.59646, -23.76448 ], [ -46.59532, -23.7636 ], [ -46.59507, -23.76326 ], [ -46.59492, -23.76277 ], [ -46.59499, -23.76219 ], [ -46.59543, -23.76212 ], [ -46.59606, -23.76255 ], [ -46.59655, -23.76247 ], [ -46.59745, -23.76259 ], [ -46.5998, -23.76357 ], [ -46.60018, -23.76362 ], [ -46.60098, -23.76366 ], [ -46.60143, -23.76354 ], [ -46.60177, -23.76334 ], [ -46.60195, -23.76294 ], [ -46.60184, -23.76219 ], [ -46.60064, -23.75867 ], [ -46.60035, -23.75821 ], [ -46.59875, -23.75695 ], [ -46.59802, -23.75656 ], [ -46.59755, -23.75653 ], [ -46.59724, -23.75578 ], [ -46.59693, -23.75555 ], [ -46.59713, -23.75501 ], [ -46.59792, -23.7551 ], [ -46.5995, -23.75584 ], [ -46.60204, -23.75795 ], [ -46.60315, -23.76088 ], [ -46.60373, -23.76105 ], [ -46.60414, -23.76095 ], [ -46.60446, -23.76117 ], [ -46.60364, -23.76169 ], [ -46.60356, -23.76239 ], [ -46.60415, -23.76346 ], [ -46.60446, -23.76365 ], [ -46.60672, -23.7643 ], [ -46.60764, -23.76423 ], [ -46.6086, -23.764 ], [ -46.60879, -23.76385 ], [ -46.60893, -23.76332 ], [ -46.60874, -23.7631 ], [ -46.60793, -23.76268 ], [ -46.60789, -23.7623 ], [ -46.60882, -23.7626 ], [ -46.60929, -23.76196 ], [ -46.6095, -23.76212 ], [ -46.60968, -23.76284 ], [ -46.60987, -23.76311 ], [ -46.61042, -23.76347 ], [ -46.61148, -23.76283 ], [ -46.61173, -23.76166 ], [ -46.61234, -23.76154 ], [ -46.61291, -23.76166 ], [ -46.61409, -23.76166 ], [ -46.61456, -23.76157 ], [ -46.61524, -23.7612 ], [ -46.61523, -23.7608 ], [ -46.61477, -23.76039 ], [ -46.61346, -23.75983 ], [ -46.61207, -23.75963 ], [ -46.6113, -23.75924 ], [ -46.61153, -23.75899 ], [ -46.612, -23.75887 ], [ -46.61435, -23.759 ], [ -46.61471, -23.75887 ], [ -46.61493, -23.75854 ], [ -46.61459, -23.75687 ], [ -46.61438, -23.7565 ], [ -46.61257, -23.75488 ], [ -46.61186, -23.75476 ], [ -46.61034, -23.75501 ], [ -46.61028, -23.75479 ], [ -46.61085, -23.75429 ], [ -46.61114, -23.75379 ], [ -46.61115, -23.75355 ], [ -46.61055, -23.75214 ], [ -46.60876, -23.75116 ], [ -46.60837, -23.75077 ], [ -46.60704, -23.74842 ], [ -46.60625, -23.74752 ], [ -46.60579, -23.74717 ], [ -46.60532, -23.74702 ], [ -46.60483, -23.74648 ], [ -46.60395, -23.74613 ], [ -46.60388, -23.74537 ], [ -46.60319, -23.74486 ], [ -46.60311, -23.74457 ], [ -46.60321, -23.74436 ], [ -46.60362, -23.74417 ], [ -46.60448, -23.74412 ], [ -46.60607, -23.74531 ], [ -46.60668, -23.74564 ], [ -46.60763, -23.74589 ], [ -46.60819, -23.74566 ], [ -46.60874, -23.74519 ], [ -46.60845, -23.74499 ], [ -46.60856, -23.74453 ], [ -46.60944, -23.74425 ], [ -46.60986, -23.7443 ], [ -46.61007, -23.74453 ], [ -46.61071, -23.74422 ], [ -46.61093, -23.7444 ], [ -46.6104, -23.74594 ], [ -46.61046, -23.74695 ], [ -46.61066, -23.74754 ], [ -46.61132, -23.74826 ], [ -46.6118, -23.74848 ], [ -46.6125, -23.74859 ], [ -46.61247, -23.74895 ], [ -46.6123, -23.74911 ], [ -46.61238, -23.74924 ], [ -46.61326, -23.74877 ], [ -46.61283, -23.74976 ], [ -46.613, -23.75015 ], [ -46.61323, -23.75023 ], [ -46.61354, -23.75009 ], [ -46.61352, -23.75057 ], [ -46.61394, -23.75106 ], [ -46.6144, -23.7508 ], [ -46.61449, -23.75101 ], [ -46.61594, -23.75066 ], [ -46.61718, -23.75005 ], [ -46.61736, -23.75031 ], [ -46.61756, -23.75025 ], [ -46.61803, -23.75071 ], [ -46.61786, -23.75106 ], [ -46.6179, -23.75123 ], [ -46.61714, -23.75122 ], [ -46.61675, -23.75141 ], [ -46.61646, -23.75186 ], [ -46.61614, -23.75205 ], [ -46.616, -23.75227 ], [ -46.61619, -23.7525 ], [ -46.616, -23.7527 ], [ -46.6159, -23.75329 ], [ -46.61618, -23.75375 ], [ -46.61688, -23.75347 ], [ -46.61707, -23.7535 ], [ -46.61695, -23.75431 ], [ -46.61755, -23.75497 ], [ -46.61779, -23.75491 ], [ -46.61812, -23.75453 ], [ -46.61836, -23.75462 ], [ -46.61825, -23.75528 ], [ -46.61882, -23.75566 ], [ -46.61851, -23.75603 ], [ -46.61866, -23.75631 ], [ -46.61804, -23.75624 ], [ -46.6182, -23.75744 ], [ -46.61837, -23.75754 ], [ -46.61906, -23.75734 ], [ -46.61888, -23.75808 ], [ -46.61942, -23.7581 ], [ -46.61903, -23.75844 ], [ -46.61892, -23.75873 ], [ -46.61945, -23.75914 ], [ -46.61994, -23.75992 ], [ -46.62047, -23.76017 ], [ -46.62102, -23.75999 ], [ -46.62159, -23.75866 ], [ -46.62146, -23.75811 ], [ -46.6218, -23.75784 ], [ -46.62233, -23.75701 ], [ -46.62299, -23.75634 ], [ -46.62387, -23.75597 ], [ -46.62293, -23.75728 ], [ -46.62296, -23.75832 ], [ -46.6224, -23.7597 ], [ -46.6224, -23.76029 ], [ -46.62292, -23.76112 ], [ -46.62448, -23.76127 ], [ -46.62453, -23.76148 ], [ -46.62408, -23.76205 ], [ -46.62421, -23.76241 ], [ -46.62494, -23.76366 ], [ -46.62568, -23.76402 ], [ -46.62612, -23.76378 ], [ -46.6269, -23.76212 ], [ -46.62815, -23.76 ], [ -46.628, -23.75868 ], [ -46.62829, -23.75808 ], [ -46.62847, -23.75801 ], [ -46.6294, -23.75842 ], [ -46.62983, -23.75832 ], [ -46.63038, -23.75807 ], [ -46.63104, -23.75721 ], [ -46.63104, -23.75847 ], [ -46.63083, -23.75884 ], [ -46.63028, -23.75916 ], [ -46.63029, -23.75978 ], [ -46.63068, -23.75999 ], [ -46.63262, -23.76017 ], [ -46.63303, -23.75958 ], [ -46.63175, -23.75835 ], [ -46.63188, -23.75768 ], [ -46.63205, -23.75728 ], [ -46.63334, -23.75676 ], [ -46.63347, -23.75617 ], [ -46.63384, -23.75609 ], [ -46.6342, -23.75619 ], [ -46.63442, -23.75644 ], [ -46.6351, -23.75645 ], [ -46.6363, -23.75578 ], [ -46.63677, -23.75566 ], [ -46.63849, -23.75592 ], [ -46.64062, -23.7557 ], [ -46.64123, -23.75548 ], [ -46.6414, -23.7551 ], [ -46.64132, -23.75469 ], [ -46.64079, -23.75418 ], [ -46.63997, -23.75437 ], [ -46.63963, -23.75428 ], [ -46.63919, -23.75334 ], [ -46.63939, -23.75242 ], [ -46.63933, -23.75202 ], [ -46.63911, -23.75158 ], [ -46.63866, -23.75112 ], [ -46.63764, -23.75069 ], [ -46.63697, -23.75056 ], [ -46.63534, -23.75071 ], [ -46.63511, -23.75049 ], [ -46.63522, -23.75025 ], [ -46.63599, -23.74982 ], [ -46.63677, -23.7496 ], [ -46.63838, -23.74988 ], [ -46.63906, -23.74981 ], [ -46.64023, -23.74932 ], [ -46.64068, -23.74899 ], [ -46.64099, -23.74853 ], [ -46.64123, -23.74777 ], [ -46.64113, -23.74707 ], [ -46.64087, -23.74678 ], [ -46.6402, -23.74644 ], [ -46.63996, -23.74611 ], [ -46.64007, -23.74549 ], [ -46.64095, -23.74448 ], [ -46.64138, -23.74334 ], [ -46.64118, -23.74238 ], [ -46.64051, -23.74178 ], [ -46.64056, -23.74086 ], [ -46.63852, -23.7403 ], [ -46.6372, -23.74008 ], [ -46.6366, -23.74031 ], [ -46.63588, -23.74132 ], [ -46.63566, -23.74141 ], [ -46.63572, -23.74002 ], [ -46.63551, -23.73962 ], [ -46.63386, -23.73918 ], [ -46.63169, -23.7392 ], [ -46.6315, -23.73889 ], [ -46.63172, -23.73855 ], [ -46.63432, -23.73805 ], [ -46.63535, -23.73834 ], [ -46.63673, -23.73828 ], [ -46.63839, -23.73872 ], [ -46.63889, -23.73872 ], [ -46.63989, -23.73863 ], [ -46.64181, -23.73798 ], [ -46.64216, -23.73772 ], [ -46.64374, -23.73583 ], [ -46.6454, -23.73496 ], [ -46.64553, -23.73464 ], [ -46.64531, -23.73422 ], [ -46.6445, -23.73428 ], [ -46.6437, -23.73457 ], [ -46.64213, -23.73543 ], [ -46.64182, -23.73548 ], [ -46.64225, -23.73457 ], [ -46.64286, -23.73413 ], [ -46.64466, -23.73323 ], [ -46.64711, -23.73225 ], [ -46.64747, -23.7318 ], [ -46.64727, -23.73156 ], [ -46.64637, -23.73105 ], [ -46.64565, -23.73077 ], [ -46.64026, -23.72936 ], [ -46.63973, -23.72949 ], [ -46.63834, -23.73066 ], [ -46.6381, -23.73063 ], [ -46.63809, -23.7301 ], [ -46.63877, -23.72898 ], [ -46.63878, -23.72852 ], [ -46.63855, -23.72812 ], [ -46.63763, -23.72722 ], [ -46.63668, -23.72678 ], [ -46.63619, -23.72674 ], [ -46.63521, -23.72696 ], [ -46.6347, -23.72727 ], [ -46.63438, -23.72761 ], [ -46.63412, -23.72823 ], [ -46.63418, -23.72867 ], [ -46.6353, -23.72984 ], [ -46.63426, -23.72925 ], [ -46.63404, -23.72925 ], [ -46.63341, -23.73031 ], [ -46.63278, -23.73081 ], [ -46.63254, -23.73076 ], [ -46.63246, -23.73059 ], [ -46.63303, -23.7295 ], [ -46.63308, -23.72921 ], [ -46.63289, -23.7284 ], [ -46.63254, -23.72788 ], [ -46.63169, -23.72768 ], [ -46.6302, -23.72789 ], [ -46.62908, -23.72839 ], [ -46.62825, -23.72861 ], [ -46.62683, -23.73006 ], [ -46.62541, -23.7302 ], [ -46.62524, -23.72989 ], [ -46.62537, -23.72948 ], [ -46.6259, -23.72901 ], [ -46.62641, -23.72825 ], [ -46.6273, -23.72753 ], [ -46.62839, -23.72732 ], [ -46.6291, -23.72677 ], [ -46.63018, -23.72674 ], [ -46.6336, -23.72587 ], [ -46.63425, -23.72545 ], [ -46.6346, -23.72482 ], [ -46.63451, -23.7244 ], [ -46.63423, -23.72403 ], [ -46.63335, -23.72371 ], [ -46.63298, -23.72281 ], [ -46.6316, -23.7223 ], [ -46.63114, -23.72118 ], [ -46.63044, -23.72094 ], [ -46.62975, -23.72129 ], [ -46.62956, -23.72125 ], [ -46.62966, -23.71998 ], [ -46.62856, -23.71855 ], [ -46.62711, -23.71748 ], [ -46.62693, -23.7169 ], [ -46.62698, -23.71636 ], [ -46.62752, -23.71617 ], [ -46.6282, -23.71627 ], [ -46.63001, -23.71789 ], [ -46.63061, -23.71819 ], [ -46.63086, -23.71817 ], [ -46.63188, -23.71728 ], [ -46.63261, -23.71709 ], [ -46.63265, -23.71735 ], [ -46.6322, -23.71779 ], [ -46.63201, -23.71817 ], [ -46.63192, -23.71865 ], [ -46.63204, -23.71918 ], [ -46.63389, -23.72103 ], [ -46.63456, -23.72096 ], [ -46.63588, -23.72023 ], [ -46.63577, -23.7208 ], [ -46.63505, -23.72178 ], [ -46.63515, -23.72213 ], [ -46.63549, -23.72247 ], [ -46.63643, -23.72255 ], [ -46.63627, -23.72317 ], [ -46.6364, -23.72347 ], [ -46.63637, -23.72397 ], [ -46.63659, -23.72419 ], [ -46.63764, -23.72458 ], [ -46.63856, -23.72466 ], [ -46.63898, -23.72428 ], [ -46.63954, -23.723 ], [ -46.6398, -23.72277 ], [ -46.64004, -23.72413 ], [ -46.63971, -23.72456 ], [ -46.63974, -23.72528 ], [ -46.64143, -23.72598 ], [ -46.64191, -23.72573 ], [ -46.643, -23.72573 ], [ -46.64339, -23.72508 ], [ -46.64338, -23.72364 ], [ -46.64254, -23.72264 ], [ -46.64181, -23.72216 ], [ -46.64312, -23.72234 ], [ -46.64336, -23.72246 ], [ -46.64364, -23.723 ], [ -46.64425, -23.72334 ], [ -46.64445, -23.72485 ], [ -46.64437, -23.72601 ], [ -46.64449, -23.72646 ], [ -46.64559, -23.72685 ], [ -46.64584, -23.72675 ], [ -46.64594, -23.72647 ], [ -46.64612, -23.72645 ], [ -46.64674, -23.72685 ], [ -46.64696, -23.72735 ], [ -46.64741, -23.7276 ], [ -46.64794, -23.72757 ], [ -46.64829, -23.7274 ], [ -46.64842, -23.72703 ], [ -46.64823, -23.72637 ], [ -46.64656, -23.72528 ], [ -46.64617, -23.72477 ], [ -46.64596, -23.72403 ], [ -46.64607, -23.72392 ], [ -46.64631, -23.72398 ], [ -46.64665, -23.72449 ], [ -46.64722, -23.72488 ], [ -46.64886, -23.72526 ], [ -46.65125, -23.7249 ], [ -46.65144, -23.72426 ], [ -46.65131, -23.72357 ], [ -46.65087, -23.72336 ], [ -46.6499, -23.72322 ], [ -46.65118, -23.72275 ], [ -46.65167, -23.72137 ], [ -46.65179, -23.72071 ], [ -46.65172, -23.72045 ], [ -46.65106, -23.71976 ], [ -46.65047, -23.71963 ], [ -46.64919, -23.72049 ], [ -46.64939, -23.71935 ], [ -46.64921, -23.71881 ], [ -46.64903, -23.71876 ], [ -46.64834, -23.71923 ], [ -46.64787, -23.71937 ], [ -46.64781, -23.71928 ], [ -46.64812, -23.7186 ], [ -46.64793, -23.71822 ], [ -46.64659, -23.71841 ], [ -46.64669, -23.718 ], [ -46.64738, -23.7171 ], [ -46.64735, -23.71689 ], [ -46.64713, -23.7167 ], [ -46.64666, -23.7166 ], [ -46.64592, -23.71678 ], [ -46.64395, -23.7176 ], [ -46.64406, -23.71718 ], [ -46.64474, -23.71681 ], [ -46.64528, -23.71619 ], [ -46.64535, -23.71596 ], [ -46.64518, -23.71537 ], [ -46.64537, -23.71496 ], [ -46.64509, -23.71467 ], [ -46.64476, -23.71458 ], [ -46.64399, -23.71515 ], [ -46.64372, -23.71463 ], [ -46.64382, -23.71418 ], [ -46.64298, -23.71384 ], [ -46.64282, -23.71361 ], [ -46.64396, -23.71352 ], [ -46.64385, -23.71294 ], [ -46.6441, -23.71287 ], [ -46.64454, -23.71298 ], [ -46.64477, -23.71286 ], [ -46.64457, -23.71242 ], [ -46.64389, -23.71212 ], [ -46.64333, -23.71167 ], [ -46.6415, -23.71257 ], [ -46.64055, -23.71238 ], [ -46.64, -23.71182 ], [ -46.64002, -23.71153 ], [ -46.6402, -23.71131 ], [ -46.64112, -23.71119 ], [ -46.64226, -23.71038 ], [ -46.6427, -23.70982 ], [ -46.6428, -23.70898 ], [ -46.64273, -23.70758 ], [ -46.6431, -23.70742 ], [ -46.64334, -23.70747 ], [ -46.6441, -23.7085 ], [ -46.64424, -23.70909 ], [ -46.64518, -23.71 ], [ -46.64574, -23.71037 ], [ -46.64608, -23.7104 ], [ -46.64673, -23.70999 ], [ -46.64686, -23.70973 ], [ -46.64682, -23.70927 ], [ -46.64698, -23.70927 ], [ -46.64715, -23.70981 ], [ -46.64761, -23.70987 ], [ -46.64787, -23.70982 ], [ -46.64827, -23.7093 ], [ -46.6487, -23.70911 ], [ -46.64839, -23.70952 ], [ -46.64838, -23.70974 ], [ -46.64921, -23.71003 ], [ -46.64927, -23.71019 ], [ -46.64887, -23.71009 ], [ -46.64875, -23.71032 ], [ -46.64858, -23.71005 ], [ -46.64823, -23.71007 ], [ -46.64723, -23.71046 ], [ -46.64655, -23.71151 ], [ -46.64694, -23.71278 ], [ -46.64689, -23.71344 ], [ -46.64712, -23.71368 ], [ -46.64797, -23.71412 ], [ -46.64845, -23.7139 ], [ -46.65082, -23.71337 ], [ -46.64957, -23.71475 ], [ -46.64973, -23.71512 ], [ -46.64977, -23.71581 ], [ -46.64998, -23.71604 ], [ -46.6502, -23.71606 ], [ -46.65159, -23.71563 ], [ -46.65178, -23.71567 ], [ -46.65167, -23.71597 ], [ -46.65097, -23.7167 ], [ -46.651, -23.71717 ], [ -46.65148, -23.71737 ], [ -46.6524, -23.7175 ], [ -46.65294, -23.71783 ], [ -46.6536, -23.71703 ], [ -46.65509, -23.71723 ], [ -46.65549, -23.71719 ], [ -46.65575, -23.71701 ], [ -46.65582, -23.71675 ], [ -46.65565, -23.71632 ], [ -46.65528, -23.71586 ], [ -46.65475, -23.71559 ], [ -46.65475, -23.71542 ], [ -46.65532, -23.71544 ], [ -46.6563, -23.71624 ], [ -46.6572, -23.71632 ], [ -46.65842, -23.71617 ], [ -46.659, -23.71533 ], [ -46.65937, -23.71524 ], [ -46.6602, -23.71555 ], [ -46.66108, -23.71513 ], [ -46.66137, -23.71482 ], [ -46.66131, -23.71449 ], [ -46.66097, -23.71452 ], [ -46.66055, -23.71416 ], [ -46.65816, -23.7132 ], [ -46.65645, -23.71232 ], [ -46.65613, -23.71154 ], [ -46.65569, -23.71101 ], [ -46.65619, -23.7109 ], [ -46.65693, -23.7119 ], [ -46.65851, -23.71264 ], [ -46.65934, -23.71272 ], [ -46.65946, -23.71253 ], [ -46.65946, -23.71211 ], [ -46.65991, -23.71191 ], [ -46.66007, -23.71208 ], [ -46.66017, -23.71283 ], [ -46.66079, -23.71331 ], [ -46.66351, -23.71357 ], [ -46.66399, -23.71338 ], [ -46.66526, -23.71205 ], [ -46.6656, -23.71029 ], [ -46.66551, -23.70988 ], [ -46.66531, -23.70966 ], [ -46.66405, -23.70897 ], [ -46.66237, -23.70842 ], [ -46.66168, -23.70805 ], [ -46.66053, -23.70719 ], [ -46.65887, -23.70569 ], [ -46.6574, -23.70501 ], [ -46.65693, -23.70488 ], [ -46.65613, -23.70498 ], [ -46.6556, -23.7054 ], [ -46.65537, -23.70596 ], [ -46.6552, -23.70608 ], [ -46.65443, -23.70588 ], [ -46.65427, -23.70561 ], [ -46.65497, -23.70436 ], [ -46.65504, -23.70396 ], [ -46.65487, -23.70362 ], [ -46.65456, -23.70341 ], [ -46.65369, -23.70325 ], [ -46.65126, -23.70394 ], [ -46.65104, -23.70388 ], [ -46.65097, -23.70326 ], [ -46.65254, -23.7027 ], [ -46.65305, -23.70235 ], [ -46.6533, -23.70157 ], [ -46.65287, -23.70076 ], [ -46.65292, -23.70009 ], [ -46.65249, -23.69902 ], [ -46.65169, -23.6986 ], [ -46.65099, -23.69844 ], [ -46.65058, -23.69767 ], [ -46.64954, -23.69722 ], [ -46.65024, -23.69638 ], [ -46.65118, -23.69594 ], [ -46.65141, -23.69613 ], [ -46.65176, -23.69589 ], [ -46.65219, -23.69588 ], [ -46.65218, -23.69625 ], [ -46.65202, -23.69648 ], [ -46.65206, -23.69681 ], [ -46.6523, -23.6971 ], [ -46.65305, -23.69734 ], [ -46.65338, -23.69776 ], [ -46.65424, -23.69842 ], [ -46.65467, -23.69848 ], [ -46.65534, -23.69823 ], [ -46.65551, -23.69837 ], [ -46.65503, -23.6993 ], [ -46.65522, -23.70058 ], [ -46.65539, -23.70063 ], [ -46.65611, -23.70022 ], [ -46.6564, -23.70037 ], [ -46.65657, -23.70065 ], [ -46.65635, -23.70076 ], [ -46.65619, -23.70107 ], [ -46.65641, -23.70149 ], [ -46.6578, -23.70187 ], [ -46.65841, -23.70242 ], [ -46.65914, -23.7023 ], [ -46.65986, -23.70298 ], [ -46.66018, -23.70367 ], [ -46.66189, -23.70461 ], [ -46.66212, -23.70441 ], [ -46.66188, -23.70303 ], [ -46.66214, -23.70166 ], [ -46.66294, -23.70029 ], [ -46.66333, -23.69907 ], [ -46.66389, -23.69808 ], [ -46.66438, -23.69775 ], [ -46.66509, -23.69784 ], [ -46.66611, -23.69744 ], [ -46.66787, -23.69736 ], [ -46.6682, -23.6976 ], [ -46.66893, -23.69885 ], [ -46.66889, -23.70008 ], [ -46.66915, -23.70059 ], [ -46.66993, -23.70128 ], [ -46.67019, -23.70143 ], [ -46.67096, -23.70136 ], [ -46.67171, -23.70153 ], [ -46.67397, -23.7028 ], [ -46.6741, -23.70274 ], [ -46.67435, -23.70369 ], [ -46.67498, -23.70458 ], [ -46.67859, -23.70566 ], [ -46.67976, -23.70658 ], [ -46.67993, -23.70691 ], [ -46.67985, -23.70739 ], [ -46.67931, -23.70784 ], [ -46.67937, -23.70868 ], [ -46.67893, -23.70906 ], [ -46.67885, -23.70928 ], [ -46.67938, -23.70965 ], [ -46.67937, -23.70982 ], [ -46.67905, -23.71011 ], [ -46.67906, -23.71031 ], [ -46.67985, -23.71118 ], [ -46.67994, -23.71186 ], [ -46.67892, -23.71266 ], [ -46.67773, -23.7116 ], [ -46.67583, -23.71067 ], [ -46.6753, -23.71085 ], [ -46.67506, -23.71146 ], [ -46.67436, -23.71163 ], [ -46.67389, -23.71211 ], [ -46.67363, -23.7126 ], [ -46.67385, -23.71417 ], [ -46.67345, -23.71641 ], [ -46.67356, -23.71773 ], [ -46.67327, -23.7179 ], [ -46.67283, -23.71778 ], [ -46.67246, -23.71785 ], [ -46.67109, -23.71982 ], [ -46.67057, -23.7211 ], [ -46.67037, -23.72298 ], [ -46.67046, -23.72359 ], [ -46.67082, -23.72429 ], [ -46.67109, -23.7243 ], [ -46.67181, -23.72392 ], [ -46.67199, -23.72397 ], [ -46.67198, -23.72427 ], [ -46.6716, -23.72512 ], [ -46.67174, -23.72549 ], [ -46.67264, -23.72566 ], [ -46.67301, -23.7256 ], [ -46.67349, -23.72582 ], [ -46.6746, -23.72538 ], [ -46.67473, -23.72603 ], [ -46.67607, -23.72668 ], [ -46.67593, -23.7269 ], [ -46.67502, -23.7266 ], [ -46.67447, -23.72683 ], [ -46.67194, -23.72695 ], [ -46.67156, -23.72717 ], [ -46.67151, -23.72736 ], [ -46.67175, -23.72809 ], [ -46.67205, -23.72827 ], [ -46.67515, -23.72869 ], [ -46.67697, -23.72968 ], [ -46.67858, -23.7308 ], [ -46.67872, -23.73106 ], [ -46.67872, -23.7312 ], [ -46.67843, -23.73117 ], [ -46.678, -23.73087 ], [ -46.67734, -23.73078 ], [ -46.67458, -23.72974 ], [ -46.67297, -23.72975 ], [ -46.67274, -23.72995 ], [ -46.67267, -23.7302 ], [ -46.67376, -23.73206 ], [ -46.67443, -23.73237 ], [ -46.67453, -23.73255 ], [ -46.67445, -23.73385 ], [ -46.67514, -23.73492 ], [ -46.67496, -23.73556 ], [ -46.67527, -23.73606 ], [ -46.67556, -23.73634 ], [ -46.67652, -23.73666 ], [ -46.67779, -23.73647 ], [ -46.67856, -23.73696 ], [ -46.67786, -23.7374 ], [ -46.6766, -23.73767 ], [ -46.67653, -23.73818 ], [ -46.67612, -23.73814 ], [ -46.67589, -23.73826 ], [ -46.67569, -23.73906 ], [ -46.67671, -23.73969 ], [ -46.67756, -23.74117 ], [ -46.67776, -23.74175 ], [ -46.67777, -23.74243 ], [ -46.67832, -23.7433 ], [ -46.67894, -23.74408 ], [ -46.67994, -23.7446 ], [ -46.67998, -23.7453 ], [ -46.68025, -23.74632 ], [ -46.67952, -23.74663 ], [ -46.67875, -23.74668 ], [ -46.67861, -23.74648 ], [ -46.67784, -23.74615 ], [ -46.67776, -23.74555 ], [ -46.6775, -23.74509 ], [ -46.67663, -23.74483 ], [ -46.67587, -23.74504 ], [ -46.67551, -23.74529 ], [ -46.67532, -23.74595 ], [ -46.67432, -23.74751 ], [ -46.67399, -23.74763 ], [ -46.67348, -23.74748 ], [ -46.6735, -23.74672 ], [ -46.67524, -23.74445 ], [ -46.67576, -23.74332 ], [ -46.67594, -23.74213 ], [ -46.67573, -23.74155 ], [ -46.67537, -23.74083 ], [ -46.67499, -23.74048 ], [ -46.67477, -23.74037 ], [ -46.67357, -23.74032 ], [ -46.6734, -23.7402 ], [ -46.67359, -23.73924 ], [ -46.6732, -23.73805 ], [ -46.67289, -23.73765 ], [ -46.67197, -23.73731 ], [ -46.67199, -23.73703 ], [ -46.67253, -23.73629 ], [ -46.67256, -23.73603 ], [ -46.67239, -23.73571 ], [ -46.67192, -23.73561 ], [ -46.67106, -23.73583 ], [ -46.67078, -23.73574 ], [ -46.6708, -23.73554 ], [ -46.67168, -23.7347 ], [ -46.67171, -23.7343 ], [ -46.67112, -23.73285 ], [ -46.6707, -23.73254 ], [ -46.67004, -23.7325 ], [ -46.67031, -23.73135 ], [ -46.66998, -23.73064 ], [ -46.66964, -23.73049 ], [ -46.66737, -23.73159 ], [ -46.6669, -23.73152 ], [ -46.66699, -23.73124 ], [ -46.66812, -23.73033 ], [ -46.66849, -23.72977 ], [ -46.66855, -23.72945 ], [ -46.66839, -23.72838 ], [ -46.66802, -23.72766 ], [ -46.66752, -23.7271 ], [ -46.66691, -23.72677 ], [ -46.66653, -23.72678 ], [ -46.6652, -23.72742 ], [ -46.66495, -23.72729 ], [ -46.66488, -23.72706 ], [ -46.66499, -23.72679 ], [ -46.66579, -23.72593 ], [ -46.66575, -23.72554 ], [ -46.66522, -23.72508 ], [ -46.66351, -23.72441 ], [ -46.66267, -23.72448 ], [ -46.66223, -23.72465 ], [ -46.66198, -23.7249 ], [ -46.66183, -23.7266 ], [ -46.66165, -23.72709 ], [ -46.66059, -23.72834 ], [ -46.66004, -23.72929 ], [ -46.6601, -23.73038 ], [ -46.6603, -23.73078 ], [ -46.66144, -23.73154 ], [ -46.6615, -23.73188 ], [ -46.66099, -23.73223 ], [ -46.66019, -23.73202 ], [ -46.65941, -23.73215 ], [ -46.65916, -23.7323 ], [ -46.65893, -23.73288 ], [ -46.65901, -23.73391 ], [ -46.65956, -23.73579 ], [ -46.66085, -23.73676 ], [ -46.66164, -23.7368 ], [ -46.66167, -23.73733 ], [ -46.6621, -23.73763 ], [ -46.66216, -23.73795 ], [ -46.66166, -23.73861 ], [ -46.66134, -23.73843 ], [ -46.66097, -23.73791 ], [ -46.65999, -23.73732 ], [ -46.6587, -23.73701 ], [ -46.65832, -23.73707 ], [ -46.65761, -23.73834 ], [ -46.65726, -23.73859 ], [ -46.65714, -23.73929 ], [ -46.65697, -23.73939 ], [ -46.65625, -23.73933 ], [ -46.65571, -23.73967 ], [ -46.65535, -23.74014 ], [ -46.65526, -23.74041 ], [ -46.65552, -23.74146 ], [ -46.65622, -23.7422 ], [ -46.65627, -23.74251 ], [ -46.6556, -23.74244 ], [ -46.65511, -23.74197 ], [ -46.65488, -23.74192 ], [ -46.65467, -23.7421 ], [ -46.65469, -23.74275 ], [ -46.65425, -23.74295 ], [ -46.65396, -23.74331 ], [ -46.65449, -23.74408 ], [ -46.65548, -23.74452 ], [ -46.65533, -23.74512 ], [ -46.65491, -23.74473 ], [ -46.65458, -23.74481 ], [ -46.65433, -23.74505 ], [ -46.65406, -23.74565 ], [ -46.65404, -23.74624 ], [ -46.65414, -23.74637 ], [ -46.65376, -23.74677 ], [ -46.65454, -23.74909 ], [ -46.65534, -23.74912 ], [ -46.65506, -23.74859 ], [ -46.65515, -23.74847 ], [ -46.65599, -23.74867 ], [ -46.65605, -23.74802 ], [ -46.65658, -23.74824 ], [ -46.65687, -23.74817 ], [ -46.65699, -23.74794 ], [ -46.65647, -23.74739 ], [ -46.65645, -23.74723 ], [ -46.65714, -23.74734 ], [ -46.65756, -23.74727 ], [ -46.65872, -23.74665 ], [ -46.65927, -23.74602 ], [ -46.65957, -23.74598 ], [ -46.65991, -23.74656 ], [ -46.66022, -23.74662 ], [ -46.66028, -23.74674 ], [ -46.66005, -23.74694 ], [ -46.65962, -23.74687 ], [ -46.65861, -23.74753 ], [ -46.65773, -23.74833 ], [ -46.65737, -23.74882 ], [ -46.65743, -23.7492 ], [ -46.65696, -23.74917 ], [ -46.65621, -23.75003 ], [ -46.65687, -23.75044 ], [ -46.65887, -23.75086 ], [ -46.65962, -23.75077 ], [ -46.66052, -23.75101 ], [ -46.66178, -23.75075 ], [ -46.66214, -23.7512 ], [ -46.66223, -23.75176 ], [ -46.66273, -23.75231 ], [ -46.66232, -23.75255 ], [ -46.66176, -23.75255 ], [ -46.66098, -23.75202 ], [ -46.65913, -23.75183 ], [ -46.65879, -23.75204 ], [ -46.65923, -23.75316 ], [ -46.65922, -23.75337 ], [ -46.65906, -23.75352 ], [ -46.65888, -23.75347 ], [ -46.65852, -23.75291 ], [ -46.65805, -23.75252 ], [ -46.65729, -23.75205 ], [ -46.65664, -23.75189 ], [ -46.65526, -23.75186 ], [ -46.65379, -23.75208 ], [ -46.6536, -23.75223 ], [ -46.65352, -23.75245 ], [ -46.65374, -23.75325 ], [ -46.65323, -23.75393 ], [ -46.65324, -23.75465 ], [ -46.65351, -23.75485 ], [ -46.65462, -23.75512 ], [ -46.65459, -23.75535 ], [ -46.65411, -23.75578 ], [ -46.65396, -23.75615 ], [ -46.65399, -23.75646 ], [ -46.65417, -23.75671 ], [ -46.65624, -23.7578 ], [ -46.65737, -23.75808 ], [ -46.65787, -23.75795 ], [ -46.65809, -23.7574 ], [ -46.65857, -23.75767 ], [ -46.65943, -23.75723 ], [ -46.65972, -23.7569 ], [ -46.66016, -23.75705 ], [ -46.66133, -23.757 ], [ -46.66151, -23.75719 ], [ -46.66116, -23.75745 ], [ -46.66023, -23.75761 ], [ -46.65818, -23.75888 ], [ -46.65625, -23.75889 ], [ -46.65543, -23.75912 ], [ -46.65539, -23.75941 ], [ -46.6563, -23.76046 ], [ -46.65619, -23.76085 ], [ -46.65566, -23.7609 ], [ -46.65369, -23.76005 ], [ -46.6543, -23.76088 ], [ -46.65476, -23.76266 ], [ -46.65445, -23.76328 ], [ -46.6547, -23.76355 ], [ -46.65517, -23.76358 ], [ -46.65558, -23.76314 ], [ -46.65627, -23.7632 ], [ -46.65633, -23.76297 ], [ -46.65618, -23.76253 ], [ -46.65629, -23.76237 ], [ -46.65647, -23.76245 ], [ -46.65692, -23.76308 ], [ -46.65722, -23.76323 ], [ -46.65769, -23.76275 ], [ -46.65901, -23.76314 ], [ -46.66025, -23.76276 ], [ -46.66147, -23.76308 ], [ -46.66164, -23.76303 ], [ -46.66185, -23.76256 ], [ -46.66196, -23.76254 ], [ -46.66241, -23.76315 ], [ -46.66285, -23.76325 ], [ -46.66314, -23.7631 ], [ -46.66379, -23.76209 ], [ -46.66394, -23.76221 ], [ -46.66391, -23.76295 ], [ -46.66411, -23.76323 ], [ -46.66639, -23.76389 ], [ -46.66678, -23.76423 ], [ -46.66554, -23.76519 ], [ -46.66567, -23.7666 ], [ -46.66554, -23.76677 ], [ -46.66463, -23.7665 ], [ -46.66469, -23.76557 ], [ -46.66438, -23.76519 ], [ -46.66408, -23.76506 ], [ -46.66366, -23.76495 ], [ -46.66307, -23.76504 ], [ -46.66266, -23.76479 ], [ -46.66204, -23.76481 ], [ -46.66154, -23.76437 ], [ -46.66074, -23.76416 ], [ -46.66015, -23.76419 ], [ -46.65876, -23.76468 ], [ -46.65837, -23.76506 ], [ -46.6584, -23.76599 ], [ -46.65801, -23.76604 ], [ -46.65729, -23.76571 ], [ -46.65698, -23.76575 ], [ -46.6567, -23.76618 ], [ -46.6566, -23.76691 ], [ -46.65612, -23.76749 ], [ -46.65626, -23.76788 ], [ -46.65688, -23.76871 ], [ -46.65692, -23.7698 ], [ -46.65873, -23.77058 ], [ -46.65874, -23.77076 ], [ -46.65842, -23.77117 ], [ -46.65849, -23.77156 ], [ -46.65972, -23.77221 ], [ -46.66008, -23.77216 ], [ -46.66055, -23.77235 ], [ -46.66164, -23.77166 ], [ -46.66218, -23.77164 ], [ -46.66229, -23.77225 ], [ -46.66147, -23.77279 ], [ -46.66142, -23.77313 ], [ -46.66182, -23.77348 ], [ -46.66244, -23.77361 ], [ -46.6632, -23.77403 ], [ -46.66433, -23.77521 ], [ -46.66518, -23.77511 ], [ -46.66563, -23.77441 ], [ -46.6658, -23.77436 ], [ -46.66619, -23.77501 ], [ -46.66655, -23.77519 ], [ -46.67003, -23.77559 ], [ -46.67038, -23.77579 ], [ -46.67063, -23.77616 ], [ -46.67046, -23.77642 ], [ -46.67018, -23.77649 ], [ -46.66661, -23.77642 ], [ -46.66593, -23.77679 ], [ -46.66558, -23.77743 ], [ -46.66536, -23.77759 ], [ -46.66467, -23.77676 ], [ -46.66427, -23.77657 ], [ -46.66375, -23.77658 ], [ -46.66192, -23.77624 ], [ -46.66064, -23.77653 ], [ -46.66087, -23.7756 ], [ -46.6608, -23.77519 ], [ -46.66001, -23.77442 ], [ -46.65872, -23.77361 ], [ -46.6576, -23.77358 ], [ -46.65705, -23.77391 ], [ -46.65676, -23.77437 ], [ -46.65662, -23.77503 ], [ -46.65678, -23.77588 ], [ -46.65668, -23.77678 ], [ -46.65681, -23.77685 ], [ -46.65752, -23.77645 ], [ -46.65766, -23.77647 ], [ -46.65774, -23.77671 ], [ -46.65751, -23.77788 ], [ -46.6575, -23.77913 ], [ -46.65736, -23.77992 ], [ -46.65739, -23.78089 ], [ -46.65758, -23.78137 ], [ -46.65785, -23.78159 ], [ -46.65838, -23.7817 ], [ -46.65875, -23.78153 ], [ -46.6589, -23.78127 ], [ -46.65919, -23.78111 ], [ -46.66024, -23.78114 ], [ -46.6598, -23.78223 ], [ -46.65978, -23.78264 ], [ -46.66003, -23.78278 ], [ -46.66056, -23.78265 ], [ -46.66074, -23.78283 ], [ -46.66085, -23.78323 ], [ -46.66151, -23.78367 ], [ -46.66194, -23.78358 ], [ -46.66223, -23.78301 ], [ -46.66239, -23.78227 ], [ -46.66252, -23.78209 ], [ -46.66273, -23.78211 ], [ -46.66274, -23.78253 ], [ -46.66245, -23.78366 ], [ -46.66247, -23.78396 ], [ -46.66273, -23.78423 ], [ -46.66297, -23.78429 ], [ -46.66369, -23.784 ], [ -46.66453, -23.78422 ], [ -46.66656, -23.78424 ], [ -46.66753, -23.7841 ], [ -46.6681, -23.78422 ], [ -46.66926, -23.78559 ], [ -46.67049, -23.78602 ], [ -46.6707, -23.78678 ], [ -46.67057, -23.78734 ], [ -46.67012, -23.78759 ], [ -46.6693, -23.78706 ], [ -46.66785, -23.78691 ], [ -46.6672, -23.78627 ], [ -46.66664, -23.78595 ], [ -46.66552, -23.78583 ], [ -46.66513, -23.78591 ], [ -46.66464, -23.78635 ], [ -46.66404, -23.78649 ], [ -46.66368, -23.78675 ], [ -46.66358, -23.78731 ], [ -46.6638, -23.78884 ], [ -46.66375, -23.78904 ], [ -46.66345, -23.78907 ], [ -46.66267, -23.78831 ], [ -46.66181, -23.78827 ], [ -46.66206, -23.78714 ], [ -46.66133, -23.78613 ], [ -46.65958, -23.78517 ], [ -46.65936, -23.78524 ], [ -46.65864, -23.78459 ], [ -46.65715, -23.78415 ], [ -46.65666, -23.78428 ], [ -46.65633, -23.78495 ], [ -46.65652, -23.78586 ], [ -46.6564, -23.78609 ], [ -46.6564, -23.78664 ], [ -46.65622, -23.78693 ], [ -46.65633, -23.78745 ], [ -46.65658, -23.78778 ], [ -46.657, -23.78802 ], [ -46.65731, -23.78894 ], [ -46.65694, -23.78887 ], [ -46.65667, -23.78863 ], [ -46.6562, -23.78855 ], [ -46.65598, -23.78869 ], [ -46.65602, -23.78918 ], [ -46.6559, -23.78963 ], [ -46.65611, -23.79039 ], [ -46.65663, -23.79099 ], [ -46.6565, -23.79159 ], [ -46.65656, -23.79191 ], [ -46.65726, -23.79279 ], [ -46.6579, -23.79317 ], [ -46.65777, -23.79343 ], [ -46.65718, -23.79339 ], [ -46.65692, -23.7935 ], [ -46.65796, -23.79553 ], [ -46.6593, -23.79554 ], [ -46.65949, -23.79568 ], [ -46.6602, -23.79691 ], [ -46.66053, -23.79726 ], [ -46.66086, -23.79731 ], [ -46.6624, -23.79642 ], [ -46.66361, -23.7961 ], [ -46.6639, -23.79621 ], [ -46.66385, -23.79638 ], [ -46.66252, -23.79741 ], [ -46.66194, -23.79815 ], [ -46.66101, -23.79846 ], [ -46.66065, -23.79924 ], [ -46.66072, -23.79961 ], [ -46.66119, -23.8001 ], [ -46.66193, -23.80032 ], [ -46.66234, -23.80117 ], [ -46.66225, -23.8014 ], [ -46.66233, -23.80174 ], [ -46.66254, -23.80191 ], [ -46.66348, -23.80249 ], [ -46.66424, -23.80279 ], [ -46.66502, -23.80282 ], [ -46.66509, -23.80296 ], [ -46.66457, -23.80362 ], [ -46.66435, -23.80433 ], [ -46.66432, -23.80485 ], [ -46.66446, -23.80537 ], [ -46.66488, -23.80551 ], [ -46.66569, -23.8048 ], [ -46.66608, -23.80471 ], [ -46.66766, -23.80484 ], [ -46.66774, -23.80506 ], [ -46.66761, -23.80528 ], [ -46.66715, -23.80546 ], [ -46.66696, -23.80567 ], [ -46.66705, -23.80589 ], [ -46.66759, -23.80687 ], [ -46.66892, -23.8075 ], [ -46.67087, -23.8099 ], [ -46.67091, -23.81049 ], [ -46.67067, -23.81149 ], [ -46.67007, -23.81169 ], [ -46.66903, -23.81168 ], [ -46.66884, -23.81158 ], [ -46.66827, -23.81086 ], [ -46.66619, -23.80905 ], [ -46.66564, -23.80829 ], [ -46.66446, -23.80758 ], [ -46.66341, -23.80669 ], [ -46.66255, -23.80652 ], [ -46.66143, -23.80564 ], [ -46.66101, -23.80583 ], [ -46.66078, -23.80647 ], [ -46.66039, -23.80685 ], [ -46.65989, -23.80764 ], [ -46.65965, -23.80759 ], [ -46.65912, -23.80688 ], [ -46.65935, -23.80462 ], [ -46.65907, -23.80362 ], [ -46.65909, -23.80243 ], [ -46.65851, -23.80126 ], [ -46.65799, -23.80056 ], [ -46.65578, -23.79852 ], [ -46.65498, -23.7983 ], [ -46.65417, -23.79849 ], [ -46.65345, -23.79912 ], [ -46.65295, -23.80035 ], [ -46.65231, -23.80063 ], [ -46.65213, -23.80054 ], [ -46.65201, -23.80013 ], [ -46.65275, -23.79807 ], [ -46.65281, -23.79704 ], [ -46.65261, -23.7967 ], [ -46.65205, -23.79644 ], [ -46.65136, -23.79641 ], [ -46.64927, -23.79712 ], [ -46.64833, -23.79759 ], [ -46.64791, -23.7976 ], [ -46.64766, -23.79738 ], [ -46.64767, -23.797 ], [ -46.64794, -23.79675 ], [ -46.64902, -23.79611 ], [ -46.65018, -23.79566 ], [ -46.651, -23.79517 ], [ -46.65156, -23.79461 ], [ -46.65171, -23.79414 ], [ -46.65163, -23.79386 ], [ -46.65136, -23.79366 ], [ -46.6483, -23.79389 ], [ -46.64732, -23.79365 ], [ -46.6467, -23.79335 ], [ -46.64687, -23.79304 ], [ -46.6482, -23.79304 ], [ -46.65027, -23.7924 ], [ -46.6507, -23.79217 ], [ -46.65123, -23.79149 ], [ -46.65109, -23.79075 ], [ -46.65071, -23.79013 ], [ -46.65075, -23.78982 ], [ -46.65102, -23.78941 ], [ -46.65087, -23.78894 ], [ -46.65191, -23.78713 ], [ -46.65212, -23.78628 ], [ -46.65198, -23.78606 ], [ -46.65144, -23.78593 ], [ -46.64975, -23.78679 ], [ -46.64963, -23.78673 ], [ -46.65077, -23.78572 ], [ -46.6526, -23.78482 ], [ -46.65278, -23.78466 ], [ -46.65292, -23.78413 ], [ -46.65276, -23.78366 ], [ -46.65234, -23.78348 ], [ -46.65012, -23.78395 ], [ -46.64897, -23.78408 ], [ -46.64891, -23.78393 ], [ -46.65266, -23.78225 ], [ -46.65282, -23.78177 ], [ -46.65276, -23.78154 ], [ -46.65258, -23.78135 ], [ -46.65174, -23.7811 ], [ -46.65167, -23.78097 ], [ -46.65284, -23.78082 ], [ -46.6531, -23.78039 ], [ -46.65301, -23.77941 ], [ -46.6529, -23.77914 ], [ -46.65254, -23.77892 ], [ -46.64888, -23.77878 ], [ -46.64832, -23.77904 ], [ -46.64805, -23.77893 ], [ -46.64874, -23.7785 ], [ -46.64846, -23.77817 ], [ -46.64849, -23.77801 ], [ -46.64883, -23.77841 ], [ -46.64912, -23.77845 ], [ -46.64939, -23.77826 ], [ -46.6498, -23.77842 ], [ -46.65009, -23.77822 ], [ -46.64998, -23.77751 ], [ -46.65014, -23.77747 ], [ -46.65052, -23.77809 ], [ -46.6515, -23.77821 ], [ -46.65227, -23.77797 ], [ -46.65286, -23.77758 ], [ -46.65265, -23.7764 ], [ -46.65226, -23.77613 ], [ -46.65012, -23.77568 ], [ -46.64921, -23.77481 ], [ -46.64882, -23.77485 ], [ -46.64863, -23.77472 ], [ -46.64909, -23.77441 ], [ -46.64903, -23.77406 ], [ -46.64919, -23.77402 ], [ -46.64959, -23.77447 ], [ -46.65019, -23.77479 ], [ -46.65046, -23.77465 ], [ -46.6507, -23.77499 ], [ -46.65195, -23.77527 ], [ -46.6524, -23.77519 ], [ -46.65283, -23.77484 ], [ -46.65316, -23.7741 ], [ -46.65293, -23.77376 ], [ -46.65195, -23.77362 ], [ -46.65176, -23.77329 ], [ -46.65248, -23.77329 ], [ -46.6527, -23.77269 ], [ -46.65278, -23.77187 ], [ -46.65271, -23.77122 ], [ -46.65229, -23.77126 ], [ -46.65178, -23.77156 ], [ -46.65168, -23.77139 ], [ -46.6525, -23.77038 ], [ -46.65241, -23.76989 ], [ -46.65251, -23.76948 ], [ -46.65223, -23.76904 ], [ -46.65221, -23.76854 ], [ -46.65146, -23.76908 ], [ -46.65116, -23.7695 ], [ -46.65073, -23.76964 ], [ -46.65206, -23.76774 ], [ -46.65182, -23.76679 ], [ -46.65122, -23.76617 ], [ -46.65027, -23.76619 ], [ -46.64962, -23.76635 ], [ -46.6494, -23.76654 ], [ -46.64896, -23.76642 ], [ -46.64894, -23.76617 ], [ -46.6492, -23.7656 ], [ -46.64974, -23.765 ], [ -46.64994, -23.76427 ], [ -46.64923, -23.76329 ], [ -46.64841, -23.76255 ], [ -46.64781, -23.76236 ], [ -46.64727, -23.76254 ], [ -46.64684, -23.76338 ], [ -46.64702, -23.76406 ], [ -46.64627, -23.76499 ], [ -46.64564, -23.76529 ], [ -46.64481, -23.76548 ], [ -46.64423, -23.76678 ], [ -46.64384, -23.76733 ], [ -46.64405, -23.76786 ], [ -46.64306, -23.76797 ], [ -46.64291, -23.76944 ], [ -46.64356, -23.76904 ], [ -46.64373, -23.76943 ], [ -46.64373, -23.76999 ], [ -46.64489, -23.76974 ], [ -46.64486, -23.77021 ], [ -46.64429, -23.77062 ], [ -46.64508, -23.77113 ], [ -46.64583, -23.77196 ], [ -46.64654, -23.77224 ], [ -46.64616, -23.77239 ], [ -46.64511, -23.77218 ], [ -46.64449, -23.77189 ], [ -46.64352, -23.77116 ], [ -46.64245, -23.77134 ], [ -46.6421, -23.77167 ], [ -46.64202, -23.77228 ], [ -46.64239, -23.77386 ], [ -46.64417, -23.77601 ], [ -46.64484, -23.77625 ], [ -46.6454, -23.77667 ], [ -46.64527, -23.77686 ], [ -46.64429, -23.77742 ], [ -46.64437, -23.7782 ], [ -46.64495, -23.78 ], [ -46.64446, -23.77961 ], [ -46.64315, -23.77765 ], [ -46.64269, -23.77753 ], [ -46.64245, -23.77762 ], [ -46.64078, -23.77945 ], [ -46.6405, -23.77994 ], [ -46.64021, -23.78096 ], [ -46.64052, -23.78168 ], [ -46.64209, -23.78296 ], [ -46.64214, -23.78336 ], [ -46.64164, -23.7832 ], [ -46.63993, -23.782 ], [ -46.63943, -23.78195 ], [ -46.63911, -23.78214 ], [ -46.63836, -23.78413 ], [ -46.6382, -23.78423 ], [ -46.63796, -23.78405 ], [ -46.6392, -23.78079 ], [ -46.63949, -23.77899 ], [ -46.63943, -23.77851 ], [ -46.63904, -23.7784 ], [ -46.63859, -23.77865 ], [ -46.63702, -23.78043 ], [ -46.63675, -23.78042 ], [ -46.63654, -23.78024 ], [ -46.63613, -23.77939 ], [ -46.63582, -23.77925 ], [ -46.63534, -23.7792 ], [ -46.63454, -23.77938 ], [ -46.63446, -23.77961 ], [ -46.63465, -23.78057 ], [ -46.63467, -23.78159 ], [ -46.63457, -23.78311 ], [ -46.63417, -23.78412 ], [ -46.63441, -23.78481 ], [ -46.63486, -23.78525 ], [ -46.63332, -23.78522 ], [ -46.63289, -23.7851 ], [ -46.63284, -23.78491 ], [ -46.63312, -23.78447 ], [ -46.63275, -23.78367 ], [ -46.63179, -23.78328 ], [ -46.63153, -23.78334 ], [ -46.63104, -23.78383 ], [ -46.63079, -23.78454 ], [ -46.6301, -23.78529 ], [ -46.62814, -23.78563 ], [ -46.62777, -23.78592 ], [ -46.62758, -23.78626 ], [ -46.62786, -23.78722 ], [ -46.62778, -23.78773 ], [ -46.62748, -23.78814 ], [ -46.62751, -23.78889 ], [ -46.62779, -23.78939 ], [ -46.62933, -23.79069 ], [ -46.62971, -23.79051 ], [ -46.63117, -23.78907 ], [ -46.63195, -23.78784 ], [ -46.6325, -23.78737 ], [ -46.63387, -23.78738 ], [ -46.63294, -23.78764 ], [ -46.63253, -23.78793 ], [ -46.63135, -23.79013 ], [ -46.63114, -23.79112 ], [ -46.63165, -23.79173 ], [ -46.63354, -23.79321 ], [ -46.63307, -23.79301 ], [ -46.63254, -23.79311 ], [ -46.63197, -23.79291 ], [ -46.63167, -23.79304 ], [ -46.63121, -23.79382 ], [ -46.63074, -23.79391 ], [ -46.63028, -23.7942 ], [ -46.63004, -23.79527 ], [ -46.62885, -23.79777 ], [ -46.62886, -23.79796 ], [ -46.62949, -23.79841 ], [ -46.63097, -23.79797 ], [ -46.63153, -23.798 ], [ -46.63181, -23.79789 ], [ -46.63203, -23.79775 ], [ -46.63239, -23.79684 ], [ -46.63235, -23.7964 ], [ -46.63326, -23.79543 ], [ -46.63417, -23.795 ], [ -46.63351, -23.79547 ], [ -46.63308, -23.7962 ], [ -46.63309, -23.79685 ], [ -46.63344, -23.79721 ], [ -46.63312, -23.79732 ], [ -46.6329, -23.79761 ], [ -46.63279, -23.79815 ], [ -46.63295, -23.79842 ], [ -46.6336, -23.79851 ], [ -46.63344, -23.79894 ], [ -46.63375, -23.79925 ], [ -46.63424, -23.79923 ], [ -46.63482, -23.79897 ], [ -46.63496, -23.79907 ], [ -46.63413, -23.7997 ], [ -46.6344, -23.80034 ], [ -46.632, -23.79938 ], [ -46.63151, -23.79932 ], [ -46.63061, -23.79968 ], [ -46.63037, -23.7999 ], [ -46.63036, -23.80032 ], [ -46.63071, -23.80125 ], [ -46.63106, -23.80139 ], [ -46.63081, -23.80165 ], [ -46.63132, -23.8024 ], [ -46.6311, -23.80258 ], [ -46.63043, -23.80204 ], [ -46.62972, -23.8009 ], [ -46.62903, -23.80064 ], [ -46.62804, -23.80095 ], [ -46.62724, -23.80147 ], [ -46.62709, -23.80173 ], [ -46.62589, -23.80228 ], [ -46.62604, -23.80297 ], [ -46.62647, -23.80305 ], [ -46.62636, -23.80349 ], [ -46.62668, -23.80346 ], [ -46.62746, -23.80381 ], [ -46.62768, -23.80358 ], [ -46.62787, -23.80372 ], [ -46.62838, -23.8037 ], [ -46.62839, -23.8039 ], [ -46.62813, -23.80425 ], [ -46.62818, -23.8045 ], [ -46.62845, -23.80444 ], [ -46.62874, -23.80458 ], [ -46.62932, -23.8044 ], [ -46.62955, -23.80447 ], [ -46.62957, -23.80463 ], [ -46.62926, -23.80496 ], [ -46.62815, -23.80533 ], [ -46.62806, -23.80557 ], [ -46.62915, -23.80597 ], [ -46.62989, -23.80596 ], [ -46.63128, -23.80546 ], [ -46.63248, -23.80546 ], [ -46.63281, -23.80535 ], [ -46.63315, -23.80521 ], [ -46.63325, -23.80456 ], [ -46.63336, -23.80448 ], [ -46.63351, -23.80452 ], [ -46.63375, -23.8049 ], [ -46.63424, -23.80496 ], [ -46.6349, -23.80491 ], [ -46.63518, -23.80433 ], [ -46.63536, -23.80429 ], [ -46.63573, -23.80452 ], [ -46.63743, -23.80453 ], [ -46.63772, -23.80468 ], [ -46.63773, -23.80487 ], [ -46.63756, -23.805 ], [ -46.63591, -23.80518 ], [ -46.63508, -23.80566 ], [ -46.63502, -23.80606 ], [ -46.63556, -23.80709 ], [ -46.63515, -23.80688 ], [ -46.63474, -23.80623 ], [ -46.63434, -23.80608 ], [ -46.63394, -23.80616 ], [ -46.63333, -23.80676 ], [ -46.63266, -23.80698 ], [ -46.63237, -23.80733 ], [ -46.63244, -23.80817 ], [ -46.63229, -23.80844 ], [ -46.63099, -23.80989 ], [ -46.63018, -23.81031 ], [ -46.62988, -23.81066 ], [ -46.62988, -23.81102 ], [ -46.6308, -23.81175 ], [ -46.63096, -23.81219 ], [ -46.63127, -23.81238 ], [ -46.63154, -23.81244 ], [ -46.63184, -23.81231 ], [ -46.63192, -23.81209 ], [ -46.63182, -23.81182 ], [ -46.63253, -23.81193 ], [ -46.63273, -23.81138 ], [ -46.63295, -23.81136 ], [ -46.63317, -23.81186 ], [ -46.6332, -23.8124 ], [ -46.63335, -23.81255 ], [ -46.63451, -23.81217 ], [ -46.63584, -23.81249 ], [ -46.63612, -23.8124 ], [ -46.63637, -23.81173 ], [ -46.63687, -23.81167 ], [ -46.63737, -23.81094 ], [ -46.63789, -23.81057 ], [ -46.63836, -23.8099 ], [ -46.63854, -23.80988 ], [ -46.63759, -23.81159 ], [ -46.63738, -23.81243 ], [ -46.63757, -23.81254 ], [ -46.6383, -23.81215 ], [ -46.6396, -23.81095 ], [ -46.64143, -23.81068 ], [ -46.64151, -23.81078 ], [ -46.64114, -23.81114 ], [ -46.63997, -23.8116 ], [ -46.63923, -23.81251 ], [ -46.638, -23.81335 ], [ -46.63779, -23.81371 ], [ -46.63786, -23.81413 ], [ -46.63821, -23.81466 ], [ -46.63906, -23.81531 ], [ -46.64171, -23.81653 ], [ -46.64225, -23.81656 ], [ -46.64288, -23.81628 ], [ -46.64331, -23.81675 ], [ -46.64391, -23.81683 ], [ -46.64419, -23.81667 ], [ -46.6448, -23.81591 ], [ -46.64514, -23.81574 ], [ -46.64514, -23.81615 ], [ -46.64455, -23.81764 ], [ -46.64455, -23.81822 ], [ -46.64522, -23.81891 ], [ -46.64668, -23.81975 ], [ -46.64717, -23.82188 ], [ -46.64708, -23.82213 ], [ -46.64674, -23.82194 ], [ -46.64645, -23.82141 ], [ -46.64547, -23.82035 ], [ -46.64393, -23.8192 ], [ -46.64222, -23.81863 ], [ -46.64133, -23.8181 ], [ -46.6407, -23.818 ], [ -46.64027, -23.81826 ], [ -46.63976, -23.81918 ], [ -46.63956, -23.81931 ], [ -46.63949, -23.81916 ], [ -46.63984, -23.81746 ], [ -46.63924, -23.81705 ], [ -46.63843, -23.81677 ], [ -46.638, -23.81691 ], [ -46.63753, -23.81726 ], [ -46.63711, -23.81802 ], [ -46.63689, -23.81881 ], [ -46.63676, -23.81885 ], [ -46.63665, -23.81875 ], [ -46.63677, -23.81802 ], [ -46.63705, -23.81735 ], [ -46.63704, -23.81675 ], [ -46.63666, -23.81614 ], [ -46.636, -23.81578 ], [ -46.63499, -23.81561 ], [ -46.63389, -23.81579 ], [ -46.63288, -23.81549 ], [ -46.63261, -23.8155 ], [ -46.63242, -23.81566 ], [ -46.63234, -23.8164 ], [ -46.63264, -23.81731 ], [ -46.63263, -23.81773 ], [ -46.63236, -23.81844 ], [ -46.63249, -23.81904 ], [ -46.63228, -23.81969 ], [ -46.63257, -23.82126 ], [ -46.63322, -23.82149 ], [ -46.6339, -23.8215 ], [ -46.63448, -23.8213 ], [ -46.63475, -23.82136 ], [ -46.63502, -23.82253 ], [ -46.63555, -23.82319 ], [ -46.63551, -23.82348 ], [ -46.63572, -23.82384 ], [ -46.63733, -23.82509 ], [ -46.63786, -23.82516 ], [ -46.63819, -23.82488 ], [ -46.63813, -23.82439 ], [ -46.63776, -23.82398 ], [ -46.63797, -23.82381 ], [ -46.6386, -23.82389 ], [ -46.63903, -23.82417 ], [ -46.63907, -23.82483 ], [ -46.6393, -23.82519 ], [ -46.63957, -23.82517 ], [ -46.63985, -23.82478 ], [ -46.6401, -23.82485 ], [ -46.64014, -23.82516 ], [ -46.63993, -23.82564 ], [ -46.63946, -23.82593 ], [ -46.63939, -23.82622 ], [ -46.63961, -23.82642 ], [ -46.64006, -23.82648 ], [ -46.6403, -23.82622 ], [ -46.64055, -23.8254 ], [ -46.64153, -23.82459 ], [ -46.6419, -23.82405 ], [ -46.64253, -23.82385 ], [ -46.64311, -23.82395 ], [ -46.6435, -23.82425 ], [ -46.64375, -23.8248 ], [ -46.64441, -23.82552 ], [ -46.64556, -23.8263 ], [ -46.646, -23.8268 ], [ -46.64684, -23.82876 ], [ -46.64794, -23.83046 ], [ -46.64832, -23.83086 ], [ -46.64932, -23.83139 ], [ -46.64933, -23.83293 ], [ -46.64948, -23.83345 ], [ -46.65054, -23.83487 ], [ -46.65103, -23.83588 ], [ -46.65187, -23.83634 ], [ -46.65262, -23.83625 ], [ -46.65308, -23.83585 ], [ -46.65367, -23.83583 ], [ -46.65377, -23.83558 ], [ -46.65399, -23.83567 ], [ -46.65401, -23.83587 ], [ -46.65321, -23.83682 ], [ -46.65301, -23.83769 ], [ -46.65242, -23.83854 ], [ -46.65241, -23.8391 ], [ -46.6526, -23.83987 ], [ -46.65297, -23.8404 ], [ -46.65444, -23.84145 ], [ -46.65547, -23.8416 ], [ -46.65604, -23.84154 ], [ -46.657, -23.84136 ], [ -46.6574, -23.84103 ], [ -46.65771, -23.84106 ], [ -46.6587, -23.84197 ], [ -46.65848, -23.84229 ], [ -46.65775, -23.84255 ], [ -46.65732, -23.84318 ], [ -46.65721, -23.84392 ], [ -46.65746, -23.84471 ], [ -46.65794, -23.84516 ], [ -46.65735, -23.8456 ], [ -46.65722, -23.84597 ], [ -46.65739, -23.8467 ], [ -46.65696, -23.84741 ], [ -46.65728, -23.84801 ], [ -46.6584, -23.84875 ], [ -46.65868, -23.84874 ], [ -46.65882, -23.84858 ], [ -46.65889, -23.84813 ], [ -46.65903, -23.84803 ], [ -46.6598, -23.84809 ], [ -46.66104, -23.84852 ], [ -46.66118, -23.84835 ], [ -46.66138, -23.84738 ], [ -46.66249, -23.84624 ], [ -46.66304, -23.84604 ], [ -46.66338, -23.8461 ], [ -46.66369, -23.84638 ], [ -46.66391, -23.84692 ], [ -46.66411, -23.84702 ], [ -46.66452, -23.84644 ], [ -46.66618, -23.84626 ], [ -46.66815, -23.84466 ], [ -46.66823, -23.84437 ], [ -46.6677, -23.84309 ], [ -46.66777, -23.84289 ], [ -46.66804, -23.84284 ], [ -46.66879, -23.84337 ], [ -46.66919, -23.84345 ], [ -46.66955, -23.84344 ], [ -46.67021, -23.84317 ], [ -46.67006, -23.8439 ], [ -46.67014, -23.84434 ], [ -46.67049, -23.84489 ], [ -46.67087, -23.84513 ], [ -46.67225, -23.84537 ], [ -46.67304, -23.84533 ], [ -46.67409, -23.84432 ], [ -46.67437, -23.84447 ], [ -46.6743, -23.84482 ], [ -46.67454, -23.84533 ], [ -46.67539, -23.84561 ], [ -46.6763, -23.8456 ], [ -46.67695, -23.84599 ], [ -46.67802, -23.84578 ], [ -46.67876, -23.84541 ], [ -46.68013, -23.84553 ], [ -46.68211, -23.84476 ], [ -46.68237, -23.84456 ], [ -46.68239, -23.84414 ], [ -46.68294, -23.84339 ], [ -46.68265, -23.84412 ], [ -46.68276, -23.84474 ], [ -46.68251, -23.84507 ], [ -46.68166, -23.84547 ], [ -46.68151, -23.84565 ], [ -46.68132, -23.84662 ], [ -46.68202, -23.84717 ], [ -46.68287, -23.84748 ], [ -46.6832, -23.84774 ], [ -46.68358, -23.84881 ], [ -46.68458, -23.84909 ], [ -46.68591, -23.84915 ], [ -46.68661, -23.84895 ], [ -46.68671, -23.84856 ], [ -46.68748, -23.84816 ], [ -46.68822, -23.84796 ], [ -46.68863, -23.8482 ], [ -46.68855, -23.8486 ], [ -46.6874, -23.8489 ], [ -46.6867, -23.84997 ], [ -46.68693, -23.85087 ], [ -46.68668, -23.85125 ], [ -46.68558, -23.85178 ], [ -46.6855, -23.85203 ], [ -46.68577, -23.85372 ], [ -46.68558, -23.85476 ], [ -46.68591, -23.85555 ], [ -46.68579, -23.85641 ], [ -46.68609, -23.85811 ], [ -46.68658, -23.85806 ], [ -46.6874, -23.85908 ], [ -46.68772, -23.8592 ], [ -46.6874, -23.85938 ], [ -46.68661, -23.85873 ], [ -46.68582, -23.85872 ], [ -46.68512, -23.86014 ], [ -46.68457, -23.86045 ], [ -46.68443, -23.85847 ], [ -46.68467, -23.85809 ], [ -46.68451, -23.85771 ], [ -46.68446, -23.85668 ], [ -46.68468, -23.85615 ], [ -46.68435, -23.85577 ], [ -46.68405, -23.85578 ], [ -46.68418, -23.85548 ], [ -46.68378, -23.85476 ], [ -46.68458, -23.85331 ], [ -46.68432, -23.85287 ], [ -46.68383, -23.85262 ], [ -46.68367, -23.85179 ], [ -46.68322, -23.8515 ], [ -46.68282, -23.85157 ], [ -46.68236, -23.85194 ], [ -46.68222, -23.85177 ], [ -46.68231, -23.85145 ], [ -46.68272, -23.85119 ], [ -46.68296, -23.85062 ], [ -46.68262, -23.85014 ], [ -46.68196, -23.84971 ], [ -46.68158, -23.84923 ], [ -46.68125, -23.84915 ], [ -46.68084, -23.84828 ], [ -46.6792, -23.84749 ], [ -46.67761, -23.84753 ], [ -46.6763, -23.84815 ], [ -46.67503, -23.84756 ], [ -46.6744, -23.84762 ], [ -46.6732, -23.84741 ], [ -46.66895, -23.84816 ], [ -46.66835, -23.84913 ], [ -46.66864, -23.84941 ], [ -46.66854, -23.84991 ], [ -46.66794, -23.84988 ], [ -46.66746, -23.85035 ], [ -46.66781, -23.85202 ], [ -46.66817, -23.85285 ], [ -46.66822, -23.85328 ], [ -46.66779, -23.85336 ], [ -46.66719, -23.85227 ], [ -46.66651, -23.85168 ], [ -46.66555, -23.85129 ], [ -46.66368, -23.85112 ], [ -46.66283, -23.85087 ], [ -46.66244, -23.85103 ], [ -46.66211, -23.85137 ], [ -46.66165, -23.85046 ], [ -46.66125, -23.85043 ], [ -46.65933, -23.85059 ], [ -46.65938, -23.85114 ], [ -46.65901, -23.85091 ], [ -46.6581, -23.85093 ], [ -46.65629, -23.85037 ], [ -46.65581, -23.85033 ], [ -46.65572, -23.85119 ], [ -46.6555, -23.85166 ], [ -46.65567, -23.85284 ], [ -46.65588, -23.85281 ], [ -46.65556, -23.85331 ], [ -46.65565, -23.85367 ], [ -46.65684, -23.85506 ], [ -46.65717, -23.85511 ], [ -46.65746, -23.85539 ], [ -46.65792, -23.85548 ], [ -46.65792, -23.85572 ], [ -46.65848, -23.85624 ], [ -46.65891, -23.85638 ], [ -46.6592, -23.85627 ], [ -46.65917, -23.85666 ], [ -46.65945, -23.85703 ], [ -46.6603, -23.85765 ], [ -46.66057, -23.85799 ], [ -46.66166, -23.85842 ], [ -46.66186, -23.85885 ], [ -46.66143, -23.8586 ], [ -46.66069, -23.85855 ], [ -46.66004, -23.85885 ], [ -46.66, -23.85922 ], [ -46.66032, -23.85956 ], [ -46.6619, -23.86236 ], [ -46.66176, -23.86283 ], [ -46.66199, -23.86606 ], [ -46.6612, -23.86677 ], [ -46.66079, -23.86771 ], [ -46.65981, -23.86895 ], [ -46.65954, -23.87023 ], [ -46.65901, -23.87178 ], [ -46.65837, -23.87187 ], [ -46.65798, -23.87085 ], [ -46.65806, -23.87038 ], [ -46.65841, -23.87009 ], [ -46.65853, -23.86967 ], [ -46.65839, -23.86908 ], [ -46.6582, -23.86898 ], [ -46.65815, -23.86859 ], [ -46.65859, -23.86836 ], [ -46.65963, -23.8673 ], [ -46.66066, -23.865 ], [ -46.66071, -23.86432 ], [ -46.66047, -23.86375 ], [ -46.65917, -23.86311 ], [ -46.65966, -23.86263 ], [ -46.65927, -23.86141 ], [ -46.65863, -23.86037 ], [ -46.6577, -23.85922 ], [ -46.6577, -23.85889 ], [ -46.65697, -23.85776 ], [ -46.65638, -23.85754 ], [ -46.65655, -23.85709 ], [ -46.65635, -23.85651 ], [ -46.65596, -23.85608 ], [ -46.65544, -23.85588 ], [ -46.65513, -23.85584 ], [ -46.65458, -23.85611 ], [ -46.65487, -23.85546 ], [ -46.65465, -23.85529 ], [ -46.65413, -23.85549 ], [ -46.65393, -23.85527 ], [ -46.6545, -23.85489 ], [ -46.65444, -23.85401 ], [ -46.65344, -23.85262 ], [ -46.65313, -23.85238 ], [ -46.65302, -23.85186 ], [ -46.65236, -23.85124 ], [ -46.65096, -23.8492 ], [ -46.65056, -23.84881 ], [ -46.65034, -23.84825 ], [ -46.64914, -23.84757 ], [ -46.64805, -23.84724 ], [ -46.64761, -23.84717 ], [ -46.6465, -23.84734 ], [ -46.64554, -23.8473 ], [ -46.64429, -23.8478 ], [ -46.64331, -23.84847 ], [ -46.64244, -23.8498 ], [ -46.64163, -23.85072 ], [ -46.64151, -23.85138 ], [ -46.6412, -23.85206 ], [ -46.64103, -23.85339 ], [ -46.64068, -23.85435 ], [ -46.64116, -23.85697 ], [ -46.64168, -23.85714 ], [ -46.64191, -23.85737 ], [ -46.64238, -23.85738 ], [ -46.64272, -23.85775 ], [ -46.64416, -23.85862 ], [ -46.64417, -23.85961 ], [ -46.64458, -23.86092 ], [ -46.64446, -23.86128 ], [ -46.64461, -23.86157 ], [ -46.64488, -23.86167 ], [ -46.64512, -23.86195 ], [ -46.646, -23.86226 ], [ -46.64703, -23.86421 ], [ -46.64691, -23.86491 ], [ -46.64703, -23.86573 ], [ -46.6469, -23.86637 ], [ -46.6466, -23.86677 ], [ -46.64667, -23.86779 ], [ -46.64634, -23.86854 ], [ -46.64638, -23.86913 ], [ -46.64624, -23.86949 ], [ -46.6463, -23.86987 ], [ -46.64617, -23.87066 ], [ -46.64638, -23.87255 ], [ -46.64713, -23.87303 ], [ -46.64835, -23.87339 ], [ -46.64845, -23.87373 ], [ -46.64741, -23.87416 ], [ -46.64587, -23.87274 ], [ -46.64603, -23.87179 ], [ -46.64576, -23.86976 ], [ -46.64539, -23.8691 ], [ -46.64575, -23.86708 ], [ -46.64541, -23.86486 ], [ -46.64505, -23.86452 ], [ -46.6449, -23.864 ], [ -46.6436, -23.86263 ], [ -46.64347, -23.86206 ], [ -46.64329, -23.86183 ], [ -46.64215, -23.8614 ], [ -46.64112, -23.86002 ], [ -46.63978, -23.85927 ], [ -46.63917, -23.85876 ], [ -46.63865, -23.85796 ], [ -46.6372, -23.85668 ], [ -46.63689, -23.85539 ], [ -46.63702, -23.85343 ], [ -46.63777, -23.8527 ], [ -46.63856, -23.85138 ], [ -46.63912, -23.85007 ], [ -46.63921, -23.84949 ], [ -46.63874, -23.84708 ], [ -46.63967, -23.84658 ], [ -46.63976, -23.8464 ], [ -46.63954, -23.84471 ], [ -46.64027, -23.84452 ], [ -46.64045, -23.84401 ], [ -46.64029, -23.84323 ], [ -46.63996, -23.84252 ], [ -46.63919, -23.84229 ], [ -46.63834, -23.8425 ], [ -46.63819, -23.84282 ], [ -46.63837, -23.84362 ], [ -46.63824, -23.84376 ], [ -46.63773, -23.84346 ], [ -46.63712, -23.84346 ], [ -46.63685, -23.84386 ], [ -46.63687, -23.84415 ], [ -46.63747, -23.84454 ], [ -46.63731, -23.8447 ], [ -46.6367, -23.84463 ], [ -46.63591, -23.84428 ], [ -46.63506, -23.84482 ], [ -46.6349, -23.84656 ], [ -46.63495, -23.84778 ], [ -46.63476, -23.84878 ], [ -46.6343, -23.84989 ], [ -46.63421, -23.85062 ], [ -46.63427, -23.85122 ], [ -46.63394, -23.85407 ], [ -46.63417, -23.8546 ], [ -46.63535, -23.85584 ], [ -46.63599, -23.85721 ], [ -46.63591, -23.86068 ], [ -46.63626, -23.86247 ], [ -46.63622, -23.86322 ], [ -46.63607, -23.86352 ], [ -46.63576, -23.86372 ], [ -46.63541, -23.86326 ], [ -46.6353, -23.86251 ], [ -46.63471, -23.86137 ], [ -46.63466, -23.86054 ], [ -46.63479, -23.85953 ], [ -46.63459, -23.85768 ], [ -46.63378, -23.85633 ], [ -46.63308, -23.85567 ], [ -46.63249, -23.85537 ], [ -46.63165, -23.8552 ], [ -46.63075, -23.85543 ], [ -46.62857, -23.8569 ], [ -46.62738, -23.85702 ], [ -46.6267, -23.85722 ], [ -46.62553, -23.85767 ], [ -46.62479, -23.85812 ], [ -46.62424, -23.85875 ], [ -46.62422, -23.85916 ], [ -46.62557, -23.86075 ], [ -46.62574, -23.86107 ], [ -46.62568, -23.86119 ], [ -46.62457, -23.86079 ], [ -46.62235, -23.85971 ], [ -46.62157, -23.85971 ], [ -46.62107, -23.86023 ], [ -46.62107, -23.86117 ], [ -46.62086, -23.86157 ], [ -46.62053, -23.86157 ], [ -46.62009, -23.86131 ], [ -46.61974, -23.8614 ], [ -46.61919, -23.86182 ], [ -46.61878, -23.86197 ], [ -46.61878, -23.86207 ], [ -46.61927, -23.86229 ], [ -46.61922, -23.86283 ], [ -46.61809, -23.86277 ], [ -46.61762, -23.86315 ], [ -46.61772, -23.865 ], [ -46.61875, -23.86609 ], [ -46.61864, -23.86655 ], [ -46.61804, -23.86694 ], [ -46.61793, -23.86731 ], [ -46.6182, -23.86887 ], [ -46.6171, -23.87112 ], [ -46.61735, -23.87371 ], [ -46.61717, -23.87404 ], [ -46.6172, -23.87718 ], [ -46.61707, -23.87838 ], [ -46.61613, -23.87805 ], [ -46.61536, -23.87736 ], [ -46.61525, -23.87687 ], [ -46.61563, -23.87551 ], [ -46.61562, -23.87263 ], [ -46.61515, -23.87094 ], [ -46.61543, -23.87019 ], [ -46.61555, -23.86932 ], [ -46.61545, -23.86818 ], [ -46.61563, -23.86689 ], [ -46.61544, -23.86559 ], [ -46.61504, -23.86461 ], [ -46.61476, -23.86439 ], [ -46.61433, -23.86431 ], [ -46.61225, -23.86455 ], [ -46.61145, -23.86482 ], [ -46.60793, -23.86659 ], [ -46.60693, -23.86838 ], [ -46.60603, -23.86907 ], [ -46.60558, -23.86913 ], [ -46.60529, -23.86893 ], [ -46.60476, -23.86759 ], [ -46.60469, -23.86712 ], [ -46.60481, -23.86692 ], [ -46.60594, -23.86632 ], [ -46.60677, -23.86559 ], [ -46.60689, -23.8651 ], [ -46.60629, -23.8639 ], [ -46.60622, -23.86353 ], [ -46.606, -23.86334 ], [ -46.6062, -23.86305 ], [ -46.60678, -23.86396 ], [ -46.60769, -23.86461 ], [ -46.60826, -23.86447 ], [ -46.60976, -23.86369 ], [ -46.61139, -23.86329 ], [ -46.61203, -23.86293 ], [ -46.6127, -23.86233 ], [ -46.61294, -23.86182 ], [ -46.61276, -23.86126 ], [ -46.61134, -23.86015 ], [ -46.61086, -23.85948 ], [ -46.61092, -23.85908 ], [ -46.61112, -23.85899 ], [ -46.61148, -23.85911 ], [ -46.61207, -23.85964 ], [ -46.61303, -23.86023 ], [ -46.61365, -23.86041 ], [ -46.61435, -23.86042 ], [ -46.6152, -23.86031 ], [ -46.61617, -23.85989 ], [ -46.61672, -23.85948 ], [ -46.61713, -23.85867 ], [ -46.61712, -23.85841 ], [ -46.61663, -23.85791 ], [ -46.61661, -23.85773 ], [ -46.61725, -23.85773 ], [ -46.61755, -23.85788 ], [ -46.61812, -23.85877 ], [ -46.61905, -23.85898 ], [ -46.61959, -23.85885 ], [ -46.6202, -23.85839 ], [ -46.62105, -23.85729 ], [ -46.62195, -23.85707 ], [ -46.62206, -23.85664 ], [ -46.62255, -23.85614 ], [ -46.62262, -23.85594 ], [ -46.62249, -23.85559 ], [ -46.62133, -23.85544 ], [ -46.62116, -23.85531 ], [ -46.62126, -23.85519 ], [ -46.62266, -23.85503 ], [ -46.62349, -23.85476 ], [ -46.6246, -23.85461 ], [ -46.62525, -23.85429 ], [ -46.62563, -23.85386 ], [ -46.62561, -23.85371 ], [ -46.62517, -23.85345 ], [ -46.62472, -23.85295 ], [ -46.62339, -23.85208 ], [ -46.62252, -23.85168 ], [ -46.62171, -23.8515 ], [ -46.62105, -23.85157 ], [ -46.62047, -23.85078 ], [ -46.61849, -23.85 ], [ -46.61831, -23.84986 ], [ -46.61829, -23.84956 ], [ -46.61864, -23.84947 ], [ -46.61923, -23.84959 ], [ -46.62132, -23.85021 ], [ -46.62168, -23.85046 ], [ -46.62285, -23.85085 ], [ -46.62362, -23.85093 ], [ -46.62403, -23.85082 ], [ -46.62434, -23.8504 ], [ -46.6245, -23.85039 ], [ -46.62469, -23.85136 ], [ -46.62491, -23.85164 ], [ -46.62604, -23.8522 ], [ -46.62709, -23.85291 ], [ -46.62841, -23.85312 ], [ -46.62931, -23.85293 ], [ -46.62952, -23.85266 ], [ -46.6295, -23.85235 ], [ -46.62892, -23.85162 ], [ -46.62922, -23.85115 ], [ -46.62877, -23.85025 ], [ -46.62961, -23.8504 ], [ -46.62998, -23.85061 ], [ -46.63029, -23.85059 ], [ -46.63054, -23.85038 ], [ -46.63055, -23.84987 ], [ -46.63043, -23.84942 ], [ -46.62879, -23.84837 ], [ -46.63041, -23.84841 ], [ -46.63074, -23.84855 ], [ -46.63123, -23.84905 ], [ -46.63134, -23.84901 ], [ -46.63116, -23.84787 ], [ -46.63095, -23.84729 ], [ -46.63055, -23.84678 ], [ -46.6306, -23.84654 ], [ -46.63147, -23.84562 ], [ -46.63163, -23.84511 ], [ -46.63155, -23.84467 ], [ -46.63125, -23.84451 ], [ -46.63083, -23.84458 ], [ -46.63075, -23.84429 ], [ -46.63095, -23.843 ], [ -46.63082, -23.84245 ], [ -46.63036, -23.8419 ], [ -46.62984, -23.84156 ], [ -46.62928, -23.84148 ], [ -46.62809, -23.84187 ], [ -46.62775, -23.84259 ], [ -46.62742, -23.84287 ], [ -46.62716, -23.84273 ], [ -46.62681, -23.84221 ], [ -46.62643, -23.84199 ], [ -46.62494, -23.84169 ], [ -46.624, -23.84135 ], [ -46.62407, -23.84104 ], [ -46.62436, -23.84095 ], [ -46.62588, -23.84095 ], [ -46.62743, -23.84057 ], [ -46.62786, -23.84031 ], [ -46.62814, -23.83985 ], [ -46.62831, -23.83905 ], [ -46.62798, -23.83838 ], [ -46.62773, -23.83803 ], [ -46.62661, -23.83746 ], [ -46.6273, -23.83728 ], [ -46.62852, -23.83756 ], [ -46.62892, -23.83747 ], [ -46.629, -23.83694 ], [ -46.62862, -23.83651 ], [ -46.6285, -23.83609 ], [ -46.62882, -23.83508 ], [ -46.62888, -23.83413 ], [ -46.62876, -23.83317 ], [ -46.62896, -23.83277 ], [ -46.62947, -23.83246 ], [ -46.62958, -23.83229 ], [ -46.62953, -23.83202 ], [ -46.62935, -23.83172 ], [ -46.6289, -23.83163 ], [ -46.62841, -23.83176 ], [ -46.62799, -23.8322 ], [ -46.62675, -23.8318 ], [ -46.62622, -23.83179 ], [ -46.62566, -23.83206 ], [ -46.62468, -23.83288 ], [ -46.62422, -23.83302 ], [ -46.6241, -23.83289 ], [ -46.6249, -23.8314 ], [ -46.62567, -23.83028 ], [ -46.62553, -23.82908 ], [ -46.62499, -23.82783 ], [ -46.62432, -23.8267 ], [ -46.62268, -23.82447 ], [ -46.62058, -23.82268 ], [ -46.62034, -23.82197 ], [ -46.62035, -23.82003 ], [ -46.61991, -23.81934 ], [ -46.61937, -23.81918 ], [ -46.61885, -23.81934 ], [ -46.61822, -23.8199 ], [ -46.6176, -23.82067 ], [ -46.61705, -23.82269 ], [ -46.61724, -23.82407 ], [ -46.61773, -23.82473 ], [ -46.61819, -23.8275 ], [ -46.61828, -23.82883 ], [ -46.61819, -23.82914 ], [ -46.61796, -23.82924 ], [ -46.61734, -23.82866 ], [ -46.61608, -23.82518 ], [ -46.61567, -23.82463 ], [ -46.61517, -23.82449 ], [ -46.61469, -23.82452 ], [ -46.61438, -23.8248 ], [ -46.61379, -23.82576 ], [ -46.61337, -23.82678 ], [ -46.61335, -23.82767 ], [ -46.61317, -23.82799 ], [ -46.61295, -23.82766 ], [ -46.61272, -23.82661 ], [ -46.61243, -23.8264 ], [ -46.61217, -23.82645 ], [ -46.61037, -23.82756 ], [ -46.60974, -23.82782 ], [ -46.60939, -23.82778 ], [ -46.60935, -23.82762 ], [ -46.61018, -23.82673 ], [ -46.61086, -23.82567 ], [ -46.61137, -23.82434 ], [ -46.61133, -23.82362 ], [ -46.61112, -23.82325 ], [ -46.61077, -23.82298 ], [ -46.61072, -23.82277 ], [ -46.61086, -23.82265 ], [ -46.61123, -23.82267 ], [ -46.61188, -23.82293 ], [ -46.61223, -23.82287 ], [ -46.61347, -23.82212 ], [ -46.61438, -23.82189 ], [ -46.61467, -23.82155 ], [ -46.6147, -23.82127 ], [ -46.61417, -23.82059 ], [ -46.61414, -23.82035 ], [ -46.61431, -23.82021 ], [ -46.61482, -23.82037 ], [ -46.6153, -23.81997 ], [ -46.61578, -23.81927 ], [ -46.61579, -23.81847 ], [ -46.61527, -23.81813 ], [ -46.6147, -23.81799 ], [ -46.61329, -23.81836 ], [ -46.61214, -23.81837 ], [ -46.61186, -23.81806 ], [ -46.61195, -23.81772 ], [ -46.61244, -23.81727 ], [ -46.61458, -23.81669 ], [ -46.61521, -23.81591 ], [ -46.61549, -23.81464 ], [ -46.61549, -23.81337 ], [ -46.6153, -23.81261 ], [ -46.61572, -23.81174 ], [ -46.61834, -23.80908 ], [ -46.62061, -23.80799 ], [ -46.6208, -23.80762 ], [ -46.62071, -23.80676 ], [ -46.62006, -23.80578 ], [ -46.61963, -23.80548 ], [ -46.61852, -23.80533 ], [ -46.61852, -23.805 ], [ -46.61887, -23.80428 ], [ -46.61873, -23.80301 ], [ -46.61853, -23.80245 ], [ -46.61783, -23.80227 ], [ -46.61772, -23.80209 ], [ -46.61859, -23.80165 ], [ -46.61893, -23.80116 ], [ -46.61932, -23.79979 ], [ -46.61927, -23.7986 ], [ -46.61913, -23.79808 ], [ -46.61891, -23.79784 ], [ -46.61854, -23.79774 ], [ -46.61757, -23.79801 ], [ -46.61629, -23.79875 ], [ -46.61475, -23.80007 ], [ -46.61411, -23.8009 ], [ -46.61381, -23.80108 ], [ -46.61239, -23.8011 ], [ -46.61129, -23.80156 ], [ -46.61086, -23.80203 ], [ -46.61077, -23.80258 ], [ -46.61126, -23.80337 ], [ -46.6117, -23.80446 ], [ -46.61178, -23.8049 ], [ -46.6117, -23.80523 ], [ -46.61015, -23.80586 ], [ -46.60958, -23.80626 ], [ -46.60934, -23.80631 ], [ -46.6091, -23.80617 ], [ -46.60853, -23.80457 ], [ -46.60769, -23.80381 ], [ -46.60647, -23.80371 ], [ -46.60563, -23.80408 ], [ -46.60534, -23.80407 ], [ -46.60499, -23.80399 ], [ -46.6044, -23.80342 ], [ -46.60383, -23.8032 ], [ -46.60321, -23.80314 ], [ -46.60176, -23.80337 ], [ -46.60105, -23.80369 ], [ -46.6009, -23.804 ], [ -46.6007, -23.80565 ], [ -46.6013, -23.80624 ], [ -46.60081, -23.80684 ], [ -46.60092, -23.80725 ], [ -46.60134, -23.80746 ], [ -46.60176, -23.8074 ], [ -46.60281, -23.80698 ], [ -46.60307, -23.80701 ], [ -46.60318, -23.80729 ], [ -46.60276, -23.80776 ], [ -46.60261, -23.80815 ], [ -46.60211, -23.80816 ], [ -46.60158, -23.80856 ], [ -46.60051, -23.80854 ], [ -46.60026, -23.80875 ], [ -46.60025, -23.80922 ], [ -46.60039, -23.80956 ], [ -46.6014, -23.80996 ], [ -46.60193, -23.81002 ], [ -46.60329, -23.80937 ], [ -46.60361, -23.80941 ], [ -46.60356, -23.8097 ], [ -46.60293, -23.81033 ], [ -46.60337, -23.81117 ], [ -46.60314, -23.81133 ], [ -46.60205, -23.81093 ], [ -46.60219, -23.81173 ], [ -46.60217, -23.81189 ], [ -46.60194, -23.81189 ], [ -46.60099, -23.81111 ], [ -46.60045, -23.81101 ], [ -46.59995, -23.8111 ], [ -46.59911, -23.81061 ], [ -46.59892, -23.81061 ], [ -46.59864, -23.81093 ], [ -46.59842, -23.8117 ], [ -46.59866, -23.81223 ], [ -46.59945, -23.81279 ], [ -46.59879, -23.81314 ], [ -46.59857, -23.81334 ], [ -46.59856, -23.81356 ], [ -46.59902, -23.8142 ], [ -46.59978, -23.81449 ], [ -46.60075, -23.81441 ], [ -46.601, -23.81552 ], [ -46.60139, -23.81594 ], [ -46.60272, -23.81593 ], [ -46.60294, -23.81607 ], [ -46.60211, -23.81651 ], [ -46.60218, -23.81719 ], [ -46.60193, -23.81726 ], [ -46.60082, -23.81638 ], [ -46.59937, -23.81576 ], [ -46.59861, -23.81573 ], [ -46.59796, -23.81607 ], [ -46.59758, -23.81748 ], [ -46.59757, -23.81822 ], [ -46.59776, -23.81887 ], [ -46.5983, -23.81997 ], [ -46.59928, -23.82068 ], [ -46.59941, -23.82093 ], [ -46.59915, -23.82104 ], [ -46.59775, -23.82051 ], [ -46.59716, -23.82049 ], [ -46.5962, -23.82093 ], [ -46.59547, -23.82183 ], [ -46.59555, -23.82339 ], [ -46.59589, -23.82393 ], [ -46.59727, -23.82537 ], [ -46.59724, -23.82554 ], [ -46.59565, -23.82473 ], [ -46.59498, -23.82455 ], [ -46.59357, -23.82482 ], [ -46.59323, -23.82515 ], [ -46.59321, -23.82546 ], [ -46.59396, -23.82663 ], [ -46.59378, -23.82667 ], [ -46.593, -23.82637 ], [ -46.5924, -23.82642 ], [ -46.59215, -23.82663 ], [ -46.59173, -23.82782 ], [ -46.59123, -23.8285 ], [ -46.59136, -23.82875 ], [ -46.5924, -23.82895 ], [ -46.59135, -23.82922 ], [ -46.59114, -23.82946 ], [ -46.59137, -23.83085 ], [ -46.59266, -23.8312 ], [ -46.59266, -23.8315 ], [ -46.59233, -23.83175 ], [ -46.59236, -23.83232 ], [ -46.59264, -23.83268 ], [ -46.59495, -23.83397 ], [ -46.59503, -23.83425 ], [ -46.59485, -23.8344 ], [ -46.59458, -23.83447 ], [ -46.59339, -23.83417 ], [ -46.59087, -23.83291 ], [ -46.59037, -23.83299 ], [ -46.59004, -23.83323 ], [ -46.58966, -23.8342 ], [ -46.58955, -23.83481 ], [ -46.59011, -23.83579 ], [ -46.58954, -23.83683 ], [ -46.58918, -23.83858 ], [ -46.58902, -23.83886 ], [ -46.58839, -23.83904 ], [ -46.58795, -23.83895 ], [ -46.58749, -23.83792 ], [ -46.58653, -23.83729 ], [ -46.58636, -23.83701 ], [ -46.58635, -23.83666 ], [ -46.58698, -23.83484 ], [ -46.5872, -23.83318 ], [ -46.588, -23.83207 ], [ -46.58851, -23.83054 ], [ -46.58882, -23.83004 ], [ -46.58952, -23.82825 ], [ -46.58958, -23.82773 ], [ -46.58927, -23.82653 ], [ -46.58886, -23.82638 ], [ -46.58846, -23.82653 ], [ -46.58736, -23.82625 ], [ -46.58686, -23.82638 ], [ -46.58643, -23.82633 ], [ -46.58625, -23.82664 ], [ -46.58511, -23.82719 ], [ -46.58405, -23.8282 ], [ -46.58242, -23.82946 ], [ -46.58158, -23.82983 ], [ -46.58087, -23.82984 ], [ -46.5795, -23.83024 ], [ -46.57815, -23.83112 ], [ -46.57711, -23.83214 ], [ -46.57682, -23.83204 ], [ -46.57667, -23.83151 ], [ -46.5766, -23.83043 ], [ -46.57681, -23.82975 ], [ -46.57719, -23.82962 ], [ -46.57898, -23.82968 ], [ -46.57973, -23.82958 ], [ -46.58125, -23.82886 ], [ -46.58184, -23.82871 ], [ -46.58534, -23.82575 ], [ -46.58612, -23.82438 ], [ -46.58639, -23.82429 ], [ -46.58763, -23.82461 ], [ -46.58816, -23.82455 ], [ -46.58985, -23.82374 ], [ -46.5904, -23.82331 ], [ -46.59057, -23.82287 ], [ -46.59043, -23.82253 ], [ -46.58851, -23.82129 ], [ -46.59078, -23.82188 ], [ -46.59137, -23.82197 ], [ -46.59157, -23.82189 ], [ -46.59167, -23.82167 ], [ -46.59153, -23.82139 ], [ -46.59098, -23.82083 ], [ -46.59106, -23.82063 ], [ -46.59173, -23.8203 ], [ -46.59178, -23.81967 ], [ -46.59135, -23.81922 ], [ -46.58987, -23.81896 ], [ -46.58963, -23.81867 ], [ -46.5899, -23.81845 ], [ -46.59187, -23.81822 ], [ -46.59206, -23.818 ], [ -46.59201, -23.81774 ], [ -46.59157, -23.81735 ], [ -46.5915, -23.81703 ], [ -46.59224, -23.81715 ], [ -46.59267, -23.81702 ], [ -46.59321, -23.81656 ], [ -46.59329, -23.81527 ], [ -46.59347, -23.81452 ], [ -46.59308, -23.81326 ], [ -46.59319, -23.81247 ], [ -46.59301, -23.81101 ], [ -46.59277, -23.81064 ], [ -46.59255, -23.81056 ], [ -46.59121, -23.81051 ], [ -46.59043, -23.81076 ], [ -46.58851, -23.8126 ], [ -46.58818, -23.81277 ], [ -46.58679, -23.81306 ], [ -46.58644, -23.81282 ], [ -46.58639, -23.81247 ], [ -46.58658, -23.81196 ], [ -46.58702, -23.81143 ], [ -46.58907, -23.80988 ], [ -46.58976, -23.80903 ], [ -46.58997, -23.80844 ], [ -46.5909, -23.80843 ], [ -46.59186, -23.80813 ], [ -46.59251, -23.80778 ], [ -46.59262, -23.80747 ], [ -46.59242, -23.80712 ], [ -46.59082, -23.80597 ], [ -46.59076, -23.8056 ], [ -46.59086, -23.80536 ], [ -46.59107, -23.80519 ], [ -46.59141, -23.80518 ], [ -46.59344, -23.80596 ], [ -46.59405, -23.80596 ], [ -46.59454, -23.80581 ], [ -46.5949, -23.80547 ], [ -46.59545, -23.80442 ], [ -46.5954, -23.80417 ], [ -46.59483, -23.80373 ], [ -46.59502, -23.80286 ], [ -46.59561, -23.80315 ], [ -46.59583, -23.80296 ], [ -46.59599, -23.80255 ], [ -46.59596, -23.80218 ], [ -46.59553, -23.80148 ], [ -46.59657, -23.80119 ], [ -46.59667, -23.801 ], [ -46.59641, -23.80055 ], [ -46.59646, -23.80043 ], [ -46.59733, -23.79996 ], [ -46.5975, -23.79963 ], [ -46.5976, -23.7992 ], [ -46.5975, -23.79881 ], [ -46.59675, -23.79812 ], [ -46.59577, -23.79779 ], [ -46.59442, -23.79768 ], [ -46.59403, -23.79755 ], [ -46.59378, -23.79728 ], [ -46.59375, -23.79672 ], [ -46.59707, -23.79011 ], [ -46.59736, -23.78974 ], [ -46.59828, -23.78905 ], [ -46.5977, -23.78856 ], [ -46.59666, -23.78819 ], [ -46.59637, -23.7882 ], [ -46.59614, -23.78877 ], [ -46.59436, -23.78953 ], [ -46.59444, -23.78965 ], [ -46.59535, -23.78934 ], [ -46.59552, -23.7895 ], [ -46.59217, -23.79639 ], [ -46.59186, -23.7969 ], [ -46.59106, -23.79769 ], [ -46.59081, -23.79768 ], [ -46.59064, -23.79747 ], [ -46.59111, -23.79644 ], [ -46.59101, -23.79583 ], [ -46.59077, -23.79541 ], [ -46.59017, -23.795 ], [ -46.58948, -23.79475 ], [ -46.58841, -23.7948 ], [ -46.58775, -23.79461 ], [ -46.58666, -23.79498 ], [ -46.586, -23.79542 ], [ -46.58482, -23.79682 ], [ -46.58446, -23.79834 ], [ -46.58387, -23.79854 ], [ -46.58298, -23.79915 ], [ -46.58309, -23.79875 ], [ -46.58376, -23.79767 ], [ -46.5841, -23.79661 ], [ -46.58443, -23.79446 ], [ -46.58355, -23.79336 ], [ -46.58241, -23.79295 ], [ -46.58161, -23.79311 ], [ -46.58127, -23.79298 ], [ -46.5809, -23.79281 ], [ -46.58049, -23.79202 ], [ -46.58022, -23.79178 ], [ -46.57914, -23.79157 ], [ -46.57893, -23.79173 ], [ -46.57848, -23.79327 ], [ -46.57857, -23.79354 ], [ -46.57965, -23.79475 ], [ -46.57869, -23.79607 ], [ -46.57809, -23.79885 ], [ -46.57798, -23.79924 ], [ -46.57783, -23.79935 ], [ -46.57755, -23.79923 ], [ -46.5775, -23.79898 ], [ -46.57769, -23.79769 ], [ -46.57721, -23.79673 ], [ -46.57659, -23.79662 ], [ -46.57584, -23.79679 ], [ -46.57518, -23.79705 ], [ -46.57449, -23.79763 ], [ -46.57413, -23.7976 ], [ -46.57358, -23.79711 ], [ -46.57269, -23.79684 ], [ -46.57188, -23.79684 ], [ -46.57069, -23.79737 ], [ -46.57042, -23.79778 ], [ -46.57028, -23.79886 ], [ -46.57087, -23.79947 ], [ -46.5711, -23.79982 ], [ -46.5711, -23.80004 ], [ -46.57083, -23.80018 ], [ -46.56948, -23.80032 ], [ -46.56897, -23.80061 ], [ -46.56858, -23.80131 ], [ -46.56846, -23.80234 ], [ -46.56756, -23.80315 ], [ -46.56644, -23.80475 ], [ -46.56612, -23.80491 ], [ -46.56577, -23.8049 ], [ -46.56473, -23.80466 ], [ -46.56382, -23.8051 ], [ -46.56336, -23.80516 ], [ -46.56287, -23.80502 ], [ -46.56186, -23.80435 ], [ -46.56131, -23.80422 ], [ -46.56039, -23.80418 ], [ -46.55972, -23.80434 ], [ -46.55942, -23.80454 ], [ -46.55943, -23.80484 ], [ -46.55979, -23.8051 ], [ -46.56058, -23.80524 ], [ -46.56025, -23.80601 ], [ -46.56041, -23.80621 ], [ -46.56176, -23.80667 ], [ -46.56264, -23.80716 ], [ -46.56321, -23.80689 ], [ -46.56367, -23.80646 ], [ -46.56433, -23.80637 ], [ -46.56336, -23.80759 ], [ -46.56339, -23.80803 ], [ -46.56541, -23.81023 ], [ -46.56591, -23.81063 ], [ -46.56657, -23.81092 ], [ -46.56701, -23.81136 ], [ -46.56901, -23.81365 ], [ -46.56914, -23.81421 ], [ -46.56913, -23.81519 ], [ -46.56871, -23.81519 ], [ -46.56775, -23.81396 ], [ -46.56637, -23.8128 ], [ -46.56618, -23.8125 ], [ -46.56529, -23.81187 ], [ -46.56482, -23.81187 ], [ -46.56446, -23.81211 ], [ -46.56421, -23.81248 ], [ -46.56407, -23.81312 ], [ -46.56388, -23.81298 ], [ -46.56407, -23.81191 ], [ -46.5639, -23.81064 ], [ -46.56363, -23.8103 ], [ -46.56305, -23.81018 ], [ -46.5631, -23.80959 ], [ -46.56291, -23.8092 ], [ -46.56246, -23.80872 ], [ -46.56203, -23.80857 ], [ -46.56196, -23.80833 ], [ -46.56119, -23.80754 ], [ -46.56053, -23.8073 ], [ -46.55985, -23.80732 ], [ -46.55963, -23.8075 ], [ -46.55965, -23.80884 ], [ -46.55943, -23.80869 ], [ -46.55863, -23.80734 ], [ -46.55888, -23.80644 ], [ -46.55888, -23.80616 ], [ -46.5587, -23.80595 ], [ -46.55839, -23.80584 ], [ -46.55796, -23.80609 ], [ -46.55828, -23.80708 ], [ -46.55773, -23.80907 ], [ -46.5578, -23.80959 ], [ -46.55801, -23.81001 ], [ -46.55839, -23.81044 ], [ -46.55916, -23.81085 ], [ -46.55928, -23.81104 ], [ -46.55902, -23.81105 ], [ -46.55737, -23.81038 ], [ -46.5571, -23.81008 ], [ -46.55686, -23.80896 ], [ -46.55736, -23.80763 ], [ -46.55727, -23.80716 ], [ -46.55692, -23.80668 ], [ -46.55658, -23.80675 ], [ -46.55603, -23.80715 ], [ -46.55597, -23.80736 ], [ -46.55617, -23.80812 ], [ -46.55657, -23.80874 ], [ -46.5566, -23.80911 ], [ -46.55491, -23.8102 ], [ -46.55506, -23.81209 ], [ -46.5553, -23.81233 ], [ -46.55632, -23.81242 ], [ -46.5565, -23.8132 ], [ -46.55834, -23.81316 ], [ -46.55832, -23.81342 ], [ -46.55739, -23.81401 ], [ -46.55673, -23.81466 ], [ -46.55671, -23.81485 ], [ -46.55683, -23.81497 ], [ -46.55846, -23.81488 ], [ -46.55863, -23.81497 ], [ -46.55889, -23.81565 ], [ -46.55923, -23.81612 ], [ -46.56009, -23.81638 ], [ -46.55995, -23.81709 ], [ -46.56004, -23.81751 ], [ -46.56028, -23.8178 ], [ -46.56171, -23.81855 ], [ -46.56067, -23.81875 ], [ -46.55972, -23.81835 ], [ -46.55836, -23.81664 ], [ -46.55802, -23.81641 ], [ -46.55744, -23.81639 ], [ -46.55718, -23.81661 ], [ -46.55713, -23.81697 ], [ -46.55781, -23.81763 ], [ -46.55852, -23.81926 ], [ -46.55841, -23.82001 ], [ -46.55873, -23.82032 ], [ -46.55961, -23.82071 ], [ -46.55973, -23.82163 ], [ -46.56004, -23.822 ], [ -46.56035, -23.82223 ], [ -46.56092, -23.82226 ], [ -46.56131, -23.82245 ], [ -46.56159, -23.82278 ], [ -46.56207, -23.82295 ], [ -46.56272, -23.82287 ], [ -46.56454, -23.82346 ], [ -46.56531, -23.82341 ], [ -46.56619, -23.82313 ], [ -46.56665, -23.82331 ], [ -46.56683, -23.82357 ], [ -46.56682, -23.82387 ], [ -46.56666, -23.82403 ], [ -46.56594, -23.82429 ], [ -46.56482, -23.82456 ], [ -46.56372, -23.82437 ], [ -46.56309, -23.82477 ], [ -46.56245, -23.82462 ], [ -46.56234, -23.8244 ], [ -46.56207, -23.82425 ], [ -46.56084, -23.82405 ], [ -46.56047, -23.8241 ], [ -46.56018, -23.82452 ], [ -46.56018, -23.8263 ], [ -46.55974, -23.82839 ], [ -46.5597, -23.83 ], [ -46.55954, -23.82997 ], [ -46.55918, -23.82951 ], [ -46.55855, -23.82795 ], [ -46.55865, -23.82709 ], [ -46.55831, -23.82627 ], [ -46.55825, -23.82562 ], [ -46.5583, -23.82496 ], [ -46.55852, -23.8247 ], [ -46.5586, -23.82341 ], [ -46.5585, -23.82314 ], [ -46.55807, -23.82295 ], [ -46.5578, -23.82303 ], [ -46.5569, -23.82405 ], [ -46.55644, -23.82493 ], [ -46.55598, -23.82517 ], [ -46.55549, -23.82482 ], [ -46.55553, -23.82414 ], [ -46.55678, -23.82249 ], [ -46.55688, -23.82196 ], [ -46.55676, -23.82175 ], [ -46.55636, -23.82167 ], [ -46.55593, -23.82191 ], [ -46.55525, -23.82265 ], [ -46.55464, -23.82293 ], [ -46.55425, -23.82301 ], [ -46.55402, -23.82285 ], [ -46.55399, -23.82258 ], [ -46.55483, -23.82182 ], [ -46.55512, -23.82103 ], [ -46.55535, -23.82097 ], [ -46.55585, -23.82048 ], [ -46.55591, -23.81983 ], [ -46.55615, -23.81958 ], [ -46.55612, -23.81862 ], [ -46.55593, -23.81818 ], [ -46.55548, -23.81801 ], [ -46.55503, -23.81807 ], [ -46.55477, -23.81783 ], [ -46.5542, -23.81781 ], [ -46.55355, -23.81807 ], [ -46.55319, -23.81851 ], [ -46.55278, -23.81935 ], [ -46.55248, -23.8195 ], [ -46.55236, -23.81938 ], [ -46.55245, -23.81847 ], [ -46.55288, -23.81781 ], [ -46.55331, -23.81741 ], [ -46.55494, -23.81681 ], [ -46.55513, -23.81652 ], [ -46.55491, -23.81611 ], [ -46.55512, -23.81489 ], [ -46.55485, -23.81438 ], [ -46.55394, -23.81389 ], [ -46.55322, -23.81407 ], [ -46.55151, -23.81569 ], [ -46.5504, -23.81722 ], [ -46.54879, -23.81855 ], [ -46.54934, -23.8176 ], [ -46.5493, -23.81685 ], [ -46.54999, -23.81547 ], [ -46.55049, -23.81511 ], [ -46.55076, -23.81454 ], [ -46.55059, -23.81391 ], [ -46.55067, -23.81368 ], [ -46.5509, -23.81357 ], [ -46.55112, -23.81363 ], [ -46.55162, -23.81396 ], [ -46.55199, -23.81379 ], [ -46.5525, -23.8131 ], [ -46.55255, -23.81271 ], [ -46.55233, -23.81213 ], [ -46.5526, -23.81141 ], [ -46.55256, -23.8108 ], [ -46.55201, -23.8101 ], [ -46.55155, -23.80996 ], [ -46.55058, -23.80992 ], [ -46.54997, -23.80942 ], [ -46.54925, -23.80945 ], [ -46.54854, -23.80997 ], [ -46.54812, -23.8108 ], [ -46.54732, -23.81185 ], [ -46.54606, -23.81302 ], [ -46.54598, -23.81285 ], [ -46.54796, -23.80925 ], [ -46.54794, -23.80898 ], [ -46.54757, -23.80882 ], [ -46.54628, -23.80862 ], [ -46.54589, -23.80873 ], [ -46.54567, -23.80888 ], [ -46.5455, -23.80927 ], [ -46.54475, -23.80987 ], [ -46.54446, -23.80973 ], [ -46.54408, -23.8093 ], [ -46.54369, -23.8093 ], [ -46.54229, -23.81042 ], [ -46.54084, -23.81103 ], [ -46.54056, -23.81134 ], [ -46.54055, -23.81151 ], [ -46.54085, -23.81168 ], [ -46.54198, -23.81176 ], [ -46.5429, -23.81212 ], [ -46.54269, -23.81238 ], [ -46.5415, -23.8127 ], [ -46.54149, -23.8133 ], [ -46.54162, -23.8135 ], [ -46.54146, -23.81364 ], [ -46.54093, -23.81367 ], [ -46.54079, -23.8139 ], [ -46.54109, -23.81448 ], [ -46.54149, -23.81456 ], [ -46.5418, -23.81483 ], [ -46.54178, -23.81494 ], [ -46.54121, -23.81518 ], [ -46.54094, -23.81569 ], [ -46.54087, -23.8161 ], [ -46.54101, -23.81669 ], [ -46.54073, -23.81726 ], [ -46.54091, -23.81745 ], [ -46.54115, -23.81749 ], [ -46.54221, -23.81694 ], [ -46.54301, -23.81671 ], [ -46.54296, -23.81721 ], [ -46.54184, -23.81836 ], [ -46.54198, -23.81864 ], [ -46.5423, -23.81872 ], [ -46.54308, -23.81852 ], [ -46.54278, -23.81914 ], [ -46.54145, -23.81964 ], [ -46.54137, -23.81983 ], [ -46.54153, -23.82031 ], [ -46.54213, -23.82084 ], [ -46.5412, -23.82103 ], [ -46.54093, -23.82125 ], [ -46.54042, -23.82269 ], [ -46.54057, -23.8228 ], [ -46.54135, -23.82238 ], [ -46.54227, -23.82165 ], [ -46.5427, -23.82106 ], [ -46.5441, -23.82025 ], [ -46.54314, -23.82213 ], [ -46.54271, -23.82264 ], [ -46.54155, -23.82359 ], [ -46.54136, -23.82384 ], [ -46.54141, -23.82414 ], [ -46.54161, -23.82433 ], [ -46.54199, -23.82438 ], [ -46.54251, -23.82417 ], [ -46.543, -23.82454 ], [ -46.54353, -23.82437 ], [ -46.54429, -23.82433 ], [ -46.54508, -23.82392 ], [ -46.54488, -23.8244 ], [ -46.54454, -23.8248 ], [ -46.54357, -23.82532 ], [ -46.54258, -23.82551 ], [ -46.54238, -23.82571 ], [ -46.54245, -23.82598 ], [ -46.54258, -23.82613 ], [ -46.54293, -23.82619 ], [ -46.54334, -23.82607 ], [ -46.54342, -23.82585 ], [ -46.54358, -23.82612 ], [ -46.54361, -23.82666 ], [ -46.54381, -23.82685 ], [ -46.54436, -23.82683 ], [ -46.54712, -23.82587 ], [ -46.54769, -23.82595 ], [ -46.54765, -23.82633 ], [ -46.5472, -23.82633 ], [ -46.54689, -23.82668 ], [ -46.5462, -23.82691 ], [ -46.54549, -23.82738 ], [ -46.54531, -23.82771 ], [ -46.54576, -23.82827 ], [ -46.54597, -23.82896 ], [ -46.54635, -23.82929 ], [ -46.54675, -23.82924 ], [ -46.54758, -23.82878 ], [ -46.548, -23.82884 ], [ -46.54812, -23.82945 ], [ -46.54848, -23.82952 ], [ -46.54829, -23.82979 ], [ -46.54751, -23.82997 ], [ -46.54722, -23.83022 ], [ -46.5474, -23.83089 ], [ -46.54856, -23.8322 ], [ -46.5486, -23.83282 ], [ -46.54887, -23.83337 ], [ -46.55024, -23.83484 ], [ -46.55016, -23.83553 ], [ -46.54922, -23.83726 ], [ -46.54896, -23.83736 ], [ -46.54887, -23.83713 ], [ -46.54884, -23.83619 ], [ -46.54861, -23.83514 ], [ -46.54658, -23.83295 ], [ -46.54583, -23.83151 ], [ -46.54423, -23.82931 ], [ -46.54335, -23.82874 ], [ -46.54078, -23.82752 ], [ -46.54032, -23.82758 ], [ -46.53965, -23.82801 ], [ -46.53939, -23.82805 ], [ -46.53916, -23.82807 ], [ -46.53879, -23.82767 ], [ -46.53854, -23.82761 ], [ -46.5375, -23.82791 ], [ -46.53717, -23.82818 ], [ -46.5371, -23.82882 ], [ -46.53733, -23.82908 ], [ -46.5376, -23.82911 ], [ -46.53782, -23.82906 ], [ -46.53877, -23.82833 ], [ -46.53906, -23.82833 ], [ -46.53925, -23.82848 ], [ -46.53921, -23.82904 ], [ -46.53904, -23.82943 ], [ -46.53909, -23.82964 ], [ -46.53961, -23.83012 ], [ -46.53905, -23.83034 ], [ -46.53908, -23.83079 ], [ -46.54023, -23.83201 ], [ -46.5409, -23.83365 ], [ -46.54137, -23.83384 ], [ -46.5417, -23.83372 ], [ -46.54229, -23.83281 ], [ -46.54244, -23.83275 ], [ -46.54247, -23.83386 ], [ -46.54372, -23.83445 ], [ -46.54402, -23.83476 ], [ -46.5443, -23.83566 ], [ -46.54423, -23.83645 ], [ -46.54434, -23.83683 ], [ -46.54424, -23.83725 ], [ -46.54374, -23.83733 ], [ -46.54329, -23.8378 ], [ -46.54314, -23.83817 ], [ -46.54333, -23.83854 ], [ -46.54478, -23.8397 ], [ -46.545, -23.84013 ], [ -46.54456, -23.84026 ], [ -46.54393, -23.84022 ], [ -46.54363, -23.84031 ], [ -46.5435, -23.84052 ], [ -46.54382, -23.84077 ], [ -46.54544, -23.84116 ], [ -46.54693, -23.8405 ], [ -46.54766, -23.83959 ], [ -46.54807, -23.83933 ], [ -46.54749, -23.84061 ], [ -46.54746, -23.84133 ], [ -46.54644, -23.84219 ], [ -46.54633, -23.84273 ], [ -46.54646, -23.84328 ], [ -46.54684, -23.84345 ], [ -46.5487, -23.84367 ], [ -46.54915, -23.84333 ], [ -46.5493, -23.843 ], [ -46.54973, -23.84297 ], [ -46.54993, -23.84336 ], [ -46.54978, -23.84409 ], [ -46.55025, -23.84435 ], [ -46.5507, -23.84418 ], [ -46.55133, -23.84354 ], [ -46.55215, -23.843 ], [ -46.55271, -23.84289 ], [ -46.55283, -23.84302 ], [ -46.55282, -23.84327 ], [ -46.55166, -23.84476 ], [ -46.55171, -23.84497 ], [ -46.55234, -23.84576 ], [ -46.55362, -23.84643 ], [ -46.55397, -23.84674 ], [ -46.55404, -23.84696 ], [ -46.55358, -23.84712 ], [ -46.55313, -23.84701 ], [ -46.55101, -23.84591 ], [ -46.55048, -23.84576 ], [ -46.55016, -23.84583 ], [ -46.54974, -23.84624 ], [ -46.54957, -23.84622 ], [ -46.54946, -23.8458 ], [ -46.54926, -23.84573 ], [ -46.54909, -23.84579 ], [ -46.54902, -23.84601 ], [ -46.54931, -23.84647 ], [ -46.54894, -23.84726 ], [ -46.54902, -23.84746 ], [ -46.54987, -23.84754 ], [ -46.55069, -23.84732 ], [ -46.5511, -23.84748 ], [ -46.55104, -23.84812 ], [ -46.5507, -23.84883 ], [ -46.55083, -23.84919 ], [ -46.55127, -23.8496 ], [ -46.5521, -23.84956 ], [ -46.55265, -23.85046 ], [ -46.55308, -23.85067 ], [ -46.55352, -23.85053 ], [ -46.55381, -23.84992 ], [ -46.55398, -23.84986 ], [ -46.55398, -23.85059 ], [ -46.55421, -23.85077 ], [ -46.55457, -23.85059 ], [ -46.55472, -23.85022 ], [ -46.55511, -23.84993 ], [ -46.55576, -23.84996 ], [ -46.55615, -23.8497 ], [ -46.55666, -23.84965 ], [ -46.55684, -23.84946 ], [ -46.55726, -23.84933 ], [ -46.55796, -23.84949 ], [ -46.55813, -23.84922 ], [ -46.55847, -23.84912 ], [ -46.55898, -23.84928 ], [ -46.55955, -23.84999 ], [ -46.56119, -23.85047 ], [ -46.56126, -23.8508 ], [ -46.56098, -23.85106 ], [ -46.56047, -23.85122 ], [ -46.55965, -23.85093 ], [ -46.55925, -23.85095 ], [ -46.55817, -23.85114 ], [ -46.55763, -23.85137 ], [ -46.55757, -23.8521 ], [ -46.55658, -23.85203 ], [ -46.55616, -23.85223 ], [ -46.55601, -23.85254 ], [ -46.55598, -23.85323 ], [ -46.55575, -23.85349 ], [ -46.55551, -23.85338 ], [ -46.55527, -23.85253 ], [ -46.55501, -23.85235 ], [ -46.55425, -23.85231 ], [ -46.55345, -23.85257 ], [ -46.55332, -23.85276 ], [ -46.55332, -23.85313 ], [ -46.55362, -23.85407 ], [ -46.55443, -23.85469 ], [ -46.55527, -23.85565 ], [ -46.5555, -23.85569 ], [ -46.55587, -23.85527 ], [ -46.55607, -23.85524 ], [ -46.55634, -23.85579 ], [ -46.55663, -23.85599 ], [ -46.55684, -23.85637 ], [ -46.55735, -23.85664 ], [ -46.55792, -23.8566 ], [ -46.55811, -23.85642 ], [ -46.55862, -23.85528 ], [ -46.55893, -23.855 ], [ -46.55906, -23.85502 ], [ -46.55913, -23.85517 ], [ -46.55895, -23.85633 ], [ -46.55904, -23.85664 ], [ -46.56005, -23.85678 ], [ -46.5612, -23.85657 ], [ -46.56143, -23.85663 ], [ -46.56156, -23.85678 ], [ -46.56146, -23.85705 ], [ -46.56152, -23.85748 ], [ -46.56253, -23.85812 ], [ -46.56353, -23.85803 ], [ -46.56447, -23.85914 ], [ -46.56503, -23.85928 ], [ -46.56593, -23.85878 ], [ -46.56605, -23.85897 ], [ -46.56616, -23.8605 ], [ -46.56577, -23.86064 ], [ -46.56522, -23.86041 ], [ -46.5644, -23.86028 ], [ -46.56367, -23.86053 ], [ -46.56343, -23.86026 ], [ -46.56286, -23.85999 ], [ -46.56236, -23.86015 ], [ -46.56202, -23.8605 ], [ -46.56179, -23.86049 ], [ -46.55997, -23.85883 ], [ -46.55961, -23.85869 ], [ -46.55886, -23.85874 ], [ -46.5586, -23.85899 ], [ -46.55835, -23.85956 ], [ -46.55817, -23.85965 ], [ -46.55797, -23.85955 ], [ -46.55778, -23.85885 ], [ -46.55753, -23.85862 ], [ -46.55695, -23.85847 ], [ -46.5566, -23.85862 ], [ -46.55627, -23.85927 ], [ -46.55588, -23.86116 ], [ -46.55631, -23.86174 ], [ -46.55716, -23.86234 ], [ -46.55764, -23.86176 ], [ -46.55773, -23.86139 ], [ -46.55798, -23.86109 ], [ -46.55844, -23.86095 ], [ -46.55851, -23.86115 ], [ -46.55795, -23.86249 ], [ -46.55792, -23.86305 ], [ -46.5581, -23.86313 ], [ -46.55859, -23.86302 ], [ -46.55914, -23.86337 ], [ -46.55918, -23.86361 ], [ -46.56034, -23.8636 ], [ -46.56058, -23.86335 ], [ -46.56074, -23.86286 ], [ -46.56094, -23.86278 ], [ -46.56095, -23.86412 ], [ -46.56003, -23.86452 ], [ -46.5599, -23.86488 ], [ -46.56011, -23.865 ], [ -46.56084, -23.86517 ], [ -46.56136, -23.86505 ], [ -46.562, -23.86546 ], [ -46.56231, -23.86428 ], [ -46.56253, -23.8642 ], [ -46.56297, -23.86438 ], [ -46.56375, -23.8643 ], [ -46.56402, -23.8644 ], [ -46.56413, -23.86457 ], [ -46.56399, -23.8663 ], [ -46.56458, -23.86676 ], [ -46.56518, -23.86666 ], [ -46.56579, -23.86563 ], [ -46.56663, -23.86459 ], [ -46.56681, -23.86458 ], [ -46.56705, -23.86683 ], [ -46.56687, -23.86715 ], [ -46.56697, -23.86727 ], [ -46.56738, -23.8672 ], [ -46.5676, -23.86731 ], [ -46.56805, -23.86851 ], [ -46.56645, -23.86998 ], [ -46.56614, -23.87012 ], [ -46.56562, -23.87003 ], [ -46.56495, -23.8708 ], [ -46.56449, -23.87164 ], [ -46.56392, -23.87131 ], [ -46.564, -23.87081 ], [ -46.56387, -23.87047 ], [ -46.56318, -23.87035 ], [ -46.56324, -23.87004 ], [ -46.56307, -23.86985 ], [ -46.56222, -23.86989 ], [ -46.56182, -23.87023 ], [ -46.56172, -23.8705 ], [ -46.56178, -23.87079 ], [ -46.5623, -23.87108 ], [ -46.5625, -23.87197 ], [ -46.56203, -23.87262 ], [ -46.56167, -23.87271 ], [ -46.5616, -23.87291 ], [ -46.56227, -23.87377 ], [ -46.56226, -23.87393 ], [ -46.56151, -23.87383 ], [ -46.56132, -23.87391 ], [ -46.56127, -23.87412 ], [ -46.5619, -23.87473 ], [ -46.56392, -23.87535 ], [ -46.56506, -23.87608 ], [ -46.56351, -23.87623 ], [ -46.56222, -23.87608 ], [ -46.56195, -23.87622 ], [ -46.56195, -23.87656 ], [ -46.56222, -23.87701 ], [ -46.56262, -23.87735 ], [ -46.56356, -23.87778 ], [ -46.56379, -23.8781 ], [ -46.56375, -23.87832 ], [ -46.56348, -23.87841 ], [ -46.56197, -23.87817 ], [ -46.56169, -23.87843 ], [ -46.55744, -23.87863 ], [ -46.55679, -23.8782 ], [ -46.55676, -23.87746 ], [ -46.55712, -23.87727 ], [ -46.55731, -23.8768 ], [ -46.557, -23.87619 ], [ -46.55651, -23.87606 ], [ -46.55618, -23.87574 ], [ -46.55602, -23.87512 ], [ -46.55614, -23.87443 ], [ -46.55653, -23.87397 ], [ -46.55647, -23.87338 ], [ -46.55679, -23.87277 ], [ -46.55701, -23.87262 ], [ -46.55799, -23.87251 ], [ -46.55819, -23.87228 ], [ -46.55777, -23.87165 ], [ -46.5575, -23.8715 ], [ -46.55663, -23.8717 ], [ -46.55637, -23.87158 ], [ -46.55627, -23.87124 ], [ -46.55644, -23.87072 ], [ -46.55678, -23.8705 ], [ -46.55752, -23.87048 ], [ -46.55834, -23.86945 ], [ -46.55834, -23.86873 ], [ -46.55791, -23.86817 ], [ -46.55795, -23.86774 ], [ -46.55765, -23.8674 ], [ -46.55737, -23.8673 ], [ -46.55715, -23.8674 ], [ -46.55669, -23.86735 ], [ -46.55607, -23.86683 ], [ -46.55573, -23.8669 ], [ -46.55558, -23.86706 ], [ -46.55495, -23.86823 ], [ -46.55487, -23.86856 ], [ -46.55512, -23.86919 ], [ -46.55491, -23.86967 ], [ -46.55497, -23.86988 ], [ -46.55532, -23.87015 ], [ -46.55591, -23.87041 ], [ -46.55525, -23.87085 ], [ -46.55494, -23.87146 ], [ -46.55414, -23.87182 ], [ -46.55388, -23.87209 ], [ -46.55372, -23.87213 ], [ -46.55345, -23.87193 ], [ -46.55385, -23.86944 ], [ -46.5538, -23.86812 ], [ -46.55366, -23.86803 ], [ -46.55315, -23.86826 ], [ -46.5528, -23.86871 ], [ -46.55267, -23.86961 ], [ -46.5525, -23.86991 ], [ -46.55281, -23.8704 ], [ -46.55269, -23.87079 ], [ -46.55279, -23.872 ], [ -46.55252, -23.87244 ], [ -46.55244, -23.87293 ], [ -46.55258, -23.87323 ], [ -46.55304, -23.87357 ], [ -46.55283, -23.8741 ], [ -46.55283, -23.87459 ], [ -46.55326, -23.87505 ], [ -46.55331, -23.87589 ], [ -46.55376, -23.87659 ], [ -46.55396, -23.87757 ], [ -46.55359, -23.87743 ], [ -46.55217, -23.87603 ], [ -46.55189, -23.87567 ], [ -46.55184, -23.87512 ], [ -46.55125, -23.87495 ], [ -46.5517, -23.87234 ], [ -46.55105, -23.8698 ], [ -46.55067, -23.86941 ], [ -46.55016, -23.86952 ], [ -46.54983, -23.86998 ], [ -46.54999, -23.87034 ], [ -46.54965, -23.87046 ], [ -46.54962, -23.87076 ], [ -46.55011, -23.87118 ], [ -46.54913, -23.87105 ], [ -46.54865, -23.87131 ], [ -46.54863, -23.87152 ], [ -46.54867, -23.87166 ], [ -46.5493, -23.87203 ], [ -46.54894, -23.8721 ], [ -46.54887, -23.87226 ], [ -46.549, -23.87262 ], [ -46.54956, -23.87307 ], [ -46.55019, -23.87318 ], [ -46.54985, -23.87351 ], [ -46.54931, -23.87367 ], [ -46.54891, -23.87338 ], [ -46.54836, -23.87321 ], [ -46.54771, -23.87344 ], [ -46.54745, -23.87374 ], [ -46.5476, -23.87399 ], [ -46.54848, -23.87435 ], [ -46.54763, -23.8745 ], [ -46.54754, -23.87483 ], [ -46.548, -23.87531 ], [ -46.54874, -23.87537 ], [ -46.54901, -23.87554 ], [ -46.54931, -23.87594 ], [ -46.54924, -23.87619 ], [ -46.54876, -23.8769 ], [ -46.54804, -23.8775 ], [ -46.54697, -23.87752 ], [ -46.54673, -23.87786 ], [ -46.54629, -23.87801 ], [ -46.5462, -23.87819 ], [ -46.54623, -23.87858 ], [ -46.54659, -23.87904 ], [ -46.54658, -23.87931 ], [ -46.54613, -23.87968 ], [ -46.54614, -23.87982 ], [ -46.54625, -23.87994 ], [ -46.54686, -23.87995 ], [ -46.54716, -23.88025 ], [ -46.54731, -23.88106 ], [ -46.54695, -23.88141 ], [ -46.54744, -23.88295 ], [ -46.54681, -23.8833 ], [ -46.54668, -23.88356 ], [ -46.54669, -23.88387 ], [ -46.54694, -23.88435 ], [ -46.54687, -23.88459 ], [ -46.54593, -23.88604 ], [ -46.54566, -23.88622 ], [ -46.54541, -23.88611 ], [ -46.54512, -23.88573 ], [ -46.54487, -23.88506 ], [ -46.54505, -23.883 ], [ -46.54533, -23.88248 ], [ -46.54506, -23.88174 ], [ -46.5446, -23.88125 ], [ -46.54454, -23.88102 ], [ -46.54469, -23.8804 ], [ -46.54453, -23.88016 ], [ -46.54453, -23.87962 ], [ -46.54379, -23.87883 ], [ -46.54352, -23.87875 ], [ -46.54212, -23.87933 ], [ -46.54159, -23.87988 ], [ -46.54121, -23.88008 ], [ -46.54015, -23.88188 ], [ -46.54028, -23.88208 ], [ -46.54082, -23.88232 ], [ -46.54104, -23.88272 ], [ -46.54089, -23.88306 ], [ -46.54018, -23.88335 ], [ -46.53958, -23.88424 ], [ -46.53871, -23.88479 ], [ -46.53856, -23.88523 ], [ -46.53856, -23.88577 ], [ -46.53841, -23.88605 ], [ -46.53782, -23.88626 ], [ -46.53741, -23.88676 ], [ -46.5372, -23.8867 ], [ -46.53713, -23.88653 ], [ -46.53741, -23.88563 ], [ -46.53777, -23.88508 ], [ -46.53792, -23.88403 ], [ -46.53827, -23.8832 ], [ -46.53829, -23.88253 ], [ -46.53816, -23.88208 ], [ -46.538, -23.88193 ], [ -46.53764, -23.8819 ], [ -46.53591, -23.88212 ], [ -46.53517, -23.8824 ], [ -46.53478, -23.88273 ], [ -46.53446, -23.88278 ], [ -46.5345, -23.88234 ], [ -46.53469, -23.88209 ], [ -46.5345, -23.88174 ], [ -46.53295, -23.88155 ], [ -46.53244, -23.88128 ], [ -46.5325, -23.88109 ], [ -46.5349, -23.88001 ], [ -46.53511, -23.88012 ], [ -46.53541, -23.88097 ], [ -46.53587, -23.88106 ], [ -46.53667, -23.88082 ], [ -46.53684, -23.88057 ], [ -46.53682, -23.88006 ], [ -46.53712, -23.87997 ], [ -46.53735, -23.88022 ], [ -46.53756, -23.87992 ], [ -46.53748, -23.87929 ], [ -46.53705, -23.8789 ], [ -46.53687, -23.87848 ], [ -46.53683, -23.87805 ], [ -46.53709, -23.8773 ], [ -46.53838, -23.87668 ], [ -46.53882, -23.87669 ], [ -46.53923, -23.87686 ], [ -46.53955, -23.87655 ], [ -46.53977, -23.87583 ], [ -46.54007, -23.87559 ], [ -46.54049, -23.87555 ], [ -46.541, -23.87574 ], [ -46.54126, -23.877 ], [ -46.54161, -23.87717 ], [ -46.54243, -23.87699 ], [ -46.54272, -23.87679 ], [ -46.54299, -23.87621 ], [ -46.54287, -23.87582 ], [ -46.54247, -23.87536 ], [ -46.54249, -23.87512 ], [ -46.54317, -23.87494 ], [ -46.54361, -23.87499 ], [ -46.54421, -23.87399 ], [ -46.54414, -23.87371 ], [ -46.54365, -23.87344 ], [ -46.54447, -23.8735 ], [ -46.54487, -23.87337 ], [ -46.54552, -23.87212 ], [ -46.54572, -23.87242 ], [ -46.54625, -23.87244 ], [ -46.54658, -23.87215 ], [ -46.54696, -23.87216 ], [ -46.5471, -23.87175 ], [ -46.54689, -23.87139 ], [ -46.54654, -23.87124 ], [ -46.546, -23.87115 ], [ -46.54519, -23.87128 ], [ -46.54451, -23.87114 ], [ -46.54414, -23.87128 ], [ -46.54409, -23.87203 ], [ -46.54376, -23.87226 ], [ -46.54338, -23.87129 ], [ -46.54281, -23.87103 ], [ -46.54193, -23.87125 ], [ -46.54169, -23.87203 ], [ -46.54137, -23.87216 ], [ -46.54041, -23.87208 ], [ -46.53911, -23.8723 ], [ -46.53695, -23.8733 ], [ -46.53662, -23.87323 ], [ -46.53665, -23.87273 ], [ -46.53782, -23.87171 ], [ -46.53834, -23.87066 ], [ -46.53898, -23.87052 ], [ -46.53919, -23.87065 ], [ -46.53955, -23.87061 ], [ -46.53998, -23.8701 ], [ -46.54019, -23.87004 ], [ -46.54059, -23.87026 ], [ -46.54132, -23.87 ], [ -46.54124, -23.86973 ], [ -46.54049, -23.86949 ], [ -46.54075, -23.86903 ], [ -46.5417, -23.86853 ], [ -46.5424, -23.86869 ], [ -46.54283, -23.86895 ], [ -46.5431, -23.86954 ], [ -46.54338, -23.86965 ], [ -46.5438, -23.86961 ], [ -46.54411, -23.8694 ], [ -46.5446, -23.86866 ], [ -46.54477, -23.86859 ], [ -46.54512, -23.86879 ], [ -46.54527, -23.86983 ], [ -46.54555, -23.86993 ], [ -46.54636, -23.86968 ], [ -46.54664, -23.8697 ], [ -46.54721, -23.87002 ], [ -46.54849, -23.86996 ], [ -46.54859, -23.86984 ], [ -46.54851, -23.86962 ], [ -46.54826, -23.86935 ], [ -46.54684, -23.8689 ], [ -46.54678, -23.86863 ], [ -46.54738, -23.8683 ], [ -46.54795, -23.86833 ], [ -46.54843, -23.86849 ], [ -46.54893, -23.86886 ], [ -46.54915, -23.8688 ], [ -46.54915, -23.86837 ], [ -46.54874, -23.86777 ], [ -46.54694, -23.8676 ], [ -46.54665, -23.86733 ], [ -46.5467, -23.86693 ], [ -46.54703, -23.86669 ], [ -46.54788, -23.86656 ], [ -46.54874, -23.86682 ], [ -46.54895, -23.86676 ], [ -46.54914, -23.86652 ], [ -46.5495, -23.86542 ], [ -46.55205, -23.8637 ], [ -46.55214, -23.86292 ], [ -46.55144, -23.8595 ], [ -46.5512, -23.8594 ], [ -46.5509, -23.85956 ], [ -46.55088, -23.85979 ], [ -46.55117, -23.86134 ], [ -46.55102, -23.86138 ], [ -46.5505, -23.86084 ], [ -46.5501, -23.86121 ], [ -46.54938, -23.86412 ], [ -46.54915, -23.86419 ], [ -46.54895, -23.86409 ], [ -46.54852, -23.86341 ], [ -46.54817, -23.86347 ], [ -46.54744, -23.86392 ], [ -46.5465, -23.86408 ], [ -46.54628, -23.86435 ], [ -46.54592, -23.86442 ], [ -46.54506, -23.86423 ], [ -46.54507, -23.86385 ], [ -46.54629, -23.86313 ], [ -46.54693, -23.86259 ], [ -46.5481, -23.86211 ], [ -46.54831, -23.8619 ], [ -46.54841, -23.86136 ], [ -46.54897, -23.86053 ], [ -46.54987, -23.85833 ], [ -46.54977, -23.85814 ], [ -46.54904, -23.85932 ], [ -46.54772, -23.8603 ], [ -46.54603, -23.86066 ], [ -46.54593, -23.86059 ], [ -46.54606, -23.86015 ], [ -46.54795, -23.85922 ], [ -46.54864, -23.85856 ], [ -46.54865, -23.85807 ], [ -46.54852, -23.85769 ], [ -46.54807, -23.85762 ], [ -46.54746, -23.85769 ], [ -46.54521, -23.85846 ], [ -46.54463, -23.85842 ], [ -46.54459, -23.85828 ], [ -46.54476, -23.85805 ], [ -46.5452, -23.85773 ], [ -46.54836, -23.85661 ], [ -46.54838, -23.85625 ], [ -46.54818, -23.85603 ], [ -46.54721, -23.85569 ], [ -46.54645, -23.85578 ], [ -46.54651, -23.85486 ], [ -46.54634, -23.85442 ], [ -46.54653, -23.85394 ], [ -46.54649, -23.85356 ], [ -46.54612, -23.85256 ], [ -46.54584, -23.85252 ], [ -46.54526, -23.85308 ], [ -46.54489, -23.85391 ], [ -46.54517, -23.85494 ], [ -46.54501, -23.85584 ], [ -46.54449, -23.85674 ], [ -46.54427, -23.85685 ], [ -46.54401, -23.85669 ], [ -46.54404, -23.85633 ], [ -46.54449, -23.85518 ], [ -46.54435, -23.85406 ], [ -46.54405, -23.85387 ], [ -46.54351, -23.85407 ], [ -46.54344, -23.85461 ], [ -46.54292, -23.8553 ], [ -46.54285, -23.85561 ], [ -46.54223, -23.85603 ], [ -46.54186, -23.85598 ], [ -46.54123, -23.8565 ], [ -46.54118, -23.85686 ], [ -46.54143, -23.85714 ], [ -46.54216, -23.85742 ], [ -46.54234, -23.85767 ], [ -46.54226, -23.85807 ], [ -46.54186, -23.85833 ], [ -46.54144, -23.85833 ], [ -46.54106, -23.85795 ], [ -46.5404, -23.85772 ], [ -46.54004, -23.85777 ], [ -46.53974, -23.85814 ], [ -46.53966, -23.85842 ], [ -46.53984, -23.85878 ], [ -46.54024, -23.85922 ], [ -46.5408, -23.86025 ], [ -46.54072, -23.86091 ], [ -46.54047, -23.86098 ], [ -46.53938, -23.85936 ], [ -46.53897, -23.85927 ], [ -46.53863, -23.85935 ], [ -46.53827, -23.85969 ], [ -46.53799, -23.86041 ], [ -46.53829, -23.86112 ], [ -46.5375, -23.86193 ], [ -46.53749, -23.86226 ], [ -46.53805, -23.86314 ], [ -46.53779, -23.8633 ], [ -46.53704, -23.8633 ], [ -46.53654, -23.86402 ], [ -46.53624, -23.86487 ], [ -46.53589, -23.86535 ], [ -46.53574, -23.8661 ], [ -46.5356, -23.86621 ], [ -46.5353, -23.86617 ], [ -46.53434, -23.86555 ], [ -46.53398, -23.86561 ], [ -46.53154, -23.86741 ], [ -46.53096, -23.86822 ], [ -46.53079, -23.86828 ], [ -46.53019, -23.86747 ], [ -46.52963, -23.86698 ], [ -46.53058, -23.86674 ], [ -46.53109, -23.8664 ], [ -46.53195, -23.86549 ], [ -46.53215, -23.865 ], [ -46.53169, -23.86443 ], [ -46.53175, -23.86417 ], [ -46.53259, -23.86426 ], [ -46.53296, -23.86407 ], [ -46.53324, -23.86372 ], [ -46.53329, -23.86315 ], [ -46.53375, -23.86291 ], [ -46.53437, -23.86306 ], [ -46.53461, -23.86298 ], [ -46.53489, -23.86258 ], [ -46.53544, -23.86272 ], [ -46.53587, -23.86263 ], [ -46.53625, -23.86197 ], [ -46.53619, -23.86159 ], [ -46.53592, -23.86122 ], [ -46.53622, -23.86093 ], [ -46.53623, -23.86056 ], [ -46.53567, -23.86016 ], [ -46.53479, -23.85992 ], [ -46.53541, -23.85946 ], [ -46.5356, -23.85898 ], [ -46.53585, -23.85896 ], [ -46.53626, -23.85918 ], [ -46.53666, -23.85903 ], [ -46.53676, -23.85851 ], [ -46.53663, -23.85773 ], [ -46.53694, -23.85773 ], [ -46.53725, -23.8581 ], [ -46.53775, -23.85795 ], [ -46.53855, -23.85696 ], [ -46.53859, -23.85646 ], [ -46.5383, -23.85617 ], [ -46.53772, -23.8561 ], [ -46.53724, -23.85622 ], [ -46.5356, -23.85727 ], [ -46.53339, -23.85814 ], [ -46.53273, -23.85823 ], [ -46.53412, -23.85674 ], [ -46.53552, -23.85586 ], [ -46.53593, -23.85543 ], [ -46.5374, -23.85502 ], [ -46.53815, -23.85505 ], [ -46.5385, -23.85451 ], [ -46.53937, -23.8547 ], [ -46.53912, -23.85405 ], [ -46.53841, -23.85319 ], [ -46.5382, -23.85267 ], [ -46.53798, -23.8514 ], [ -46.53782, -23.85113 ], [ -46.53744, -23.85103 ], [ -46.53714, -23.85111 ], [ -46.53701, -23.85146 ], [ -46.53716, -23.85225 ], [ -46.53701, -23.85271 ], [ -46.53685, -23.85293 ], [ -46.53651, -23.85303 ], [ -46.53621, -23.85298 ], [ -46.53611, -23.85279 ], [ -46.53618, -23.85169 ], [ -46.536, -23.8514 ], [ -46.53562, -23.85125 ], [ -46.53505, -23.85146 ], [ -46.5347, -23.85219 ], [ -46.53473, -23.85409 ], [ -46.53452, -23.8543 ], [ -46.53406, -23.85446 ], [ -46.5334, -23.85442 ], [ -46.53349, -23.85249 ], [ -46.53311, -23.85203 ], [ -46.53275, -23.85202 ], [ -46.5319, -23.85262 ], [ -46.53105, -23.85365 ], [ -46.53013, -23.85528 ], [ -46.52936, -23.85581 ], [ -46.529, -23.85576 ], [ -46.52862, -23.85539 ], [ -46.52854, -23.85417 ], [ -46.52835, -23.85364 ], [ -46.52914, -23.85313 ], [ -46.52929, -23.85266 ], [ -46.52907, -23.8519 ], [ -46.52831, -23.85134 ], [ -46.52829, -23.85112 ], [ -46.52877, -23.85097 ], [ -46.53026, -23.85101 ], [ -46.53054, -23.85079 ], [ -46.53086, -23.85012 ], [ -46.5305, -23.84992 ], [ -46.52998, -23.85012 ], [ -46.52987, -23.85001 ], [ -46.53009, -23.84946 ], [ -46.52999, -23.84896 ], [ -46.52953, -23.84869 ], [ -46.52886, -23.84795 ], [ -46.52888, -23.84784 ], [ -46.53008, -23.84754 ], [ -46.53078, -23.84814 ], [ -46.53109, -23.84813 ], [ -46.53145, -23.84786 ], [ -46.53155, -23.84793 ], [ -46.53164, -23.84865 ], [ -46.53195, -23.84876 ], [ -46.53241, -23.8487 ], [ -46.53278, -23.84781 ], [ -46.53301, -23.84769 ], [ -46.53319, -23.84783 ], [ -46.53337, -23.84864 ], [ -46.53376, -23.84874 ], [ -46.53418, -23.84847 ], [ -46.53458, -23.84874 ], [ -46.53486, -23.84852 ], [ -46.5352, -23.84707 ], [ -46.53556, -23.84698 ], [ -46.53577, -23.84739 ], [ -46.53578, -23.84867 ], [ -46.53644, -23.84884 ], [ -46.53674, -23.84878 ], [ -46.53751, -23.84797 ], [ -46.5378, -23.84728 ], [ -46.53851, -23.8466 ], [ -46.53899, -23.84552 ], [ -46.53881, -23.84513 ], [ -46.53817, -23.84503 ], [ -46.53787, -23.84529 ], [ -46.53739, -23.84607 ], [ -46.5372, -23.84613 ], [ -46.53684, -23.84549 ], [ -46.53668, -23.84484 ], [ -46.53622, -23.84447 ], [ -46.53439, -23.84402 ], [ -46.53363, -23.84398 ], [ -46.53289, -23.84429 ], [ -46.53221, -23.84521 ], [ -46.53198, -23.84516 ], [ -46.53187, -23.84497 ], [ -46.53197, -23.84418 ], [ -46.53182, -23.84391 ], [ -46.53139, -23.84384 ], [ -46.53052, -23.84407 ], [ -46.5302, -23.844 ], [ -46.53037, -23.84305 ], [ -46.53228, -23.84221 ], [ -46.53265, -23.84227 ], [ -46.53319, -23.8427 ], [ -46.53362, -23.84278 ], [ -46.53481, -23.84243 ], [ -46.53492, -23.84215 ], [ -46.53488, -23.84138 ], [ -46.53499, -23.84118 ], [ -46.53551, -23.84095 ], [ -46.53598, -23.83985 ], [ -46.53558, -23.83904 ], [ -46.53572, -23.83871 ], [ -46.53614, -23.83882 ], [ -46.53663, -23.8396 ], [ -46.537, -23.83981 ], [ -46.53835, -23.83975 ], [ -46.5388, -23.83989 ], [ -46.53883, -23.83965 ], [ -46.53824, -23.83899 ], [ -46.53752, -23.83857 ], [ -46.53703, -23.8376 ], [ -46.53886, -23.83786 ], [ -46.53943, -23.83763 ], [ -46.53955, -23.83744 ], [ -46.53939, -23.837 ], [ -46.5381, -23.83614 ], [ -46.53756, -23.83593 ], [ -46.53706, -23.83625 ], [ -46.53629, -23.83729 ], [ -46.53547, -23.83769 ], [ -46.53525, -23.83698 ], [ -46.53587, -23.83643 ], [ -46.5366, -23.83493 ], [ -46.53665, -23.8346 ], [ -46.53604, -23.83391 ], [ -46.5347, -23.83316 ], [ -46.53394, -23.83327 ], [ -46.53336, -23.83395 ], [ -46.53306, -23.834 ], [ -46.53289, -23.8343 ], [ -46.53308, -23.83602 ], [ -46.53338, -23.8372 ], [ -46.5329, -23.83665 ], [ -46.53203, -23.83597 ], [ -46.53214, -23.83554 ], [ -46.53161, -23.83416 ], [ -46.53154, -23.83348 ], [ -46.5314, -23.83305 ], [ -46.53114, -23.83304 ], [ -46.53098, -23.83328 ], [ -46.53037, -23.8336 ], [ -46.52968, -23.83455 ], [ -46.52952, -23.83506 ], [ -46.53018, -23.83555 ], [ -46.52974, -23.83628 ], [ -46.52989, -23.83674 ], [ -46.53177, -23.83733 ], [ -46.53192, -23.83758 ], [ -46.53213, -23.83901 ], [ -46.53198, -23.83904 ], [ -46.53146, -23.8383 ], [ -46.53082, -23.83805 ], [ -46.53005, -23.83845 ], [ -46.52995, -23.83931 ], [ -46.52977, -23.83968 ], [ -46.52952, -23.83944 ], [ -46.5291, -23.83835 ], [ -46.52888, -23.83832 ], [ -46.52876, -23.83776 ], [ -46.52845, -23.83751 ], [ -46.5274, -23.83593 ], [ -46.52724, -23.83557 ], [ -46.52719, -23.83488 ], [ -46.52637, -23.83237 ], [ -46.52651, -23.83166 ], [ -46.52666, -23.83153 ], [ -46.52681, -23.83098 ], [ -46.52752, -23.83077 ], [ -46.52791, -23.83043 ], [ -46.52796, -23.83024 ], [ -46.5272, -23.83009 ], [ -46.52709, -23.82995 ], [ -46.5271, -23.82982 ], [ -46.5276, -23.82946 ], [ -46.52773, -23.82907 ], [ -46.52795, -23.82891 ], [ -46.52856, -23.82906 ], [ -46.52889, -23.82877 ], [ -46.52906, -23.82907 ], [ -46.52943, -23.82917 ], [ -46.52993, -23.82829 ], [ -46.53004, -23.82837 ], [ -46.53007, -23.82928 ], [ -46.5304, -23.82958 ], [ -46.53069, -23.82953 ], [ -46.53121, -23.82898 ], [ -46.53155, -23.82802 ], [ -46.53186, -23.82826 ], [ -46.53213, -23.82895 ], [ -46.53246, -23.82879 ], [ -46.53272, -23.82919 ], [ -46.53302, -23.82936 ], [ -46.53321, -23.82932 ], [ -46.53336, -23.82862 ], [ -46.53307, -23.8277 ], [ -46.53326, -23.82742 ], [ -46.53371, -23.82714 ], [ -46.53374, -23.82695 ], [ -46.53307, -23.82642 ], [ -46.53271, -23.82643 ], [ -46.53189, -23.82713 ], [ -46.5315, -23.8269 ], [ -46.53175, -23.82668 ], [ -46.53187, -23.82601 ], [ -46.5316, -23.82527 ], [ -46.53186, -23.82507 ], [ -46.53183, -23.82471 ], [ -46.53291, -23.82322 ], [ -46.53271, -23.82289 ], [ -46.53152, -23.82275 ], [ -46.53052, -23.82284 ], [ -46.52942, -23.82373 ], [ -46.52757, -23.82593 ], [ -46.5272, -23.82631 ], [ -46.52697, -23.82636 ], [ -46.52672, -23.82615 ], [ -46.52731, -23.82506 ], [ -46.52751, -23.8243 ], [ -46.52789, -23.8236 ], [ -46.52766, -23.82321 ], [ -46.52632, -23.82283 ], [ -46.52748, -23.82171 ], [ -46.52925, -23.82155 ], [ -46.52934, -23.82132 ], [ -46.52927, -23.82097 ], [ -46.53005, -23.82133 ], [ -46.53196, -23.8212 ], [ -46.53212, -23.82097 ], [ -46.53233, -23.81986 ], [ -46.53269, -23.81981 ], [ -46.53317, -23.82019 ], [ -46.53352, -23.82006 ], [ -46.53385, -23.81972 ], [ -46.53389, -23.81944 ], [ -46.53372, -23.81892 ], [ -46.53341, -23.81877 ], [ -46.5331, -23.81875 ], [ -46.53254, -23.81908 ], [ -46.53072, -23.81927 ], [ -46.5318, -23.81855 ], [ -46.5322, -23.81803 ], [ -46.53199, -23.81771 ], [ -46.53145, -23.81753 ], [ -46.53128, -23.81727 ], [ -46.53133, -23.81712 ], [ -46.53219, -23.81706 ], [ -46.53261, -23.81689 ], [ -46.53285, -23.81651 ], [ -46.5329, -23.81613 ], [ -46.53322, -23.81613 ], [ -46.53339, -23.81642 ], [ -46.53348, -23.81632 ], [ -46.53342, -23.81524 ], [ -46.53293, -23.81545 ], [ -46.53253, -23.8151 ], [ -46.53228, -23.81504 ], [ -46.53197, -23.81523 ], [ -46.53181, -23.8155 ], [ -46.53136, -23.81579 ], [ -46.53064, -23.81745 ], [ -46.52983, -23.81736 ], [ -46.52931, -23.81779 ], [ -46.52924, -23.81801 ], [ -46.52897, -23.81822 ], [ -46.5289, -23.81864 ], [ -46.52838, -23.81918 ], [ -46.52833, -23.82037 ], [ -46.52796, -23.82085 ], [ -46.52726, -23.82077 ], [ -46.52593, -23.8209 ], [ -46.52482, -23.82125 ], [ -46.52442, -23.82115 ], [ -46.52373, -23.82139 ], [ -46.52351, -23.81927 ], [ -46.52332, -23.81915 ], [ -46.52323, -23.81807 ], [ -46.52398, -23.81782 ], [ -46.5243, -23.81748 ], [ -46.52441, -23.81712 ], [ -46.52429, -23.81684 ], [ -46.52366, -23.81635 ], [ -46.52303, -23.81617 ], [ -46.52245, -23.81617 ], [ -46.52232, -23.81604 ], [ -46.52284, -23.81568 ], [ -46.52428, -23.81529 ], [ -46.5244, -23.81469 ], [ -46.52416, -23.81437 ], [ -46.52372, -23.81421 ], [ -46.52275, -23.81412 ], [ -46.5223, -23.81385 ], [ -46.52211, -23.81364 ], [ -46.52202, -23.81313 ], [ -46.52223, -23.81301 ], [ -46.52418, -23.8131 ], [ -46.52561, -23.81242 ], [ -46.52611, -23.81292 ], [ -46.52661, -23.81294 ], [ -46.52699, -23.81268 ], [ -46.52721, -23.81215 ], [ -46.52823, -23.81176 ], [ -46.52916, -23.81119 ], [ -46.52955, -23.81065 ], [ -46.52946, -23.8105 ], [ -46.52732, -23.81005 ], [ -46.52671, -23.81048 ], [ -46.52595, -23.81051 ], [ -46.52438, -23.81146 ], [ -46.52378, -23.81163 ], [ -46.52346, -23.81144 ], [ -46.52381, -23.81076 ], [ -46.52392, -23.81017 ], [ -46.52369, -23.80972 ], [ -46.5231, -23.80968 ], [ -46.52199, -23.81002 ], [ -46.521, -23.80933 ], [ -46.52071, -23.80925 ], [ -46.52036, -23.80932 ], [ -46.5202, -23.80949 ], [ -46.51998, -23.81037 ], [ -46.51912, -23.81038 ], [ -46.51896, -23.81063 ], [ -46.51891, -23.81107 ], [ -46.51863, -23.81134 ], [ -46.51797, -23.81169 ], [ -46.51754, -23.81165 ], [ -46.51721, -23.81144 ], [ -46.51714, -23.81123 ], [ -46.5181, -23.81007 ], [ -46.51828, -23.80865 ], [ -46.51798, -23.8084 ], [ -46.51751, -23.80849 ], [ -46.51688, -23.80779 ], [ -46.51614, -23.80753 ], [ -46.51584, -23.8076 ], [ -46.51557, -23.80786 ], [ -46.51554, -23.80879 ], [ -46.51453, -23.81006 ], [ -46.51431, -23.81016 ], [ -46.51402, -23.80988 ], [ -46.51405, -23.80925 ], [ -46.51431, -23.8085 ], [ -46.51428, -23.80819 ], [ -46.51406, -23.80785 ], [ -46.51339, -23.80769 ], [ -46.51289, -23.80798 ], [ -46.51217, -23.80857 ], [ -46.51211, -23.80879 ], [ -46.51217, -23.80906 ], [ -46.51283, -23.8097 ], [ -46.51296, -23.81014 ], [ -46.51248, -23.81 ], [ -46.51223, -23.81006 ], [ -46.512, -23.81089 ], [ -46.51171, -23.81111 ], [ -46.51112, -23.81023 ], [ -46.51084, -23.81018 ], [ -46.5105, -23.81107 ], [ -46.51026, -23.81117 ], [ -46.50938, -23.81077 ], [ -46.50931, -23.81062 ], [ -46.50917, -23.80968 ], [ -46.50923, -23.80953 ], [ -46.50967, -23.80929 ], [ -46.50979, -23.80886 ], [ -46.50969, -23.80864 ], [ -46.50927, -23.80835 ], [ -46.50957, -23.80761 ], [ -46.50929, -23.80713 ], [ -46.50858, -23.80706 ], [ -46.50821, -23.80748 ], [ -46.50803, -23.80796 ], [ -46.50812, -23.80903 ], [ -46.50797, -23.80934 ], [ -46.50765, -23.80926 ], [ -46.50761, -23.80863 ], [ -46.5072, -23.80791 ], [ -46.50675, -23.80783 ], [ -46.50654, -23.80827 ], [ -46.50678, -23.80908 ], [ -46.50676, -23.80975 ], [ -46.50617, -23.81014 ], [ -46.50606, -23.81009 ], [ -46.50592, -23.80951 ], [ -46.50527, -23.8087 ], [ -46.50528, -23.808 ], [ -46.50511, -23.80759 ], [ -46.50472, -23.80745 ], [ -46.50448, -23.80759 ], [ -46.50393, -23.80847 ], [ -46.50365, -23.80856 ], [ -46.5034, -23.80811 ], [ -46.50378, -23.80731 ], [ -46.50372, -23.80646 ], [ -46.50288, -23.80656 ], [ -46.50287, -23.80597 ], [ -46.50254, -23.8058 ], [ -46.50216, -23.80579 ], [ -46.50172, -23.80588 ], [ -46.50151, -23.80623 ], [ -46.50173, -23.80657 ], [ -46.5023, -23.80671 ], [ -46.5025, -23.8069 ], [ -46.50251, -23.80717 ], [ -46.50216, -23.80752 ], [ -46.50218, -23.80829 ], [ -46.50241, -23.80871 ], [ -46.50303, -23.80926 ], [ -46.50414, -23.80908 ], [ -46.50437, -23.80923 ], [ -46.50422, -23.81088 ], [ -46.50375, -23.8119 ], [ -46.50317, -23.81163 ], [ -46.50245, -23.81061 ], [ -46.50217, -23.81052 ], [ -46.50195, -23.81063 ], [ -46.50128, -23.8123 ], [ -46.50114, -23.81241 ], [ -46.50087, -23.81234 ], [ -46.50078, -23.81177 ], [ -46.50095, -23.81126 ], [ -46.50067, -23.81076 ], [ -46.50103, -23.81053 ], [ -46.50109, -23.80997 ], [ -46.50087, -23.80957 ], [ -46.50071, -23.80955 ], [ -46.50014, -23.81001 ], [ -46.49988, -23.81051 ], [ -46.4993, -23.81062 ], [ -46.49929, -23.8108 ], [ -46.49983, -23.81128 ], [ -46.49937, -23.81171 ], [ -46.49849, -23.81202 ], [ -46.49868, -23.81292 ], [ -46.49795, -23.81249 ], [ -46.49727, -23.8132 ], [ -46.4969, -23.81322 ], [ -46.49669, -23.813 ], [ -46.4966, -23.81252 ], [ -46.49624, -23.81229 ], [ -46.49681, -23.81185 ], [ -46.49674, -23.81125 ], [ -46.49689, -23.81088 ], [ -46.49664, -23.81028 ], [ -46.49632, -23.8102 ], [ -46.49532, -23.81053 ], [ -46.49408, -23.81029 ], [ -46.49392, -23.81051 ], [ -46.49405, -23.811 ], [ -46.49363, -23.81134 ], [ -46.49366, -23.81157 ], [ -46.49428, -23.81241 ], [ -46.49413, -23.81261 ], [ -46.49265, -23.81179 ], [ -46.49237, -23.81176 ], [ -46.49215, -23.81189 ], [ -46.49226, -23.81253 ], [ -46.49217, -23.8126 ], [ -46.49138, -23.81206 ], [ -46.49079, -23.81258 ], [ -46.4907, -23.81287 ], [ -46.49093, -23.81338 ], [ -46.49039, -23.81415 ], [ -46.49021, -23.81416 ], [ -46.48968, -23.81374 ], [ -46.489, -23.81365 ], [ -46.48829, -23.81407 ], [ -46.48768, -23.81414 ], [ -46.48629, -23.81463 ], [ -46.48596, -23.81502 ], [ -46.48526, -23.8154 ], [ -46.4849, -23.81528 ], [ -46.48475, -23.81494 ], [ -46.48481, -23.81451 ], [ -46.48562, -23.8134 ], [ -46.4858, -23.81277 ], [ -46.48604, -23.81242 ], [ -46.48695, -23.81203 ], [ -46.4879, -23.8121 ], [ -46.48813, -23.8118 ], [ -46.48824, -23.81123 ], [ -46.48903, -23.81092 ], [ -46.48912, -23.81057 ], [ -46.48861, -23.81033 ], [ -46.48856, -23.81005 ], [ -46.48941, -23.80927 ], [ -46.49027, -23.80889 ], [ -46.49073, -23.80836 ], [ -46.49118, -23.80849 ], [ -46.49157, -23.80802 ], [ -46.49199, -23.80813 ], [ -46.49228, -23.80865 ], [ -46.4927, -23.80875 ], [ -46.49341, -23.80859 ], [ -46.49348, -23.80842 ], [ -46.4933, -23.80801 ], [ -46.49252, -23.80744 ], [ -46.4924, -23.8068 ], [ -46.49269, -23.80667 ], [ -46.49285, -23.8068 ], [ -46.49314, -23.8068 ], [ -46.4938, -23.80629 ], [ -46.49392, -23.80641 ], [ -46.49375, -23.80686 ], [ -46.49382, -23.80719 ], [ -46.49417, -23.80747 ], [ -46.49451, -23.80746 ], [ -46.49492, -23.80708 ], [ -46.49503, -23.80648 ], [ -46.49554, -23.80588 ], [ -46.49541, -23.80549 ], [ -46.49496, -23.80561 ], [ -46.4945, -23.80555 ], [ -46.49359, -23.80596 ], [ -46.49321, -23.80596 ], [ -46.49329, -23.80561 ], [ -46.493, -23.80525 ], [ -46.49308, -23.80494 ], [ -46.49364, -23.8043 ], [ -46.49407, -23.8041 ], [ -46.49432, -23.80376 ], [ -46.49622, -23.80225 ], [ -46.497, -23.80242 ], [ -46.49729, -23.80229 ], [ -46.49712, -23.80166 ], [ -46.49739, -23.80069 ], [ -46.4976, -23.80067 ], [ -46.49791, -23.80175 ], [ -46.49849, -23.80186 ], [ -46.49897, -23.80171 ], [ -46.49917, -23.80015 ], [ -46.49896, -23.79949 ], [ -46.49933, -23.79908 ], [ -46.49905, -23.79823 ], [ -46.49916, -23.7981 ], [ -46.49954, -23.7982 ], [ -46.49981, -23.79803 ], [ -46.49991, -23.79634 ], [ -46.50036, -23.79536 ], [ -46.50058, -23.79517 ], [ -46.5013, -23.7954 ], [ -46.50128, -23.79592 ], [ -46.50163, -23.79654 ], [ -46.50169, -23.797 ], [ -46.50103, -23.79799 ], [ -46.50169, -23.79845 ], [ -46.50169, -23.79859 ], [ -46.50103, -23.79903 ], [ -46.50094, -23.79923 ], [ -46.50094, -23.79947 ], [ -46.5015, -23.79984 ], [ -46.50135, -23.80022 ], [ -46.50039, -23.80107 ], [ -46.50036, -23.8024 ], [ -46.50085, -23.80265 ], [ -46.50228, -23.80238 ], [ -46.50245, -23.80133 ], [ -46.50272, -23.80056 ], [ -46.50286, -23.80067 ], [ -46.5032, -23.80185 ], [ -46.50403, -23.80152 ], [ -46.50415, -23.80031 ], [ -46.50447, -23.8 ], [ -46.50487, -23.7993 ], [ -46.50561, -23.7968 ], [ -46.50593, -23.79617 ], [ -46.50631, -23.79613 ], [ -46.5064, -23.79634 ], [ -46.50616, -23.79738 ], [ -46.50606, -23.79883 ], [ -46.50625, -23.7992 ], [ -46.50582, -23.79974 ], [ -46.50587, -23.80157 ], [ -46.50629, -23.80181 ], [ -46.50644, -23.80178 ], [ -46.50714, -23.80118 ], [ -46.50729, -23.80142 ], [ -46.50707, -23.80226 ], [ -46.50723, -23.80249 ], [ -46.50793, -23.80247 ], [ -46.50849, -23.80215 ], [ -46.50947, -23.80264 ], [ -46.50975, -23.80321 ], [ -46.50983, -23.8045 ], [ -46.5102, -23.80474 ], [ -46.51059, -23.8054 ], [ -46.51087, -23.80528 ], [ -46.51105, -23.80475 ], [ -46.51112, -23.80391 ], [ -46.51082, -23.80279 ], [ -46.51074, -23.80167 ], [ -46.51104, -23.80046 ], [ -46.51105, -23.79987 ], [ -46.51122, -23.79958 ], [ -46.51121, -23.79831 ], [ -46.51138, -23.79787 ], [ -46.5116, -23.79781 ], [ -46.51196, -23.79802 ], [ -46.51191, -23.80007 ], [ -46.51222, -23.8004 ], [ -46.51301, -23.80019 ], [ -46.51365, -23.7994 ], [ -46.51422, -23.79931 ], [ -46.51415, -23.80015 ], [ -46.51304, -23.80091 ], [ -46.51248, -23.80146 ], [ -46.51248, -23.8022 ], [ -46.5128, -23.80276 ], [ -46.51317, -23.80279 ], [ -46.51406, -23.80213 ], [ -46.51484, -23.80178 ], [ -46.51488, -23.80191 ], [ -46.51434, -23.80252 ], [ -46.51434, -23.8028 ], [ -46.51447, -23.8029 ], [ -46.51758, -23.80345 ], [ -46.51775, -23.8033 ], [ -46.51806, -23.8024 ], [ -46.51797, -23.80183 ], [ -46.51747, -23.80072 ], [ -46.51794, -23.79743 ], [ -46.51843, -23.79658 ], [ -46.51894, -23.79627 ], [ -46.51914, -23.79632 ], [ -46.51915, -23.79644 ], [ -46.5185, -23.7974 ], [ -46.51811, -23.79939 ], [ -46.51821, -23.80014 ], [ -46.51875, -23.8008 ], [ -46.51895, -23.80088 ], [ -46.51948, -23.80073 ], [ -46.51986, -23.80009 ], [ -46.52091, -23.79889 ], [ -46.52145, -23.79768 ], [ -46.52168, -23.79755 ], [ -46.52175, -23.79763 ], [ -46.5212, -23.79968 ], [ -46.52131, -23.80043 ], [ -46.52076, -23.80078 ], [ -46.5205, -23.8011 ], [ -46.52018, -23.80274 ], [ -46.52036, -23.80319 ], [ -46.5206, -23.80324 ], [ -46.52146, -23.80284 ], [ -46.52107, -23.80456 ], [ -46.52116, -23.80486 ], [ -46.52179, -23.80489 ], [ -46.52266, -23.80473 ], [ -46.52327, -23.80387 ], [ -46.52331, -23.80355 ], [ -46.52309, -23.80323 ], [ -46.52364, -23.80327 ], [ -46.5242, -23.80302 ], [ -46.52464, -23.8023 ], [ -46.52471, -23.80178 ], [ -46.52535, -23.80071 ], [ -46.52544, -23.80105 ], [ -46.5252, -23.80271 ], [ -46.52488, -23.80299 ], [ -46.5247, -23.80382 ], [ -46.52443, -23.80437 ], [ -46.52359, -23.80541 ], [ -46.52345, -23.80607 ], [ -46.52431, -23.8061 ], [ -46.52478, -23.80549 ], [ -46.52475, -23.80515 ], [ -46.52495, -23.80503 ], [ -46.52575, -23.80534 ], [ -46.52613, -23.80521 ], [ -46.52708, -23.80456 ], [ -46.52737, -23.80403 ], [ -46.52738, -23.80435 ], [ -46.52763, -23.80484 ], [ -46.52653, -23.80615 ], [ -46.52668, -23.80649 ], [ -46.52735, -23.80654 ], [ -46.52862, -23.80709 ], [ -46.52905, -23.8074 ], [ -46.5286, -23.80648 ], [ -46.5287, -23.80628 ], [ -46.52887, -23.80621 ], [ -46.52978, -23.80654 ], [ -46.53048, -23.80657 ], [ -46.53184, -23.80583 ], [ -46.53198, -23.8056 ], [ -46.53197, -23.80516 ], [ -46.53112, -23.80368 ], [ -46.53034, -23.80341 ], [ -46.53081, -23.80258 ], [ -46.53062, -23.80216 ], [ -46.53011, -23.80161 ], [ -46.52974, -23.80165 ], [ -46.52916, -23.80193 ], [ -46.52904, -23.80116 ], [ -46.52843, -23.80102 ], [ -46.52774, -23.79979 ], [ -46.52614, -23.79812 ], [ -46.52611, -23.79779 ], [ -46.52634, -23.79778 ], [ -46.52666, -23.79823 ], [ -46.52769, -23.79865 ], [ -46.52802, -23.79866 ], [ -46.52848, -23.79836 ], [ -46.52868, -23.79914 ], [ -46.52967, -23.79988 ], [ -46.53033, -23.79996 ], [ -46.53052, -23.79985 ], [ -46.53077, -23.79882 ], [ -46.53136, -23.79757 ], [ -46.53172, -23.79722 ], [ -46.53145, -23.79848 ], [ -46.53166, -23.79875 ], [ -46.53218, -23.79886 ], [ -46.53193, -23.80067 ] ], [ [ -46.62694, -23.83002 ], [ -46.62711, -23.83024 ], [ -46.62758, -23.83046 ], [ -46.62791, -23.83038 ], [ -46.62905, -23.8297 ], [ -46.62937, -23.82928 ], [ -46.62932, -23.829 ], [ -46.62889, -23.8286 ], [ -46.628, -23.82831 ], [ -46.62745, -23.82838 ], [ -46.62709, -23.82869 ], [ -46.62688, -23.82914 ], [ -46.62694, -23.83002 ] ], [ [ -46.49832, -23.80634 ], [ -46.49882, -23.80609 ], [ -46.49901, -23.80568 ], [ -46.49872, -23.80564 ], [ -46.49828, -23.8059 ], [ -46.49819, -23.80607 ], [ -46.49832, -23.80634 ] ], [ [ -46.49556, -23.80823 ], [ -46.49567, -23.80845 ], [ -46.49592, -23.80853 ], [ -46.49612, -23.80845 ], [ -46.49662, -23.80759 ], [ -46.49635, -23.80718 ], [ -46.49707, -23.80671 ], [ -46.49741, -23.80735 ], [ -46.49777, -23.80755 ], [ -46.49785, -23.80729 ], [ -46.49754, -23.80648 ], [ -46.49791, -23.80594 ], [ -46.49792, -23.80571 ], [ -46.49742, -23.80515 ], [ -46.49703, -23.805 ], [ -46.4969, -23.8051 ], [ -46.49673, -23.80577 ], [ -46.49613, -23.80616 ], [ -46.49584, -23.80651 ], [ -46.49564, -23.80688 ], [ -46.49556, -23.80823 ] ], [ [ -46.55301, -23.86442 ], [ -46.55232, -23.86427 ], [ -46.55202, -23.86437 ], [ -46.55069, -23.86532 ], [ -46.55022, -23.86587 ], [ -46.55008, -23.86641 ], [ -46.54986, -23.86667 ], [ -46.54989, -23.86732 ], [ -46.55034, -23.86746 ], [ -46.55116, -23.86711 ], [ -46.55087, -23.86692 ], [ -46.55112, -23.86619 ], [ -46.55161, -23.86646 ], [ -46.552, -23.86632 ], [ -46.55216, -23.86598 ], [ -46.55214, -23.86568 ], [ -46.55262, -23.8655 ], [ -46.55311, -23.86498 ], [ -46.55301, -23.86442 ] ], [ [ -46.53839, -23.84819 ], [ -46.53955, -23.84802 ], [ -46.54015, -23.84767 ], [ -46.54045, -23.84718 ], [ -46.54102, -23.84676 ], [ -46.54113, -23.84627 ], [ -46.54092, -23.84577 ], [ -46.54057, -23.84568 ], [ -46.53998, -23.84637 ], [ -46.53973, -23.84634 ], [ -46.5385, -23.84713 ], [ -46.53826, -23.84755 ], [ -46.53821, -23.84799 ], [ -46.53839, -23.84819 ] ], [ [ -46.53904, -23.85287 ], [ -46.53917, -23.85349 ], [ -46.53966, -23.85363 ], [ -46.54014, -23.85332 ], [ -46.54046, -23.85383 ], [ -46.54071, -23.85384 ], [ -46.54097, -23.85367 ], [ -46.5411, -23.85332 ], [ -46.54138, -23.85326 ], [ -46.54171, -23.85297 ], [ -46.54174, -23.85265 ], [ -46.54155, -23.85231 ], [ -46.54218, -23.85232 ], [ -46.54231, -23.85279 ], [ -46.54266, -23.8531 ], [ -46.54281, -23.85309 ], [ -46.54286, -23.85324 ], [ -46.54317, -23.85309 ], [ -46.54278, -23.85258 ], [ -46.54278, -23.85224 ], [ -46.54293, -23.85249 ], [ -46.54376, -23.85315 ], [ -46.54403, -23.85298 ], [ -46.54407, -23.85258 ], [ -46.54435, -23.85237 ], [ -46.54441, -23.85215 ], [ -46.54432, -23.85209 ], [ -46.54454, -23.85184 ], [ -46.54443, -23.85177 ], [ -46.5446, -23.8517 ], [ -46.54461, -23.8514 ], [ -46.54414, -23.85116 ], [ -46.54287, -23.85135 ], [ -46.54336, -23.85113 ], [ -46.54387, -23.85069 ], [ -46.54378, -23.85047 ], [ -46.54344, -23.85033 ], [ -46.54373, -23.84947 ], [ -46.54351, -23.84937 ], [ -46.54221, -23.84962 ], [ -46.54201, -23.8499 ], [ -46.54198, -23.8504 ], [ -46.54156, -23.85059 ], [ -46.54117, -23.85113 ], [ -46.54047, -23.85056 ], [ -46.54019, -23.85048 ], [ -46.53924, -23.85068 ], [ -46.53888, -23.85121 ], [ -46.53889, -23.85205 ], [ -46.53918, -23.85251 ], [ -46.53904, -23.85287 ] ], [ [ -46.53871, -23.84361 ], [ -46.53878, -23.84343 ], [ -46.53893, -23.84343 ], [ -46.53893, -23.84313 ], [ -46.5394, -23.84309 ], [ -46.53991, -23.84275 ], [ -46.5399, -23.84236 ], [ -46.53926, -23.84258 ], [ -46.5388, -23.84251 ], [ -46.53799, -23.84264 ], [ -46.53777, -23.84254 ], [ -46.53775, -23.8424 ], [ -46.53863, -23.84168 ], [ -46.53875, -23.8415 ], [ -46.53863, -23.84126 ], [ -46.53771, -23.84082 ], [ -46.53684, -23.84078 ], [ -46.53635, -23.84094 ], [ -46.53628, -23.84131 ], [ -46.53687, -23.8418 ], [ -46.53688, -23.84226 ], [ -46.53671, -23.84265 ], [ -46.53677, -23.84298 ], [ -46.53871, -23.84361 ] ], [ [ -46.53871, -23.87698 ], [ -46.53852, -23.87692 ], [ -46.53834, -23.87723 ], [ -46.53854, -23.87764 ], [ -46.53876, -23.8777 ], [ -46.53903, -23.87757 ], [ -46.53904, -23.87743 ], [ -46.53871, -23.87698 ] ], [ [ -46.55201, -23.808 ], [ -46.55228, -23.80726 ], [ -46.55213, -23.807 ], [ -46.55124, -23.80633 ], [ -46.55113, -23.80638 ], [ -46.55108, -23.80686 ], [ -46.55084, -23.80739 ], [ -46.54943, -23.80806 ], [ -46.54898, -23.80843 ], [ -46.54912, -23.80864 ], [ -46.55107, -23.80845 ], [ -46.55161, -23.80835 ], [ -46.55201, -23.808 ] ] ], [ [ [ -46.42702, -23.73382 ], [ -46.42695, -23.73365 ], [ -46.42658, -23.73361 ], [ -46.42509, -23.73166 ], [ -46.42504, -23.73133 ], [ -46.42531, -23.73101 ], [ -46.42601, -23.73055 ], [ -46.42707, -23.73046 ], [ -46.4281, -23.73061 ], [ -46.42858, -23.7309 ], [ -46.42891, -23.73144 ], [ -46.42952, -23.73192 ], [ -46.43007, -23.73279 ], [ -46.43087, -23.73334 ], [ -46.4307, -23.73463 ], [ -46.43081, -23.73496 ], [ -46.43104, -23.73512 ], [ -46.43154, -23.7351 ], [ -46.43209, -23.73475 ], [ -46.43322, -23.73541 ], [ -46.43342, -23.73528 ], [ -46.43268, -23.73426 ], [ -46.43255, -23.73373 ], [ -46.43262, -23.73306 ], [ -46.43324, -23.73094 ], [ -46.43365, -23.73043 ], [ -46.43456, -23.72992 ], [ -46.43445, -23.72968 ], [ -46.43322, -23.72908 ], [ -46.4327, -23.72802 ], [ -46.43343, -23.72821 ], [ -46.43379, -23.72799 ], [ -46.43391, -23.72777 ], [ -46.4342, -23.72768 ], [ -46.435, -23.72788 ], [ -46.43526, -23.72782 ], [ -46.43685, -23.72685 ], [ -46.43694, -23.72656 ], [ -46.43619, -23.72561 ], [ -46.43538, -23.72543 ], [ -46.43521, -23.72527 ], [ -46.43586, -23.72505 ], [ -46.43619, -23.72466 ], [ -46.43637, -23.72419 ], [ -46.43639, -23.72368 ], [ -46.43639, -23.72307 ], [ -46.43621, -23.7225 ], [ -46.43626, -23.72195 ], [ -46.43594, -23.72109 ], [ -46.436, -23.72082 ], [ -46.43566, -23.71939 ], [ -46.43599, -23.71932 ], [ -46.43599, -23.71892 ], [ -46.43527, -23.71863 ], [ -46.43537, -23.71847 ], [ -46.43524, -23.71841 ], [ -46.4353, -23.71798 ], [ -46.43623, -23.71823 ], [ -46.43615, -23.71789 ], [ -46.43646, -23.71742 ], [ -46.43686, -23.71764 ], [ -46.43707, -23.71792 ], [ -46.43835, -23.71836 ], [ -46.43882, -23.71919 ], [ -46.43875, -23.72008 ], [ -46.4392, -23.72099 ], [ -46.43979, -23.72136 ], [ -46.44056, -23.7209 ], [ -46.44115, -23.72103 ], [ -46.44137, -23.72079 ], [ -46.4418, -23.71974 ], [ -46.44236, -23.71935 ], [ -46.44248, -23.71913 ], [ -46.44239, -23.71856 ], [ -46.4425, -23.71818 ], [ -46.44216, -23.71782 ], [ -46.44207, -23.71746 ], [ -46.44216, -23.71717 ], [ -46.44272, -23.717 ], [ -46.44293, -23.71662 ], [ -46.44287, -23.7162 ], [ -46.44312, -23.71578 ], [ -46.44409, -23.71496 ], [ -46.44431, -23.71494 ], [ -46.44457, -23.71553 ], [ -46.44446, -23.71601 ], [ -46.44395, -23.71625 ], [ -46.4438, -23.71647 ], [ -46.44365, -23.71748 ], [ -46.44392, -23.71853 ], [ -46.44446, -23.71881 ], [ -46.44454, -23.71899 ], [ -46.44449, -23.71921 ], [ -46.44393, -23.71954 ], [ -46.44376, -23.72003 ], [ -46.4439, -23.72089 ], [ -46.44466, -23.72194 ], [ -46.4442, -23.72263 ], [ -46.44401, -23.72319 ], [ -46.44414, -23.72392 ], [ -46.44368, -23.72447 ], [ -46.44354, -23.72515 ], [ -46.44382, -23.72595 ], [ -46.44421, -23.72624 ], [ -46.44458, -23.72601 ], [ -46.44504, -23.7253 ], [ -46.44594, -23.72488 ], [ -46.44635, -23.7239 ], [ -46.44656, -23.72385 ], [ -46.44666, -23.72412 ], [ -46.44654, -23.72458 ], [ -46.44681, -23.72543 ], [ -46.44706, -23.72556 ], [ -46.44762, -23.72524 ], [ -46.44766, -23.72544 ], [ -46.44728, -23.72632 ], [ -46.44908, -23.7285 ], [ -46.44947, -23.72865 ], [ -46.44969, -23.72909 ], [ -46.44976, -23.72943 ], [ -46.44933, -23.72992 ], [ -46.44899, -23.73067 ], [ -46.44887, -23.73111 ], [ -46.44899, -23.73134 ], [ -46.44941, -23.73142 ], [ -46.44972, -23.73165 ], [ -46.45042, -23.73177 ], [ -46.45118, -23.73179 ], [ -46.45173, -23.73156 ], [ -46.45192, -23.73121 ], [ -46.45166, -23.73019 ], [ -46.45121, -23.72961 ], [ -46.45123, -23.72907 ], [ -46.4509, -23.72835 ], [ -46.45027, -23.72744 ], [ -46.45028, -23.72713 ], [ -46.45051, -23.72704 ], [ -46.45153, -23.72803 ], [ -46.45175, -23.72808 ], [ -46.45209, -23.72791 ], [ -46.45293, -23.727 ], [ -46.45362, -23.72648 ], [ -46.45384, -23.72663 ], [ -46.45382, -23.72686 ], [ -46.45286, -23.72777 ], [ -46.45204, -23.72904 ], [ -46.45191, -23.72946 ], [ -46.4522, -23.72967 ], [ -46.45274, -23.73056 ], [ -46.45304, -23.73078 ], [ -46.45361, -23.7307 ], [ -46.45415, -23.73034 ], [ -46.45474, -23.73032 ], [ -46.45521, -23.73006 ], [ -46.45553, -23.73001 ], [ -46.45595, -23.73027 ], [ -46.45585, -23.73048 ], [ -46.45467, -23.73094 ], [ -46.45414, -23.73177 ], [ -46.4538, -23.73181 ], [ -46.45329, -23.73259 ], [ -46.45345, -23.73294 ], [ -46.45324, -23.7342 ], [ -46.45338, -23.73428 ], [ -46.45382, -23.73385 ], [ -46.45428, -23.73385 ], [ -46.45474, -23.73392 ], [ -46.45507, -23.73433 ], [ -46.45539, -23.73444 ], [ -46.45569, -23.73436 ], [ -46.45607, -23.73405 ], [ -46.45613, -23.7336 ], [ -46.45642, -23.73317 ], [ -46.45693, -23.73318 ], [ -46.45753, -23.73352 ], [ -46.45802, -23.7335 ], [ -46.45859, -23.73328 ], [ -46.45908, -23.73234 ], [ -46.45934, -23.73239 ], [ -46.45952, -23.73295 ], [ -46.45976, -23.7332 ], [ -46.46016, -23.73321 ], [ -46.46054, -23.73298 ], [ -46.46074, -23.73259 ], [ -46.46144, -23.73267 ], [ -46.46166, -23.73237 ], [ -46.46185, -23.73169 ], [ -46.4618, -23.73083 ], [ -46.46194, -23.7308 ], [ -46.46209, -23.73096 ], [ -46.46236, -23.73087 ], [ -46.46302, -23.73022 ], [ -46.46357, -23.73033 ], [ -46.46376, -23.73065 ], [ -46.46316, -23.73208 ], [ -46.46321, -23.7334 ], [ -46.46433, -23.73435 ], [ -46.46541, -23.73482 ], [ -46.46547, -23.735 ], [ -46.46524, -23.73508 ], [ -46.46419, -23.7348 ], [ -46.46402, -23.73502 ], [ -46.46417, -23.73534 ], [ -46.46418, -23.73574 ], [ -46.46402, -23.73604 ], [ -46.46414, -23.73663 ], [ -46.46449, -23.73663 ], [ -46.4652, -23.73721 ], [ -46.46619, -23.73892 ], [ -46.46657, -23.73928 ], [ -46.46711, -23.73931 ], [ -46.46767, -23.73917 ], [ -46.46664, -23.74028 ], [ -46.46662, -23.7411 ], [ -46.46685, -23.74135 ], [ -46.46746, -23.74159 ], [ -46.46797, -23.74158 ], [ -46.46953, -23.74107 ], [ -46.46948, -23.74131 ], [ -46.46891, -23.74156 ], [ -46.46819, -23.74224 ], [ -46.46797, -23.74302 ], [ -46.46754, -23.74304 ], [ -46.46714, -23.74377 ], [ -46.46703, -23.74429 ], [ -46.46726, -23.74459 ], [ -46.46753, -23.74465 ], [ -46.4676, -23.74567 ], [ -46.46794, -23.74594 ], [ -46.46842, -23.74704 ], [ -46.46812, -23.74795 ], [ -46.46828, -23.74798 ], [ -46.46843, -23.74755 ], [ -46.46869, -23.74737 ], [ -46.46895, -23.74739 ], [ -46.46898, -23.7477 ], [ -46.46931, -23.74805 ], [ -46.46943, -23.74853 ], [ -46.4694, -23.74924 ], [ -46.47001, -23.74983 ], [ -46.47127, -23.74744 ], [ -46.47164, -23.74719 ], [ -46.47226, -23.74641 ], [ -46.47293, -23.74605 ], [ -46.47309, -23.7461 ], [ -46.47316, -23.74628 ], [ -46.47271, -23.74707 ], [ -46.47219, -23.74758 ], [ -46.47184, -23.7482 ], [ -46.47187, -23.74909 ], [ -46.47233, -23.7495 ], [ -46.47242, -23.74975 ], [ -46.47235, -23.75001 ], [ -46.47204, -23.75012 ], [ -46.47189, -23.75042 ], [ -46.47195, -23.75132 ], [ -46.47242, -23.7517 ], [ -46.47304, -23.75258 ], [ -46.4737, -23.75298 ], [ -46.47395, -23.75355 ], [ -46.47412, -23.75447 ], [ -46.47491, -23.75408 ], [ -46.47492, -23.75188 ], [ -46.47533, -23.74975 ], [ -46.47552, -23.74937 ], [ -46.47533, -23.74917 ], [ -46.47536, -23.74899 ], [ -46.47567, -23.7491 ], [ -46.4764, -23.74844 ], [ -46.47648, -23.74823 ], [ -46.47681, -23.74812 ], [ -46.47666, -23.74858 ], [ -46.47596, -23.74964 ], [ -46.47576, -23.75106 ], [ -46.47588, -23.75127 ], [ -46.47614, -23.75133 ], [ -46.47784, -23.75068 ], [ -46.47768, -23.75096 ], [ -46.47723, -23.75115 ], [ -46.47631, -23.75184 ], [ -46.47613, -23.75211 ], [ -46.47595, -23.7525 ], [ -46.476, -23.75305 ], [ -46.4762, -23.75323 ], [ -46.47669, -23.75318 ], [ -46.478, -23.75273 ], [ -46.47871, -23.75294 ], [ -46.47915, -23.75292 ], [ -46.4795, -23.75208 ], [ -46.4797, -23.75203 ], [ -46.47976, -23.75232 ], [ -46.48006, -23.75266 ], [ -46.48104, -23.75305 ], [ -46.48138, -23.75286 ], [ -46.48145, -23.75243 ], [ -46.48179, -23.75237 ], [ -46.48183, -23.75276 ], [ -46.48201, -23.75302 ], [ -46.4827, -23.75309 ], [ -46.48313, -23.75341 ], [ -46.48352, -23.75402 ], [ -46.48377, -23.75382 ], [ -46.48399, -23.75335 ], [ -46.48484, -23.75336 ], [ -46.48508, -23.75351 ], [ -46.48513, -23.75369 ], [ -46.48677, -23.7532 ], [ -46.48722, -23.75266 ], [ -46.48747, -23.75206 ], [ -46.48724, -23.75171 ], [ -46.48664, -23.75152 ], [ -46.48547, -23.75173 ], [ -46.48527, -23.7514 ], [ -46.48429, -23.75091 ], [ -46.48398, -23.75096 ], [ -46.48321, -23.75057 ], [ -46.48642, -23.75078 ], [ -46.48674, -23.75052 ], [ -46.48687, -23.74973 ], [ -46.4863, -23.74848 ], [ -46.48505, -23.74791 ], [ -46.48463, -23.74785 ], [ -46.48439, -23.74764 ], [ -46.48353, -23.74755 ], [ -46.48299, -23.74732 ], [ -46.48256, -23.74734 ], [ -46.48221, -23.74716 ], [ -46.4821, -23.74668 ], [ -46.48428, -23.74734 ], [ -46.48576, -23.74738 ], [ -46.48694, -23.74774 ], [ -46.48715, -23.74742 ], [ -46.48751, -23.74616 ], [ -46.4873, -23.74569 ], [ -46.4869, -23.74546 ], [ -46.48708, -23.74532 ], [ -46.48813, -23.74528 ], [ -46.488, -23.74467 ], [ -46.48808, -23.74422 ], [ -46.48733, -23.74381 ], [ -46.48604, -23.74389 ], [ -46.48657, -23.74351 ], [ -46.48713, -23.74337 ], [ -46.48742, -23.74314 ], [ -46.48745, -23.74293 ], [ -46.48732, -23.74281 ], [ -46.48664, -23.74273 ], [ -46.48599, -23.74296 ], [ -46.48513, -23.74299 ], [ -46.48673, -23.74215 ], [ -46.48711, -23.74169 ], [ -46.4868, -23.74084 ], [ -46.48583, -23.74062 ], [ -46.48437, -23.74081 ], [ -46.48652, -23.73976 ], [ -46.48691, -23.73867 ], [ -46.48674, -23.7382 ], [ -46.48595, -23.73778 ], [ -46.48537, -23.73781 ], [ -46.48561, -23.7373 ], [ -46.48558, -23.73712 ], [ -46.48506, -23.7368 ], [ -46.48336, -23.73625 ], [ -46.48235, -23.73638 ], [ -46.48222, -23.73626 ], [ -46.48217, -23.73564 ], [ -46.4824, -23.73535 ], [ -46.48314, -23.73572 ], [ -46.48401, -23.73566 ], [ -46.48537, -23.73597 ], [ -46.486, -23.73596 ], [ -46.48597, -23.73528 ], [ -46.48658, -23.73473 ], [ -46.48667, -23.73435 ], [ -46.4864, -23.73354 ], [ -46.48605, -23.73316 ], [ -46.48656, -23.73325 ], [ -46.48686, -23.73344 ], [ -46.48707, -23.73336 ], [ -46.48673, -23.73275 ], [ -46.48675, -23.73241 ], [ -46.48599, -23.73192 ], [ -46.48597, -23.73175 ], [ -46.48722, -23.7308 ], [ -46.48713, -23.72995 ], [ -46.48744, -23.72968 ], [ -46.48764, -23.72974 ], [ -46.48779, -23.72955 ], [ -46.48826, -23.7295 ], [ -46.48844, -23.72957 ], [ -46.48852, -23.73045 ], [ -46.48882, -23.73064 ], [ -46.48842, -23.73109 ], [ -46.48842, -23.73132 ], [ -46.48816, -23.73145 ], [ -46.48791, -23.73179 ], [ -46.48783, -23.73245 ], [ -46.48797, -23.73293 ], [ -46.48836, -23.7332 ], [ -46.48865, -23.73314 ], [ -46.4886, -23.73348 ], [ -46.48884, -23.73373 ], [ -46.48794, -23.73407 ], [ -46.4877, -23.73442 ], [ -46.48733, -23.73596 ], [ -46.48734, -23.7367 ], [ -46.48707, -23.73722 ], [ -46.48715, -23.73735 ], [ -46.48749, -23.73733 ], [ -46.48802, -23.73716 ], [ -46.48905, -23.73642 ], [ -46.48928, -23.73653 ], [ -46.48934, -23.73685 ], [ -46.48946, -23.73691 ], [ -46.48875, -23.73727 ], [ -46.48846, -23.73756 ], [ -46.48823, -23.73835 ], [ -46.48824, -23.73923 ], [ -46.48848, -23.7393 ], [ -46.48899, -23.7391 ], [ -46.48919, -23.73923 ], [ -46.48878, -23.73985 ], [ -46.48871, -23.74064 ], [ -46.48882, -23.74079 ], [ -46.48865, -23.74167 ], [ -46.48884, -23.74211 ], [ -46.48923, -23.74241 ], [ -46.48994, -23.74241 ], [ -46.4914, -23.74138 ], [ -46.49193, -23.74033 ], [ -46.49219, -23.74005 ], [ -46.49244, -23.7399 ], [ -46.49287, -23.74004 ], [ -46.49312, -23.7403 ], [ -46.4924, -23.74177 ], [ -46.49263, -23.74263 ], [ -46.49237, -23.74278 ], [ -46.49142, -23.7428 ], [ -46.49076, -23.74306 ], [ -46.48974, -23.74404 ], [ -46.48967, -23.74436 ], [ -46.48989, -23.74484 ], [ -46.49058, -23.74536 ], [ -46.49047, -23.74551 ], [ -46.49002, -23.74554 ], [ -46.49007, -23.74586 ], [ -46.49134, -23.74696 ], [ -46.49, -23.74646 ], [ -46.48931, -23.74667 ], [ -46.48892, -23.74764 ], [ -46.48881, -23.74831 ], [ -46.48907, -23.74858 ], [ -46.48974, -23.74869 ], [ -46.48985, -23.74903 ], [ -46.48909, -23.74939 ], [ -46.48893, -23.75003 ], [ -46.48905, -23.75025 ], [ -46.48937, -23.75036 ], [ -46.48999, -23.75009 ], [ -46.49068, -23.74997 ], [ -46.49138, -23.74961 ], [ -46.49172, -23.7497 ], [ -46.49181, -23.7499 ], [ -46.49124, -23.75032 ], [ -46.49122, -23.75096 ], [ -46.49188, -23.75115 ], [ -46.49241, -23.75095 ], [ -46.49286, -23.75121 ], [ -46.49336, -23.75125 ], [ -46.49397, -23.75093 ], [ -46.49452, -23.75043 ], [ -46.49492, -23.74981 ], [ -46.4949, -23.7496 ], [ -46.49521, -23.74942 ], [ -46.49532, -23.74922 ], [ -46.49531, -23.74863 ], [ -46.4958, -23.74768 ], [ -46.49581, -23.74743 ], [ -46.49672, -23.74716 ], [ -46.49718, -23.74686 ], [ -46.49784, -23.74676 ], [ -46.49826, -23.74651 ], [ -46.49859, -23.74655 ], [ -46.4965, -23.74882 ], [ -46.49637, -23.74962 ], [ -46.49677, -23.75059 ], [ -46.49587, -23.75076 ], [ -46.49547, -23.75116 ], [ -46.49496, -23.75228 ], [ -46.4946, -23.75257 ], [ -46.49458, -23.75305 ], [ -46.4943, -23.75356 ], [ -46.4943, -23.75404 ], [ -46.49439, -23.75424 ], [ -46.49537, -23.75507 ], [ -46.49568, -23.75556 ], [ -46.49643, -23.75466 ], [ -46.49741, -23.75392 ], [ -46.49745, -23.75409 ], [ -46.49689, -23.75454 ], [ -46.4961, -23.75585 ], [ -46.49627, -23.756 ], [ -46.49662, -23.75597 ], [ -46.49708, -23.75618 ], [ -46.49742, -23.75598 ], [ -46.49755, -23.75563 ], [ -46.49765, -23.75625 ], [ -46.4983, -23.75643 ], [ -46.4985, -23.75637 ], [ -46.50152, -23.7535 ], [ -46.50225, -23.75322 ], [ -46.50287, -23.75253 ], [ -46.50338, -23.75239 ], [ -46.50351, -23.75206 ], [ -46.50386, -23.75192 ], [ -46.50378, -23.75256 ], [ -46.50314, -23.75296 ], [ -46.50214, -23.75422 ], [ -46.50219, -23.7544 ], [ -46.50254, -23.75455 ], [ -46.50254, -23.7547 ], [ -46.50145, -23.75525 ], [ -46.50017, -23.75662 ], [ -46.50017, -23.75756 ], [ -46.4998, -23.75818 ], [ -46.50009, -23.75897 ], [ -46.50035, -23.7592 ], [ -46.50078, -23.7593 ], [ -46.5016, -23.75855 ], [ -46.50216, -23.75784 ], [ -46.50261, -23.75773 ], [ -46.50204, -23.75896 ], [ -46.50219, -23.75929 ], [ -46.50306, -23.75988 ], [ -46.50302, -23.75997 ], [ -46.50217, -23.76004 ], [ -46.50236, -23.76134 ], [ -46.50345, -23.76139 ], [ -46.50414, -23.76183 ], [ -46.50514, -23.76199 ], [ -46.50598, -23.76171 ], [ -46.50606, -23.7618 ], [ -46.50585, -23.76294 ], [ -46.5057, -23.76332 ], [ -46.50521, -23.76392 ], [ -46.50525, -23.76421 ], [ -46.50596, -23.76459 ], [ -46.50667, -23.76548 ], [ -46.50702, -23.76574 ], [ -46.50738, -23.76577 ], [ -46.50768, -23.76562 ], [ -46.50777, -23.76494 ], [ -46.5069, -23.7634 ], [ -46.5073, -23.76294 ], [ -46.50762, -23.7619 ], [ -46.50796, -23.76152 ], [ -46.5083, -23.76078 ], [ -46.50845, -23.76003 ], [ -46.50841, -23.75933 ], [ -46.50817, -23.75884 ], [ -46.50807, -23.75824 ], [ -46.50749, -23.75815 ], [ -46.50823, -23.75743 ], [ -46.50885, -23.75615 ], [ -46.5094, -23.75623 ], [ -46.50953, -23.75636 ], [ -46.50895, -23.75787 ], [ -46.50941, -23.7609 ], [ -46.50928, -23.76164 ], [ -46.50876, -23.76272 ], [ -46.50877, -23.76328 ], [ -46.50901, -23.76385 ], [ -46.50918, -23.76488 ], [ -46.50901, -23.76632 ], [ -46.50926, -23.76686 ], [ -46.50943, -23.76686 ], [ -46.50995, -23.76659 ], [ -46.51031, -23.76596 ], [ -46.51045, -23.76592 ], [ -46.51063, -23.76634 ], [ -46.51039, -23.76676 ], [ -46.51045, -23.7669 ], [ -46.51108, -23.76714 ], [ -46.51136, -23.76706 ], [ -46.51177, -23.76649 ], [ -46.51151, -23.76604 ], [ -46.51168, -23.76528 ], [ -46.51093, -23.76389 ], [ -46.51072, -23.76193 ], [ -46.51095, -23.76151 ], [ -46.51115, -23.76254 ], [ -46.51154, -23.76295 ], [ -46.5119, -23.76305 ], [ -46.51229, -23.76273 ], [ -46.5128, -23.76123 ], [ -46.51267, -23.75922 ], [ -46.51327, -23.75797 ], [ -46.51341, -23.75791 ], [ -46.5135, -23.75877 ], [ -46.51405, -23.75983 ], [ -46.51482, -23.75998 ], [ -46.51536, -23.75926 ], [ -46.51554, -23.75949 ], [ -46.51548, -23.75999 ], [ -46.51562, -23.7604 ], [ -46.51596, -23.76052 ], [ -46.51712, -23.76008 ], [ -46.51801, -23.75941 ], [ -46.51811, -23.75909 ], [ -46.51788, -23.75751 ], [ -46.5174, -23.75639 ], [ -46.5175, -23.75634 ], [ -46.51825, -23.75677 ], [ -46.51857, -23.75646 ], [ -46.51865, -23.75654 ], [ -46.5185, -23.75775 ], [ -46.51896, -23.75917 ], [ -46.51918, -23.75951 ], [ -46.51942, -23.75973 ], [ -46.51974, -23.75975 ], [ -46.52052, -23.75882 ], [ -46.52075, -23.75876 ], [ -46.52089, -23.75907 ], [ -46.52088, -23.75966 ], [ -46.52128, -23.75967 ], [ -46.5213, -23.76079 ], [ -46.52142, -23.76101 ], [ -46.52215, -23.76151 ], [ -46.52293, -23.76182 ], [ -46.5237, -23.76128 ], [ -46.52506, -23.75996 ], [ -46.52489, -23.75916 ], [ -46.52497, -23.75815 ], [ -46.52522, -23.75784 ], [ -46.52541, -23.75798 ], [ -46.52543, -23.75827 ], [ -46.5252, -23.75862 ], [ -46.52519, -23.75896 ], [ -46.52553, -23.75944 ], [ -46.52563, -23.7603 ], [ -46.5259, -23.76055 ], [ -46.52607, -23.76042 ], [ -46.52654, -23.76079 ], [ -46.52721, -23.76081 ], [ -46.52698, -23.76104 ], [ -46.52665, -23.76112 ], [ -46.52546, -23.7609 ], [ -46.52532, -23.76097 ], [ -46.5252, -23.76131 ], [ -46.52538, -23.76211 ], [ -46.52522, -23.76268 ], [ -46.52526, -23.76337 ], [ -46.52576, -23.76343 ], [ -46.52651, -23.76318 ], [ -46.52697, -23.76328 ], [ -46.52716, -23.76361 ], [ -46.52728, -23.76481 ], [ -46.52719, -23.76527 ], [ -46.52761, -23.7655 ], [ -46.52867, -23.7649 ], [ -46.5288, -23.76446 ], [ -46.52943, -23.76424 ], [ -46.52953, -23.76387 ], [ -46.53018, -23.76297 ], [ -46.53045, -23.76296 ], [ -46.53061, -23.76313 ], [ -46.53042, -23.7634 ], [ -46.53025, -23.76488 ], [ -46.52942, -23.76588 ], [ -46.52942, -23.76659 ], [ -46.5296, -23.76714 ], [ -46.52979, -23.76723 ], [ -46.53077, -23.7665 ], [ -46.53149, -23.76647 ], [ -46.53157, -23.7666 ], [ -46.53112, -23.76716 ], [ -46.53171, -23.76837 ], [ -46.53214, -23.76852 ], [ -46.53291, -23.76788 ], [ -46.5331, -23.76789 ], [ -46.53321, -23.76799 ], [ -46.53338, -23.76901 ], [ -46.53454, -23.76958 ], [ -46.535, -23.76953 ], [ -46.53602, -23.76907 ], [ -46.53654, -23.76907 ], [ -46.5369, -23.76934 ], [ -46.53677, -23.7702 ], [ -46.53618, -23.77057 ], [ -46.53458, -23.771 ], [ -46.53377, -23.77105 ], [ -46.53373, -23.77088 ], [ -46.53409, -23.77027 ], [ -46.53363, -23.76992 ], [ -46.53293, -23.77094 ], [ -46.53003, -23.77417 ], [ -46.52893, -23.77523 ], [ -46.5274, -23.77604 ], [ -46.52591, -23.77644 ], [ -46.52467, -23.7773 ], [ -46.52393, -23.77743 ], [ -46.52251, -23.77729 ], [ -46.52232, -23.77712 ], [ -46.52315, -23.77582 ], [ -46.52356, -23.7742 ], [ -46.52339, -23.7739 ], [ -46.52315, -23.7738 ], [ -46.52234, -23.77411 ], [ -46.52172, -23.77403 ], [ -46.52211, -23.77307 ], [ -46.52217, -23.77249 ], [ -46.52214, -23.77205 ], [ -46.52156, -23.77078 ], [ -46.52075, -23.77032 ], [ -46.52006, -23.77022 ], [ -46.51925, -23.76962 ], [ -46.51842, -23.76959 ], [ -46.51761, -23.76912 ], [ -46.51699, -23.76892 ], [ -46.51659, -23.76905 ], [ -46.51588, -23.77009 ], [ -46.51543, -23.77134 ], [ -46.51516, -23.77174 ], [ -46.51456, -23.77225 ], [ -46.51212, -23.77344 ], [ -46.51175, -23.77381 ], [ -46.51156, -23.77427 ], [ -46.51142, -23.77415 ], [ -46.51128, -23.7731 ], [ -46.51093, -23.77277 ], [ -46.51039, -23.77279 ], [ -46.5097, -23.77312 ], [ -46.50924, -23.77368 ], [ -46.50875, -23.77292 ], [ -46.5082, -23.77244 ], [ -46.50766, -23.7722 ], [ -46.50652, -23.772 ], [ -46.50601, -23.77214 ], [ -46.50514, -23.77265 ], [ -46.505, -23.77262 ], [ -46.50518, -23.7717 ], [ -46.50511, -23.77126 ], [ -46.5043, -23.77006 ], [ -46.50405, -23.7699 ], [ -46.5019, -23.76983 ], [ -46.50175, -23.76967 ], [ -46.50151, -23.76967 ], [ -46.50099, -23.76823 ], [ -46.50069, -23.76791 ], [ -46.49969, -23.76765 ], [ -46.49899, -23.76773 ], [ -46.49795, -23.76824 ], [ -46.49764, -23.76856 ], [ -46.49746, -23.76926 ], [ -46.49664, -23.76975 ], [ -46.49592, -23.77071 ], [ -46.49535, -23.77105 ], [ -46.49515, -23.77166 ], [ -46.49519, -23.77189 ], [ -46.49477, -23.77297 ], [ -46.49442, -23.77312 ], [ -46.49411, -23.77277 ], [ -46.49463, -23.77147 ], [ -46.4945, -23.77064 ], [ -46.49464, -23.77039 ], [ -46.49502, -23.77028 ], [ -46.49538, -23.76995 ], [ -46.49529, -23.76918 ], [ -46.49567, -23.76891 ], [ -46.49565, -23.76842 ], [ -46.49598, -23.76797 ], [ -46.49578, -23.76744 ], [ -46.4948, -23.76585 ], [ -46.49406, -23.76534 ], [ -46.49352, -23.76443 ], [ -46.49303, -23.76421 ], [ -46.49281, -23.76385 ], [ -46.49082, -23.76312 ], [ -46.48954, -23.7631 ], [ -46.4884, -23.76366 ], [ -46.48744, -23.76387 ], [ -46.48699, -23.76442 ], [ -46.4859, -23.76482 ], [ -46.48522, -23.76607 ], [ -46.48512, -23.76662 ], [ -46.48521, -23.76767 ], [ -46.48582, -23.76797 ], [ -46.48648, -23.76794 ], [ -46.48681, -23.76806 ], [ -46.488, -23.76936 ], [ -46.48796, -23.76947 ], [ -46.48775, -23.7694 ], [ -46.4874, -23.76914 ], [ -46.48629, -23.76872 ], [ -46.48576, -23.76872 ], [ -46.48519, -23.76881 ], [ -46.48485, -23.76903 ], [ -46.48467, -23.7694 ], [ -46.48461, -23.76977 ], [ -46.48478, -23.77017 ], [ -46.48478, -23.77063 ], [ -46.48462, -23.77095 ], [ -46.48468, -23.77149 ], [ -46.48502, -23.77208 ], [ -46.48509, -23.77262 ], [ -46.48479, -23.77323 ], [ -46.48546, -23.77392 ], [ -46.48639, -23.77437 ], [ -46.48694, -23.77497 ], [ -46.48671, -23.77506 ], [ -46.48619, -23.77467 ], [ -46.4858, -23.77456 ], [ -46.48478, -23.77475 ], [ -46.4839, -23.77563 ], [ -46.48352, -23.7764 ], [ -46.48304, -23.77664 ], [ -46.48285, -23.77648 ], [ -46.48288, -23.77588 ], [ -46.48337, -23.7744 ], [ -46.4834, -23.7735 ], [ -46.48312, -23.772 ], [ -46.48294, -23.77166 ], [ -46.48328, -23.77126 ], [ -46.48326, -23.7708 ], [ -46.48259, -23.77014 ], [ -46.48257, -23.76997 ], [ -46.48267, -23.76977 ], [ -46.48312, -23.76947 ], [ -46.48318, -23.76921 ], [ -46.48297, -23.76837 ], [ -46.48318, -23.76801 ], [ -46.48325, -23.76734 ], [ -46.48363, -23.76651 ], [ -46.4836, -23.76522 ], [ -46.48286, -23.76505 ], [ -46.48218, -23.76516 ], [ -46.48067, -23.76632 ], [ -46.47943, -23.76601 ], [ -46.47821, -23.76637 ], [ -46.47778, -23.76672 ], [ -46.47744, -23.7675 ], [ -46.47749, -23.76789 ], [ -46.47667, -23.76883 ], [ -46.47631, -23.77008 ], [ -46.47578, -23.77118 ], [ -46.4753, -23.77186 ], [ -46.47468, -23.7717 ], [ -46.47437, -23.77117 ], [ -46.47426, -23.77042 ], [ -46.47379, -23.77028 ], [ -46.47368, -23.76993 ], [ -46.47413, -23.7693 ], [ -46.47478, -23.76906 ], [ -46.47513, -23.76844 ], [ -46.47524, -23.76796 ], [ -46.47511, -23.76763 ], [ -46.47553, -23.76723 ], [ -46.47583, -23.76652 ], [ -46.4753, -23.76641 ], [ -46.47484, -23.76604 ], [ -46.47424, -23.76588 ], [ -46.47156, -23.76582 ], [ -46.47046, -23.76533 ], [ -46.4706, -23.76512 ], [ -46.47107, -23.76486 ], [ -46.47322, -23.76506 ], [ -46.47881, -23.76441 ], [ -46.47917, -23.76427 ], [ -46.47979, -23.76358 ], [ -46.48018, -23.76343 ], [ -46.48063, -23.76266 ], [ -46.48128, -23.76254 ], [ -46.48141, -23.76241 ], [ -46.48134, -23.76208 ], [ -46.48104, -23.76177 ], [ -46.47935, -23.76123 ], [ -46.47652, -23.76155 ], [ -46.47596, -23.76115 ], [ -46.47568, -23.76057 ], [ -46.47583, -23.76024 ], [ -46.47626, -23.76013 ], [ -46.47652, -23.7599 ], [ -46.47631, -23.75947 ], [ -46.47594, -23.75934 ], [ -46.47534, -23.75946 ], [ -46.47524, -23.75936 ], [ -46.47521, -23.7591 ], [ -46.47558, -23.758 ], [ -46.47552, -23.75761 ], [ -46.47515, -23.75733 ], [ -46.47496, -23.75732 ], [ -46.47422, -23.75792 ], [ -46.473, -23.7578 ], [ -46.4724, -23.75793 ], [ -46.47195, -23.75849 ], [ -46.47124, -23.75986 ], [ -46.47099, -23.75998 ], [ -46.47074, -23.75984 ], [ -46.47103, -23.75889 ], [ -46.47104, -23.75833 ], [ -46.47089, -23.75795 ], [ -46.47052, -23.75764 ], [ -46.46894, -23.75701 ], [ -46.46863, -23.75712 ], [ -46.46821, -23.75806 ], [ -46.46718, -23.75931 ], [ -46.46707, -23.75923 ], [ -46.46731, -23.75855 ], [ -46.46725, -23.75832 ], [ -46.46695, -23.75808 ], [ -46.46669, -23.75803 ], [ -46.4657, -23.75831 ], [ -46.46272, -23.75821 ], [ -46.46307, -23.75767 ], [ -46.4636, -23.75732 ], [ -46.46476, -23.7573 ], [ -46.46548, -23.75783 ], [ -46.46564, -23.75782 ], [ -46.46645, -23.75684 ], [ -46.46712, -23.75654 ], [ -46.46717, -23.75618 ], [ -46.4669, -23.75552 ], [ -46.46666, -23.75527 ], [ -46.46521, -23.75464 ], [ -46.46579, -23.7542 ], [ -46.46604, -23.75418 ], [ -46.46651, -23.75448 ], [ -46.4668, -23.7545 ], [ -46.46678, -23.75376 ], [ -46.46656, -23.75332 ], [ -46.46614, -23.75301 ], [ -46.46535, -23.75208 ], [ -46.46508, -23.75155 ], [ -46.46429, -23.75095 ], [ -46.46302, -23.75019 ], [ -46.46258, -23.75005 ], [ -46.46139, -23.75018 ], [ -46.46102, -23.75007 ], [ -46.46121, -23.7493 ], [ -46.46113, -23.74845 ], [ -46.46045, -23.74773 ], [ -46.45949, -23.74759 ], [ -46.45799, -23.74785 ], [ -46.45753, -23.74775 ], [ -46.45682, -23.74718 ], [ -46.4562, -23.74691 ], [ -46.45562, -23.74687 ], [ -46.45417, -23.7471 ], [ -46.45257, -23.74804 ], [ -46.45258, -23.74829 ], [ -46.45291, -23.74869 ], [ -46.45288, -23.74895 ], [ -46.45249, -23.74922 ], [ -46.45086, -23.75006 ], [ -46.45061, -23.74983 ], [ -46.45046, -23.74985 ], [ -46.4497, -23.75056 ], [ -46.44945, -23.75058 ], [ -46.4493, -23.75045 ], [ -46.44905, -23.74913 ], [ -46.44763, -23.74805 ], [ -46.44714, -23.74701 ], [ -46.44717, -23.74683 ], [ -46.44759, -23.74656 ], [ -46.4492, -23.74614 ], [ -46.45009, -23.74634 ], [ -46.45076, -23.74624 ], [ -46.45228, -23.7454 ], [ -46.45312, -23.7441 ], [ -46.45352, -23.7439 ], [ -46.45413, -23.74392 ], [ -46.45478, -23.74429 ], [ -46.4556, -23.74416 ], [ -46.45617, -23.74389 ], [ -46.45662, -23.74348 ], [ -46.45704, -23.74382 ], [ -46.45768, -23.74493 ], [ -46.45809, -23.74535 ], [ -46.45857, -23.74562 ], [ -46.45911, -23.74573 ], [ -46.45949, -23.74544 ], [ -46.46017, -23.74397 ], [ -46.46013, -23.74348 ], [ -46.4599, -23.74298 ], [ -46.45877, -23.74202 ], [ -46.45858, -23.74146 ], [ -46.45782, -23.74075 ], [ -46.45712, -23.74037 ], [ -46.45657, -23.74029 ], [ -46.45612, -23.74035 ], [ -46.45526, -23.74089 ], [ -46.45483, -23.74094 ], [ -46.45382, -23.74047 ], [ -46.45339, -23.74055 ], [ -46.45323, -23.74082 ], [ -46.4534, -23.74129 ], [ -46.45317, -23.7416 ], [ -46.4527, -23.7419 ], [ -46.45145, -23.74215 ], [ -46.45109, -23.74209 ], [ -46.45028, -23.74082 ], [ -46.44902, -23.73981 ], [ -46.44834, -23.73868 ], [ -46.44797, -23.73862 ], [ -46.44642, -23.7378 ], [ -46.44523, -23.73804 ], [ -46.44431, -23.73773 ], [ -46.44412, -23.73723 ], [ -46.44421, -23.73698 ], [ -46.44364, -23.73699 ], [ -46.44295, -23.73619 ], [ -46.44303, -23.73576 ], [ -46.44278, -23.73491 ], [ -46.44298, -23.7344 ], [ -46.44292, -23.73098 ], [ -46.44257, -23.72994 ], [ -46.44258, -23.72957 ], [ -46.44229, -23.72941 ], [ -46.44021, -23.72999 ], [ -46.4392, -23.7305 ], [ -46.43897, -23.731 ], [ -46.43735, -23.73268 ], [ -46.43722, -23.73304 ], [ -46.43661, -23.73331 ], [ -46.4361, -23.73329 ], [ -46.43577, -23.73351 ], [ -46.43572, -23.73453 ], [ -46.43498, -23.73562 ], [ -46.43427, -23.73568 ], [ -46.43408, -23.73546 ], [ -46.43371, -23.73575 ], [ -46.43366, -23.73591 ], [ -46.434, -23.73648 ], [ -46.43396, -23.73664 ], [ -46.43373, -23.73661 ], [ -46.43348, -23.73638 ], [ -46.43236, -23.73746 ], [ -46.43191, -23.7377 ], [ -46.43125, -23.7376 ], [ -46.43027, -23.73675 ], [ -46.42917, -23.73636 ], [ -46.42908, -23.73605 ], [ -46.42918, -23.73479 ], [ -46.42858, -23.73357 ], [ -46.42729, -23.73292 ], [ -46.42719, -23.7331 ], [ -46.42736, -23.7337 ], [ -46.42702, -23.73382 ] ], [ [ -46.46336, -23.73416 ], [ -46.463, -23.73373 ], [ -46.46234, -23.7336 ], [ -46.46018, -23.73409 ], [ -46.45898, -23.73527 ], [ -46.45904, -23.73556 ], [ -46.45965, -23.73518 ], [ -46.46011, -23.73512 ], [ -46.46085, -23.7353 ], [ -46.46239, -23.73467 ], [ -46.46306, -23.73469 ], [ -46.46341, -23.73446 ], [ -46.46336, -23.73416 ] ] ], [ [ [ -46.47078, -23.77469 ], [ -46.47016, -23.77358 ], [ -46.46974, -23.77335 ], [ -46.46971, -23.77304 ], [ -46.46991, -23.77276 ], [ -46.47125, -23.77287 ], [ -46.473, -23.77245 ], [ -46.47348, -23.77245 ], [ -46.4738, -23.77233 ], [ -46.47396, -23.77183 ], [ -46.47413, -23.77181 ], [ -46.47452, -23.77189 ], [ -46.47546, -23.77284 ], [ -46.47549, -23.77298 ], [ -46.47525, -23.77303 ], [ -46.47485, -23.77351 ], [ -46.47361, -23.77372 ], [ -46.47335, -23.77417 ], [ -46.47224, -23.77428 ], [ -46.47078, -23.77469 ] ] ] ] } },
{ "type": "Feature", "properties": { "km2": 0.038 }, "geometry": { "type": "Polygon", "coordinates": [ [ [ -46.55201, -23.808 ], [ -46.55161, -23.80835 ], [ -46.55107, -23.80845 ], [ -46.54912, -23.80864 ], [ -46.54898, -23.80843 ], [ -46.54943, -23.80806 ], [ -46.55084, -23.80739 ], [ -46.55108, -23.80686 ], [ -46.55113, -23.80638 ], [ -46.55124, -23.80633 ], [ -46.55213, -23.807 ], [ -46.55228, -23.80726 ], [ -46.55201, -23.808 ] ] ] } },
{ "type": "Feature", "properties": { "km2": 0.021 }, "geometry": { "type": "Polygon", "coordinates": [ [ [ -46.57372, -23.87781 ], [ -46.5734, -23.87843 ], [ -46.57275, -23.87805 ], [ -46.57243, -23.87767 ], [ -46.57263, -23.87727 ], [ -46.57282, -23.87734 ], [ -46.57263, -23.87713 ], [ -46.57336, -23.87616 ], [ -46.57369, -23.8762 ], [ -46.57378, -23.87639 ], [ -46.5736, -23.87758 ], [ -46.57339, -23.87768 ], [ -46.5729, -23.87744 ], [ -46.57339, -23.87772 ], [ -46.57369, -23.87761 ], [ -46.57372, -23.87781 ] ] ] } },
{ "type": "Feature", "properties": { "km2": 0.055 }, "geometry": { "type": "Polygon", "coordinates": [ [ [ -46.55301, -23.86442 ], [ -46.55311, -23.86498 ], [ -46.55262, -23.8655 ], [ -46.55214, -23.86568 ], [ -46.55216, -23.86598 ], [ -46.552, -23.86632 ], [ -46.55161, -23.86646 ], [ -46.55112, -23.86619 ], [ -46.55087, -23.86692 ], [ -46.55116, -23.86711 ], [ -46.55034, -23.86746 ], [ -46.54989, -23.86732 ], [ -46.54986, -23.86667 ], [ -46.55008, -23.86641 ], [ -46.55022, -23.86587 ], [ -46.55069, -23.86532 ], [ -46.55202, -23.86437 ], [ -46.55232, -23.86427 ], [ -46.55301, -23.86442 ] ] ] } },
{ "type": "Feature", "properties": { "km2": 0.152 }, "geometry": { "type": "Polygon", "coordinates": [ [ [ -46.589, -23.83929 ], [ -46.59023, -23.84021 ], [ -46.58979, -23.84134 ], [ -46.59076, -23.84286 ], [ -46.59066, -23.84345 ], [ -46.59085, -23.84386 ], [ -46.59016, -23.84553 ], [ -46.58974, -23.84563 ], [ -46.58939, -23.84523 ], [ -46.58858, -23.8437 ], [ -46.58855, -23.84327 ], [ -46.58819, -23.84278 ], [ -46.58722, -23.84292 ], [ -46.5875, -23.84245 ], [ -46.58755, -23.84168 ], [ -46.58738, -23.84073 ], [ -46.58743, -23.8399 ], [ -46.5876, -23.83953 ], [ -46.58788, -23.83937 ], [ -46.589, -23.83929 ] ] ] } },
{ "type": "Feature", "properties": { "km2": 0.021 }, "geometry": { "type": "Polygon", "coordinates": [ [ [ -46.67307, -23.8233 ], [ -46.67323, -23.82349 ], [ -46.6734, -23.82442 ], [ -46.67387, -23.82496 ], [ -46.67375, -23.82526 ], [ -46.67343, -23.82524 ], [ -46.67322, -23.82485 ], [ -46.67256, -23.82507 ], [ -46.67207, -23.82381 ], [ -46.67262, -23.82343 ], [ -46.67307, -23.8233 ] ] ] } },
{ "type": "Feature", "properties": { "km2": 0.027 }, "geometry": { "type": "Polygon", "coordinates": [ [ [ -46.69844, -23.79998 ], [ -46.6989, -23.80039 ], [ -46.69899, -23.80077 ], [ -46.69856, -23.80134 ], [ -46.69822, -23.80151 ], [ -46.69788, -23.80149 ], [ -46.69757, -23.80092 ], [ -46.69685, -23.80042 ], [ -46.69693, -23.79982 ], [ -46.69766, -23.79981 ], [ -46.69844, -23.79998 ] ] ] } },
{ "type": "Feature", "properties": { "km2": 0.022 }, "geometry": { "type": "Polygon", "coordinates": [ [ [ -46.70785, -23.82857 ], [ -46.70774, -23.82771 ], [ -46.70674, -23.82702 ], [ -46.70827, -23.82739 ], [ -46.70918, -23.82709 ], [ -46.70924, -23.82773 ], [ -46.70861, -23.82863 ], [ -46.70785, -23.82857 ] ] ] } },
{ "type": "Feature", "properties": { "km2": 0.067 }, "geometry": { "type": "Polygon", "coordinates": [ [ [ -46.6596, -23.87566 ], [ -46.66078, -23.87555 ], [ -46.66172, -23.87684 ], [ -46.66292, -23.8778 ], [ -46.66333, -23.87838 ], [ -46.66306, -23.87853 ], [ -46.66285, -23.87829 ], [ -46.6625, -23.8785 ], [ -46.66235, -23.87886 ], [ -46.66113, -23.87871 ], [ -46.66077, -23.87802 ], [ -46.66085, -23.87763 ], [ -46.6605, -23.87764 ], [ -46.65937, -23.87594 ], [ -46.6596, -23.87566 ] ] ] } },
{ "type": "Feature", "properties": { "km2": 0.096 }, "geometry": { "type": "Polygon", "coordinates": [ [ [ -46.72825, -23.9148 ], [ -46.7285, -23.91485 ], [ -46.72884, -23.91539 ], [ -46.72843, -23.91548 ], [ -46.72833, -23.91603 ], [ -46.72807, -23.91623 ], [ -46.72792, -23.9166 ], [ -46.72832, -23.91677 ], [ -46.72899, -23.91634 ], [ -46.7291, -23.91639 ], [ -46.72903, -23.91674 ], [ -46.72817, -23.91706 ], [ -46.72742, -23.91796 ], [ -46.72705, -23.91808 ], [ -46.72672, -23.91899 ], [ -46.72703, -23.91926 ], [ -46.72704, -23.91962 ], [ -46.72743, -23.91981 ], [ -46.72735, -23.92028 ], [ -46.72752, -23.9205 ], [ -46.72778, -23.92049 ], [ -46.72762, -23.9209 ], [ -46.72793, -23.92103 ], [ -46.72797, -23.92147 ], [ -46.72825, -23.92154 ], [ -46.72868, -23.92124 ], [ -46.72913, -23.92139 ], [ -46.72986, -23.92186 ], [ -46.73017, -23.92225 ], [ -46.73056, -23.92232 ], [ -46.73089, -23.92275 ], [ -46.73116, -23.92286 ], [ -46.7311, -23.92332 ], [ -46.73195, -23.92404 ], [ -46.73187, -23.92433 ], [ -46.73199, -23.92446 ], [ -46.7325, -23.92476 ], [ -46.73242, -23.92538 ], [ -46.73219, -23.92554 ], [ -46.73198, -23.92544 ], [ -46.73202, -23.92462 ], [ -46.7317, -23.92451 ], [ -46.73163, -23.92424 ], [ -46.73095, -23.92361 ], [ -46.73048, -23.92284 ], [ -46.73059, -23.92325 ], [ -46.73039, -23.92349 ], [ -46.72997, -23.92339 ], [ -46.72969, -23.92288 ], [ -46.72951, -23.92281 ], [ -46.72916, -23.92309 ], [ -46.72893, -23.92252 ], [ -46.72792, -23.92195 ], [ -46.72726, -23.92179 ], [ -46.72668, -23.92117 ], [ -46.72697, -23.92083 ], [ -46.72691, -23.91997 ], [ -46.72652, -23.91974 ], [ -46.72654, -23.91926 ], [ -46.72637, -23.91903 ], [ -46.72645, -23.91867 ], [ -46.72668, -23.91804 ], [ -46.72733, -23.91765 ], [ -46.72787, -23.917 ], [ -46.72768, -23.91676 ], [ -46.72773, -23.91525 ], [ -46.72787, -23.91495 ], [ -46.72825, -23.9148 ] ] ] } },
{ "type": "Feature", "properties": { "km2": 0.322 }, "geometry": { "type": "Polygon", "coordinates": [ [ [ -46.66299, -24.00934 ], [ -46.66266, -24.00917 ], [ -46.66158, -24.00707 ], [ -46.66065, -24.00566 ], [ -46.66006, -24.00502 ], [ -46.6588, -24.00402 ], [ -46.65735, -24.0034 ], [ -46.65553, -24.0019 ], [ -46.65499, -24.00181 ], [ -46.65479, -24.0016 ], [ -46.65433, -24.0015 ], [ -46.65314, -24.00172 ], [ -46.65154, -24.0031 ], [ -46.65132, -24.00352 ], [ -46.65141, -24.00386 ], [ -46.65086, -24.00394 ], [ -46.65045, -24.00378 ], [ -46.64998, -24.00164 ], [ -46.65032, -24.0015 ], [ -46.65042, -24.00261 ], [ -46.65094, -24.0035 ], [ -46.6511, -24.00343 ], [ -46.65126, -24.00291 ], [ -46.65153, -24.00254 ], [ -46.65282, -24.00147 ], [ -46.65422, -24.00105 ], [ -46.65562, -24.00154 ], [ -46.6573, -24.00267 ], [ -46.65747, -24.00297 ], [ -46.65799, -24.00337 ], [ -46.65967, -24.0041 ], [ -46.66067, -24.00509 ], [ -46.66191, -24.00702 ], [ -46.66279, -24.00807 ], [ -46.66619, -24.00978 ], [ -46.66783, -24.01037 ], [ -46.67074, -24.0105 ], [ -46.67097, -24.01041 ], [ -46.67613, -24.01027 ], [ -46.67683, -24.00947 ], [ -46.67853, -24.00884 ], [ -46.67959, -24.00897 ], [ -46.67983, -24.00912 ], [ -46.67997, -24.00951 ], [ -46.68057, -24.01004 ], [ -46.68173, -24.01068 ], [ -46.68244, -24.01069 ], [ -46.68418, -24.01031 ], [ -46.68486, -24.01035 ], [ -46.68515, -24.0105 ], [ -46.68656, -24.01217 ], [ -46.68731, -24.01286 ], [ -46.68795, -24.01441 ], [ -46.68883, -24.01525 ], [ -46.6887, -24.0155 ], [ -46.68816, -24.01547 ], [ -46.68768, -24.01525 ], [ -46.68724, -24.01448 ], [ -46.68697, -24.01431 ], [ -46.68691, -24.01416 ], [ -46.68716, -24.01404 ], [ -46.68651, -24.01264 ], [ -46.68545, -24.01138 ], [ -46.68465, -24.01078 ], [ -46.68169, -24.011 ], [ -46.68122, -24.01093 ], [ -46.67997, -24.01124 ], [ -46.67951, -24.01168 ], [ -46.67882, -24.01183 ], [ -46.67757, -24.01137 ], [ -46.67698, -24.01134 ], [ -46.67507, -24.01088 ], [ -46.66788, -24.01073 ], [ -46.66548, -24.00973 ], [ -46.66299, -24.00934 ] ], [ [ -46.66437, -24.0091 ], [ -46.66428, -24.00903 ], [ -46.66269, -24.00842 ], [ -46.66281, -24.00891 ], [ -46.66299, -24.0091 ], [ -46.66437, -24.0091 ] ], [ [ -46.68074, -24.0108 ], [ -46.68078, -24.01061 ], [ -46.68039, -24.01042 ], [ -46.67953, -24.00946 ], [ -46.6787, -24.00918 ], [ -46.67773, -24.00935 ], [ -46.67698, -24.01039 ], [ -46.67641, -24.01055 ], [ -46.67633, -24.01078 ], [ -46.67691, -24.01103 ], [ -46.67786, -24.01111 ], [ -46.67891, -24.0116 ], [ -46.67924, -24.01155 ], [ -46.67946, -24.01126 ], [ -46.68074, -24.0108 ] ] ] } },
{ "type": "Feature", "properties": { "km2": 0.096 }, "geometry": { "type": "Polygon", "coordinates": [ [ [ -46.70092, -24.02392 ], [ -46.70038, -24.02336 ], [ -46.69912, -24.02117 ], [ -46.6984, -24.0205 ], [ -46.69682, -24.0201 ], [ -46.69612, -24.01883 ], [ -46.695, -24.01862 ], [ -46.69419, -24.01816 ], [ -46.69009, -24.0164 ], [ -46.6887, -24.0155 ], [ -46.68883, -24.01525 ], [ -46.69003, -24.01592 ], [ -46.69407, -24.01757 ], [ -46.69645, -24.01818 ], [ -46.6973, -24.0196 ], [ -46.69858, -24.01983 ], [ -46.69964, -24.02075 ], [ -46.7011, -24.02379 ], [ -46.70092, -24.02392 ] ] ] } },
{ "type": "Feature", "properties": { "km2": 0.117 }, "geometry": { "type": "Polygon", "coordinates": [ [ [ -46.70507, -24.02252 ], [ -46.70498, -24.02279 ], [ -46.70481, -24.02281 ], [ -46.70433, -24.02263 ], [ -46.7043, -24.02362 ], [ -46.70396, -24.02436 ], [ -46.70437, -24.02497 ], [ -46.7043, -24.0255 ], [ -46.70417, -24.02577 ], [ -46.70359, -24.02613 ], [ -46.70249, -24.02586 ], [ -46.70139, -24.02428 ], [ -46.70092, -24.02392 ], [ -46.7011, -24.02379 ], [ -46.70176, -24.02396 ], [ -46.70247, -24.0249 ], [ -46.70289, -24.0257 ], [ -46.70338, -24.0259 ], [ -46.70368, -24.02578 ], [ -46.70394, -24.02527 ], [ -46.70367, -24.02433 ], [ -46.70408, -24.02348 ], [ -46.70398, -24.02249 ], [ -46.70431, -24.02204 ], [ -46.70478, -24.02202 ], [ -46.70605, -24.02262 ], [ -46.70769, -24.02377 ], [ -46.70927, -24.02401 ], [ -46.7097, -24.02424 ], [ -46.70962, -24.02452 ], [ -46.70987, -24.0254 ], [ -46.70981, -24.02563 ], [ -46.70963, -24.02589 ], [ -46.7091, -24.02611 ], [ -46.70893, -24.02635 ], [ -46.71021, -24.02784 ], [ -46.71035, -24.0291 ], [ -46.71061, -24.02915 ], [ -46.71103, -24.02872 ], [ -46.71112, -24.0284 ], [ -46.71142, -24.02804 ], [ -46.71246, -24.02808 ], [ -46.71374, -24.02871 ], [ -46.71493, -24.02891 ], [ -46.7152, -24.02915 ], [ -46.71527, -24.02942 ], [ -46.7151, -24.03029 ], [ -46.71525, -24.03061 ], [ -46.71552, -24.03078 ], [ -46.71595, -24.03079 ], [ -46.71771, -24.02997 ], [ -46.71819, -24.02875 ], [ -46.71823, -24.02813 ], [ -46.71883, -24.0277 ], [ -46.71927, -24.02766 ], [ -46.71956, -24.02779 ], [ -46.71971, -24.02802 ], [ -46.71972, -24.02832 ], [ -46.71938, -24.02884 ], [ -46.71941, -24.02959 ], [ -46.71915, -24.02969 ], [ -46.71908, -24.02922 ], [ -46.71938, -24.02807 ], [ -46.71861, -24.02807 ], [ -46.71816, -24.02976 ], [ -46.7179, -24.03019 ], [ -46.71672, -24.03059 ], [ -46.7161, -24.03105 ], [ -46.71576, -24.03109 ], [ -46.7152, -24.03096 ], [ -46.71479, -24.03059 ], [ -46.71498, -24.02938 ], [ -46.71456, -24.02898 ], [ -46.71381, -24.02899 ], [ -46.71251, -24.0284 ], [ -46.7116, -24.02832 ], [ -46.71142, -24.02846 ], [ -46.71119, -24.02913 ], [ -46.71065, -24.02938 ], [ -46.71006, -24.02932 ], [ -46.70996, -24.02905 ], [ -46.71003, -24.02804 ], [ -46.70871, -24.02659 ], [ -46.7087, -24.02628 ], [ -46.70888, -24.02593 ], [ -46.70923, -24.0258 ], [ -46.70958, -24.02542 ], [ -46.70948, -24.02438 ], [ -46.70922, -24.02423 ], [ -46.7085, -24.02421 ], [ -46.7076, -24.02398 ], [ -46.70612, -24.02295 ], [ -46.70507, -24.02252 ] ], [ [ -46.70501, -24.02243 ], [ -46.7045, -24.02228 ], [ -46.7046, -24.02257 ], [ -46.70483, -24.02273 ], [ -46.70501, -24.02243 ] ] ] } },
{ "type": "Feature", "properties": { "km2": 0.028 }, "geometry": { "type": "Polygon", "coordinates": [ [ [ -46.83154, -23.94191 ], [ -46.83205, -23.94113 ], [ -46.83217, -23.94114 ], [ -46.83256, -23.9418 ], [ -46.83305, -23.94218 ], [ -46.83476, -23.94306 ], [ -46.83552, -23.94365 ], [ -46.83566, -23.94389 ], [ -46.8352, -23.9438 ], [ -46.83483, -23.94351 ], [ -46.83406, -23.94408 ], [ -46.83426, -23.94373 ], [ -46.83468, -23.94359 ], [ -46.83467, -23.94331 ], [ -46.83453, -23.94316 ], [ -46.83404, -23.94309 ], [ -46.83357, -23.94324 ], [ -46.83218, -23.9423 ], [ -46.83162, -23.94208 ], [ -46.83154, -23.94191 ] ] ] } },
{ "type": "Feature", "properties": { "km2": 0.022 }, "geometry": { "type": "Polygon", "coordinates": [ [ [ -46.93215, -23.89689 ], [ -46.9323, -23.89717 ], [ -46.93211, -23.89727 ], [ -46.93199, -23.8978 ], [ -46.93233, -23.89831 ], [ -46.93189, -23.89887 ], [ -46.93175, -23.89936 ], [ -46.93171, -23.89992 ], [ -46.93189, -23.90071 ], [ -46.93182, -23.90107 ], [ -46.93156, -23.9009 ], [ -46.93153, -23.9001 ], [ -46.93136, -23.90006 ], [ -46.93153, -23.89945 ], [ -46.93136, -23.89935 ], [ -46.93119, -23.89894 ], [ -46.93156, -23.89773 ], [ -46.93154, -23.89702 ], [ -46.93215, -23.89689 ] ] ] } },
{ "type": "Feature", "properties": { "km2": 0.029 }, "geometry": { "type": "Polygon", "coordinates": [ [ [ -46.92038, -23.88679 ], [ -46.91977, -23.88776 ], [ -46.92004, -23.88803 ], [ -46.92008, -23.88833 ], [ -46.91957, -23.88848 ], [ -46.9195, -23.88911 ], [ -46.91962, -23.88933 ], [ -46.91934, -23.88923 ], [ -46.91943, -23.88957 ], [ -46.91883, -23.89015 ], [ -46.91874, -23.88953 ], [ -46.91932, -23.88698 ], [ -46.91991, -23.88629 ], [ -46.92038, -23.88679 ] ], [ [ -46.9196, -23.88732 ], [ -46.91943, -23.88724 ], [ -46.91933, -23.88754 ], [ -46.91948, -23.88765 ], [ -46.9196, -23.88732 ] ] ] } },
{ "type": "Feature", "properties": { "km2": 0.023 }, "geometry": { "type": "Polygon", "coordinates": [ [ [ -46.96755, -23.87772 ], [ -46.96699, -23.87805 ], [ -46.96604, -23.8775 ], [ -46.96579, -23.87723 ], [ -46.96588, -23.87639 ], [ -46.96672, -23.87632 ], [ -46.96748, -23.87733 ], [ -46.96755, -23.87772 ] ] ] } },
{ "type": "Feature", "properties": { "km2": 0.055 }, "geometry": { "type": "Polygon", "coordinates": [ [ [ -46.86307, -23.86857 ], [ -46.86318, -23.86828 ], [ -46.86307, -23.86814 ], [ -46.86315, -23.86764 ], [ -46.86353, -23.86736 ], [ -46.86387, -23.86663 ], [ -46.86385, -23.86738 ], [ -46.86477, -23.86653 ], [ -46.86692, -23.8659 ], [ -46.86706, -23.86635 ], [ -46.86765, -23.86649 ], [ -46.86755, -23.86668 ], [ -46.86767, -23.86677 ], [ -46.86788, -23.86679 ], [ -46.86824, -23.86655 ], [ -46.86897, -23.86684 ], [ -46.86878, -23.86696 ], [ -46.86844, -23.86677 ], [ -46.86749, -23.86689 ], [ -46.86741, -23.86732 ], [ -46.86713, -23.86698 ], [ -46.8666, -23.86688 ], [ -46.86628, -23.86705 ], [ -46.86529, -23.86707 ], [ -46.86437, -23.86773 ], [ -46.86433, -23.86807 ], [ -46.86408, -23.86842 ], [ -46.86408, -23.86913 ], [ -46.86397, -23.86922 ], [ -46.86339, -23.86905 ], [ -46.86307, -23.86857 ] ] ] } },
{ "type": "Feature", "properties": { "km2": 0.134 }, "geometry": { "type": "Polygon", "coordinates": [ [ [ -46.88182, -23.88075 ], [ -46.88181, -23.88046 ], [ -46.88207, -23.87997 ], [ -46.88193, -23.87928 ], [ -46.88203, -23.8792 ], [ -46.88255, -23.87919 ], [ -46.8831, -23.87963 ], [ -46.88331, -23.87939 ], [ -46.88329, -23.87901 ], [ -46.88457, -23.87924 ], [ -46.88465, -23.87916 ], [ -46.88453, -23.87885 ], [ -46.88472, -23.87868 ], [ -46.88471, -23.87909 ], [ -46.88482, -23.87921 ], [ -46.88423, -23.87938 ], [ -46.8842, -23.87955 ], [ -46.88457, -23.87976 ], [ -46.88467, -23.88033 ], [ -46.88493, -23.88081 ], [ -46.8863, -23.88196 ], [ -46.88616, -23.88287 ], [ -46.88638, -23.88297 ], [ -46.8867, -23.88339 ], [ -46.88713, -23.8832 ], [ -46.88702, -23.88284 ], [ -46.88737, -23.883 ], [ -46.8873, -23.88311 ], [ -46.88743, -23.8832 ], [ -46.88851, -23.88277 ], [ -46.88871, -23.88289 ], [ -46.88839, -23.8833 ], [ -46.88864, -23.88324 ], [ -46.889, -23.88288 ], [ -46.88925, -23.88315 ], [ -46.88896, -23.88353 ], [ -46.88883, -23.88351 ], [ -46.88887, -23.88319 ], [ -46.88858, -23.88345 ], [ -46.88821, -23.8834 ], [ -46.88796, -23.88365 ], [ -46.88752, -23.88368 ], [ -46.88744, -23.88387 ], [ -46.88677, -23.88388 ], [ -46.8871, -23.88437 ], [ -46.8869, -23.88443 ], [ -46.88672, -23.88429 ], [ -46.88641, -23.88438 ], [ -46.88622, -23.88427 ], [ -46.88633, -23.88409 ], [ -46.88609, -23.88368 ], [ -46.88506, -23.88253 ], [ -46.88394, -23.88234 ], [ -46.88182, -23.88075 ] ] ] } },
{ "type": "Feature", "properties": { "km2": 0.085 }, "geometry": { "type": "Polygon", "coordinates": [ [ [ -46.83407, -23.92833 ], [ -46.83388, -23.92785 ], [ -46.83337, -23.92772 ], [ -46.83261, -23.9277 ], [ -46.83209, -23.92714 ], [ -46.83062, -23.92655 ], [ -46.82965, -23.92637 ], [ -46.82958, -23.92599 ], [ -46.82908, -23.92539 ], [ -46.82862, -23.9252 ], [ -46.82762, -23.92509 ], [ -46.82744, -23.92494 ], [ -46.82748, -23.92452 ], [ -46.82844, -23.92411 ], [ -46.82941, -23.92454 ], [ -46.83, -23.92507 ], [ -46.83042, -23.92494 ], [ -46.83054, -23.92478 ], [ -46.83092, -23.92572 ], [ -46.83152, -23.9263 ], [ -46.83246, -23.92651 ], [ -46.83295, -23.92634 ], [ -46.8331, -23.92612 ], [ -46.83314, -23.92675 ], [ -46.83336, -23.92697 ], [ -46.83445, -23.92749 ], [ -46.83497, -23.92748 ], [ -46.83548, -23.9278 ], [ -46.8353, -23.92795 ], [ -46.83465, -23.92803 ], [ -46.83417, -23.92832 ], [ -46.83407, -23.92833 ] ] ] } },
{ "type": "Feature", "properties": { "km2": 0.028 }, "geometry": { "type": "Polygon", "coordinates": [ [ [ -46.84326, -23.87645 ], [ -46.84402, -23.87586 ], [ -46.84457, -23.87625 ], [ -46.84422, -23.87673 ], [ -46.84381, -23.87697 ], [ -46.84389, -23.87721 ], [ -46.84349, -23.87734 ], [ -46.84305, -23.87725 ], [ -46.84199, -23.87791 ], [ -46.84198, -23.87834 ], [ -46.84223, -23.87879 ], [ -46.84158, -23.87854 ], [ -46.84113, -23.87874 ], [ -46.84187, -23.87809 ], [ -46.84206, -23.87693 ], [ -46.84251, -23.87686 ], [ -46.84326, -23.87645 ] ] ] } },
{ "type": "Feature", "properties": { "km2": 0.068 }, "geometry": { "type": "Polygon", "coordinates": [ [ [ -46.7777, -23.90125 ], [ -46.77743, -23.90111 ], [ -46.77745, -23.90138 ], [ -46.77668, -23.90214 ], [ -46.77611, -23.9025 ], [ -46.77575, -23.90246 ], [ -46.77574, -23.90264 ], [ -46.77534, -23.9027 ], [ -46.77474, -23.90269 ], [ -46.77476, -23.90244 ], [ -46.77495, -23.90225 ], [ -46.77517, -23.90256 ], [ -46.77523, -23.90218 ], [ -46.77547, -23.90237 ], [ -46.77594, -23.90201 ], [ -46.77629, -23.90193 ], [ -46.77639, -23.90167 ], [ -46.77672, -23.90156 ], [ -46.7768, -23.90122 ], [ -46.77672, -23.90082 ], [ -46.77723, -23.9008 ], [ -46.77719, -23.9007 ], [ -46.77753, -23.90026 ], [ -46.77737, -23.8997 ], [ -46.7778, -23.89903 ], [ -46.77772, -23.89896 ], [ -46.7779, -23.89838 ], [ -46.7781, -23.89832 ], [ -46.77951, -23.89891 ], [ -46.78016, -23.89839 ], [ -46.78029, -23.89784 ], [ -46.78156, -23.89727 ], [ -46.78184, -23.89676 ], [ -46.7818, -23.89662 ], [ -46.78202, -23.89643 ], [ -46.78218, -23.89677 ], [ -46.78209, -23.89705 ], [ -46.78093, -23.89799 ], [ -46.78051, -23.89815 ], [ -46.77991, -23.89897 ], [ -46.77947, -23.89931 ], [ -46.77905, -23.89945 ], [ -46.77887, -23.89975 ], [ -46.77871, -23.89978 ], [ -46.77844, -23.90039 ], [ -46.77835, -23.90105 ], [ -46.77814, -23.90119 ], [ -46.77798, -23.90101 ], [ -46.77802, -23.9007 ], [ -46.77785, -23.90103 ], [ -46.77753, -23.90096 ], [ -46.7777, -23.90125 ] ] ] } },
{ "type": "Feature", "properties": { "km2": 0.155 }, "geometry": { "type": "Polygon", "coordinates": [ [ [ -46.79545, -23.81257 ], [ -46.79456, -23.81213 ], [ -46.79349, -23.81206 ], [ -46.79241, -23.81222 ], [ -46.79029, -23.81223 ], [ -46.78945, -23.81186 ], [ -46.78826, -23.81239 ], [ -46.7878, -23.81283 ], [ -46.78756, -23.81281 ], [ -46.78733, -23.8125 ], [ -46.78635, -23.81289 ], [ -46.78554, -23.81279 ], [ -46.78514, -23.81298 ], [ -46.78484, -23.81331 ], [ -46.78467, -23.8132 ], [ -46.78499, -23.81244 ], [ -46.78553, -23.8124 ], [ -46.78626, -23.81257 ], [ -46.78682, -23.8124 ], [ -46.78745, -23.81184 ], [ -46.78801, -23.8116 ], [ -46.78817, -23.81145 ], [ -46.78821, -23.81109 ], [ -46.78805, -23.8108 ], [ -46.78934, -23.81098 ], [ -46.78941, -23.81055 ], [ -46.78919, -23.81016 ], [ -46.78922, -23.80996 ], [ -46.78999, -23.81048 ], [ -46.79062, -23.81033 ], [ -46.79089, -23.81005 ], [ -46.79174, -23.8107 ], [ -46.79246, -23.81017 ], [ -46.79279, -23.81013 ], [ -46.79318, -23.81038 ], [ -46.79393, -23.8099 ], [ -46.79406, -23.80994 ], [ -46.79504, -23.8118 ], [ -46.79579, -23.81235 ], [ -46.79577, -23.81249 ], [ -46.79545, -23.81257 ] ] ] } },
{ "type": "Feature", "properties": { "km2": 0.097 }, "geometry": { "type": "Polygon", "coordinates": [ [ [ -46.8008, -23.81526 ], [ -46.8004, -23.81555 ], [ -46.80012, -23.81555 ], [ -46.79995, -23.8157 ], [ -46.79975, -23.81628 ], [ -46.79906, -23.81677 ], [ -46.79906, -23.81737 ], [ -46.79861, -23.81796 ], [ -46.79806, -23.81811 ], [ -46.79761, -23.81796 ], [ -46.79731, -23.81807 ], [ -46.79723, -23.81779 ], [ -46.79741, -23.8177 ], [ -46.79777, -23.8171 ], [ -46.79778, -23.81659 ], [ -46.79815, -23.81607 ], [ -46.79818, -23.81569 ], [ -46.79796, -23.81504 ], [ -46.79727, -23.81497 ], [ -46.79721, -23.81472 ], [ -46.79803, -23.81385 ], [ -46.79834, -23.81334 ], [ -46.79939, -23.81373 ], [ -46.79979, -23.81441 ], [ -46.80058, -23.8148 ], [ -46.80082, -23.81507 ], [ -46.8008, -23.81526 ] ] ] } },
{ "type": "Feature", "properties": { "km2": 26.576 }, "geometry": { "type": "Polygon", "coordinates": [ [ [ -46.73269, -23.68947 ], [ -46.73314, -23.68944 ], [ -46.73423, -23.68904 ], [ -46.73502, -23.68918 ], [ -46.73508, -23.68928 ], [ -46.73488, -23.68953 ], [ -46.73501, -23.69005 ], [ -46.7352, -23.69025 ], [ -46.73625, -23.69079 ], [ -46.73694, -23.69054 ], [ -46.73737, -23.69097 ], [ -46.73849, -23.69132 ], [ -46.73853, -23.69183 ], [ -46.73787, -23.69227 ], [ -46.7378, -23.69256 ], [ -46.73807, -23.693 ], [ -46.73846, -23.69329 ], [ -46.7389, -23.69416 ], [ -46.73889, -23.69467 ], [ -46.73943, -23.69506 ], [ -46.74, -23.69629 ], [ -46.74035, -23.69628 ], [ -46.74102, -23.69564 ], [ -46.74127, -23.69555 ], [ -46.74155, -23.69619 ], [ -46.74161, -23.69666 ], [ -46.74188, -23.69671 ], [ -46.7423, -23.69702 ], [ -46.74406, -23.69715 ], [ -46.74437, -23.69706 ], [ -46.74453, -23.69637 ], [ -46.74468, -23.69622 ], [ -46.74634, -23.69627 ], [ -46.74659, -23.69657 ], [ -46.74676, -23.69847 ], [ -46.74773, -23.69856 ], [ -46.74797, -23.69876 ], [ -46.74774, -23.69919 ], [ -46.74745, -23.69932 ], [ -46.74463, -23.7001 ], [ -46.74438, -23.70027 ], [ -46.74378, -23.70111 ], [ -46.7434, -23.70128 ], [ -46.74259, -23.70065 ], [ -46.74087, -23.70015 ], [ -46.73947, -23.70026 ], [ -46.7385, -23.70013 ], [ -46.73758, -23.70043 ], [ -46.73693, -23.70092 ], [ -46.73662, -23.70101 ], [ -46.7362, -23.7009 ], [ -46.73603, -23.70048 ], [ -46.73572, -23.70027 ], [ -46.7353, -23.7004 ], [ -46.73471, -23.70093 ], [ -46.73358, -23.70041 ], [ -46.73212, -23.70039 ], [ -46.72993, -23.70247 ], [ -46.72955, -23.70302 ], [ -46.72961, -23.70381 ], [ -46.72886, -23.70431 ], [ -46.72857, -23.70476 ], [ -46.72841, -23.70541 ], [ -46.72858, -23.70573 ], [ -46.72919, -23.70618 ], [ -46.72978, -23.70626 ], [ -46.73, -23.70698 ], [ -46.73051, -23.70736 ], [ -46.72887, -23.70896 ], [ -46.72878, -23.70926 ], [ -46.72961, -23.71001 ], [ -46.73051, -23.71043 ], [ -46.73116, -23.71063 ], [ -46.7323, -23.71074 ], [ -46.73311, -23.71155 ], [ -46.73372, -23.71189 ], [ -46.73461, -23.71208 ], [ -46.73606, -23.71207 ], [ -46.73643, -23.71229 ], [ -46.73721, -23.71311 ], [ -46.73784, -23.71406 ], [ -46.73829, -23.71503 ], [ -46.73825, -23.71573 ], [ -46.73884, -23.7162 ], [ -46.73904, -23.71677 ], [ -46.73998, -23.71678 ], [ -46.73931, -23.71607 ], [ -46.73896, -23.7153 ], [ -46.73892, -23.71489 ], [ -46.73908, -23.71409 ], [ -46.73989, -23.71226 ], [ -46.74105, -23.71136 ], [ -46.74172, -23.71004 ], [ -46.74209, -23.70965 ], [ -46.74326, -23.70886 ], [ -46.74425, -23.70859 ], [ -46.74643, -23.70867 ], [ -46.74774, -23.70847 ], [ -46.74898, -23.7085 ], [ -46.75051, -23.70834 ], [ -46.75193, -23.7089 ], [ -46.75373, -23.70997 ], [ -46.75434, -23.71002 ], [ -46.75568, -23.70985 ], [ -46.75626, -23.70966 ], [ -46.75647, -23.70945 ], [ -46.75829, -23.70641 ], [ -46.75895, -23.70586 ], [ -46.75942, -23.70572 ], [ -46.76137, -23.70722 ], [ -46.76434, -23.70698 ], [ -46.76461, -23.70714 ], [ -46.76493, -23.70774 ], [ -46.76563, -23.70803 ], [ -46.76649, -23.70787 ], [ -46.76705, -23.7076 ], [ -46.76732, -23.70764 ], [ -46.76765, -23.70819 ], [ -46.76815, -23.70958 ], [ -46.76821, -23.7104 ], [ -46.76868, -23.71071 ], [ -46.76886, -23.71128 ], [ -46.76967, -23.71243 ], [ -46.77196, -23.71511 ], [ -46.77281, -23.71565 ], [ -46.7742, -23.71581 ], [ -46.77519, -23.71626 ], [ -46.77527, -23.71643 ], [ -46.77514, -23.71754 ], [ -46.77558, -23.71801 ], [ -46.77476, -23.71861 ], [ -46.77476, -23.71916 ], [ -46.77461, -23.7194 ], [ -46.77443, -23.71949 ], [ -46.77381, -23.71941 ], [ -46.77331, -23.71915 ], [ -46.77313, -23.71892 ], [ -46.77293, -23.71828 ], [ -46.77245, -23.71756 ], [ -46.77252, -23.71697 ], [ -46.77243, -23.71658 ], [ -46.77112, -23.71465 ], [ -46.77012, -23.71409 ], [ -46.76879, -23.71409 ], [ -46.76847, -23.71355 ], [ -46.76771, -23.71351 ], [ -46.76516, -23.7115 ], [ -46.7642, -23.71178 ], [ -46.76251, -23.71086 ], [ -46.76159, -23.71076 ], [ -46.76135, -23.71091 ], [ -46.76126, -23.71144 ], [ -46.7608, -23.71151 ], [ -46.7603, -23.71204 ], [ -46.76012, -23.71241 ], [ -46.76011, -23.71299 ], [ -46.75984, -23.71309 ], [ -46.75929, -23.71291 ], [ -46.75866, -23.7129 ], [ -46.75587, -23.71201 ], [ -46.75556, -23.71202 ], [ -46.75325, -23.71555 ], [ -46.74992, -23.71853 ], [ -46.74942, -23.71879 ], [ -46.74844, -23.71903 ], [ -46.74815, -23.71924 ], [ -46.74796, -23.71955 ], [ -46.74757, -23.72134 ], [ -46.74727, -23.72199 ], [ -46.74653, -23.72296 ], [ -46.74565, -23.7238 ], [ -46.74493, -23.7248 ], [ -46.7444, -23.72671 ], [ -46.7434, -23.72817 ], [ -46.74273, -23.7301 ], [ -46.74126, -23.73093 ], [ -46.74016, -23.73192 ], [ -46.7398, -23.73286 ], [ -46.7399, -23.73417 ], [ -46.74027, -23.73474 ], [ -46.74065, -23.7361 ], [ -46.7409, -23.73639 ], [ -46.74127, -23.73732 ], [ -46.74141, -23.73744 ], [ -46.74195, -23.73749 ], [ -46.7417, -23.73836 ], [ -46.74202, -23.73903 ], [ -46.74184, -23.73998 ], [ -46.74247, -23.74071 ], [ -46.7431, -23.74112 ], [ -46.74442, -23.74072 ], [ -46.74509, -23.74075 ], [ -46.74471, -23.73785 ], [ -46.74481, -23.73703 ], [ -46.74507, -23.7367 ], [ -46.74707, -23.73542 ], [ -46.74963, -23.73478 ], [ -46.75179, -23.73371 ], [ -46.75362, -23.73366 ], [ -46.75561, -23.73295 ], [ -46.75706, -23.73261 ], [ -46.75727, -23.73268 ], [ -46.75774, -23.73365 ], [ -46.75837, -23.73374 ], [ -46.75985, -23.73311 ], [ -46.76154, -23.73296 ], [ -46.76181, -23.73284 ], [ -46.76221, -23.73238 ], [ -46.76254, -23.73231 ], [ -46.76312, -23.73255 ], [ -46.76443, -23.73367 ], [ -46.76488, -23.73376 ], [ -46.76549, -23.73338 ], [ -46.76576, -23.73338 ], [ -46.7663, -23.73456 ], [ -46.76688, -23.73491 ], [ -46.76785, -23.73513 ], [ -46.76827, -23.73546 ], [ -46.76889, -23.73638 ], [ -46.76941, -23.73749 ], [ -46.77005, -23.7377 ], [ -46.76991, -23.73843 ], [ -46.76998, -23.73876 ], [ -46.7706, -23.73943 ], [ -46.77157, -23.73998 ], [ -46.77182, -23.74042 ], [ -46.77222, -23.74073 ], [ -46.77236, -23.7413 ], [ -46.77163, -23.74307 ], [ -46.772, -23.74391 ], [ -46.77186, -23.74435 ], [ -46.76964, -23.74583 ], [ -46.76888, -23.74672 ], [ -46.76789, -23.74715 ], [ -46.76767, -23.74739 ], [ -46.76766, -23.7476 ], [ -46.76796, -23.748 ], [ -46.76857, -23.74827 ], [ -46.76866, -23.74889 ], [ -46.76829, -23.74972 ], [ -46.76766, -23.75041 ], [ -46.76773, -23.75058 ], [ -46.76869, -23.75059 ], [ -46.76967, -23.74951 ], [ -46.77064, -23.74915 ], [ -46.7712, -23.74927 ], [ -46.77095, -23.74966 ], [ -46.77032, -23.74999 ], [ -46.76959, -23.75062 ], [ -46.76882, -23.75155 ], [ -46.76794, -23.75217 ], [ -46.76789, -23.75258 ], [ -46.76817, -23.75266 ], [ -46.76883, -23.75213 ], [ -46.7692, -23.75208 ], [ -46.76948, -23.75235 ], [ -46.76983, -23.75342 ], [ -46.7706, -23.75396 ], [ -46.77371, -23.75434 ], [ -46.77446, -23.75416 ], [ -46.77655, -23.75478 ], [ -46.77729, -23.75526 ], [ -46.77702, -23.75555 ], [ -46.77407, -23.75725 ], [ -46.77282, -23.75917 ], [ -46.77205, -23.75955 ], [ -46.77173, -23.7607 ], [ -46.77164, -23.7631 ], [ -46.77218, -23.7636 ], [ -46.77247, -23.76416 ], [ -46.77318, -23.76427 ], [ -46.77372, -23.76398 ], [ -46.77379, -23.76321 ], [ -46.77393, -23.76283 ], [ -46.77416, -23.76262 ], [ -46.77696, -23.76141 ], [ -46.77733, -23.76147 ], [ -46.77889, -23.76219 ], [ -46.77986, -23.76243 ], [ -46.78006, -23.76268 ], [ -46.78032, -23.7635 ], [ -46.78083, -23.76383 ], [ -46.78205, -23.76395 ], [ -46.78323, -23.76388 ], [ -46.7839, -23.76413 ], [ -46.78395, -23.76426 ], [ -46.78353, -23.76553 ], [ -46.78231, -23.76564 ], [ -46.78032, -23.7669 ], [ -46.78012, -23.76718 ], [ -46.78126, -23.768 ], [ -46.78116, -23.76878 ], [ -46.78197, -23.76972 ], [ -46.7821, -23.76963 ], [ -46.78199, -23.76916 ], [ -46.78229, -23.76837 ], [ -46.78346, -23.76801 ], [ -46.78422, -23.7682 ], [ -46.78574, -23.76973 ], [ -46.78808, -23.7717 ], [ -46.7898, -23.77247 ], [ -46.79075, -23.77428 ], [ -46.79137, -23.77518 ], [ -46.79329, -23.77705 ], [ -46.79393, -23.7782 ], [ -46.79402, -23.77882 ], [ -46.79371, -23.78039 ], [ -46.79404, -23.78176 ], [ -46.79413, -23.78273 ], [ -46.79433, -23.7831 ], [ -46.79486, -23.7836 ], [ -46.79426, -23.78419 ], [ -46.79363, -23.78517 ], [ -46.79331, -23.78545 ], [ -46.79246, -23.78562 ], [ -46.7904, -23.78509 ], [ -46.78922, -23.7846 ], [ -46.78904, -23.78423 ], [ -46.78882, -23.78412 ], [ -46.78842, -23.78413 ], [ -46.78818, -23.78321 ], [ -46.789, -23.78195 ], [ -46.78895, -23.78046 ], [ -46.78914, -23.77963 ], [ -46.78862, -23.77921 ], [ -46.78781, -23.77913 ], [ -46.78691, -23.77884 ], [ -46.78661, -23.77842 ], [ -46.78621, -23.77638 ], [ -46.78588, -23.77553 ], [ -46.78549, -23.77528 ], [ -46.78497, -23.77517 ], [ -46.7834, -23.77542 ], [ -46.78175, -23.77538 ], [ -46.77994, -23.77507 ], [ -46.77879, -23.77464 ], [ -46.7783, -23.77424 ], [ -46.77791, -23.7737 ], [ -46.77842, -23.77243 ], [ -46.77753, -23.77017 ], [ -46.7771, -23.7696 ], [ -46.77626, -23.76899 ], [ -46.77435, -23.76856 ], [ -46.77412, -23.76832 ], [ -46.77403, -23.76742 ], [ -46.77384, -23.76715 ], [ -46.77347, -23.76718 ], [ -46.77321, -23.76744 ], [ -46.77209, -23.76908 ], [ -46.77166, -23.76948 ], [ -46.77108, -23.76966 ], [ -46.7706, -23.76933 ], [ -46.77045, -23.76884 ], [ -46.77063, -23.76812 ], [ -46.77009, -23.76702 ], [ -46.76994, -23.76681 ], [ -46.76952, -23.76683 ], [ -46.7692, -23.76669 ], [ -46.76906, -23.76644 ], [ -46.76918, -23.76623 ], [ -46.7695, -23.76615 ], [ -46.77011, -23.76546 ], [ -46.77082, -23.76505 ], [ -46.77097, -23.7646 ], [ -46.77083, -23.76426 ], [ -46.77054, -23.76393 ], [ -46.76934, -23.76405 ], [ -46.76847, -23.76383 ], [ -46.76738, -23.76185 ], [ -46.76665, -23.76123 ], [ -46.76704, -23.7605 ], [ -46.76703, -23.76024 ], [ -46.76674, -23.76011 ], [ -46.76608, -23.76021 ], [ -46.76582, -23.76008 ], [ -46.76664, -23.75897 ], [ -46.76709, -23.75764 ], [ -46.76706, -23.7569 ], [ -46.7666, -23.75649 ], [ -46.76561, -23.75607 ], [ -46.76468, -23.75595 ], [ -46.76445, -23.75578 ], [ -46.76434, -23.75525 ], [ -46.76439, -23.75428 ], [ -46.76425, -23.75369 ], [ -46.76377, -23.75295 ], [ -46.76317, -23.75256 ], [ -46.76284, -23.75211 ], [ -46.76254, -23.75132 ], [ -46.76259, -23.75088 ], [ -46.76331, -23.75031 ], [ -46.76335, -23.74968 ], [ -46.76356, -23.74918 ], [ -46.76355, -23.74863 ], [ -46.76324, -23.74809 ], [ -46.76308, -23.74706 ], [ -46.76047, -23.74543 ], [ -46.75913, -23.7452 ], [ -46.75802, -23.74475 ], [ -46.75772, -23.74475 ], [ -46.75726, -23.74498 ], [ -46.75602, -23.74465 ], [ -46.75497, -23.74482 ], [ -46.75251, -23.74385 ], [ -46.75132, -23.74377 ], [ -46.75077, -23.74391 ], [ -46.75037, -23.74413 ], [ -46.74942, -23.74506 ], [ -46.74823, -23.74707 ], [ -46.74829, -23.74803 ], [ -46.74921, -23.74936 ], [ -46.74904, -23.74969 ], [ -46.74883, -23.7498 ], [ -46.74768, -23.74927 ], [ -46.74601, -23.74777 ], [ -46.74557, -23.74771 ], [ -46.74452, -23.74815 ], [ -46.74424, -23.74835 ], [ -46.74402, -23.74876 ], [ -46.74353, -23.75271 ], [ -46.74325, -23.75301 ], [ -46.74304, -23.753 ], [ -46.74285, -23.75258 ], [ -46.74235, -23.74898 ], [ -46.74181, -23.74859 ], [ -46.7413, -23.74843 ], [ -46.74085, -23.74843 ], [ -46.74029, -23.74866 ], [ -46.73991, -23.74754 ], [ -46.7394, -23.74713 ], [ -46.73809, -23.74679 ], [ -46.73681, -23.74684 ], [ -46.73513, -23.74666 ], [ -46.73326, -23.74618 ], [ -46.73245, -23.74583 ], [ -46.7322, -23.74589 ], [ -46.73201, -23.74642 ], [ -46.73074, -23.74632 ], [ -46.73058, -23.74646 ], [ -46.73029, -23.74738 ], [ -46.73008, -23.74986 ], [ -46.72982, -23.75079 ], [ -46.72958, -23.75131 ], [ -46.72912, -23.75172 ], [ -46.72863, -23.75335 ], [ -46.72815, -23.75398 ], [ -46.7282, -23.75414 ], [ -46.72881, -23.75447 ], [ -46.72899, -23.7553 ], [ -46.72884, -23.75591 ], [ -46.72871, -23.75619 ], [ -46.72793, -23.75674 ], [ -46.72759, -23.75719 ], [ -46.72671, -23.75776 ], [ -46.72659, -23.75836 ], [ -46.72611, -23.7585 ], [ -46.72592, -23.75869 ], [ -46.72622, -23.75957 ], [ -46.72584, -23.76094 ], [ -46.72582, -23.76218 ], [ -46.72526, -23.7631 ], [ -46.72493, -23.76321 ], [ -46.725, -23.76351 ], [ -46.72467, -23.76401 ], [ -46.72474, -23.76415 ], [ -46.72539, -23.76433 ], [ -46.72593, -23.76493 ], [ -46.72621, -23.76485 ], [ -46.72645, -23.76573 ], [ -46.72616, -23.76605 ], [ -46.7267, -23.76641 ], [ -46.72665, -23.76682 ], [ -46.72634, -23.76699 ], [ -46.72616, -23.76665 ], [ -46.72523, -23.76651 ], [ -46.72514, -23.76621 ], [ -46.72453, -23.76628 ], [ -46.72475, -23.76599 ], [ -46.72524, -23.76595 ], [ -46.72564, -23.7651 ], [ -46.72557, -23.76482 ], [ -46.72515, -23.76466 ], [ -46.72475, -23.76489 ], [ -46.72446, -23.76484 ], [ -46.72357, -23.7637 ], [ -46.72287, -23.76363 ], [ -46.72264, -23.76338 ], [ -46.72219, -23.76139 ], [ -46.72236, -23.7597 ], [ -46.72265, -23.75945 ], [ -46.72367, -23.75913 ], [ -46.72384, -23.75891 ], [ -46.72383, -23.75746 ], [ -46.72438, -23.75639 ], [ -46.72464, -23.75551 ], [ -46.72479, -23.75539 ], [ -46.72506, -23.75543 ], [ -46.72526, -23.75573 ], [ -46.72569, -23.7559 ], [ -46.72604, -23.75574 ], [ -46.72632, -23.75542 ], [ -46.72619, -23.75498 ], [ -46.72551, -23.75443 ], [ -46.725, -23.75312 ], [ -46.72531, -23.75189 ], [ -46.72524, -23.75139 ], [ -46.72566, -23.75045 ], [ -46.72546, -23.74928 ], [ -46.725, -23.74907 ], [ -46.72496, -23.74892 ], [ -46.72505, -23.74788 ], [ -46.72479, -23.74619 ], [ -46.72453, -23.74575 ], [ -46.72455, -23.74559 ], [ -46.72563, -23.74463 ], [ -46.72534, -23.74336 ], [ -46.72514, -23.74322 ], [ -46.72424, -23.74328 ], [ -46.72343, -23.74314 ], [ -46.72202, -23.74324 ], [ -46.72177, -23.7431 ], [ -46.72206, -23.74261 ], [ -46.7222, -23.74175 ], [ -46.72241, -23.74147 ], [ -46.72356, -23.74096 ], [ -46.72421, -23.74092 ], [ -46.72405, -23.74069 ], [ -46.72352, -23.74044 ], [ -46.7231, -23.73985 ], [ -46.72276, -23.73858 ], [ -46.72272, -23.73756 ], [ -46.72289, -23.73708 ], [ -46.72395, -23.73585 ], [ -46.72466, -23.73437 ], [ -46.72606, -23.73325 ], [ -46.72624, -23.73262 ], [ -46.72578, -23.73207 ], [ -46.72525, -23.73189 ], [ -46.72459, -23.73174 ], [ -46.72354, -23.73182 ], [ -46.72213, -23.7315 ], [ -46.722, -23.73134 ], [ -46.72254, -23.73092 ], [ -46.72258, -23.73073 ], [ -46.72214, -23.72977 ], [ -46.72172, -23.72943 ], [ -46.72148, -23.72898 ], [ -46.72187, -23.72752 ], [ -46.72179, -23.72722 ], [ -46.72135, -23.72692 ], [ -46.72104, -23.72558 ], [ -46.72099, -23.72455 ], [ -46.72132, -23.7231 ], [ -46.72029, -23.72165 ], [ -46.72007, -23.72157 ], [ -46.71958, -23.72167 ], [ -46.71802, -23.72218 ], [ -46.71693, -23.72186 ], [ -46.71665, -23.72167 ], [ -46.71804, -23.72081 ], [ -46.71871, -23.72002 ], [ -46.71911, -23.71904 ], [ -46.71917, -23.7182 ], [ -46.71888, -23.7181 ], [ -46.71768, -23.71864 ], [ -46.71682, -23.71837 ], [ -46.71615, -23.71843 ], [ -46.71372, -23.72028 ], [ -46.71327, -23.72047 ], [ -46.71304, -23.72048 ], [ -46.71284, -23.7203 ], [ -46.71226, -23.71892 ], [ -46.71196, -23.71853 ], [ -46.71228, -23.71791 ], [ -46.71235, -23.71703 ], [ -46.71256, -23.71685 ], [ -46.71289, -23.71664 ], [ -46.71586, -23.71565 ], [ -46.71694, -23.71497 ], [ -46.71734, -23.7145 ], [ -46.71714, -23.71358 ], [ -46.71662, -23.7127 ], [ -46.71582, -23.71228 ], [ -46.71515, -23.71236 ], [ -46.71388, -23.71311 ], [ -46.71365, -23.71305 ], [ -46.71374, -23.71208 ], [ -46.71334, -23.71192 ], [ -46.71318, -23.71092 ], [ -46.71346, -23.71007 ], [ -46.71294, -23.70956 ], [ -46.71316, -23.70912 ], [ -46.71312, -23.70894 ], [ -46.71338, -23.70903 ], [ -46.71346, -23.70894 ], [ -46.7138, -23.70816 ], [ -46.71324, -23.70792 ], [ -46.71332, -23.70773 ], [ -46.71346, -23.70778 ], [ -46.71372, -23.70728 ], [ -46.71419, -23.70747 ], [ -46.71432, -23.7072 ], [ -46.71419, -23.70714 ], [ -46.71483, -23.70628 ], [ -46.71494, -23.70448 ], [ -46.71536, -23.70366 ], [ -46.7156, -23.70186 ], [ -46.71626, -23.70118 ], [ -46.71577, -23.69947 ], [ -46.71587, -23.69917 ], [ -46.71606, -23.69908 ], [ -46.71613, -23.69852 ], [ -46.71643, -23.69795 ], [ -46.71655, -23.69735 ], [ -46.71691, -23.69729 ], [ -46.71735, -23.69687 ], [ -46.71759, -23.69602 ], [ -46.7174, -23.69596 ], [ -46.71663, -23.69491 ], [ -46.71691, -23.69462 ], [ -46.71726, -23.69377 ], [ -46.7186, -23.69221 ], [ -46.71876, -23.6918 ], [ -46.71843, -23.69084 ], [ -46.71808, -23.69056 ], [ -46.71728, -23.69027 ], [ -46.71678, -23.68966 ], [ -46.71667, -23.68923 ], [ -46.71688, -23.68808 ], [ -46.71654, -23.68703 ], [ -46.71659, -23.68675 ], [ -46.71761, -23.68549 ], [ -46.71749, -23.68469 ], [ -46.71757, -23.68401 ], [ -46.7186, -23.6823 ], [ -46.71861, -23.68134 ], [ -46.71836, -23.68044 ], [ -46.7193, -23.68006 ], [ -46.71902, -23.67963 ], [ -46.71928, -23.67907 ], [ -46.71914, -23.67877 ], [ -46.71938, -23.67865 ], [ -46.71997, -23.67789 ], [ -46.71991, -23.67765 ], [ -46.71936, -23.67711 ], [ -46.719, -23.67741 ], [ -46.71849, -23.6773 ], [ -46.71803, -23.67713 ], [ -46.71709, -23.6763 ], [ -46.71698, -23.67606 ], [ -46.71709, -23.67547 ], [ -46.71786, -23.67431 ], [ -46.727, -23.67138 ], [ -46.7274, -23.67135 ], [ -46.72735, -23.67084 ], [ -46.72706, -23.67055 ], [ -46.72724, -23.67032 ], [ -46.72771, -23.67054 ], [ -46.72738, -23.67024 ], [ -46.72747, -23.67012 ], [ -46.72774, -23.67028 ], [ -46.72812, -23.67092 ], [ -46.72802, -23.67177 ], [ -46.72814, -23.6721 ], [ -46.72946, -23.67323 ], [ -46.73041, -23.67377 ], [ -46.73032, -23.67384 ], [ -46.7306, -23.67499 ], [ -46.73078, -23.67522 ], [ -46.73142, -23.6754 ], [ -46.73166, -23.67559 ], [ -46.73229, -23.67664 ], [ -46.73249, -23.67721 ], [ -46.73241, -23.67815 ], [ -46.7325, -23.6789 ], [ -46.73273, -23.6793 ], [ -46.73316, -23.6795 ], [ -46.73293, -23.6798 ], [ -46.73301, -23.68023 ], [ -46.73354, -23.68059 ], [ -46.73329, -23.68164 ], [ -46.73364, -23.68276 ], [ -46.73361, -23.68301 ], [ -46.73385, -23.68347 ], [ -46.73348, -23.68431 ], [ -46.73364, -23.68458 ], [ -46.73446, -23.68503 ], [ -46.73428, -23.68528 ], [ -46.73236, -23.68653 ], [ -46.73218, -23.68861 ], [ -46.73224, -23.68907 ], [ -46.73239, -23.68932 ], [ -46.73269, -23.68947 ] ], [ [ -46.76567, -23.75411 ], [ -46.76574, -23.75396 ], [ -46.76547, -23.75374 ], [ -46.76507, -23.75392 ], [ -46.7652, -23.75418 ], [ -46.76567, -23.75411 ] ], [ [ -46.77141, -23.74361 ], [ -46.77112, -23.74354 ], [ -46.77049, -23.74369 ], [ -46.77015, -23.7441 ], [ -46.77097, -23.74431 ], [ -46.77141, -23.74361 ] ], [ [ -46.76933, -23.76237 ], [ -46.76925, -23.76156 ], [ -46.76884, -23.76147 ], [ -46.76834, -23.76252 ], [ -46.76834, -23.76281 ], [ -46.76855, -23.76298 ], [ -46.76904, -23.76288 ], [ -46.76933, -23.76237 ] ], [ [ -46.7334, -23.73769 ], [ -46.73386, -23.73771 ], [ -46.73429, -23.7375 ], [ -46.73507, -23.73626 ], [ -46.73577, -23.7357 ], [ -46.73588, -23.73515 ], [ -46.73587, -23.73282 ], [ -46.7361, -23.73163 ], [ -46.73605, -23.73118 ], [ -46.73577, -23.73053 ], [ -46.73537, -23.73 ], [ -46.73474, -23.7296 ], [ -46.73401, -23.72938 ], [ -46.73333, -23.72955 ], [ -46.73291, -23.72995 ], [ -46.73237, -23.73077 ], [ -46.73194, -23.73182 ], [ -46.73165, -23.73346 ], [ -46.73115, -23.73437 ], [ -46.73133, -23.73495 ], [ -46.73204, -23.73554 ], [ -46.73248, -23.7373 ], [ -46.7334, -23.73769 ] ], [ [ -46.73851, -23.71969 ], [ -46.73803, -23.71955 ], [ -46.73772, -23.71991 ], [ -46.73809, -23.72016 ], [ -46.73872, -23.72016 ], [ -46.73873, -23.71994 ], [ -46.73851, -23.71969 ] ], [ [ -46.73679, -23.72136 ], [ -46.73666, -23.72127 ], [ -46.73634, -23.72138 ], [ -46.73597, -23.72184 ], [ -46.73586, -23.72215 ], [ -46.73595, -23.72271 ], [ -46.73679, -23.72136 ] ], [ [ -46.74282, -23.74207 ], [ -46.74268, -23.74204 ], [ -46.74258, -23.74228 ], [ -46.74276, -23.74216 ], [ -46.74282, -23.74207 ] ], [ [ -46.78914, -23.77587 ], [ -46.78898, -23.77548 ], [ -46.78879, -23.77534 ], [ -46.78861, -23.77528 ], [ -46.78837, -23.77542 ], [ -46.78831, -23.77575 ], [ -46.7885, -23.77639 ], [ -46.78828, -23.77682 ], [ -46.78778, -23.77729 ], [ -46.78775, -23.7775 ], [ -46.78804, -23.77783 ], [ -46.78844, -23.77791 ], [ -46.78878, -23.77762 ], [ -46.78876, -23.77689 ], [ -46.78906, -23.77649 ], [ -46.78914, -23.77587 ] ], [ [ -46.72473, -23.69582 ], [ -46.72461, -23.69562 ], [ -46.72421, -23.69563 ], [ -46.72437, -23.69581 ], [ -46.72473, -23.69582 ] ], [ [ -46.74091, -23.71745 ], [ -46.74095, -23.71734 ], [ -46.74079, -23.7173 ], [ -46.74078, -23.71739 ], [ -46.74091, -23.71745 ] ] ] } },
{ "type": "Feature", "properties": { "km2": 0.032 }, "geometry": { "type": "Polygon", "coordinates": [ [ [ -46.86155, -23.68432 ], [ -46.86157, -23.68408 ], [ -46.86139, -23.68385 ], [ -46.86179, -23.6833 ], [ -46.86225, -23.68321 ], [ -46.8626, -23.68384 ], [ -46.86255, -23.68446 ], [ -46.86291, -23.6851 ], [ -46.86285, -23.686 ], [ -46.86262, -23.68622 ], [ -46.86213, -23.68622 ], [ -46.86172, -23.68503 ], [ -46.86177, -23.6846 ], [ -46.86155, -23.68432 ] ] ] } },
{ "type": "Feature", "properties": { "km2": 0.05 }, "geometry": { "type": "Polygon", "coordinates": [ [ [ -46.87627, -23.67301 ], [ -46.87633, -23.67288 ], [ -46.8767, -23.67285 ], [ -46.87693, -23.67259 ], [ -46.87687, -23.67242 ], [ -46.87708, -23.67218 ], [ -46.8771, -23.67192 ], [ -46.87825, -23.67242 ], [ -46.87835, -23.67257 ], [ -46.87823, -23.67266 ], [ -46.87837, -23.67277 ], [ -46.87931, -23.67277 ], [ -46.87941, -23.67259 ], [ -46.87975, -23.67303 ], [ -46.87981, -23.6736 ], [ -46.8797, -23.67369 ], [ -46.87953, -23.67351 ], [ -46.87888, -23.6734 ], [ -46.87867, -23.67358 ], [ -46.87835, -23.67352 ], [ -46.87821, -23.67383 ], [ -46.87825, -23.67428 ], [ -46.8779, -23.67468 ], [ -46.87774, -23.67458 ], [ -46.87776, -23.67422 ], [ -46.87758, -23.67427 ], [ -46.87749, -23.67415 ], [ -46.87726, -23.67432 ], [ -46.87698, -23.67422 ], [ -46.87682, -23.67366 ], [ -46.87627, -23.67301 ] ] ] } },
{ "type": "Feature", "properties": { "km2": 0.029 }, "geometry": { "type": "Polygon", "coordinates": [ [ [ -46.86096, -23.65379 ], [ -46.86101, -23.65395 ], [ -46.86063, -23.65419 ], [ -46.8607, -23.65438 ], [ -46.86016, -23.65477 ], [ -46.8596, -23.65419 ], [ -46.85902, -23.65434 ], [ -46.85882, -23.65414 ], [ -46.85889, -23.65383 ], [ -46.85862, -23.65391 ], [ -46.85857, -23.65408 ], [ -46.8584, -23.65393 ], [ -46.85823, -23.65328 ], [ -46.85832, -23.65292 ], [ -46.85845, -23.65324 ], [ -46.85874, -23.65301 ], [ -46.85922, -23.65324 ], [ -46.85917, -23.65358 ], [ -46.85946, -23.65347 ], [ -46.85953, -23.65314 ], [ -46.85972, -23.65303 ], [ -46.86006, -23.65319 ], [ -46.86031, -23.6535 ], [ -46.86025, -23.65385 ], [ -46.86052, -23.65387 ], [ -46.86072, -23.65367 ], [ -46.86096, -23.65379 ] ] ] } },
{ "type": "Feature", "properties": { "km2": 0.055 }, "geometry": { "type": "Polygon", "coordinates": [ [ [ -46.85732, -23.66078 ], [ -46.85783, -23.66146 ], [ -46.85719, -23.66178 ], [ -46.85667, -23.66167 ], [ -46.8565, -23.66148 ], [ -46.85636, -23.66093 ], [ -46.8561, -23.66087 ], [ -46.85622, -23.66069 ], [ -46.85605, -23.66003 ], [ -46.85648, -23.65991 ], [ -46.85657, -23.65958 ], [ -46.85611, -23.65853 ], [ -46.85641, -23.65823 ], [ -46.8571, -23.65803 ], [ -46.85715, -23.65769 ], [ -46.85738, -23.65751 ], [ -46.85753, -23.65838 ], [ -46.85774, -23.65859 ], [ -46.85781, -23.65889 ], [ -46.85771, -23.65914 ], [ -46.85781, -23.65921 ], [ -46.85775, -23.65955 ], [ -46.85784, -23.65966 ], [ -46.85774, -23.65973 ], [ -46.85776, -23.65999 ], [ -46.85738, -23.66007 ], [ -46.85732, -23.66078 ] ] ] } },
{ "type": "Feature", "properties": { "km2": 0.03 }, "geometry": { "type": "Polygon", "coordinates": [ [ [ -46.82226, -23.67937 ], [ -46.82214, -23.67959 ], [ -46.82276, -23.68068 ], [ -46.82266, -23.68095 ], [ -46.82271, -23.68176 ], [ -46.82317, -23.68108 ], [ -46.8231, -23.68163 ], [ -46.82285, -23.6818 ], [ -46.8227, -23.68232 ], [ -46.82246, -23.68248 ], [ -46.82225, -23.68239 ], [ -46.82233, -23.68209 ], [ -46.82191, -23.68174 ], [ -46.82153, -23.68096 ], [ -46.82149, -23.67998 ], [ -46.82179, -23.67942 ], [ -46.82226, -23.67937 ] ], [ [ -46.82249, -23.68059 ], [ -46.8223, -23.68057 ], [ -46.8222, -23.68068 ], [ -46.82245, -23.68082 ], [ -46.82255, -23.68073 ], [ -46.82249, -23.68059 ] ], [ [ -46.82229, -23.68011 ], [ -46.82212, -23.68013 ], [ -46.82217, -23.68027 ], [ -46.82222, -23.68027 ], [ -46.82229, -23.68011 ] ] ] } },
{ "type": "Feature", "properties": { "km2": 0.028 }, "geometry": { "type": "Polygon", "coordinates": [ [ [ -46.76165, -23.71601 ], [ -46.76182, -23.71655 ], [ -46.76206, -23.71662 ], [ -46.76221, -23.71701 ], [ -46.76213, -23.71732 ], [ -46.7618, -23.71741 ], [ -46.762, -23.7175 ], [ -46.76204, -23.71773 ], [ -46.76189, -23.71803 ], [ -46.76182, -23.71811 ], [ -46.7615, -23.71793 ], [ -46.7606, -23.71794 ], [ -46.76041, -23.71741 ], [ -46.76079, -23.71694 ], [ -46.76082, -23.71651 ], [ -46.76114, -23.71603 ], [ -46.76165, -23.71601 ] ] ] } },
{ "type": "Feature", "properties": { "km2": 0.026 }, "geometry": { "type": "Polygon", "coordinates": [ [ [ -46.7609, -23.71376 ], [ -46.76176, -23.71391 ], [ -46.76208, -23.71454 ], [ -46.76152, -23.71574 ], [ -46.76103, -23.71565 ], [ -46.76069, -23.71543 ], [ -46.76054, -23.71387 ], [ -46.7609, -23.71376 ] ] ] } },
{ "type": "Feature", "properties": { "km2": 0.042 }, "geometry": { "type": "Polygon", "coordinates": [ [ [ -46.7588, -23.71688 ], [ -46.76022, -23.71882 ], [ -46.76045, -23.71941 ], [ -46.76032, -23.71954 ], [ -46.75938, -23.71978 ], [ -46.75783, -23.71759 ], [ -46.75822, -23.71698 ], [ -46.75854, -23.71684 ], [ -46.7588, -23.71688 ] ] ] } },
{ "type": "Feature", "properties": { "km2": 0.048 }, "geometry": { "type": "Polygon", "coordinates": [ [ [ -46.75939, -23.61436 ], [ -46.75722, -23.61562 ], [ -46.75699, -23.61555 ], [ -46.75643, -23.61472 ], [ -46.75644, -23.61451 ], [ -46.7571, -23.61363 ], [ -46.75788, -23.61306 ], [ -46.75825, -23.61314 ], [ -46.75886, -23.61391 ], [ -46.75915, -23.61394 ], [ -46.75939, -23.61436 ] ] ] } },
{ "type": "Feature", "properties": { "km2": 0.059 }, "geometry": { "type": "Polygon", "coordinates": [ [ [ -46.74954, -23.52672 ], [ -46.74959, -23.52656 ], [ -46.74848, -23.52552 ], [ -46.74791, -23.52312 ], [ -46.74858, -23.52294 ], [ -46.74898, -23.52357 ], [ -46.74977, -23.52442 ], [ -46.75028, -23.52458 ], [ -46.75048, -23.52665 ], [ -46.75016, -23.5268 ], [ -46.74954, -23.52672 ] ], [ [ -46.74963, -23.52598 ], [ -46.74985, -23.526 ], [ -46.74995, -23.52579 ], [ -46.74957, -23.52525 ], [ -46.74909, -23.52488 ], [ -46.74887, -23.52485 ], [ -46.74906, -23.52551 ], [ -46.74963, -23.52598 ] ] ] } },
{ "type": "Feature", "properties": { "km2": 0.541 }, "geometry": { "type": "Polygon", "coordinates": [ [ [ -46.75048, -23.52665 ], [ -46.75028, -23.52458 ], [ -46.75102, -23.52492 ], [ -46.75201, -23.52513 ], [ -46.75407, -23.52509 ], [ -46.76634, -23.52112 ], [ -46.768, -23.52082 ], [ -46.77024, -23.52085 ], [ -46.77261, -23.5217 ], [ -46.77718, -23.52257 ], [ -46.77853, -23.52269 ], [ -46.77869, -23.52255 ], [ -46.77893, -23.52264 ], [ -46.78222, -23.52195 ], [ -46.78776, -23.52113 ], [ -46.79257, -23.52187 ], [ -46.7957, -23.52209 ], [ -46.79783, -23.52156 ], [ -46.79895, -23.52097 ], [ -46.80004, -23.52015 ], [ -46.80238, -23.5172 ], [ -46.80465, -23.51493 ], [ -46.80538, -23.51436 ], [ -46.80593, -23.5141 ], [ -46.80738, -23.5137 ], [ -46.81026, -23.51384 ], [ -46.81618, -23.51368 ], [ -46.81615, -23.5143 ], [ -46.81583, -23.51441 ], [ -46.81559, -23.51477 ], [ -46.81556, -23.51436 ], [ -46.81531, -23.51433 ], [ -46.81091, -23.51449 ], [ -46.80798, -23.51429 ], [ -46.80656, -23.51462 ], [ -46.80554, -23.51524 ], [ -46.80472, -23.51601 ], [ -46.8046, -23.51629 ], [ -46.80472, -23.51725 ], [ -46.80458, -23.5174 ], [ -46.80429, -23.51668 ], [ -46.80435, -23.51647 ], [ -46.8042, -23.51641 ], [ -46.80249, -23.51827 ], [ -46.80066, -23.52052 ], [ -46.79915, -23.52165 ], [ -46.79785, -23.52222 ], [ -46.79522, -23.52271 ], [ -46.79376, -23.52275 ], [ -46.79276, -23.52267 ], [ -46.78809, -23.52177 ], [ -46.78752, -23.52179 ], [ -46.78041, -23.52303 ], [ -46.77813, -23.52323 ], [ -46.77348, -23.52254 ], [ -46.77161, -23.52203 ], [ -46.77059, -23.52159 ], [ -46.7683, -23.52138 ], [ -46.76601, -23.52189 ], [ -46.75662, -23.52484 ], [ -46.75444, -23.52564 ], [ -46.75317, -23.52591 ], [ -46.75273, -23.52585 ], [ -46.75169, -23.52616 ], [ -46.75173, -23.5263 ], [ -46.75048, -23.52665 ] ] ] } },
{ "type": "Feature", "properties": { "km2": 0.022 }, "geometry": { "type": "Polygon", "coordinates": [ [ [ -46.81857, -23.52586 ], [ -46.81907, -23.5263 ], [ -46.81823, -23.52721 ], [ -46.8178, -23.52731 ], [ -46.81755, -23.5259 ], [ -46.81765, -23.52549 ], [ -46.81796, -23.52531 ], [ -46.81835, -23.5254 ], [ -46.81857, -23.52586 ] ], [ [ -46.81865, -23.5265 ], [ -46.81845, -23.52636 ], [ -46.81814, -23.5267 ], [ -46.81833, -23.52675 ], [ -46.81865, -23.5265 ] ], [ [ -46.81771, -23.52614 ], [ -46.8178, -23.52623 ], [ -46.8178, -23.52614 ], [ -46.81771, -23.52614 ] ] ] } },
{ "type": "Feature", "properties": { "km2": 0.021 }, "geometry": { "type": "Polygon", "coordinates": [ [ [ -46.92818, -23.6454 ], [ -46.92785, -23.64449 ], [ -46.92749, -23.6442 ], [ -46.92767, -23.64387 ], [ -46.92855, -23.64406 ], [ -46.92851, -23.64453 ], [ -46.9291, -23.64587 ], [ -46.9289, -23.64611 ], [ -46.92902, -23.64621 ], [ -46.92889, -23.64639 ], [ -46.92901, -23.64674 ], [ -46.92878, -23.64677 ], [ -46.92844, -23.64717 ], [ -46.9284, -23.64702 ], [ -46.92865, -23.64673 ], [ -46.92871, -23.64649 ], [ -46.92861, -23.64639 ], [ -46.92874, -23.64603 ], [ -46.92843, -23.64609 ], [ -46.92835, -23.64548 ], [ -46.92818, -23.6454 ] ] ] } },
{ "type": "Feature", "properties": { "km2": 0.071 }, "geometry": { "type": "MultiPolygon", "coordinates": [ [ [ [ -46.90601, -23.61296 ], [ -46.90634, -23.61283 ], [ -46.90661, -23.61312 ], [ -46.907, -23.61377 ], [ -46.9069, -23.61392 ], [ -46.90669, -23.61393 ], [ -46.90675, -23.61376 ], [ -46.90601, -23.61296 ] ] ], [ [ [ -46.90675, -23.61325 ], [ -46.90665, -23.61309 ], [ -46.90686, -23.61292 ], [ -46.90671, -23.61259 ], [ -46.90722, -23.61244 ], [ -46.90784, -23.61309 ], [ -46.90762, -23.61346 ], [ -46.90708, -23.61373 ], [ -46.90678, -23.61333 ], [ -46.90712, -23.61322 ], [ -46.90675, -23.61325 ] ] ], [ [ [ -46.90651, -23.6107 ], [ -46.90703, -23.61115 ], [ -46.90704, -23.612 ], [ -46.9063, -23.61233 ], [ -46.90612, -23.61229 ], [ -46.90602, -23.61209 ], [ -46.90601, -23.61101 ], [ -46.90651, -23.6107 ] ] ], [ [ [ -46.90553, -23.61066 ], [ -46.90569, -23.60999 ], [ -46.90555, -23.60979 ], [ -46.90583, -23.60956 ], [ -46.90623, -23.60994 ], [ -46.90634, -23.61036 ], [ -46.90595, -23.61084 ], [ -46.90578, -23.61088 ], [ -46.90553, -23.61066 ] ] ], [ [ [ -46.90476, -23.61023 ], [ -46.90502, -23.60947 ], [ -46.9054, -23.60966 ], [ -46.90558, -23.60994 ], [ -46.90555, -23.61018 ], [ -46.90517, -23.61057 ], [ -46.90476, -23.61023 ] ] ], [ [ [ -46.90124, -23.61102 ], [ -46.90095, -23.61069 ], [ -46.90063, -23.60995 ], [ -46.90068, -23.6098 ], [ -46.9011, -23.60955 ], [ -46.90186, -23.6098 ], [ -46.90195, -23.61061 ], [ -46.90173, -23.61087 ], [ -46.90124, -23.61102 ] ] ], [ [ [ -46.90096, -23.61088 ], [ -46.90066, -23.611 ], [ -46.90058, -23.61092 ], [ -46.90021, -23.60986 ], [ -46.90053, -23.60982 ], [ -46.90096, -23.61088 ] ] ], [ [ [ -46.90053, -23.61096 ], [ -46.90046, -23.61138 ], [ -46.9002, -23.6114 ], [ -46.90003, -23.61061 ], [ -46.90035, -23.61058 ], [ -46.90053, -23.61096 ] ] ], [ [ [ -46.90055, -23.61116 ], [ -46.90087, -23.61102 ], [ -46.90112, -23.61108 ], [ -46.90129, -23.61136 ], [ -46.90065, -23.61141 ], [ -46.90055, -23.61116 ] ] ] ] } },
{ "type": "Feature", "properties": { "km2": 0.065 }, "geometry": { "type": "Polygon", "coordinates": [ [ [ -46.93363, -23.5337 ], [ -46.93226, -23.53317 ], [ -46.93214, -23.53302 ], [ -46.9322, -23.53283 ], [ -46.93309, -23.53271 ], [ -46.93447, -23.53305 ], [ -46.93803, -23.53541 ], [ -46.93747, -23.53587 ], [ -46.93715, -23.53586 ], [ -46.9364, -23.53524 ], [ -46.93499, -23.53493 ], [ -46.93363, -23.5337 ] ] ] } },
{ "type": "Feature", "properties": { "km2": 0.033 }, "geometry": { "type": "Polygon", "coordinates": [ [ [ -46.94859, -23.52472 ], [ -46.94831, -23.52475 ], [ -46.94756, -23.52265 ], [ -46.94712, -23.52217 ], [ -46.94622, -23.52156 ], [ -46.94645, -23.52125 ], [ -46.94741, -23.52185 ], [ -46.94822, -23.52278 ], [ -46.94862, -23.52263 ], [ -46.94914, -23.52266 ], [ -46.94946, -23.52231 ], [ -46.94998, -23.5223 ], [ -46.95018, -23.52256 ], [ -46.95016, -23.52279 ], [ -46.94983, -23.52293 ], [ -46.94871, -23.523 ], [ -46.9485, -23.52336 ], [ -46.94865, -23.52406 ], [ -46.94859, -23.52472 ] ] ] } },
{ "type": "Feature", "properties": { "km2": 0.022 }, "geometry": { "type": "Polygon", "coordinates": [ [ [ -46.95544, -23.55495 ], [ -46.95529, -23.55507 ], [ -46.95381, -23.55509 ], [ -46.95337, -23.55489 ], [ -46.95315, -23.55435 ], [ -46.95331, -23.55409 ], [ -46.95376, -23.55386 ], [ -46.95419, -23.55393 ], [ -46.95476, -23.55423 ], [ -46.95544, -23.55495 ] ] ] } },
{ "type": "Feature", "properties": { "km2": 0.219 }, "geometry": { "type": "Polygon", "coordinates": [ [ [ -46.96844, -23.65382 ], [ -46.96834, -23.65412 ], [ -46.96842, -23.65425 ], [ -46.96922, -23.65443 ], [ -46.96971, -23.6547 ], [ -46.97044, -23.6547 ], [ -46.97093, -23.65446 ], [ -46.97125, -23.65505 ], [ -46.97203, -23.65502 ], [ -46.97227, -23.65594 ], [ -46.97303, -23.65619 ], [ -46.97307, -23.6563 ], [ -46.97253, -23.65641 ], [ -46.97173, -23.65634 ], [ -46.97154, -23.65607 ], [ -46.97105, -23.65596 ], [ -46.97061, -23.65562 ], [ -46.9677, -23.6547 ], [ -46.9671, -23.65472 ], [ -46.96605, -23.65544 ], [ -46.96616, -23.65588 ], [ -46.96724, -23.65669 ], [ -46.96679, -23.65739 ], [ -46.96745, -23.65751 ], [ -46.96782, -23.65771 ], [ -46.96866, -23.65767 ], [ -46.96856, -23.65788 ], [ -46.96834, -23.65785 ], [ -46.9682, -23.65797 ], [ -46.96809, -23.65851 ], [ -46.96827, -23.65892 ], [ -46.96787, -23.6586 ], [ -46.96758, -23.65863 ], [ -46.96652, -23.65972 ], [ -46.96623, -23.66015 ], [ -46.96623, -23.66045 ], [ -46.96529, -23.66113 ], [ -46.96502, -23.66161 ], [ -46.96494, -23.66211 ], [ -46.96514, -23.66255 ], [ -46.96533, -23.6628 ], [ -46.96577, -23.66295 ], [ -46.96523, -23.66302 ], [ -46.96366, -23.66277 ], [ -46.9637, -23.66297 ], [ -46.96409, -23.66312 ], [ -46.96431, -23.66341 ], [ -46.96436, -23.66363 ], [ -46.96407, -23.66452 ], [ -46.96412, -23.66484 ], [ -46.96437, -23.66522 ], [ -46.96479, -23.66549 ], [ -46.96595, -23.66563 ], [ -46.96626, -23.6655 ], [ -46.96567, -23.66623 ], [ -46.96512, -23.66605 ], [ -46.96488, -23.66609 ], [ -46.96475, -23.66627 ], [ -46.96375, -23.66577 ], [ -46.96338, -23.66538 ], [ -46.96344, -23.665 ], [ -46.96308, -23.6647 ], [ -46.96349, -23.66345 ], [ -46.96319, -23.66324 ], [ -46.96313, -23.66339 ], [ -46.96233, -23.66326 ], [ -46.96174, -23.66286 ], [ -46.96249, -23.66292 ], [ -46.96254, -23.66277 ], [ -46.96186, -23.66208 ], [ -46.9619, -23.66174 ], [ -46.96237, -23.66158 ], [ -46.96404, -23.66239 ], [ -46.96457, -23.66227 ], [ -46.96472, -23.66204 ], [ -46.96487, -23.66119 ], [ -46.96516, -23.66076 ], [ -46.96579, -23.66038 ], [ -46.96597, -23.66014 ], [ -46.96652, -23.65917 ], [ -46.9666, -23.65885 ], [ -46.96644, -23.65852 ], [ -46.96696, -23.65816 ], [ -46.96677, -23.65795 ], [ -46.96621, -23.65787 ], [ -46.96576, -23.65811 ], [ -46.96554, -23.65768 ], [ -46.96513, -23.65756 ], [ -46.96591, -23.65744 ], [ -46.9665, -23.65685 ], [ -46.96642, -23.65659 ], [ -46.96614, -23.65643 ], [ -46.96561, -23.65648 ], [ -46.96576, -23.65605 ], [ -46.96544, -23.65546 ], [ -46.96495, -23.65499 ], [ -46.96511, -23.65433 ], [ -46.96496, -23.65412 ], [ -46.9664, -23.65371 ], [ -46.96691, -23.65413 ], [ -46.96738, -23.65417 ], [ -46.96768, -23.65374 ], [ -46.96844, -23.65382 ] ] ] } },
{ "type": "Feature", "properties": { "km2": 3.376 }, "geometry": { "type": "Polygon", "coordinates": [ [ [ -46.96018, -23.7498 ], [ -46.95992, -23.74899 ], [ -46.95997, -23.74855 ], [ -46.9598, -23.74766 ], [ -46.95928, -23.74742 ], [ -46.95954, -23.74708 ], [ -46.95921, -23.74617 ], [ -46.95941, -23.74585 ], [ -46.95941, -23.74546 ], [ -46.95914, -23.745 ], [ -46.95931, -23.74459 ], [ -46.95973, -23.74463 ], [ -46.96002, -23.74449 ], [ -46.95995, -23.74422 ], [ -46.95917, -23.74424 ], [ -46.95805, -23.74479 ], [ -46.95789, -23.74514 ], [ -46.95715, -23.74555 ], [ -46.95716, -23.74535 ], [ -46.95777, -23.74457 ], [ -46.9585, -23.74387 ], [ -46.95929, -23.74341 ], [ -46.95922, -23.74322 ], [ -46.95862, -23.74325 ], [ -46.95881, -23.74292 ], [ -46.95879, -23.74249 ], [ -46.95839, -23.74219 ], [ -46.95761, -23.74205 ], [ -46.9563, -23.73962 ], [ -46.95607, -23.73969 ], [ -46.95566, -23.7394 ], [ -46.95555, -23.73901 ], [ -46.95562, -23.73823 ], [ -46.95524, -23.73772 ], [ -46.95437, -23.73778 ], [ -46.95351, -23.73829 ], [ -46.95072, -23.73891 ], [ -46.95013, -23.7395 ], [ -46.94887, -23.73969 ], [ -46.94977, -23.73916 ], [ -46.95011, -23.73855 ], [ -46.95162, -23.73755 ], [ -46.95247, -23.73667 ], [ -46.95271, -23.73625 ], [ -46.95271, -23.73582 ], [ -46.95157, -23.7348 ], [ -46.95112, -23.73453 ], [ -46.9502, -23.73428 ], [ -46.94996, -23.73407 ], [ -46.95063, -23.73395 ], [ -46.95075, -23.73311 ], [ -46.95162, -23.7343 ], [ -46.95186, -23.73442 ], [ -46.95292, -23.7345 ], [ -46.95405, -23.73407 ], [ -46.9543, -23.73373 ], [ -46.95368, -23.73252 ], [ -46.95425, -23.73289 ], [ -46.9546, -23.73276 ], [ -46.95508, -23.7322 ], [ -46.95517, -23.73182 ], [ -46.95489, -23.73093 ], [ -46.95468, -23.73048 ], [ -46.9543, -23.73022 ], [ -46.95485, -23.72977 ], [ -46.95501, -23.72895 ], [ -46.95376, -23.72814 ], [ -46.95419, -23.72833 ], [ -46.95558, -23.72839 ], [ -46.95598, -23.72826 ], [ -46.95615, -23.7279 ], [ -46.95582, -23.72662 ], [ -46.95619, -23.72635 ], [ -46.95636, -23.72597 ], [ -46.95658, -23.72487 ], [ -46.95601, -23.72341 ], [ -46.95629, -23.72281 ], [ -46.95729, -23.72154 ], [ -46.95713, -23.71975 ], [ -46.95724, -23.71862 ], [ -46.95708, -23.718 ], [ -46.95744, -23.71742 ], [ -46.95762, -23.71641 ], [ -46.95918, -23.7157 ], [ -46.96002, -23.71503 ], [ -46.96021, -23.71518 ], [ -46.96072, -23.71523 ], [ -46.96178, -23.71449 ], [ -46.96187, -23.71379 ], [ -46.96242, -23.7126 ], [ -46.96232, -23.71217 ], [ -46.96259, -23.71149 ], [ -46.96291, -23.71246 ], [ -46.96367, -23.71347 ], [ -46.96417, -23.71345 ], [ -46.96464, -23.71318 ], [ -46.96519, -23.71198 ], [ -46.96524, -23.71128 ], [ -46.96592, -23.71031 ], [ -46.96604, -23.71068 ], [ -46.9659, -23.71119 ], [ -46.96625, -23.71158 ], [ -46.96744, -23.71125 ], [ -46.96583, -23.7123 ], [ -46.96538, -23.7135 ], [ -46.96554, -23.7141 ], [ -46.96509, -23.71436 ], [ -46.96521, -23.71499 ], [ -46.96538, -23.71523 ], [ -46.96526, -23.71558 ], [ -46.96481, -23.71615 ], [ -46.96483, -23.71663 ], [ -46.96511, -23.71717 ], [ -46.96535, -23.71732 ], [ -46.96533, -23.71778 ], [ -46.96509, -23.71818 ], [ -46.96494, -23.7188 ], [ -46.96499, -23.71911 ], [ -46.96532, -23.71915 ], [ -46.96548, -23.71901 ], [ -46.96562, -23.71914 ], [ -46.96558, -23.71973 ], [ -46.96582, -23.72062 ], [ -46.96651, -23.72173 ], [ -46.96678, -23.72175 ], [ -46.9673, -23.72116 ], [ -46.96845, -23.7191 ], [ -46.96863, -23.71894 ], [ -46.96948, -23.71895 ], [ -46.96957, -23.71857 ], [ -46.96947, -23.71815 ], [ -46.96909, -23.71741 ], [ -46.96929, -23.71695 ], [ -46.96958, -23.71682 ], [ -46.96986, -23.71649 ], [ -46.96935, -23.71503 ], [ -46.96936, -23.71442 ], [ -46.96974, -23.71418 ], [ -46.96978, -23.7139 ], [ -46.96956, -23.71335 ], [ -46.96976, -23.71286 ], [ -46.97017, -23.71262 ], [ -46.97011, -23.71212 ], [ -46.9704, -23.71236 ], [ -46.97092, -23.7122 ], [ -46.97144, -23.71116 ], [ -46.97142, -23.71083 ], [ -46.97158, -23.71141 ], [ -46.97136, -23.71196 ], [ -46.97141, -23.71218 ], [ -46.97193, -23.71217 ], [ -46.97194, -23.71254 ], [ -46.97208, -23.71271 ], [ -46.97248, -23.71277 ], [ -46.97257, -23.71316 ], [ -46.97284, -23.71318 ], [ -46.97305, -23.71291 ], [ -46.97326, -23.71334 ], [ -46.97373, -23.7137 ], [ -46.974, -23.71377 ], [ -46.97425, -23.71368 ], [ -46.97465, -23.71332 ], [ -46.97547, -23.71341 ], [ -46.97555, -23.71428 ], [ -46.97529, -23.71492 ], [ -46.97542, -23.71511 ], [ -46.9754, -23.71536 ], [ -46.97563, -23.7156 ], [ -46.97622, -23.71545 ], [ -46.97679, -23.71608 ], [ -46.97705, -23.71619 ], [ -46.97776, -23.71617 ], [ -46.97826, -23.716 ], [ -46.97873, -23.71609 ], [ -46.97902, -23.71597 ], [ -46.97923, -23.71541 ], [ -46.98021, -23.71494 ], [ -46.98092, -23.71401 ], [ -46.98106, -23.71356 ], [ -46.98106, -23.71277 ], [ -46.98118, -23.71261 ], [ -46.98196, -23.71377 ], [ -46.9822, -23.71388 ], [ -46.98273, -23.71373 ], [ -46.98335, -23.71391 ], [ -46.98406, -23.71359 ], [ -46.98423, -23.71399 ], [ -46.98384, -23.71466 ], [ -46.98356, -23.71476 ], [ -46.98249, -23.71456 ], [ -46.98172, -23.715 ], [ -46.98142, -23.71597 ], [ -46.98141, -23.71691 ], [ -46.98081, -23.71863 ], [ -46.98098, -23.71896 ], [ -46.98178, -23.71947 ], [ -46.98244, -23.71963 ], [ -46.98397, -23.72049 ], [ -46.98406, -23.72138 ], [ -46.98451, -23.72186 ], [ -46.98488, -23.72197 ], [ -46.98537, -23.72237 ], [ -46.98615, -23.72231 ], [ -46.98627, -23.72244 ], [ -46.98614, -23.7227 ], [ -46.98571, -23.72314 ], [ -46.984, -23.72268 ], [ -46.9837, -23.72222 ], [ -46.983, -23.72178 ], [ -46.98193, -23.72211 ], [ -46.98164, -23.72126 ], [ -46.98173, -23.72103 ], [ -46.9813, -23.72084 ], [ -46.98123, -23.72047 ], [ -46.98107, -23.72036 ], [ -46.98021, -23.7202 ], [ -46.97984, -23.71957 ], [ -46.97954, -23.71942 ], [ -46.97962, -23.71874 ], [ -46.97867, -23.71809 ], [ -46.9789, -23.71796 ], [ -46.97823, -23.71758 ], [ -46.97802, -23.71732 ], [ -46.97662, -23.71725 ], [ -46.97659, -23.71708 ], [ -46.97639, -23.71702 ], [ -46.97564, -23.71713 ], [ -46.97351, -23.71802 ], [ -46.97302, -23.71825 ], [ -46.97228, -23.71889 ], [ -46.97112, -23.71922 ], [ -46.97027, -23.71979 ], [ -46.97012, -23.72001 ], [ -46.97014, -23.72043 ], [ -46.97044, -23.72136 ], [ -46.97063, -23.72176 ], [ -46.97175, -23.72271 ], [ -46.97172, -23.72288 ], [ -46.97153, -23.7229 ], [ -46.97067, -23.72228 ], [ -46.96992, -23.72205 ], [ -46.96924, -23.72219 ], [ -46.96855, -23.72215 ], [ -46.96811, -23.72229 ], [ -46.96723, -23.72295 ], [ -46.96779, -23.72354 ], [ -46.96784, -23.72403 ], [ -46.96817, -23.72426 ], [ -46.96785, -23.72442 ], [ -46.96782, -23.72458 ], [ -46.9681, -23.72538 ], [ -46.96827, -23.72545 ], [ -46.96856, -23.72535 ], [ -46.96869, -23.72545 ], [ -46.96822, -23.72584 ], [ -46.96849, -23.726 ], [ -46.96828, -23.72641 ], [ -46.96849, -23.72679 ], [ -46.96836, -23.72702 ], [ -46.96858, -23.72729 ], [ -46.96844, -23.72757 ], [ -46.9685, -23.72766 ], [ -46.96889, -23.72759 ], [ -46.96863, -23.72793 ], [ -46.96864, -23.72867 ], [ -46.96904, -23.72888 ], [ -46.96898, -23.72937 ], [ -46.9694, -23.72978 ], [ -46.96951, -23.73025 ], [ -46.97073, -23.73033 ], [ -46.9699, -23.73065 ], [ -46.96967, -23.73089 ], [ -46.96946, -23.73242 ], [ -46.97009, -23.73524 ], [ -46.96982, -23.7356 ], [ -46.96884, -23.73573 ], [ -46.96878, -23.73559 ], [ -46.96896, -23.73527 ], [ -46.96875, -23.73397 ], [ -46.96825, -23.73364 ], [ -46.96737, -23.73352 ], [ -46.9681, -23.73316 ], [ -46.96831, -23.73281 ], [ -46.96834, -23.73139 ], [ -46.96824, -23.7308 ], [ -46.96734, -23.72871 ], [ -46.96717, -23.72705 ], [ -46.96651, -23.72622 ], [ -46.96636, -23.7256 ], [ -46.96547, -23.72443 ], [ -46.96371, -23.72409 ], [ -46.96322, -23.72347 ], [ -46.96322, -23.7228 ], [ -46.96296, -23.72213 ], [ -46.96265, -23.72206 ], [ -46.96203, -23.72224 ], [ -46.96178, -23.72304 ], [ -46.96121, -23.72385 ], [ -46.96093, -23.72449 ], [ -46.96084, -23.72672 ], [ -46.96022, -23.72771 ], [ -46.96006, -23.72826 ], [ -46.96026, -23.72897 ], [ -46.96058, -23.72936 ], [ -46.96121, -23.72976 ], [ -46.96021, -23.72978 ], [ -46.95898, -23.73032 ], [ -46.95872, -23.73065 ], [ -46.95838, -23.73156 ], [ -46.95837, -23.73185 ], [ -46.95885, -23.73242 ], [ -46.95934, -23.73363 ], [ -46.96017, -23.73434 ], [ -46.96039, -23.7347 ], [ -46.95982, -23.73429 ], [ -46.95903, -23.73395 ], [ -46.95846, -23.73388 ], [ -46.95785, -23.73491 ], [ -46.95786, -23.73513 ], [ -46.9581, -23.73545 ], [ -46.95838, -23.73547 ], [ -46.9582, -23.73566 ], [ -46.95831, -23.73597 ], [ -46.95825, -23.73623 ], [ -46.95872, -23.73782 ], [ -46.96047, -23.73858 ], [ -46.9602, -23.7388 ], [ -46.96014, -23.73939 ], [ -46.96047, -23.73952 ], [ -46.96009, -23.7405 ], [ -46.96021, -23.74102 ], [ -46.96043, -23.74114 ], [ -46.96092, -23.74094 ], [ -46.96079, -23.74155 ], [ -46.96175, -23.74245 ], [ -46.9621, -23.74256 ], [ -46.96305, -23.74221 ], [ -46.96175, -23.74306 ], [ -46.96164, -23.74355 ], [ -46.96218, -23.74437 ], [ -46.96221, -23.74464 ], [ -46.9624, -23.74472 ], [ -46.96279, -23.74534 ], [ -46.96317, -23.7455 ], [ -46.96292, -23.74576 ], [ -46.9628, -23.74624 ], [ -46.96233, -23.74673 ], [ -46.96229, -23.74722 ], [ -46.9621, -23.74731 ], [ -46.96249, -23.74817 ], [ -46.96236, -23.74867 ], [ -46.96202, -23.7489 ], [ -46.96236, -23.74894 ], [ -46.96288, -23.75124 ], [ -46.96331, -23.75164 ], [ -46.9632, -23.75209 ], [ -46.96273, -23.75219 ], [ -46.96292, -23.75313 ], [ -46.96329, -23.75392 ], [ -46.96282, -23.7545 ], [ -46.96242, -23.75459 ], [ -46.9613, -23.75385 ], [ -46.9608, -23.75423 ], [ -46.96011, -23.75421 ], [ -46.95991, -23.75456 ], [ -46.95971, -23.75458 ], [ -46.95949, -23.75436 ], [ -46.95946, -23.75374 ], [ -46.9602, -23.75319 ], [ -46.96027, -23.75286 ], [ -46.96012, -23.75251 ], [ -46.96015, -23.75217 ], [ -46.95976, -23.7518 ], [ -46.96013, -23.75136 ], [ -46.96003, -23.75096 ], [ -46.96018, -23.75052 ], [ -46.95989, -23.75011 ], [ -46.96018, -23.7498 ] ], [ [ -46.97958, -23.71756 ], [ -46.97969, -23.71744 ], [ -46.97949, -23.71725 ], [ -46.97925, -23.71735 ], [ -46.9793, -23.71749 ], [ -46.97958, -23.71756 ] ], [ [ -46.96168, -23.74844 ], [ -46.96177, -23.74781 ], [ -46.96168, -23.74754 ], [ -46.96138, -23.7474 ], [ -46.9614, -23.74833 ], [ -46.96168, -23.74844 ] ], [ [ -46.96291, -23.75159 ], [ -46.9629, -23.75138 ], [ -46.96273, -23.7514 ], [ -46.96274, -23.75149 ], [ -46.96291, -23.75159 ] ] ] } }
]
}
